target_name,kind,d,kappa,tau,state,distance_to_optimum,M,seed,backend,device,bias_base,bias_stl,var_eucl_base,var_eucl_stl,var_fr_base,var_fr_stl,ratio_euclidean,ratio_fr,var_eucl_base_exact,var_fr_base_exact,var_eucl_stl_exact,var_fr_stl_exact
gaussian,gaussian,2,10.0,0.0,optimum,0.0,100000,0,torch,cuda,0.00995599466572664,0.0,10.941124895325512,0.0,1.9974307041495503,0.0,0.0,0.0,11.0,2.0,0.0,0.0
gaussian,gaussian,2,10.0,0.0,optimum,0.0,100000,1,torch,cuda,0.0038930249318560326,0.0,10.996824668566,0.0,2.0007898596044016,0.0,0.0,0.0,11.0,2.0,0.0,0.0
gaussian,gaussian,2,10.0,0.0,optimum,0.0,100000,2,torch,cuda,0.006237244279875251,0.0,10.97570463800642,0.0,1.9969961232060192,0.0,0.0,0.0,11.0,2.0,0.0,0.0
gaussian,gaussian,2,10.0,0.0,optimum,0.0,100000,3,torch,cuda,0.002121615588603974,0.0,11.056170062820641,0.0,2.0060161393893168,0.0,0.0,0.0,11.0,2.0,0.0,0.0
gaussian,gaussian,2,10.0,0.0,optimum,0.0,100000,4,torch,cuda,0.013069447936250382,0.0,11.112782549912145,0.0,2.0095750484509662,0.0,0.0,0.0,11.0,2.0,0.0,0.0
gaussian,gaussian,2,10.0,0.0,optimum,0.0,100000,5,torch,cuda,0.008716709766463595,0.0,10.931096759969375,0.0,1.9997059915035225,0.0,0.0,0.0,11.0,2.0,0.0,0.0
gaussian,gaussian,2,10.0,0.0,optimum,0.0,100000,6,torch,cuda,0.013275550809173418,0.0,10.964869692717011,0.0,1.98793076954097,0.0,0.0,0.0,11.0,2.0,0.0,0.0
gaussian,gaussian,2,10.0,0.0,optimum,0.0,100000,7,torch,cuda,0.014262468599859706,0.0,10.943661348012574,0.0,1.9979678795590905,0.0,0.0,0.0,11.0,2.0,0.0,0.0
gaussian,gaussian,2,10.0,0.0,optimum,0.0,100000,8,torch,cuda,0.005737774547231893,0.0,10.962294778118533,0.0,1.9979009557636545,0.0,0.0,0.0,11.0,2.0,0.0,0.0
gaussian,gaussian,2,10.0,0.0,optimum,0.0,100000,9,torch,cuda,0.0007704020703281028,0.0,11.017457258935362,0.0,1.9980146823324945,0.0,0.0,0.0,11.0,2.0,0.0,0.0
gaussian,gaussian,2,10.0,0.0,optimum,0.0,100000,10,torch,cuda,0.00417412857991948,0.0,11.071847574964028,0.0,2.0091974343352437,0.0,0.0,0.0,11.0,2.0,0.0,0.0
gaussian,gaussian,2,10.0,0.0,optimum,0.0,100000,11,torch,cuda,0.004706399678354843,0.0,10.961921309497763,0.0,1.993240184339123,0.0,0.0,0.0,11.0,2.0,0.0,0.0
gaussian,gaussian,2,10.0,0.0,optimum,0.0,100000,12,torch,cuda,0.022392470541105002,0.0,11.095877848336505,0.0,2.0024593938368334,0.0,0.0,0.0,11.0,2.0,0.0,0.0
gaussian,gaussian,2,10.0,0.0,optimum,0.0,100000,13,torch,cuda,0.010396800179972005,0.0,10.972991796192868,0.0,1.9949534246956342,0.0,0.0,0.0,11.0,2.0,0.0,0.0
gaussian,gaussian,2,10.0,0.0,optimum,0.0,100000,14,torch,cuda,0.012486418071633277,0.0,11.077465536757607,0.0,2.0026361052484836,0.0,0.0,0.0,11.0,2.0,0.0,0.0
gaussian,gaussian,2,10.0,0.0,optimum,0.0,100000,15,torch,cuda,0.012826304941377488,0.0,10.948792859420308,0.0,1.9982342738245027,0.0,0.0,0.0,11.0,2.0,0.0,0.0
gaussian,gaussian,2,10.0,0.0,optimum,0.0,100000,16,torch,cuda,0.01812050042542768,0.0,11.082450678341235,0.0,2.0158463436196223,0.0,0.0,0.0,11.0,2.0,0.0,0.0
gaussian,gaussian,2,10.0,0.0,optimum,0.0,100000,17,torch,cuda,0.008649643541218608,0.0,10.952968808291528,0.0,1.9964885722859163,0.0,0.0,0.0,11.0,2.0,0.0,0.0
gaussian,gaussian,2,10.0,0.0,optimum,0.0,100000,18,torch,cuda,0.002808828618157557,0.0,11.038417857726982,0.0,2.0018965988947777,0.0,0.0,0.0,11.0,2.0,0.0,0.0
gaussian,gaussian,2,10.0,0.0,optimum,0.0,100000,19,torch,cuda,0.010034980739618742,0.0,11.025586276588868,0.0,2.009444663246388,0.0,0.0,0.0,11.0,2.0,0.0,0.0
gaussian,gaussian,2,10.0,0.0,near,0.25,100000,0,torch,cuda,0.009955994665726602,2.220446049250313e-16,10.941124895325512,0.0,1.9974307041495503,0.0,0.0,0.0,11.0,2.0,0.0,0.0
gaussian,gaussian,2,10.0,0.0,near,0.25,100000,1,torch,cuda,0.003893024931856156,2.220446049250313e-16,10.996824668565997,0.0,2.0007898596044016,0.0,0.0,0.0,11.0,2.0,0.0,0.0
gaussian,gaussian,2,10.0,0.0,near,0.25,100000,2,torch,cuda,0.006237244279875288,2.220446049250313e-16,10.975704638006416,0.0,1.9969961232060187,0.0,0.0,0.0,11.0,2.0,0.0,0.0
gaussian,gaussian,2,10.0,0.0,near,0.25,100000,3,torch,cuda,0.0021216155886039094,2.220446049250313e-16,11.05617006282064,0.0,2.0060161393893168,0.0,0.0,0.0,11.0,2.0,0.0,0.0
gaussian,gaussian,2,10.0,0.0,near,0.25,100000,4,torch,cuda,0.013069447936250292,2.220446049250313e-16,11.112782549912144,0.0,2.0095750484509662,0.0,0.0,0.0,11.0,2.0,0.0,0.0
gaussian,gaussian,2,10.0,0.0,near,0.25,100000,5,torch,cuda,0.008716709766463604,2.220446049250313e-16,10.931096759969373,0.0,1.9997059915035227,0.0,0.0,0.0,11.0,2.0,0.0,0.0
gaussian,gaussian,2,10.0,0.0,near,0.25,100000,6,torch,cuda,0.013275550809173461,2.220446049250313e-16,10.96486969271701,0.0,1.9879307695409698,0.0,0.0,0.0,11.0,2.0,0.0,0.0
gaussian,gaussian,2,10.0,0.0,near,0.25,100000,7,torch,cuda,0.01426246859985967,2.220446049250313e-16,10.943661348012572,0.0,1.9979678795590903,0.0,0.0,0.0,11.0,2.0,0.0,0.0
gaussian,gaussian,2,10.0,0.0,near,0.25,100000,8,torch,cuda,0.005737774547231838,2.220446049250313e-16,10.962294778118533,0.0,1.9979009557636547,0.0,0.0,0.0,11.0,2.0,0.0,0.0
gaussian,gaussian,2,10.0,0.0,near,0.25,100000,9,torch,cuda,0.0007704020703281042,2.220446049250313e-16,11.017457258935362,0.0,1.998014682332494,0.0,0.0,0.0,11.0,2.0,0.0,0.0
gaussian,gaussian,2,10.0,0.0,near,0.25,100000,10,torch,cuda,0.004174128579919533,2.220446049250313e-16,11.071847574964032,0.0,2.0091974343352437,0.0,0.0,0.0,11.0,2.0,0.0,0.0
gaussian,gaussian,2,10.0,0.0,near,0.25,100000,11,torch,cuda,0.004706399678354959,2.220446049250313e-16,10.961921309497761,0.0,1.9932401843391228,0.0,0.0,0.0,11.0,2.0,0.0,0.0
gaussian,gaussian,2,10.0,0.0,near,0.25,100000,12,torch,cuda,0.022392470541105033,2.220446049250313e-16,11.095877848336507,0.0,2.0024593938368334,0.0,0.0,0.0,11.0,2.0,0.0,0.0
gaussian,gaussian,2,10.0,0.0,near,0.25,100000,13,torch,cuda,0.010396800179972156,2.220446049250313e-16,10.972991796192868,0.0,1.9949534246956342,0.0,0.0,0.0,11.0,2.0,0.0,0.0
gaussian,gaussian,2,10.0,0.0,near,0.25,100000,14,torch,cuda,0.012486418071633315,2.220446049250313e-16,11.077465536757606,0.0,2.0026361052484836,0.0,0.0,0.0,11.0,2.0,0.0,0.0
gaussian,gaussian,2,10.0,0.0,near,0.25,100000,15,torch,cuda,0.01282630494137755,2.220446049250313e-16,10.94879285942031,0.0,1.998234273824503,0.0,0.0,0.0,11.0,2.0,0.0,0.0
gaussian,gaussian,2,10.0,0.0,near,0.25,100000,16,torch,cuda,0.018120500425427618,2.220446049250313e-16,11.082450678341234,0.0,2.0158463436196223,0.0,0.0,0.0,11.0,2.0,0.0,0.0
gaussian,gaussian,2,10.0,0.0,near,0.25,100000,17,torch,cuda,0.008649643541218733,2.220446049250313e-16,10.952968808291528,0.0,1.9964885722859163,0.0,0.0,0.0,11.0,2.0,0.0,0.0
gaussian,gaussian,2,10.0,0.0,near,0.25,100000,18,torch,cuda,0.002808828618157555,2.220446049250313e-16,11.038417857726984,0.0,2.0018965988947777,0.0,0.0,0.0,11.0,2.0,0.0,0.0
gaussian,gaussian,2,10.0,0.0,near,0.25,100000,19,torch,cuda,0.0100349807396187,2.220446049250313e-16,11.025586276588868,0.0,2.009444663246388,0.0,0.0,0.0,11.0,2.0,0.0,0.0
gaussian,gaussian,2,10.0,0.0,medium,1.0,100000,0,torch,cuda,0.009955994665727162,4.440892098500626e-16,10.941124895325517,1.7763568394002505e-15,1.9974307041495505,0.0,1.6235596032352949e-16,0.0,11.0,2.0,0.0,0.0
gaussian,gaussian,2,10.0,0.0,medium,1.0,100000,1,torch,cuda,0.003893024931856305,4.440892098500626e-16,10.996824668565994,1.7763568394002505e-15,2.0007898596044016,0.0,1.6153361474225365e-16,0.0,11.0,2.0,0.0,0.0
gaussian,gaussian,2,10.0,0.0,medium,1.0,100000,2,torch,cuda,0.00623724427987507,4.440892098500626e-16,10.975704638006421,1.7763568394002505e-15,1.996996123206019,0.0,1.61844446255334e-16,0.0,11.0,2.0,0.0,0.0
gaussian,gaussian,2,10.0,0.0,medium,1.0,100000,3,torch,cuda,0.002121615588604,4.440892098500626e-16,11.056170062820648,1.7763568394002505e-15,2.0060161393893168,0.0,1.6066656258967372e-16,0.0,11.0,2.0,0.0,0.0
gaussian,gaussian,2,10.0,0.0,medium,1.0,100000,4,torch,cuda,0.01306944793625034,4.440892098500626e-16,11.112782549912147,1.7763568394002505e-15,2.0095750484509654,0.0,1.5984806968208817e-16,0.0,11.0,2.0,0.0,0.0
gaussian,gaussian,2,10.0,0.0,medium,1.0,100000,5,torch,cuda,0.008716709766463148,4.440892098500626e-16,10.931096759969373,1.7763568394002505e-15,1.9997059915035238,0.0,1.625049048971393e-16,0.0,11.0,2.0,0.0,0.0
gaussian,gaussian,2,10.0,0.0,medium,1.0,100000,6,torch,cuda,0.013275550809173253,4.440892098500626e-16,10.964869692717011,1.7763568394002505e-15,1.98793076954097,0.0,1.620043729822094e-16,0.0,11.0,2.0,0.0,0.0
gaussian,gaussian,2,10.0,0.0,medium,1.0,100000,7,torch,cuda,0.014262468599859583,4.440892098500626e-16,10.943661348012576,1.7763568394002505e-15,1.9979678795590903,0.0,1.6231833048478295e-16,0.0,11.0,2.0,0.0,0.0
gaussian,gaussian,2,10.0,0.0,medium,1.0,100000,8,torch,cuda,0.005737774547231623,4.440892098500626e-16,10.962294778118533,1.7763568394002505e-15,1.9979009557636553,0.0,1.620424259112222e-16,0.0,11.0,2.0,0.0,0.0
gaussian,gaussian,2,10.0,0.0,medium,1.0,100000,9,torch,cuda,0.0007704020703282205,4.440892098500626e-16,11.01745725893536,1.7763568394002505e-15,1.9980146823324936,0.0,1.6123110783657385e-16,0.0,11.0,2.0,0.0,0.0
gaussian,gaussian,2,10.0,0.0,medium,1.0,100000,10,torch,cuda,0.00417412857991986,4.440892098500626e-16,11.071847574964028,1.7763568394002505e-15,2.009197434335243,0.0,1.6043906198790147e-16,0.0,11.0,2.0,0.0,0.0
gaussian,gaussian,2,10.0,0.0,medium,1.0,100000,11,torch,cuda,0.004706399678354712,4.440892098500626e-16,10.961921309497766,1.7763568394002505e-15,1.9932401843391236,0.0,1.620479466369784e-16,0.0,11.0,2.0,0.0,0.0
gaussian,gaussian,2,10.0,0.0,medium,1.0,100000,12,torch,cuda,0.022392470541105575,4.440892098500626e-16,11.095877848336501,1.7763568394002505e-15,2.0024593938368334,0.0,1.6009160011315037e-16,0.0,11.0,2.0,0.0,0.0
gaussian,gaussian,2,10.0,0.0,medium,1.0,100000,13,torch,cuda,0.010396800179971919,4.440892098500626e-16,10.972991796192867,1.7763568394002505e-15,1.9949534246956344,0.0,1.6188445889630265e-16,0.0,11.0,2.0,0.0,0.0
gaussian,gaussian,2,10.0,0.0,medium,1.0,100000,14,torch,cuda,0.012486418071633332,4.440892098500626e-16,11.077465536757602,1.7763568394002505e-15,2.002636105248483,0.0,1.6035769495340665e-16,0.0,11.0,2.0,0.0,0.0
gaussian,gaussian,2,10.0,0.0,medium,1.0,100000,15,torch,cuda,0.012826304941377853,4.440892098500626e-16,10.94879285942031,1.7763568394002505e-15,1.9982342738245034,0.0,1.6224225466754338e-16,0.0,11.0,2.0,0.0,0.0
gaussian,gaussian,2,10.0,0.0,medium,1.0,100000,16,torch,cuda,0.018120500425428173,4.440892098500626e-16,11.082450678341232,1.7763568394002505e-15,2.0158463436196223,0.0,1.6028556236860484e-16,0.0,11.0,2.0,0.0,0.0
gaussian,gaussian,2,10.0,0.0,medium,1.0,100000,17,torch,cuda,0.00864964354121796,4.440892098500626e-16,10.952968808291534,1.7763568394002505e-15,1.9964885722859163,0.0,1.6218039788952254e-16,0.0,11.0,2.0,0.0,0.0
gaussian,gaussian,2,10.0,0.0,medium,1.0,100000,18,torch,cuda,0.002808828618157342,4.440892098500626e-16,11.038417857726982,1.7763568394002505e-15,2.001896598894778,0.0,1.6092494977953624e-16,0.0,11.0,2.0,0.0,0.0
gaussian,gaussian,2,10.0,0.0,medium,1.0,100000,19,torch,cuda,0.010034980739618808,4.440892098500626e-16,11.025586276588866,1.7763568394002505e-15,2.009444663246388,0.0,1.6111223429198234e-16,0.0,11.0,2.0,0.0,0.0
gaussian,gaussian,2,10.0,0.0,far,4.0,100000,0,torch,cuda,0.00995599466572847,1.7763568394002505e-15,10.941124895325572,2.842170943040401e-14,1.9974307041495543,0.0,2.5976953651764588e-15,0.0,11.0,2.0,0.0,0.0
gaussian,gaussian,2,10.0,0.0,far,4.0,100000,1,torch,cuda,0.003893024931857004,1.7763568394002505e-15,10.996824668565921,2.842170943040401e-14,2.0007898596043887,0.0,2.5845378358760754e-15,0.0,11.0,2.0,0.0,0.0
gaussian,gaussian,2,10.0,0.0,far,4.0,100000,2,torch,cuda,0.006237244279875052,1.7763568394002505e-15,10.975704638006391,2.842170943040401e-14,1.99699612320601,0.0,2.589511140085351e-15,0.0,11.0,2.0,0.0,0.0
gaussian,gaussian,2,10.0,0.0,far,4.0,100000,3,torch,cuda,0.002121615588604675,1.7763568394002505e-15,11.05617006282057,2.842170943040401e-14,2.0060161393893026,0.0,2.5706650014347977e-15,0.0,11.0,2.0,0.0,0.0
gaussian,gaussian,2,10.0,0.0,far,4.0,100000,4,torch,cuda,0.013069447936252164,1.7763568394002505e-15,11.112782549912168,2.842170943040401e-14,2.0095750484509693,0.0,2.557569114913406e-15,0.0,11.0,2.0,0.0,0.0
gaussian,gaussian,2,10.0,0.0,far,4.0,100000,5,torch,cuda,0.008716709766465342,1.7763568394002505e-15,10.931096759969307,2.842170943040401e-14,1.999705991503518,0.0,2.6000784783542446e-15,0.0,11.0,2.0,0.0,0.0
gaussian,gaussian,2,10.0,0.0,far,4.0,100000,6,torch,cuda,0.013275550809173694,1.7763568394002505e-15,10.964869692717002,2.842170943040401e-14,1.9879307695409594,0.0,2.5920699677153527e-15,0.0,11.0,2.0,0.0,0.0
gaussian,gaussian,2,10.0,0.0,far,4.0,100000,7,torch,cuda,0.014262468599857026,1.7763568394002505e-15,10.943661348012625,2.842170943040401e-14,1.9979678795590985,0.0,2.5970932877565154e-15,0.0,11.0,2.0,0.0,0.0
gaussian,gaussian,2,10.0,0.0,far,4.0,100000,8,torch,cuda,0.005737774547230332,1.7763568394002505e-15,10.962294778118519,2.842170943040401e-14,1.9979009557636545,0.0,2.592678814579559e-15,0.0,11.0,2.0,0.0,0.0
gaussian,gaussian,2,10.0,0.0,far,4.0,100000,9,torch,cuda,0.0007704020703285307,1.7763568394002505e-15,11.017457258935366,2.842170943040401e-14,1.9980146823324958,0.0,2.5796977253851804e-15,0.0,11.0,2.0,0.0,0.0
gaussian,gaussian,2,10.0,0.0,far,4.0,100000,10,torch,cuda,0.004174128579920386,1.7763568394002505e-15,11.071847574964039,2.842170943040401e-14,2.009197434335242,0.0,2.5670249918064212e-15,0.0,11.0,2.0,0.0,0.0
gaussian,gaussian,2,10.0,0.0,far,4.0,100000,11,torch,cuda,0.004706399678354275,1.7763568394002505e-15,10.961921309497797,2.842170943040401e-14,1.993240184339129,0.0,2.5927671461916472e-15,0.0,11.0,2.0,0.0,0.0
gaussian,gaussian,2,10.0,0.0,far,4.0,100000,12,torch,cuda,0.022392470541106064,1.7763568394002505e-15,11.095877848336471,2.842170943040401e-14,2.0024593938368227,0.0,2.5614656018104127e-15,0.0,11.0,2.0,0.0,0.0
gaussian,gaussian,2,10.0,0.0,far,4.0,100000,13,torch,cuda,0.010396800179970696,1.7763568394002505e-15,10.972991796192844,2.842170943040401e-14,1.9949534246956304,0.0,2.590151342340848e-15,0.0,11.0,2.0,0.0,0.0
gaussian,gaussian,2,10.0,0.0,far,4.0,100000,14,torch,cuda,0.012486418071632843,1.7763568394002505e-15,11.077465536757558,2.842170943040401e-14,2.0026361052484845,0.0,2.5657231192545166e-15,0.0,11.0,2.0,0.0,0.0
gaussian,gaussian,2,10.0,0.0,far,4.0,100000,15,torch,cuda,0.012826304941378147,1.7763568394002505e-15,10.948792859420337,2.842170943040401e-14,1.9982342738245116,0.0,2.595876074680688e-15,0.0,11.0,2.0,0.0,0.0
gaussian,gaussian,2,10.0,0.0,far,4.0,100000,16,torch,cuda,0.018120500425429946,1.7763568394002505e-15,11.08245067834116,2.842170943040401e-14,2.0158463436196143,0.0,2.564568997897694e-15,0.0,11.0,2.0,0.0,0.0
gaussian,gaussian,2,10.0,0.0,far,4.0,100000,17,torch,cuda,0.008649643541216643,1.7763568394002505e-15,10.952968808291587,2.842170943040401e-14,1.9964885722859123,0.0,2.594886366232348e-15,0.0,11.0,2.0,0.0,0.0
gaussian,gaussian,2,10.0,0.0,far,4.0,100000,18,torch,cuda,0.002808828618157342,1.7763568394002505e-15,11.038417857727012,2.842170943040401e-14,2.001896598894774,0.0,2.5747991964725727e-15,0.0,11.0,2.0,0.0,0.0
gaussian,gaussian,2,10.0,0.0,far,4.0,100000,19,torch,cuda,0.010034980739619663,1.7763568394002505e-15,11.025586276588882,2.842170943040401e-14,2.009444663246395,0.0,2.5777957486717134e-15,0.0,11.0,2.0,0.0,0.0
gaussian,gaussian,2,10.0,0.0,underdispersed,,100000,0,torch,cuda,0.00497799733286332,0.014933991998589953,2.735281223831378,24.617531014482406,0.12483941900934689,1.1235547710841218,9.000000000000002,8.999999999999998,2.75,0.125,24.75,1.125
gaussian,gaussian,2,10.0,0.0,underdispersed,,100000,1,torch,cuda,0.0019465124659280163,0.005839537397784062,2.7492061671415,24.742855504273496,0.1250493662252751,1.1254442960274755,9.0,8.999999999999996,2.75,0.125,24.75,1.125
gaussian,gaussian,2,10.0,0.0,underdispersed,,100000,2,torch,cuda,0.0031186221399376254,0.009355866419812875,2.743926159501605,24.695335435514437,0.1248122577003762,1.1233103193033858,8.999999999999998,9.0,2.75,0.125,24.75,1.125
gaussian,gaussian,2,10.0,0.0,underdispersed,,100000,3,torch,cuda,0.001060807794301987,0.00318242338290596,2.7640425157051602,24.87638264134644,0.1253760087118323,1.128384078406491,8.999999999999998,9.000000000000002,2.75,0.125,24.75,1.125
gaussian,gaussian,2,10.0,0.0,underdispersed,,100000,4,torch,cuda,0.006534723968125191,0.019604171904375568,2.7781956374780363,25.003760737302326,0.1255984405281854,1.1303859647536685,9.0,9.0,2.75,0.125,24.75,1.125
gaussian,gaussian,2,10.0,0.0,underdispersed,,100000,5,torch,cuda,0.004358354883231798,0.013075064649695389,2.7327741899923437,24.594967709931087,0.12498162446897015,1.1248346202207313,8.999999999999998,9.0,2.75,0.125,24.75,1.125
gaussian,gaussian,2,10.0,0.0,underdispersed,,100000,6,torch,cuda,0.006637775404586709,0.01991332621376013,2.7412174231792528,24.670956808613273,0.12424567309631063,1.1182110578667954,9.0,8.999999999999998,2.75,0.125,24.75,1.125
gaussian,gaussian,2,10.0,0.0,underdispersed,,100000,7,torch,cuda,0.007131234299929853,0.02139370289978956,2.7359153370031435,24.62323803302829,0.12487299247244316,1.1238569322519885,9.0,9.0,2.75,0.125,24.75,1.125
gaussian,gaussian,2,10.0,0.0,underdispersed,,100000,8,torch,cuda,0.0028688872736159464,0.00860666182084784,2.7405736945296333,24.665163250766703,0.1248688097352284,1.1238192876170559,9.000000000000002,9.000000000000002,2.75,0.125,24.75,1.125
gaussian,gaussian,2,10.0,0.0,underdispersed,,100000,9,torch,cuda,0.0003852010351640514,0.0011556031054921524,2.7543643147338406,24.789278832604563,0.1248759176457809,1.123883258812028,8.999999999999998,8.999999999999998,2.75,0.125,24.75,1.125
gaussian,gaussian,2,10.0,0.0,underdispersed,,100000,10,torch,cuda,0.00208706428995974,0.0062611928698792195,2.767961893741007,24.911657043669067,0.12557483964595273,1.1301735568135745,9.000000000000002,9.0,2.75,0.125,24.75,1.125
gaussian,gaussian,2,10.0,0.0,underdispersed,,100000,11,torch,cuda,0.0023531998391774214,0.007059599517532269,2.7404803273744407,24.664322946369964,0.12457751152119519,1.1211976036907567,9.0,9.0,2.75,0.125,24.75,1.125
gaussian,gaussian,2,10.0,0.0,underdispersed,,100000,12,torch,cuda,0.011196235270552501,0.0335887058116575,2.773969462084126,24.965725158757138,0.12515371211480208,1.1263834090332188,9.0,9.0,2.75,0.125,24.75,1.125
gaussian,gaussian,2,10.0,0.0,underdispersed,,100000,13,torch,cuda,0.005198400089986003,0.015595200269958002,2.743247949048217,24.68923154143395,0.12468458904347714,1.1221613013912943,8.999999999999998,9.0,2.75,0.125,24.75,1.125
gaussian,gaussian,2,10.0,0.0,underdispersed,,100000,14,torch,cuda,0.006243209035816638,0.018729627107449916,2.769366384189402,24.92429745770461,0.12516475657803022,1.1264828092022718,8.999999999999998,8.999999999999998,2.75,0.125,24.75,1.125
gaussian,gaussian,2,10.0,0.0,underdispersed,,100000,15,torch,cuda,0.006413152470688744,0.019239457412066226,2.737198214855077,24.634783933695694,0.12488964211403142,1.1240067790262829,9.0,9.000000000000002,2.75,0.125,24.75,1.125
gaussian,gaussian,2,10.0,0.0,underdispersed,,100000,16,torch,cuda,0.00906025021271384,0.02718075063814153,2.770612669585309,24.935514026267782,0.1259903964762264,1.1339135682860375,9.000000000000002,9.0,2.75,0.125,24.75,1.125
gaussian,gaussian,2,10.0,0.0,underdispersed,,100000,17,torch,cuda,0.004324821770609304,0.012974465311827915,2.738242202072882,24.64417981865593,0.12478053576786977,1.1230248219108279,8.999999999999998,9.0,2.75,0.125,24.75,1.125
gaussian,gaussian,2,10.0,0.0,underdispersed,,100000,18,torch,cuda,0.0014044143090787785,0.004213242927236336,2.7596044644317455,24.836440179885713,0.1251185374309236,1.1260668368783127,9.000000000000002,9.000000000000002,2.75,0.125,24.75,1.125
gaussian,gaussian,2,10.0,0.0,underdispersed,,100000,19,torch,cuda,0.005017490369809371,0.015052471109428107,2.756396569147217,24.807569122324953,0.12559029145289924,1.1303126230760931,9.0,9.0,2.75,0.125,24.75,1.125
gaussian,gaussian,2,10.0,0.0,overdispersed,,100000,0,torch,cuda,0.01991198933145328,0.014933991998589953,43.76449958130205,24.617531014482406,31.958891266392804,17.97687633734595,0.5625000000000001,0.5624999999999999,44.0,32.0,24.75,18.0
gaussian,gaussian,2,10.0,0.0,overdispersed,,100000,1,torch,cuda,0.007786049863712065,0.005839537397784062,43.987298674264,24.742855504273496,32.012637753670425,18.00710873643961,0.5625,0.5624999999999998,44.0,32.0,24.75,18.0
gaussian,gaussian,2,10.0,0.0,overdispersed,,100000,2,torch,cuda,0.012474488559750502,0.009355866419812875,43.90281855202568,24.695335435514437,31.951937971296307,17.972965108854172,0.5624999999999999,0.5625,44.0,32.0,24.75,18.0
gaussian,gaussian,2,10.0,0.0,overdispersed,,100000,3,torch,cuda,0.004243231177207948,0.00318242338290596,44.224680251282564,24.87638264134644,32.09625823022907,18.054145254503855,0.5624999999999999,0.5625000000000001,44.0,32.0,24.75,18.0
gaussian,gaussian,2,10.0,0.0,overdispersed,,100000,4,torch,cuda,0.026138895872500765,0.019604171904375568,44.45113019964858,25.003760737302326,32.15320077521546,18.086175436058696,0.5625,0.5625,44.0,32.0,24.75,18.0
gaussian,gaussian,2,10.0,0.0,overdispersed,,100000,5,torch,cuda,0.01743341953292719,0.013075064649695389,43.7243870398775,24.594967709931087,31.99529586405636,17.9973539235317,0.5624999999999999,0.5625,44.0,32.0,24.75,18.0
gaussian,gaussian,2,10.0,0.0,overdispersed,,100000,6,torch,cuda,0.026551101618346836,0.01991332621376013,43.859478770868044,24.670956808613273,31.80689231265552,17.891376925868727,0.5625,0.5624999999999999,44.0,32.0,24.75,18.0
gaussian,gaussian,2,10.0,0.0,overdispersed,,100000,7,torch,cuda,0.02852493719971941,0.02139370289978956,43.774645392050296,24.62323803302829,31.967486072945448,17.981710916031815,0.5625,0.5625,44.0,32.0,24.75,18.0
gaussian,gaussian,2,10.0,0.0,overdispersed,,100000,8,torch,cuda,0.011475549094463786,0.00860666182084784,43.84917911247413,24.665163250766703,31.96641529221847,17.981108601872894,0.5625000000000001,0.5625000000000001,44.0,32.0,24.75,18.0
gaussian,gaussian,2,10.0,0.0,overdispersed,,100000,9,torch,cuda,0.0015408041406562057,0.0011556031054921524,44.06982903574145,24.789278832604563,31.96823491731991,17.982132140992448,0.5624999999999999,0.5624999999999999,44.0,32.0,24.75,18.0
gaussian,gaussian,2,10.0,0.0,overdispersed,,100000,10,torch,cuda,0.00834825715983896,0.0062611928698792195,44.28739029985611,24.911657043669067,32.1471589493639,18.08277690901719,0.5625000000000001,0.5625,44.0,32.0,24.75,18.0
gaussian,gaussian,2,10.0,0.0,overdispersed,,100000,11,torch,cuda,0.009412799356709686,0.007059599517532269,43.84768523799105,24.664322946369964,31.891842949425968,17.939161659052107,0.5625,0.5625,44.0,32.0,24.75,18.0
gaussian,gaussian,2,10.0,0.0,overdispersed,,100000,12,torch,cuda,0.044784941082210004,0.0335887058116575,44.38351139334602,24.965725158757138,32.039350301389334,18.0221345445315,0.5625,0.5625,44.0,32.0,24.75,18.0
gaussian,gaussian,2,10.0,0.0,overdispersed,,100000,13,torch,cuda,0.02079360035994401,0.015595200269958002,43.891967184771474,24.68923154143395,31.919254795130147,17.95458082226071,0.5624999999999999,0.5625,44.0,32.0,24.75,18.0
gaussian,gaussian,2,10.0,0.0,overdispersed,,100000,14,torch,cuda,0.024972836143266553,0.018729627107449916,44.30986214703043,24.92429745770461,32.04217768397574,18.02372494723635,0.5624999999999999,0.5624999999999999,44.0,32.0,24.75,18.0
gaussian,gaussian,2,10.0,0.0,overdispersed,,100000,15,torch,cuda,0.025652609882754977,0.019239457412066226,43.79517143768123,24.634783933695694,31.971748381192043,17.984108464420526,0.5625,0.5625000000000001,44.0,32.0,24.75,18.0
gaussian,gaussian,2,10.0,0.0,overdispersed,,100000,16,torch,cuda,0.03624100085085536,0.02718075063814153,44.32980271336494,24.935514026267782,32.25354149791396,18.1426170925766,0.5625000000000001,0.5625,44.0,32.0,24.75,18.0
gaussian,gaussian,2,10.0,0.0,overdispersed,,100000,17,torch,cuda,0.017299287082437217,0.012974465311827915,43.81187523316611,24.64417981865593,31.94381715657466,17.968397150573246,0.5624999999999999,0.5625,44.0,32.0,24.75,18.0
gaussian,gaussian,2,10.0,0.0,overdispersed,,100000,18,torch,cuda,0.005617657236315114,0.004213242927236336,44.15367143090793,24.836440179885713,32.03034558231644,18.017069390053003,0.5625000000000001,0.5625000000000001,44.0,32.0,24.75,18.0
gaussian,gaussian,2,10.0,0.0,overdispersed,,100000,19,torch,cuda,0.020069961479237484,0.015052471109428107,44.10234510635547,24.807569122324953,32.151114611942205,18.08500196921749,0.5625,0.5625,44.0,32.0,24.75,18.0
gaussian,gaussian,2,100.0,0.0,optimum,0.0,100000,0,torch,cuda,0.031249164292317114,0.0,100.37806680708513,0.0,1.9974307041495503,0.0,0.0,0.0,101.0,2.0,0.0,0.0
gaussian,gaussian,2,100.0,0.0,optimum,0.0,100000,1,torch,cuda,0.011183208118833787,0.0,100.95717275818195,0.0,2.0007898596044016,0.0,0.0,0.0,101.0,2.0,0.0,0.0
gaussian,gaussian,2,100.0,0.0,optimum,0.0,100000,2,torch,cuda,0.01969965837851236,0.0,100.76278978601042,0.0,1.9969961232060192,0.0,0.0,0.0,101.0,2.0,0.0,0.0
gaussian,gaussian,2,100.0,0.0,optimum,0.0,100000,3,torch,cuda,0.002248070379967985,0.0,101.55770929713388,0.0,2.0060161393893168,0.0,0.0,0.0,101.0,2.0,0.0,0.0
gaussian,gaussian,2,100.0,0.0,optimum,0.0,100000,4,torch,cuda,0.039221826334926005,0.0,102.14485756452393,0.0,2.0095750484509662,0.0,0.0,0.0,101.0,2.0,0.0,0.0
gaussian,gaussian,2,100.0,0.0,optimum,0.0,100000,5,torch,cuda,0.027281143012351284,0.0,100.24500444462788,0.0,1.9997059915035225,0.0,0.0,0.0,101.0,2.0,0.0,0.0
gaussian,gaussian,2,100.0,0.0,optimum,0.0,100000,6,torch,cuda,0.04175964877035886,0.0,100.73425892447743,0.0,1.98793076954097,0.0,0.0,0.0,101.0,2.0,0.0,0.0
gaussian,gaussian,2,100.0,0.0,optimum,0.0,100000,7,torch,cuda,0.04293090753868335,0.0,100.40059603254741,0.0,1.9979678795590905,0.0,0.0,0.0,101.0,2.0,0.0,0.0
gaussian,gaussian,2,100.0,0.0,optimum,0.0,100000,8,torch,cuda,0.01763878938910076,0.0,100.60623300166733,0.0,1.9979009557636551,0.0,0.0,0.0,101.0,2.0,0.0,0.0
gaussian,gaussian,2,100.0,0.0,optimum,0.0,100000,9,torch,cuda,0.0009100858801460204,0.0,101.21188302496404,0.0,1.9980146823324945,0.0,0.0,0.0,101.0,2.0,0.0,0.0
gaussian,gaussian,2,100.0,0.0,optimum,0.0,100000,10,torch,cuda,0.011468252266443702,0.0,101.6983489812519,0.0,2.0091974343352437,0.0,0.0,0.0,101.0,2.0,0.0,0.0
gaussian,gaussian,2,100.0,0.0,optimum,0.0,100000,11,torch,cuda,0.014681265780760311,0.0,100.64873256108416,0.0,1.9932401843391232,0.0,0.0,0.0,101.0,2.0,0.0,0.0
gaussian,gaussian,2,100.0,0.0,optimum,0.0,100000,12,torch,cuda,0.07067360171210237,0.0,102.03006239333322,0.0,2.0024593938368334,0.0,0.0,0.0,101.0,2.0,0.0,0.0
gaussian,gaussian,2,100.0,0.0,optimum,0.0,100000,13,torch,cuda,0.030451370978150184,0.0,100.75337551116522,0.0,1.9949534246956342,0.0,0.0,0.0,101.0,2.0,0.0,0.0
gaussian,gaussian,2,100.0,0.0,optimum,0.0,100000,14,torch,cuda,0.03794812314621368,0.0,101.82575985184886,0.0,2.0026361052484836,0.0,0.0,0.0,101.0,2.0,0.0,0.0
gaussian,gaussian,2,100.0,0.0,optimum,0.0,100000,15,torch,cuda,0.03897691828489069,0.0,100.45437871537838,0.0,1.9982342738245027,0.0,0.0,0.0,101.0,2.0,0.0,0.0
gaussian,gaussian,2,100.0,0.0,optimum,0.0,100000,16,torch,cuda,0.05729691462148087,0.0,101.74849402555738,0.0,2.0158463436196223,0.0,0.0,0.0,101.0,2.0,0.0,0.0
gaussian,gaussian,2,100.0,0.0,optimum,0.0,100000,17,torch,cuda,0.0273112196243334,0.0,100.51777116834764,0.0,1.9964885722859163,0.0,0.0,0.0,101.0,2.0,0.0,0.0
gaussian,gaussian,2,100.0,0.0,optimum,0.0,100000,18,torch,cuda,0.003923161810171394,0.0,101.40363044604905,0.0,2.001896598894778,0.0,0.0,0.0,101.0,2.0,0.0,0.0
gaussian,gaussian,2,100.0,0.0,optimum,0.0,100000,19,torch,cuda,0.03065873482635836,0.0,101.18700241001366,0.0,2.009444663246388,0.0,0.0,0.0,101.0,2.0,0.0,0.0
gaussian,gaussian,2,100.0,0.0,near,0.25,100000,0,torch,cuda,0.03124916429231711,0.0,100.37806680708513,0.0,1.9974307041495503,0.0,0.0,0.0,101.0,2.0,0.0,0.0
gaussian,gaussian,2,100.0,0.0,near,0.25,100000,1,torch,cuda,0.011183208118833917,0.0,100.95717275818198,0.0,2.0007898596044016,0.0,0.0,0.0,101.0,2.0,0.0,0.0
gaussian,gaussian,2,100.0,0.0,near,0.25,100000,2,torch,cuda,0.019699658378512876,0.0,100.76278978601044,0.0,1.9969961232060187,0.0,0.0,0.0,101.0,2.0,0.0,0.0
gaussian,gaussian,2,100.0,0.0,near,0.25,100000,3,torch,cuda,0.0022480703799679404,0.0,101.55770929713388,0.0,2.0060161393893168,0.0,0.0,0.0,101.0,2.0,0.0,0.0
gaussian,gaussian,2,100.0,0.0,near,0.25,100000,4,torch,cuda,0.03922182633492593,0.0,102.14485756452395,0.0,2.0095750484509662,0.0,0.0,0.0,101.0,2.0,0.0,0.0
gaussian,gaussian,2,100.0,0.0,near,0.25,100000,5,torch,cuda,0.027281143012351416,0.0,100.2450044446279,0.0,1.9997059915035227,0.0,0.0,0.0,101.0,2.0,0.0,0.0
gaussian,gaussian,2,100.0,0.0,near,0.25,100000,6,torch,cuda,0.04175964877035881,0.0,100.73425892447743,0.0,1.9879307695409698,0.0,0.0,0.0,101.0,2.0,0.0,0.0
gaussian,gaussian,2,100.0,0.0,near,0.25,100000,7,torch,cuda,0.042930907538683366,0.0,100.40059603254738,0.0,1.9979678795590903,0.0,0.0,0.0,101.0,2.0,0.0,0.0
gaussian,gaussian,2,100.0,0.0,near,0.25,100000,8,torch,cuda,0.017638789389100788,0.0,100.60623300166732,0.0,1.9979009557636551,0.0,0.0,0.0,101.0,2.0,0.0,0.0
gaussian,gaussian,2,100.0,0.0,near,0.25,100000,9,torch,cuda,0.000910085880145956,0.0,101.21188302496402,0.0,1.998014682332494,0.0,0.0,0.0,101.0,2.0,0.0,0.0
gaussian,gaussian,2,100.0,0.0,near,0.25,100000,10,torch,cuda,0.011468252266443749,0.0,101.6983489812519,0.0,2.0091974343352437,0.0,0.0,0.0,101.0,2.0,0.0,0.0
gaussian,gaussian,2,100.0,0.0,near,0.25,100000,11,torch,cuda,0.014681265780760467,0.0,100.64873256108416,0.0,1.9932401843391228,0.0,0.0,0.0,101.0,2.0,0.0,0.0
gaussian,gaussian,2,100.0,0.0,near,0.25,100000,12,torch,cuda,0.07067360171210223,0.0,102.03006239333325,0.0,2.0024593938368334,0.0,0.0,0.0,101.0,2.0,0.0,0.0
gaussian,gaussian,2,100.0,0.0,near,0.25,100000,13,torch,cuda,0.030451370978150046,0.0,100.75337551116522,0.0,1.9949534246956344,0.0,0.0,0.0,101.0,2.0,0.0,0.0
gaussian,gaussian,2,100.0,0.0,near,0.25,100000,14,torch,cuda,0.037948123146213694,0.0,101.82575985184886,0.0,2.0026361052484836,0.0,0.0,0.0,101.0,2.0,0.0,0.0
gaussian,gaussian,2,100.0,0.0,near,0.25,100000,15,torch,cuda,0.03897691828489072,0.0,100.45437871537838,0.0,1.998234273824503,0.0,0.0,0.0,101.0,2.0,0.0,0.0
gaussian,gaussian,2,100.0,0.0,near,0.25,100000,16,torch,cuda,0.057296914621480774,0.0,101.74849402555739,0.0,2.0158463436196223,0.0,0.0,0.0,101.0,2.0,0.0,0.0
gaussian,gaussian,2,100.0,0.0,near,0.25,100000,17,torch,cuda,0.02731121962433337,0.0,100.51777116834765,0.0,1.9964885722859163,0.0,0.0,0.0,101.0,2.0,0.0,0.0
gaussian,gaussian,2,100.0,0.0,near,0.25,100000,18,torch,cuda,0.0039231618101713325,0.0,101.40363044604904,0.0,2.0018965988947777,0.0,0.0,0.0,101.0,2.0,0.0,0.0
gaussian,gaussian,2,100.0,0.0,near,0.25,100000,19,torch,cuda,0.030658734826358256,0.0,101.18700241001366,0.0,2.0094446632463883,0.0,0.0,0.0,101.0,2.0,0.0,0.0
gaussian,gaussian,2,100.0,0.0,medium,1.0,100000,0,torch,cuda,0.03124916429231667,0.0,100.37806680708516,0.0,1.9974307041495505,0.0,0.0,0.0,101.0,2.0,0.0,0.0
gaussian,gaussian,2,100.0,0.0,medium,1.0,100000,1,torch,cuda,0.011183208118833934,0.0,100.95717275818198,0.0,2.000789859604402,0.0,0.0,0.0,101.0,2.0,0.0,0.0
gaussian,gaussian,2,100.0,0.0,medium,1.0,100000,2,torch,cuda,0.019699658378512435,0.0,100.76278978601042,0.0,1.9969961232060194,0.0,0.0,0.0,101.0,2.0,0.0,0.0
gaussian,gaussian,2,100.0,0.0,medium,1.0,100000,3,torch,cuda,0.0022480703799676307,0.0,101.55770929713385,0.0,2.0060161393893163,0.0,0.0,0.0,101.0,2.0,0.0,0.0
gaussian,gaussian,2,100.0,0.0,medium,1.0,100000,4,torch,cuda,0.03922182633492547,0.0,102.1448575645239,0.0,2.009575048450966,0.0,0.0,0.0,101.0,2.0,0.0,0.0
gaussian,gaussian,2,100.0,0.0,medium,1.0,100000,5,torch,cuda,0.027281143012350968,0.0,100.2450044446279,0.0,1.9997059915035234,0.0,0.0,0.0,101.0,2.0,0.0,0.0
gaussian,gaussian,2,100.0,0.0,medium,1.0,100000,6,torch,cuda,0.04175964877036014,0.0,100.73425892447742,0.0,1.98793076954097,0.0,0.0,0.0,101.0,2.0,0.0,0.0
gaussian,gaussian,2,100.0,0.0,medium,1.0,100000,7,torch,cuda,0.04293090753868381,0.0,100.4005960325474,0.0,1.9979678795590903,0.0,0.0,0.0,101.0,2.0,0.0,0.0
gaussian,gaussian,2,100.0,0.0,medium,1.0,100000,8,torch,cuda,0.017638789389102117,0.0,100.6062330016673,0.0,1.997900955763655,0.0,0.0,0.0,101.0,2.0,0.0,0.0
gaussian,gaussian,2,100.0,0.0,medium,1.0,100000,9,torch,cuda,0.0009100858801468415,0.0,101.21188302496402,0.0,1.9980146823324936,0.0,0.0,0.0,101.0,2.0,0.0,0.0
gaussian,gaussian,2,100.0,0.0,medium,1.0,100000,10,torch,cuda,0.01146825226644333,0.0,101.69834898125193,0.0,2.009197434335243,0.0,0.0,0.0,101.0,2.0,0.0,0.0
gaussian,gaussian,2,100.0,0.0,medium,1.0,100000,11,torch,cuda,0.014681265780761345,0.0,100.6487325610841,0.0,1.9932401843391236,0.0,0.0,0.0,101.0,2.0,0.0,0.0
gaussian,gaussian,2,100.0,0.0,medium,1.0,100000,12,torch,cuda,0.07067360171210223,0.0,102.03006239333327,0.0,2.002459393836833,0.0,0.0,0.0,101.0,2.0,0.0,0.0
gaussian,gaussian,2,100.0,0.0,medium,1.0,100000,13,torch,cuda,0.030451370978150913,0.0,100.75337551116522,0.0,1.9949534246956344,0.0,0.0,0.0,101.0,2.0,0.0,0.0
gaussian,gaussian,2,100.0,0.0,medium,1.0,100000,14,torch,cuda,0.03794812314621281,0.0,101.82575985184889,0.0,2.002636105248483,0.0,0.0,0.0,101.0,2.0,0.0,0.0
gaussian,gaussian,2,100.0,0.0,medium,1.0,100000,15,torch,cuda,0.03897691828488939,0.0,100.45437871537837,0.0,1.998234273824503,0.0,0.0,0.0,101.0,2.0,0.0,0.0
gaussian,gaussian,2,100.0,0.0,medium,1.0,100000,16,torch,cuda,0.05729691462148122,0.0,101.74849402555738,0.0,2.015846343619623,0.0,0.0,0.0,101.0,2.0,0.0,0.0
gaussian,gaussian,2,100.0,0.0,medium,1.0,100000,17,torch,cuda,0.027311219624334703,0.0,100.51777116834765,0.0,1.9964885722859163,0.0,0.0,0.0,101.0,2.0,0.0,0.0
gaussian,gaussian,2,100.0,0.0,medium,1.0,100000,18,torch,cuda,0.003923161810172892,0.0,101.40363044604902,0.0,2.001896598894778,0.0,0.0,0.0,101.0,2.0,0.0,0.0
gaussian,gaussian,2,100.0,0.0,medium,1.0,100000,19,torch,cuda,0.030658734826358256,0.0,101.18700241001365,0.0,2.009444663246388,0.0,0.0,0.0,101.0,2.0,0.0,0.0
gaussian,gaussian,2,100.0,0.0,far,4.0,100000,0,torch,cuda,0.031249164292313114,0.0,100.37806680708513,0.0,1.9974307041495472,0.0,0.0,0.0,101.0,2.0,0.0,0.0
gaussian,gaussian,2,100.0,0.0,far,4.0,100000,1,torch,cuda,0.011183208118839166,0.0,100.95717275818174,0.0,2.000789859604396,0.0,0.0,0.0,101.0,2.0,0.0,0.0
gaussian,gaussian,2,100.0,0.0,far,4.0,100000,2,torch,cuda,0.01969965837852131,0.0,100.76278978600999,0.0,1.99699612320601,0.0,0.0,0.0,101.0,2.0,0.0,0.0
gaussian,gaussian,2,100.0,0.0,far,4.0,100000,3,torch,cuda,0.002248070379967844,0.0,101.55770929713412,0.0,2.0060161393893097,0.0,0.0,0.0,101.0,2.0,0.0,0.0
gaussian,gaussian,2,100.0,0.0,far,4.0,100000,4,torch,cuda,0.03922182633492552,0.0,102.14485756452427,0.0,2.0095750484509693,0.0,0.0,0.0,101.0,2.0,0.0,0.0
gaussian,gaussian,2,100.0,0.0,far,4.0,100000,5,torch,cuda,0.02728114301235274,0.0,100.24500444462797,0.0,1.9997059915035251,0.0,0.0,0.0,101.0,2.0,0.0,0.0
gaussian,gaussian,2,100.0,0.0,far,4.0,100000,6,torch,cuda,0.04175964877036014,0.0,100.73425892447744,0.0,1.9879307695409736,0.0,0.0,0.0,101.0,2.0,0.0,0.0
gaussian,gaussian,2,100.0,0.0,far,4.0,100000,7,torch,cuda,0.042930907538682034,0.0,100.40059603254758,0.0,1.997967879559095,0.0,0.0,0.0,101.0,2.0,0.0,0.0
gaussian,gaussian,2,100.0,0.0,far,4.0,100000,8,torch,cuda,0.017638789389103886,0.0,100.6062330016673,0.0,1.9979009557636545,0.0,0.0,0.0,101.0,2.0,0.0,0.0
gaussian,gaussian,2,100.0,0.0,far,4.0,100000,9,torch,cuda,0.0009100858801450317,0.0,101.21188302496421,0.0,1.9980146823324958,0.0,0.0,0.0,101.0,2.0,0.0,0.0
gaussian,gaussian,2,100.0,0.0,far,4.0,100000,10,torch,cuda,0.011468252266439756,0.0,101.69834898125168,0.0,2.0091974343352383,0.0,0.0,0.0,101.0,2.0,0.0,0.0
gaussian,gaussian,2,100.0,0.0,far,4.0,100000,11,torch,cuda,0.014681265780761345,0.0,100.64873256108422,0.0,1.9932401843391219,0.0,0.0,0.0,101.0,2.0,0.0,0.0
gaussian,gaussian,2,100.0,0.0,far,4.0,100000,12,torch,cuda,0.0706736017121129,0.0,102.03006239333286,0.0,2.0024593938368227,0.0,0.0,0.0,101.0,2.0,0.0,0.0
gaussian,gaussian,2,100.0,0.0,far,4.0,100000,13,torch,cuda,0.030451370978152672,0.0,100.75337551116536,0.0,1.9949534246956304,0.0,0.0,0.0,101.0,2.0,0.0,0.0
gaussian,gaussian,2,100.0,0.0,far,4.0,100000,14,torch,cuda,0.03794812314621633,0.0,101.82575985184894,0.0,2.0026361052484916,0.0,0.0,0.0,101.0,2.0,0.0,0.0
gaussian,gaussian,2,100.0,0.0,far,4.0,100000,15,torch,cuda,0.03897691828488581,0.0,100.45437871537797,0.0,1.998234273824508,0.0,0.0,0.0,101.0,2.0,0.0,0.0
gaussian,gaussian,2,100.0,0.0,far,4.0,100000,16,torch,cuda,0.05729691462148477,0.0,101.74849402555719,0.0,2.0158463436196143,0.0,0.0,0.0,101.0,2.0,0.0,0.0
gaussian,gaussian,2,100.0,0.0,far,4.0,100000,17,torch,cuda,0.027311219624334707,0.0,100.51777116834774,0.0,1.9964885722859123,0.0,0.0,0.0,101.0,2.0,0.0,0.0
gaussian,gaussian,2,100.0,0.0,far,4.0,100000,18,torch,cuda,0.003923161810171585,0.0,101.40363044604919,0.0,2.001896598894774,0.0,0.0,0.0,101.0,2.0,0.0,0.0
gaussian,gaussian,2,100.0,0.0,far,4.0,100000,19,torch,cuda,0.030658734826358256,0.0,101.18700241001375,0.0,2.009444663246395,0.0,0.0,0.0,101.0,2.0,0.0,0.0
gaussian,gaussian,2,100.0,0.0,underdispersed,,100000,0,torch,cuda,0.015624582146158557,0.046873746438475666,25.094516701771283,225.8506503159416,0.12483941900934689,1.1235547710841216,9.000000000000002,8.999999999999996,25.25,0.125,227.25,1.125
gaussian,gaussian,2,100.0,0.0,underdispersed,,100000,1,torch,cuda,0.005591604059416893,0.016774812178250675,25.23929318954549,227.1536387059094,0.1250493662252751,1.1254442960274755,9.0,8.999999999999996,25.25,0.125,227.25,1.125
gaussian,gaussian,2,100.0,0.0,underdispersed,,100000,2,torch,cuda,0.00984982918925618,0.029549487567768564,25.190697446502604,226.7162770185235,0.1248122577003762,1.1233103193033858,9.000000000000002,9.0,25.25,0.125,227.25,1.125
gaussian,gaussian,2,100.0,0.0,underdispersed,,100000,3,torch,cuda,0.0011240351899839925,0.0033721055699519826,25.38942732428347,228.5048459185512,0.1253760087118323,1.128384078406491,8.999999999999998,9.000000000000002,25.25,0.125,227.25,1.125
gaussian,gaussian,2,100.0,0.0,underdispersed,,100000,4,torch,cuda,0.019610913167463002,0.05883273950238902,25.536214391130983,229.82592952017887,0.1255984405281854,1.1303859647536685,9.000000000000002,9.0,25.25,0.125,227.25,1.125
gaussian,gaussian,2,100.0,0.0,underdispersed,,100000,5,torch,cuda,0.013640571506175642,0.04092171451852691,25.06125111115697,225.55126000041275,0.12498162446897015,1.1248346202207316,9.0,9.000000000000002,25.25,0.125,227.25,1.125
gaussian,gaussian,2,100.0,0.0,underdispersed,,100000,6,torch,cuda,0.02087982438517943,0.06263947315553829,25.183564731119358,226.65208258007422,0.12424567309631063,1.1182110578667954,9.0,8.999999999999998,25.25,0.125,227.25,1.125
gaussian,gaussian,2,100.0,0.0,underdispersed,,100000,7,torch,cuda,0.021465453769341676,0.06439636130802502,25.100149008136853,225.9013410732317,0.12487299247244316,1.1238569322519885,9.0,9.0,25.25,0.125,227.25,1.125
gaussian,gaussian,2,100.0,0.0,underdispersed,,100000,8,torch,cuda,0.00881939469455038,0.026458184083651134,25.151558250416834,226.36402425375152,0.12486880973522844,1.123819287617056,9.0,9.0,25.25,0.125,227.25,1.125
gaussian,gaussian,2,100.0,0.0,underdispersed,,100000,9,torch,cuda,0.0004550429400730102,0.001365128820219029,25.30297075624101,227.72673680616907,0.1248759176457809,1.123883258812028,9.0,8.999999999999998,25.25,0.125,227.25,1.125
gaussian,gaussian,2,100.0,0.0,underdispersed,,100000,10,torch,cuda,0.005734126133221851,0.017202378399665545,25.424587245312974,228.82128520781677,0.12557483964595273,1.1301735568135742,9.0,8.999999999999998,25.25,0.125,227.25,1.125
gaussian,gaussian,2,100.0,0.0,underdispersed,,100000,11,torch,cuda,0.007340632890380156,0.02202189867114048,25.16218314027104,226.45964826243937,0.1245775115211952,1.1211976036907567,9.0,9.0,25.25,0.125,227.25,1.125
gaussian,gaussian,2,100.0,0.0,underdispersed,,100000,12,torch,cuda,0.03533680085605118,0.10601040256815353,25.507515598333306,229.5676403849998,0.12515371211480208,1.1263834090332188,9.000000000000002,9.0,25.25,0.125,227.25,1.125
gaussian,gaussian,2,100.0,0.0,underdispersed,,100000,13,torch,cuda,0.015225685489075092,0.045677056467225245,25.188343877791304,226.69509490012172,0.12468458904347714,1.1221613013912943,9.0,9.0,25.25,0.125,227.25,1.125
gaussian,gaussian,2,100.0,0.0,underdispersed,,100000,14,torch,cuda,0.01897406157310684,0.056922184719320555,25.456439962962214,229.1079596666599,0.12516475657803022,1.1264828092022718,8.999999999999998,8.999999999999998,25.25,0.125,227.25,1.125
gaussian,gaussian,2,100.0,0.0,underdispersed,,100000,15,torch,cuda,0.019488459142445343,0.058465377427336054,25.113594678844596,226.02235210960134,0.12488964211403142,1.1240067790262829,9.0,9.000000000000002,25.25,0.125,227.25,1.125
gaussian,gaussian,2,100.0,0.0,underdispersed,,100000,16,torch,cuda,0.028648457310740436,0.08594537193222132,25.437123506389344,228.93411155750408,0.1259903964762264,1.1339135682860375,9.0,9.0,25.25,0.125,227.25,1.125
gaussian,gaussian,2,100.0,0.0,underdispersed,,100000,17,torch,cuda,0.0136556098121667,0.040966829436500096,25.12944279208691,226.1649851287822,0.12478053576786977,1.1230248219108279,9.000000000000002,9.0,25.25,0.125,227.25,1.125
gaussian,gaussian,2,100.0,0.0,underdispersed,,100000,18,torch,cuda,0.001961580905085697,0.005884742715257092,25.350907611512262,228.15816850361034,0.12511853743092363,1.1260668368783127,9.0,9.0,25.25,0.125,227.25,1.125
gaussian,gaussian,2,100.0,0.0,underdispersed,,100000,19,torch,cuda,0.01532936741317918,0.04598810223953754,25.296750602503415,227.67075542253076,0.12559029145289924,1.1303126230760931,9.0,9.0,25.25,0.125,227.25,1.125
gaussian,gaussian,2,100.0,0.0,overdispersed,,100000,0,torch,cuda,0.06249832858463423,0.046873746438475666,401.51226722834053,225.8506503159416,31.958891266392804,17.976876337345946,0.5625000000000001,0.5624999999999998,404.0,32.0,227.25,18.0
gaussian,gaussian,2,100.0,0.0,overdispersed,,100000,1,torch,cuda,0.022366416237667573,0.016774812178250675,403.8286910327278,227.1536387059094,32.012637753670425,18.00710873643961,0.5625,0.5624999999999998,404.0,32.0,227.25,18.0
gaussian,gaussian,2,100.0,0.0,overdispersed,,100000,2,torch,cuda,0.03939931675702472,0.029549487567768564,403.05115914404166,226.7162770185235,31.951937971296307,17.972965108854172,0.5625000000000001,0.5625,404.0,32.0,227.25,18.0
gaussian,gaussian,2,100.0,0.0,overdispersed,,100000,3,torch,cuda,0.00449614075993597,0.0033721055699519826,406.23083718853553,228.5048459185512,32.09625823022907,18.054145254503855,0.5624999999999999,0.5625000000000001,404.0,32.0,227.25,18.0
gaussian,gaussian,2,100.0,0.0,overdispersed,,100000,4,torch,cuda,0.07844365266985201,0.05883273950238902,408.5794302580957,229.82592952017887,32.15320077521546,18.086175436058696,0.5625000000000001,0.5625,404.0,32.0,227.25,18.0
gaussian,gaussian,2,100.0,0.0,overdispersed,,100000,5,torch,cuda,0.05456228602470257,0.04092171451852691,400.9800177785115,225.55126000041275,31.99529586405636,17.997353923531705,0.5625,0.5625000000000001,404.0,32.0,227.25,18.0
gaussian,gaussian,2,100.0,0.0,overdispersed,,100000,6,torch,cuda,0.08351929754071773,0.06263947315553829,402.9370356979097,226.65208258007422,31.80689231265552,17.891376925868727,0.5625,0.5624999999999999,404.0,32.0,227.25,18.0
gaussian,gaussian,2,100.0,0.0,overdispersed,,100000,7,torch,cuda,0.0858618150773667,0.06439636130802502,401.60238413018965,225.9013410732317,31.967486072945448,17.981710916031815,0.5625,0.5625,404.0,32.0,227.25,18.0
gaussian,gaussian,2,100.0,0.0,overdispersed,,100000,8,torch,cuda,0.03527757877820152,0.026458184083651134,402.42493200666934,226.36402425375152,31.966415292218482,17.981108601872897,0.5625,0.5625,404.0,32.0,227.25,18.0
gaussian,gaussian,2,100.0,0.0,overdispersed,,100000,9,torch,cuda,0.001820171760292041,0.001365128820219029,404.84753209985615,227.72673680616907,31.96823491731991,17.982132140992448,0.5625,0.5624999999999999,404.0,32.0,227.25,18.0
gaussian,gaussian,2,100.0,0.0,overdispersed,,100000,10,torch,cuda,0.022936504532887404,0.017202378399665545,406.7933959250076,228.82128520781677,32.1471589493639,18.082776909017188,0.5625,0.5624999999999999,404.0,32.0,227.25,18.0
gaussian,gaussian,2,100.0,0.0,overdispersed,,100000,11,torch,cuda,0.029362531561520622,0.02202189867114048,402.59493024433664,226.45964826243937,31.89184294942597,17.939161659052107,0.5625,0.5625,404.0,32.0,227.25,18.0
gaussian,gaussian,2,100.0,0.0,overdispersed,,100000,12,torch,cuda,0.14134720342420473,0.10601040256815353,408.1202495733329,229.5676403849998,32.039350301389334,18.0221345445315,0.5625000000000001,0.5625,404.0,32.0,227.25,18.0
gaussian,gaussian,2,100.0,0.0,overdispersed,,100000,13,torch,cuda,0.06090274195630037,0.045677056467225245,403.01350204466087,226.69509490012172,31.919254795130147,17.95458082226071,0.5625,0.5625,404.0,32.0,227.25,18.0
gaussian,gaussian,2,100.0,0.0,overdispersed,,100000,14,torch,cuda,0.07589624629242736,0.056922184719320555,407.30303940739543,229.1079596666599,32.04217768397574,18.02372494723635,0.5624999999999999,0.5624999999999999,404.0,32.0,227.25,18.0
gaussian,gaussian,2,100.0,0.0,overdispersed,,100000,15,torch,cuda,0.07795383656978137,0.058465377427336054,401.81751486151353,226.02235210960134,31.971748381192043,17.984108464420526,0.5625,0.5625000000000001,404.0,32.0,227.25,18.0
gaussian,gaussian,2,100.0,0.0,overdispersed,,100000,16,torch,cuda,0.11459382924296174,0.08594537193222132,406.9939761022295,228.93411155750408,32.25354149791396,18.1426170925766,0.5625,0.5625,404.0,32.0,227.25,18.0
gaussian,gaussian,2,100.0,0.0,overdispersed,,100000,17,torch,cuda,0.0546224392486668,0.040966829436500096,402.07108467339054,226.1649851287822,31.94381715657466,17.968397150573246,0.5625000000000001,0.5625,404.0,32.0,227.25,18.0
gaussian,gaussian,2,100.0,0.0,overdispersed,,100000,18,torch,cuda,0.007846323620342788,0.005884742715257092,405.6145217841962,228.15816850361034,32.03034558231645,18.017069390053003,0.5625,0.5625,404.0,32.0,227.25,18.0
gaussian,gaussian,2,100.0,0.0,overdispersed,,100000,19,torch,cuda,0.06131746965271672,0.04598810223953754,404.74800964005465,227.67075542253076,32.151114611942205,18.08500196921749,0.5625,0.5625,404.0,32.0,227.25,18.0
gaussian,gaussian,2,10000.0,0.0,optimum,0.0,100000,0,torch,cuda,0.3122326673800097,0.0,9938.441677100645,0.0,1.9974307041495503,0.0,0.0,0.0,10001.0,2.0,0.0,0.0
gaussian,gaussian,2,10000.0,0.0,optimum,0.0,100000,1,torch,cuda,0.11052148760232039,0.0,9996.595462615938,0.0,2.0007898596044016,0.0,0.0,0.0,10001.0,2.0,0.0,0.0
gaussian,gaussian,2,10000.0,0.0,optimum,0.0,100000,2,torch,cuda,0.1969699017179738,0.0,9977.342156066452,0.0,1.9969961232060192,0.0,0.0,0.0,10001.0,2.0,0.0,0.0
gaussian,gaussian,2,10000.0,0.0,optimum,0.0,100000,3,torch,cuda,0.008113955290504885,0.0,10056.72702507159,0.0,2.0060161393893168,0.0,0.0,0.0,10001.0,2.0,0.0,0.0
gaussian,gaussian,2,10000.0,0.0,optimum,0.0,100000,4,torch,cuda,0.3898305821081872,0.0,10115.673109171821,0.0,2.0095750484509662,0.0,0.0,0.0,10001.0,2.0,0.0,0.0
gaussian,gaussian,2,10000.0,0.0,optimum,0.0,100000,5,torch,cuda,0.2724977644016488,0.0,9924.774849757063,0.0,1.9997059915035225,0.0,0.0,0.0,10001.0,2.0,0.0,0.0
gaussian,gaussian,2,10000.0,0.0,optimum,0.0,100000,6,torch,cuda,0.4173523092549872,0.0,9975.367074418122,0.0,1.98793076954097,0.0,0.0,0.0,10001.0,2.0,0.0,0.0
gaussian,gaussian,2,10000.0,0.0,optimum,0.0,100000,7,torch,cuda,0.42685359561648806,0.0,9940.66341133138,0.0,1.9979678795590905,0.0,0.0,0.0,10001.0,2.0,0.0,0.0
gaussian,gaussian,2,10000.0,0.0,optimum,0.0,100000,8,torch,cuda,0.17582280475101675,0.0,9961.439437592035,0.0,1.9979009557636545,0.0,0.0,0.0,10001.0,2.0,0.0,0.0
gaussian,gaussian,2,10000.0,0.0,optimum,0.0,100000,9,torch,cuda,0.005162298115135079,0.0,10022.598717288118,0.0,1.9980146823324945,0.0,0.0,0.0,10001.0,2.0,0.0,0.0
gaussian,gaussian,2,10000.0,0.0,optimum,0.0,100000,10,torch,cuda,0.11261545844601767,0.0,10070.613503672917,0.0,2.0091974343352437,0.0,0.0,0.0,10001.0,2.0,0.0,0.0
gaussian,gaussian,2,10000.0,0.0,optimum,0.0,100000,11,torch,cuda,0.14658911942618702,0.0,9966.197970235587,0.0,1.993240184339123,0.0,0.0,0.0,10001.0,2.0,0.0,0.0
gaussian,gaussian,2,10000.0,0.0,optimum,0.0,100000,12,torch,cuda,0.7065844851126363,0.0,10104.790362342972,0.0,2.0024593938368334,0.0,0.0,0.0,10001.0,2.0,0.0,0.0
gaussian,gaussian,2,10000.0,0.0,optimum,0.0,100000,13,torch,cuda,0.30172581169959867,0.0,9976.595584158122,0.0,1.9949534246956342,0.0,0.0,0.0,10001.0,2.0,0.0,0.0
gaussian,gaussian,2,10000.0,0.0,optimum,0.0,100000,14,torch,cuda,0.37775189688072386,0.0,10084.138134511886,0.0,2.0026361052484836,0.0,0.0,0.0,10001.0,2.0,0.0,0.0
gaussian,gaussian,2,10000.0,0.0,optimum,0.0,100000,15,torch,cuda,0.3879879725173833,0.0,9946.068822870764,0.0,1.9982342738245027,0.0,0.0,0.0,10001.0,2.0,0.0,0.0
gaussian,gaussian,2,10000.0,0.0,optimum,0.0,100000,16,torch,cuda,0.5729634929619941,0.0,10075.01326221933,0.0,2.0158463436196223,0.0,0.0,0.0,10001.0,2.0,0.0,0.0
gaussian,gaussian,2,10000.0,0.0,optimum,0.0,100000,17,torch,cuda,0.2730666676015141,0.0,9952.64603077452,0.0,1.9964885722859163,0.0,0.0,0.0,10001.0,2.0,0.0,0.0
gaussian,gaussian,2,10000.0,0.0,optimum,0.0,100000,18,torch,cuda,0.028992689435019297,0.0,10041.577015161476,0.0,2.001896598894778,0.0,0.0,0.0,10001.0,2.0,0.0,0.0
gaussian,gaussian,2,10000.0,0.0,optimum,0.0,100000,19,torch,cuda,0.30538213457745245,0.0,10018.94277708674,0.0,2.009444663246388,0.0,0.0,0.0,10001.0,2.0,0.0,0.0
gaussian,gaussian,2,10000.0,0.0,near,0.25,100000,0,torch,cuda,0.3122326673800086,0.0,9938.441677100642,0.0,1.9974307041495503,0.0,0.0,0.0,10001.0,2.0,0.0,0.0
gaussian,gaussian,2,10000.0,0.0,near,0.25,100000,1,torch,cuda,0.11052148760232164,0.0,9996.595462615936,0.0,2.0007898596044016,0.0,0.0,0.0,10001.0,2.0,0.0,0.0
gaussian,gaussian,2,10000.0,0.0,near,0.25,100000,2,torch,cuda,0.19696990171797443,0.0,9977.34215606645,0.0,1.9969961232060187,0.0,0.0,0.0,10001.0,2.0,0.0,0.0
gaussian,gaussian,2,10000.0,0.0,near,0.25,100000,3,torch,cuda,0.00811395529050345,0.0,10056.72702507159,0.0,2.0060161393893168,0.0,0.0,0.0,10001.0,2.0,0.0,0.0
gaussian,gaussian,2,10000.0,0.0,near,0.25,100000,4,torch,cuda,0.3898305821081855,0.0,10115.673109171821,0.0,2.0095750484509662,0.0,0.0,0.0,10001.0,2.0,0.0,0.0
gaussian,gaussian,2,10000.0,0.0,near,0.25,100000,5,torch,cuda,0.27249776440165285,0.0,9924.774849757063,0.0,1.9997059915035227,0.0,0.0,0.0,10001.0,2.0,0.0,0.0
gaussian,gaussian,2,10000.0,0.0,near,0.25,100000,6,torch,cuda,0.4173523092549894,0.0,9975.367074418124,0.0,1.9879307695409698,0.0,0.0,0.0,10001.0,2.0,0.0,0.0
gaussian,gaussian,2,10000.0,0.0,near,0.25,100000,7,torch,cuda,0.42685359561648917,0.0,9940.663411331378,0.0,1.9979678795590903,0.0,0.0,0.0,10001.0,2.0,0.0,0.0
gaussian,gaussian,2,10000.0,0.0,near,0.25,100000,8,torch,cuda,0.17582280475101958,0.0,9961.439437592035,0.0,1.9979009557636547,0.0,0.0,0.0,10001.0,2.0,0.0,0.0
gaussian,gaussian,2,10000.0,0.0,near,0.25,100000,9,torch,cuda,0.005162298115136821,0.0,10022.598717288116,0.0,1.998014682332494,0.0,0.0,0.0,10001.0,2.0,0.0,0.0
gaussian,gaussian,2,10000.0,0.0,near,0.25,100000,10,torch,cuda,0.11261545844602082,0.0,10070.613503672916,0.0,2.0091974343352437,0.0,0.0,0.0,10001.0,2.0,0.0,0.0
gaussian,gaussian,2,10000.0,0.0,near,0.25,100000,11,torch,cuda,0.1465891194261867,0.0,9966.197970235587,0.0,1.9932401843391228,0.0,0.0,0.0,10001.0,2.0,0.0,0.0
gaussian,gaussian,2,10000.0,0.0,near,0.25,100000,12,torch,cuda,0.7065844851126386,0.0,10104.790362342974,0.0,2.0024593938368334,0.0,0.0,0.0,10001.0,2.0,0.0,0.0
gaussian,gaussian,2,10000.0,0.0,near,0.25,100000,13,torch,cuda,0.30172581169959556,0.0,9976.595584158122,0.0,1.9949534246956344,0.0,0.0,0.0,10001.0,2.0,0.0,0.0
gaussian,gaussian,2,10000.0,0.0,near,0.25,100000,14,torch,cuda,0.37775189688072563,0.0,10084.138134511884,0.0,2.0026361052484836,0.0,0.0,0.0,10001.0,2.0,0.0,0.0
gaussian,gaussian,2,10000.0,0.0,near,0.25,100000,15,torch,cuda,0.3879879725173843,0.0,9946.068822870764,0.0,1.9982342738245034,0.0,0.0,0.0,10001.0,2.0,0.0,0.0
gaussian,gaussian,2,10000.0,0.0,near,0.25,100000,16,torch,cuda,0.5729634929619905,0.0,10075.01326221933,0.0,2.0158463436196223,0.0,0.0,0.0,10001.0,2.0,0.0,0.0
gaussian,gaussian,2,10000.0,0.0,near,0.25,100000,17,torch,cuda,0.2730666676015129,0.0,9952.64603077452,0.0,1.9964885722859163,0.0,0.0,0.0,10001.0,2.0,0.0,0.0
gaussian,gaussian,2,10000.0,0.0,near,0.25,100000,18,torch,cuda,0.028992689435023138,0.0,10041.577015161474,0.0,2.0018965988947777,0.0,0.0,0.0,10001.0,2.0,0.0,0.0
gaussian,gaussian,2,10000.0,0.0,near,0.25,100000,19,torch,cuda,0.30538213457744795,0.0,10018.942777086739,0.0,2.009444663246388,0.0,0.0,0.0,10001.0,2.0,0.0,0.0
gaussian,gaussian,2,10000.0,0.0,medium,1.0,100000,0,torch,cuda,0.312232667379998,0.0,9938.441677100642,0.0,1.9974307041495503,0.0,0.0,0.0,10001.0,2.0,0.0,0.0
gaussian,gaussian,2,10000.0,0.0,medium,1.0,100000,1,torch,cuda,0.11052148760231809,0.0,9996.595462615938,0.0,2.000789859604402,0.0,0.0,0.0,10001.0,2.0,0.0,0.0
gaussian,gaussian,2,10000.0,0.0,medium,1.0,100000,2,torch,cuda,0.19696990171797799,0.0,9977.342156066452,0.0,1.996996123206019,0.0,0.0,0.0,10001.0,2.0,0.0,0.0
gaussian,gaussian,2,10000.0,0.0,medium,1.0,100000,3,torch,cuda,0.008113955290506882,0.0,10056.72702507159,0.0,2.0060161393893168,0.0,0.0,0.0,10001.0,2.0,0.0,0.0
gaussian,gaussian,2,10000.0,0.0,medium,1.0,100000,4,torch,cuda,0.38983058210818194,0.0,10115.673109171821,0.0,2.009575048450966,0.0,0.0,0.0,10001.0,2.0,0.0,0.0
gaussian,gaussian,2,10000.0,0.0,medium,1.0,100000,5,torch,cuda,0.27249776440164925,0.0,9924.774849757065,0.0,1.9997059915035234,0.0,0.0,0.0,10001.0,2.0,0.0,0.0
gaussian,gaussian,2,10000.0,0.0,medium,1.0,100000,6,torch,cuda,0.41735230925498584,0.0,9975.367074418124,0.0,1.98793076954097,0.0,0.0,0.0,10001.0,2.0,0.0,0.0
gaussian,gaussian,2,10000.0,0.0,medium,1.0,100000,7,torch,cuda,0.42685359561648917,0.0,9940.663411331381,0.0,1.9979678795590905,0.0,0.0,0.0,10001.0,2.0,0.0,0.0
gaussian,gaussian,2,10000.0,0.0,medium,1.0,100000,8,torch,cuda,0.17582280475101958,0.0,9961.439437592035,0.0,1.9979009557636553,0.0,0.0,0.0,10001.0,2.0,0.0,0.0
gaussian,gaussian,2,10000.0,0.0,medium,1.0,100000,9,torch,cuda,0.00516229811514036,0.0,10022.598717288114,0.0,1.9980146823324936,0.0,0.0,0.0,10001.0,2.0,0.0,0.0
gaussian,gaussian,2,10000.0,0.0,medium,1.0,100000,10,torch,cuda,0.11261545844602082,0.0,10070.613503672917,0.0,2.009197434335243,0.0,0.0,0.0,10001.0,2.0,0.0,0.0
gaussian,gaussian,2,10000.0,0.0,medium,1.0,100000,11,torch,cuda,0.14658911942618313,0.0,9966.19797023559,0.0,1.9932401843391236,0.0,0.0,0.0,10001.0,2.0,0.0,0.0
gaussian,gaussian,2,10000.0,0.0,medium,1.0,100000,12,torch,cuda,0.706584485112628,0.0,10104.790362342976,0.0,2.0024593938368334,0.0,0.0,0.0,10001.0,2.0,0.0,0.0
gaussian,gaussian,2,10000.0,0.0,medium,1.0,100000,13,torch,cuda,0.30172581169958135,0.0,9976.595584158125,0.0,1.9949534246956349,0.0,0.0,0.0,10001.0,2.0,0.0,0.0
gaussian,gaussian,2,10000.0,0.0,medium,1.0,100000,14,torch,cuda,0.37775189688073624,0.0,10084.138134511886,0.0,2.0026361052484827,0.0,0.0,0.0,10001.0,2.0,0.0,0.0
gaussian,gaussian,2,10000.0,0.0,medium,1.0,100000,15,torch,cuda,0.387987972517363,0.0,9946.068822870759,0.0,1.9982342738245027,0.0,0.0,0.0,10001.0,2.0,0.0,0.0
gaussian,gaussian,2,10000.0,0.0,medium,1.0,100000,16,torch,cuda,0.5729634929620047,0.0,10075.013262219329,0.0,2.015846343619623,0.0,0.0,0.0,10001.0,2.0,0.0,0.0
gaussian,gaussian,2,10000.0,0.0,medium,1.0,100000,17,torch,cuda,0.2730666676015129,0.0,9952.64603077452,0.0,1.9964885722859158,0.0,0.0,0.0,10001.0,2.0,0.0,0.0
gaussian,gaussian,2,10000.0,0.0,medium,1.0,100000,18,torch,cuda,0.028992689435023124,0.0,10041.577015161476,0.0,2.001896598894778,0.0,0.0,0.0,10001.0,2.0,0.0,0.0
gaussian,gaussian,2,10000.0,0.0,medium,1.0,100000,19,torch,cuda,0.3053821345774515,0.0,10018.94277708674,0.0,2.009444663246388,0.0,0.0,0.0,10001.0,2.0,0.0,0.0
gaussian,gaussian,2,10000.0,0.0,far,4.0,100000,0,torch,cuda,0.31223266737998373,0.0,9938.441677100636,0.0,1.9974307041495472,0.0,0.0,0.0,10001.0,2.0,0.0,0.0
gaussian,gaussian,2,10000.0,0.0,far,4.0,100000,1,torch,cuda,0.1105214876023465,0.0,9996.595462615893,0.0,2.0007898596043887,0.0,0.0,0.0,10001.0,2.0,0.0,0.0
gaussian,gaussian,2,10000.0,0.0,far,4.0,100000,2,torch,cuda,0.19696990171797799,0.0,9977.342156066443,0.0,1.9969961232060172,0.0,0.0,0.0,10001.0,2.0,0.0,0.0
gaussian,gaussian,2,10000.0,0.0,far,4.0,100000,3,torch,cuda,0.008113955290479665,0.0,10056.727025071596,0.0,2.0060161393893097,0.0,0.0,0.0,10001.0,2.0,0.0,0.0
gaussian,gaussian,2,10000.0,0.0,far,4.0,100000,4,torch,cuda,0.38983058210818194,0.0,10115.673109171796,0.0,2.0095750484509622,0.0,0.0,0.0,10001.0,2.0,0.0,0.0
gaussian,gaussian,2,10000.0,0.0,far,4.0,100000,5,torch,cuda,0.27249776440166346,0.0,9924.774849757057,0.0,1.999705991503518,0.0,0.0,0.0,10001.0,2.0,0.0,0.0
gaussian,gaussian,2,10000.0,0.0,far,4.0,100000,6,torch,cuda,0.4173523092550001,0.0,9975.367074418114,0.0,1.9879307695409736,0.0,0.0,0.0,10001.0,2.0,0.0,0.0
gaussian,gaussian,2,10000.0,0.0,far,4.0,100000,7,torch,cuda,0.42685359561647496,0.0,9940.663411331392,0.0,1.9979678795590878,0.0,0.0,0.0,10001.0,2.0,0.0,0.0
gaussian,gaussian,2,10000.0,0.0,far,4.0,100000,8,torch,cuda,0.17582280475099119,0.0,9961.439437592053,0.0,1.9979009557636545,0.0,0.0,0.0,10001.0,2.0,0.0,0.0
gaussian,gaussian,2,10000.0,0.0,far,4.0,100000,9,torch,cuda,0.005162298115126334,0.0,10022.598717288172,0.0,1.9980146823324958,0.0,0.0,0.0,10001.0,2.0,0.0,0.0
gaussian,gaussian,2,10000.0,0.0,far,4.0,100000,10,torch,cuda,0.11261545844596398,0.0,10070.613503672881,0.0,2.0091974343352383,0.0,0.0,0.0,10001.0,2.0,0.0,0.0
gaussian,gaussian,2,10000.0,0.0,far,4.0,100000,11,torch,cuda,0.14658911942618313,0.0,9966.197970235604,0.0,1.9932401843391219,0.0,0.0,0.0,10001.0,2.0,0.0,0.0
gaussian,gaussian,2,10000.0,0.0,far,4.0,100000,12,torch,cuda,0.7065844851126137,0.0,10104.790362342988,0.0,2.00245939383683,0.0,0.0,0.0,10001.0,2.0,0.0,0.0
gaussian,gaussian,2,10000.0,0.0,far,4.0,100000,13,torch,cuda,0.30172581169956714,0.0,9976.595584158145,0.0,1.994953424695634,0.0,0.0,0.0,10001.0,2.0,0.0,0.0
gaussian,gaussian,2,10000.0,0.0,far,4.0,100000,14,torch,cuda,0.3777518968807078,0.0,10084.138134511886,0.0,2.0026361052484845,0.0,0.0,0.0,10001.0,2.0,0.0,0.0
gaussian,gaussian,2,10000.0,0.0,far,4.0,100000,15,torch,cuda,0.3879879725173914,0.0,9946.068822870788,0.0,1.9982342738245116,0.0,0.0,0.0,10001.0,2.0,0.0,0.0
gaussian,gaussian,2,10000.0,0.0,far,4.0,100000,16,torch,cuda,0.5729634929620331,0.0,10075.01326221932,0.0,2.0158463436196143,0.0,0.0,0.0,10001.0,2.0,0.0,0.0
gaussian,gaussian,2,10000.0,0.0,far,4.0,100000,17,torch,cuda,0.2730666676015697,0.0,9952.646030774486,0.0,1.9964885722859051,0.0,0.0,0.0,10001.0,2.0,0.0,0.0
gaussian,gaussian,2,10000.0,0.0,far,4.0,100000,18,torch,cuda,0.028992689435023124,0.0,10041.577015161485,0.0,2.001896598894774,0.0,0.0,0.0,10001.0,2.0,0.0,0.0
gaussian,gaussian,2,10000.0,0.0,far,4.0,100000,19,torch,cuda,0.3053821345774799,0.0,10018.942777086748,0.0,2.0094446632463985,0.0,0.0,0.0,10001.0,2.0,0.0,0.0
gaussian,gaussian,2,10000.0,0.0,underdispersed,,100000,0,torch,cuda,0.15611633369000485,0.46834900107001437,2484.6104192751613,22361.493773476446,0.12483941900934689,1.1235547710841218,8.999999999999998,8.999999999999998,2500.25,0.125,22502.25,1.125
gaussian,gaussian,2,10000.0,0.0,underdispersed,,100000,1,torch,cuda,0.055260743801160195,0.16578223140348028,2499.1488656539846,22492.339790885864,0.1250493662252751,1.1254442960274755,9.000000000000002,8.999999999999996,2500.25,0.125,22502.25,1.125
gaussian,gaussian,2,10000.0,0.0,underdispersed,,100000,2,torch,cuda,0.0984849508589869,0.2954548525769607,2494.335539016613,22449.01985114952,0.1248122577003762,1.1233103193033858,9.0,9.0,2500.25,0.125,22502.25,1.125
gaussian,gaussian,2,10000.0,0.0,underdispersed,,100000,3,torch,cuda,0.004056977645252442,0.012170932935757365,2514.1817562678975,22627.635806411075,0.1253760087118323,1.128384078406491,8.999999999999998,9.000000000000002,2500.25,0.125,22502.25,1.125
gaussian,gaussian,2,10000.0,0.0,underdispersed,,100000,4,torch,cuda,0.1949152910540936,0.5847458731622808,2528.9182772929553,22760.264495636595,0.1255984405281854,1.1303859647536685,8.999999999999998,9.0,2500.25,0.125,22502.25,1.125
gaussian,gaussian,2,10000.0,0.0,underdispersed,,100000,5,torch,cuda,0.1362488822008244,0.4087466466024731,2481.1937124392657,22330.743411953386,0.12498162446897015,1.1248346202207313,8.999999999999998,9.0,2500.25,0.125,22502.25,1.125
gaussian,gaussian,2,10000.0,0.0,underdispersed,,100000,6,torch,cuda,0.2086761546274936,0.6260284638824808,2493.8417686045304,22444.57591744078,0.12424567309631063,1.1182110578667954,9.000000000000002,8.999999999999998,2500.25,0.125,22502.25,1.125
gaussian,gaussian,2,10000.0,0.0,underdispersed,,100000,7,torch,cuda,0.21342679780824403,0.6402803934247321,2485.165852832845,22366.492675495603,0.12487299247244316,1.1238569322519885,9.0,9.0,2500.25,0.125,22502.25,1.125
gaussian,gaussian,2,10000.0,0.0,underdispersed,,100000,8,torch,cuda,0.08791140237550837,0.263734207126525,2490.3598593980087,22413.238734582083,0.1248688097352284,1.1238192876170559,9.000000000000002,9.000000000000002,2500.25,0.125,22502.25,1.125
gaussian,gaussian,2,10000.0,0.0,underdispersed,,100000,9,torch,cuda,0.0025811490575675393,0.0077434471727026895,2505.6496793220294,22550.847113898268,0.1248759176457809,1.123883258812028,9.000000000000002,8.999999999999998,2500.25,0.125,22502.25,1.125
gaussian,gaussian,2,10000.0,0.0,underdispersed,,100000,10,torch,cuda,0.056307729223008834,0.16892318766902653,2517.6533759182294,22658.88038326406,0.12557483964595273,1.1301735568135742,8.999999999999998,8.999999999999998,2500.25,0.125,22502.25,1.125
gaussian,gaussian,2,10000.0,0.0,underdispersed,,100000,11,torch,cuda,0.07329455971309351,0.21988367913928036,2491.549492558897,22423.94543303007,0.12457751152119519,1.1211976036907567,8.999999999999998,9.0,2500.25,0.125,22502.25,1.125
gaussian,gaussian,2,10000.0,0.0,underdispersed,,100000,12,torch,cuda,0.35329224255631814,1.0598767276689545,2526.197590585743,22735.778315271687,0.12515371211480208,1.1263834090332188,9.0,9.0,2500.25,0.125,22502.25,1.125
gaussian,gaussian,2,10000.0,0.0,underdispersed,,100000,13,torch,cuda,0.15086290584979933,0.45258871754939806,2494.1488960395304,22447.34006435577,0.12468458904347714,1.1221613013912943,8.999999999999998,9.0,2500.25,0.125,22502.25,1.125
gaussian,gaussian,2,10000.0,0.0,underdispersed,,100000,14,torch,cuda,0.18887594844036193,0.5666278453210857,2521.0345336279715,22689.310802651744,0.12516475657803022,1.1264828092022718,9.0,8.999999999999998,2500.25,0.125,22502.25,1.125
gaussian,gaussian,2,10000.0,0.0,underdispersed,,100000,15,torch,cuda,0.19399398625869166,0.5819819587760748,2486.517205717691,22378.65485145922,0.12488964211403142,1.1240067790262829,9.000000000000002,9.000000000000002,2500.25,0.125,22502.25,1.125
gaussian,gaussian,2,10000.0,0.0,underdispersed,,100000,16,torch,cuda,0.28648174648099706,0.8594452394429911,2518.7533155548326,22668.779839993495,0.1259903964762264,1.1339135682860375,9.0,9.0,2500.25,0.125,22502.25,1.125
gaussian,gaussian,2,10000.0,0.0,underdispersed,,100000,17,torch,cuda,0.13653333380075705,0.4096000014022713,2488.16150769363,22393.45356924267,0.12478053576786977,1.1230248219108279,9.0,9.0,2500.25,0.125,22502.25,1.125
gaussian,gaussian,2,10000.0,0.0,underdispersed,,100000,18,torch,cuda,0.014496344717509648,0.04348903415252917,2510.394253790369,22593.548284113316,0.12511853743092363,1.1260668368783127,8.999999999999998,9.0,2500.25,0.125,22502.25,1.125
gaussian,gaussian,2,10000.0,0.0,underdispersed,,100000,19,torch,cuda,0.15269106728872622,0.4580732018661786,2504.735694271685,22542.62124844516,0.12559029145289924,1.130312623076093,8.999999999999998,8.999999999999998,2500.25,0.125,22502.25,1.125
gaussian,gaussian,2,10000.0,0.0,overdispersed,,100000,0,torch,cuda,0.6244653347600194,0.46834900107001437,39753.76670840258,22361.493773476446,31.958891266392804,17.97687633734595,0.5624999999999999,0.5624999999999999,40004.0,32.0,22502.25,18.0
gaussian,gaussian,2,10000.0,0.0,overdispersed,,100000,1,torch,cuda,0.22104297520464078,0.16578223140348028,39986.38185046375,22492.339790885864,32.012637753670425,18.00710873643961,0.5625000000000001,0.5624999999999998,40004.0,32.0,22502.25,18.0
gaussian,gaussian,2,10000.0,0.0,overdispersed,,100000,2,torch,cuda,0.3939398034359476,0.2954548525769607,39909.36862426581,22449.01985114952,31.951937971296307,17.972965108854172,0.5625,0.5625,40004.0,32.0,22502.25,18.0
gaussian,gaussian,2,10000.0,0.0,overdispersed,,100000,3,torch,cuda,0.01622791058100977,0.012170932935757365,40226.90810028636,22627.635806411075,32.09625823022907,18.054145254503855,0.5624999999999999,0.5625000000000001,40004.0,32.0,22502.25,18.0
gaussian,gaussian,2,10000.0,0.0,overdispersed,,100000,4,torch,cuda,0.7796611642163744,0.5847458731622808,40462.692436687284,22760.264495636595,32.15320077521546,18.086175436058696,0.5624999999999999,0.5625,40004.0,32.0,22502.25,18.0
gaussian,gaussian,2,10000.0,0.0,overdispersed,,100000,5,torch,cuda,0.5449955288032976,0.4087466466024731,39699.09939902825,22330.743411953386,31.99529586405636,17.9973539235317,0.5624999999999999,0.5625,40004.0,32.0,22502.25,18.0
gaussian,gaussian,2,10000.0,0.0,overdispersed,,100000,6,torch,cuda,0.8347046185099743,0.6260284638824808,39901.46829767249,22444.57591744078,31.80689231265552,17.891376925868727,0.5625000000000001,0.5624999999999999,40004.0,32.0,22502.25,18.0
gaussian,gaussian,2,10000.0,0.0,overdispersed,,100000,7,torch,cuda,0.8537071912329761,0.6402803934247321,39762.65364532552,22366.492675495603,31.967486072945448,17.981710916031815,0.5625,0.5625,40004.0,32.0,22502.25,18.0
gaussian,gaussian,2,10000.0,0.0,overdispersed,,100000,8,torch,cuda,0.3516456095020335,0.263734207126525,39845.75775036814,22413.238734582083,31.96641529221847,17.981108601872894,0.5625000000000001,0.5625000000000001,40004.0,32.0,22502.25,18.0
gaussian,gaussian,2,10000.0,0.0,overdispersed,,100000,9,torch,cuda,0.010324596230270157,0.0077434471727026895,40090.39486915247,22550.847113898268,31.96823491731991,17.982132140992448,0.5625000000000001,0.5624999999999999,40004.0,32.0,22502.25,18.0
gaussian,gaussian,2,10000.0,0.0,overdispersed,,100000,10,torch,cuda,0.22523091689203534,0.16892318766902653,40282.45401469167,22658.88038326406,32.1471589493639,18.082776909017188,0.5624999999999999,0.5624999999999999,40004.0,32.0,22502.25,18.0
gaussian,gaussian,2,10000.0,0.0,overdispersed,,100000,11,torch,cuda,0.29317823885237404,0.21988367913928036,39864.79188094235,22423.94543303007,31.891842949425968,17.939161659052107,0.5624999999999999,0.5625,40004.0,32.0,22502.25,18.0
gaussian,gaussian,2,10000.0,0.0,overdispersed,,100000,12,torch,cuda,1.4131689702252725,1.0598767276689545,40419.16144937189,22735.778315271687,32.039350301389334,18.0221345445315,0.5625,0.5625,40004.0,32.0,22502.25,18.0
gaussian,gaussian,2,10000.0,0.0,overdispersed,,100000,13,torch,cuda,0.6034516233991973,0.45258871754939806,39906.38233663249,22447.34006435577,31.919254795130147,17.95458082226071,0.5624999999999999,0.5625,40004.0,32.0,22502.25,18.0
gaussian,gaussian,2,10000.0,0.0,overdispersed,,100000,14,torch,cuda,0.7555037937614477,0.5666278453210857,40336.552538047545,22689.310802651744,32.04217768397574,18.02372494723635,0.5625,0.5624999999999999,40004.0,32.0,22502.25,18.0
gaussian,gaussian,2,10000.0,0.0,overdispersed,,100000,15,torch,cuda,0.7759759450347666,0.5819819587760748,39784.275291483056,22378.65485145922,31.971748381192043,17.984108464420526,0.5625000000000001,0.5625000000000001,40004.0,32.0,22502.25,18.0
gaussian,gaussian,2,10000.0,0.0,overdispersed,,100000,16,torch,cuda,1.1459269859239882,0.8594452394429911,40300.05304887732,22668.779839993495,32.25354149791396,18.1426170925766,0.5625,0.5625,40004.0,32.0,22502.25,18.0
gaussian,gaussian,2,10000.0,0.0,overdispersed,,100000,17,torch,cuda,0.5461333352030282,0.4096000014022713,39810.58412309808,22393.45356924267,31.94381715657466,17.968397150573246,0.5625,0.5625,40004.0,32.0,22502.25,18.0
gaussian,gaussian,2,10000.0,0.0,overdispersed,,100000,18,torch,cuda,0.057985378870038594,0.04348903415252917,40166.308060645904,22593.548284113316,32.03034558231645,18.017069390053003,0.5624999999999999,0.5625,40004.0,32.0,22502.25,18.0
gaussian,gaussian,2,10000.0,0.0,overdispersed,,100000,19,torch,cuda,0.6107642691549049,0.4580732018661786,40075.77110834696,22542.62124844516,32.151114611942205,18.085001969217487,0.5624999999999999,0.5624999999999999,40004.0,32.0,22502.25,18.0
gaussian,gaussian,8,10.0,0.0,optimum,0.0,100000,0,torch,cuda,0.014676509040315236,1.3830795595795287e-18,33.06514046525169,1.7977209209121563e-31,7.998365270009571,3.8588501302307285e-32,5.4369069528114956e-33,4.8245485170572996e-33,33.106814148093775,8.0,1.3514864912434384e-31,2.845723104050597e-32
gaussian,gaussian,8,10.0,0.0,optimum,0.0,100000,1,torch,cuda,0.012378400325758267,5.094526726474556e-19,33.14399375818764,1.7936037186482143e-31,8.004564560031913,3.841253756209057e-32,5.41154977198587e-33,4.7988291273070106e-33,33.106814148093775,8.0,1.3514864912434384e-31,2.845723104050597e-32
gaussian,gaussian,8,10.0,0.0,optimum,0.0,100000,2,torch,cuda,0.016498383862520463,6.645704409066466e-19,33.10919097144157,1.7977676835833013e-31,8.00167239455393,3.847900876906871e-32,5.429814594787203e-33,4.8088708049654915e-33,33.106814148093775,8.0,1.3514864912434384e-31,2.845723104050597e-32
gaussian,gaussian,8,10.0,0.0,optimum,0.0,100000,3,torch,cuda,0.01158823725373346,1.2927320287152985e-18,33.16020847788063,1.787726568588619e-31,8.014796288283065,3.8319667406011724e-32,5.391180124157283e-33,4.78111558019656e-33,33.106814148093775,8.0,1.3514864912434384e-31,2.845723104050597e-32
gaussian,gaussian,8,10.0,0.0,optimum,0.0,100000,4,torch,cuda,0.022766810076551323,4.658163328881953e-19,33.14725121381902,1.7941521069782329e-31,7.994668588413814,3.8321283277154876e-32,5.412672367325151e-33,4.793354828077749e-33,33.106814148093775,8.0,1.3514864912434384e-31,2.845723104050597e-32
gaussian,gaussian,8,10.0,0.0,optimum,0.0,100000,5,torch,cuda,0.023903906217065465,8.924677537093205e-19,33.02291124466906,1.795402298449256e-31,7.982442312743751,3.849600817852e-32,5.436838336714152e-33,4.8225852026593635e-33,33.106814148093775,8.0,1.3514864912434384e-31,2.845723104050597e-32
gaussian,gaussian,8,10.0,0.0,optimum,0.0,100000,6,torch,cuda,0.017249702414281514,7.079661121170466e-19,33.07461729846137,1.794305656563533e-31,7.991799391924891,3.825664000607687e-32,5.425023184310599e-33,4.7869870263175415e-33,33.106814148093775,8.0,1.3514864912434384e-31,2.845723104050597e-32
gaussian,gaussian,8,10.0,0.0,optimum,0.0,100000,7,torch,cuda,0.01129739294650676,4.2870974395699723e-19,33.10734993091446,1.7933853918846213e-31,8.000242495792794,3.8326225495402354e-32,5.4168799243276856e-33,4.7906329733826864e-33,33.106814148093775,8.0,1.3514864912434384e-31,2.845723104050597e-32
gaussian,gaussian,8,10.0,0.0,optimum,0.0,100000,8,torch,cuda,0.024741754563351384,1.6594451422185099e-18,33.13912427816164,1.794722861147098e-31,7.9972527547492955,3.8431760623347874e-32,5.4157220513210816e-33,4.805620355130649e-33,33.106814148093775,8.0,1.3514864912434384e-31,2.845723104050597e-32
gaussian,gaussian,8,10.0,0.0,optimum,0.0,100000,9,torch,cuda,0.020468508823749027,5.944845927759763e-19,33.13252693659418,1.8066387810898457e-31,8.002074528153505,3.867878421810155e-32,5.452764845093813e-33,4.833594598752976e-33,33.106814148093775,8.0,1.3514864912434384e-31,2.845723104050597e-32
gaussian,gaussian,8,10.0,0.0,optimum,0.0,100000,10,torch,cuda,0.01875757286845841,1.814549950279405e-18,33.128172007589185,1.7918069268357223e-31,7.995603502305458,3.853628506040841e-32,5.4087105271768244e-33,4.819684348942119e-33,33.106814148093775,8.0,1.3514864912434384e-31,2.845723104050597e-32
gaussian,gaussian,8,10.0,0.0,optimum,0.0,100000,11,torch,cuda,0.020666506732476036,2.2443893942333126e-18,33.10863201588467,1.7911351018589385e-31,7.999670621307191,3.832205156468269e-32,5.409873476498811e-33,4.790453679756712e-33,33.106814148093775,8.0,1.3514864912434384e-31,2.845723104050597e-32
gaussian,gaussian,8,10.0,0.0,optimum,0.0,100000,12,torch,cuda,0.038718308500286215,1.770771836891049e-18,33.13485090373196,1.786623979230186e-31,7.997024831554416,3.834127423497908e-32,5.3919783264483005e-33,4.794442313558069e-33,33.106814148093775,8.0,1.3514864912434384e-31,2.845723104050597e-32
gaussian,gaussian,8,10.0,0.0,optimum,0.0,100000,13,torch,cuda,0.019250742475127605,4.8700125323304565e-19,33.08602311114863,1.7892221464989167e-31,7.992740147205801,3.8315809019237653e-32,5.4077884806168274e-33,4.793826436686117e-33,33.106814148093775,8.0,1.3514864912434384e-31,2.845723104050597e-32
gaussian,gaussian,8,10.0,0.0,optimum,0.0,100000,14,torch,cuda,0.011401543089844125,1.1392215721306197e-18,33.21478138066267,1.7939963528757135e-31,8.00536226701811,3.833894103616103e-32,5.4011987383429264e-33,4.7891575368320924e-33,33.106814148093775,8.0,1.3514864912434384e-31,2.845723104050597e-32
gaussian,gaussian,8,10.0,0.0,optimum,0.0,100000,15,torch,cuda,0.018547058374145286,3.5900240804095e-19,33.00834379833692,1.7921789214694719e-31,7.9872534927496766,3.8550296592531843e-32,5.429472415879795e-33,4.826477164838372e-33,33.106814148093775,8.0,1.3514864912434384e-31,2.845723104050597e-32
gaussian,gaussian,8,10.0,0.0,optimum,0.0,100000,16,torch,cuda,0.02575785707863286,5.565859311264123e-19,33.294283390066184,1.797644145357136e-31,8.038181957440479,3.842835171760164e-32,5.399257657227391e-33,4.780726776411269e-33,33.106814148093775,8.0,1.3514864912434384e-31,2.845723104050597e-32
gaussian,gaussian,8,10.0,0.0,optimum,0.0,100000,17,torch,cuda,0.01609348988467377,1.2088166838888054e-18,33.12531742967071,1.785069907052248e-31,8.002380722891408,3.8342361451658767e-32,5.388838645372018e-33,4.791369316130833e-33,33.106814148093775,8.0,1.3514864912434384e-31,2.845723104050597e-32
gaussian,gaussian,8,10.0,0.0,optimum,0.0,100000,18,torch,cuda,0.00778288826176534,1.1093962742530884e-18,33.16194331534269,1.7836198749822107e-31,8.005399514951872,3.813802507946275e-32,5.37851433500582e-33,4.764037698334913e-33,33.106814148093775,8.0,1.3514864912434384e-31,2.845723104050597e-32
gaussian,gaussian,8,10.0,0.0,optimum,0.0,100000,19,torch,cuda,0.01999584108739508,5.246072352716703e-19,33.18910945947942,1.8026145433554624e-31,8.018759234487469,3.8490874190219807e-32,5.431343512112834e-33,4.8001034904098864e-33,33.106814148093775,8.0,1.3514864912434384e-31,2.845723104050597e-32
gaussian,gaussian,8,10.0,0.0,near,0.25,100000,0,torch,cuda,0.014676509040315236,2.5438405243138006e-16,33.06514046525169,0.0,7.998365270009572,0.0,0.0,0.0,33.106814148093775,8.0,1.3514864912434384e-31,2.845723104050597e-32
gaussian,gaussian,8,10.0,0.0,near,0.25,100000,1,torch,cuda,0.012378400325758222,2.603703785810335e-16,33.143993758187634,0.0,8.004564560031913,0.0,0.0,0.0,33.106814148093775,8.0,1.3514864912434384e-31,2.845723104050597e-32
gaussian,gaussian,8,10.0,0.0,near,0.25,100000,2,torch,cuda,0.016498383862520366,2.5438405243138006e-16,33.10919097144157,0.0,8.00167239455393,0.0,0.0,0.0,33.106814148093775,8.0,1.3514864912434384e-31,2.845723104050597e-32
gaussian,gaussian,8,10.0,0.0,near,0.25,100000,3,torch,cuda,0.011588237253733487,2.603703785810335e-16,33.16020847788064,0.0,8.014796288283065,0.0,0.0,0.0,33.106814148093775,8.0,1.3514864912434384e-31,2.845723104050597e-32
gaussian,gaussian,8,10.0,0.0,near,0.25,100000,4,torch,cuda,0.022766810076551274,2.603703785810335e-16,33.147251213819025,0.0,7.994668588413813,0.0,0.0,0.0,33.106814148093775,8.0,1.3514864912434384e-31,2.845723104050597e-32
gaussian,gaussian,8,10.0,0.0,near,0.25,100000,5,torch,cuda,0.023903906217065563,2.603703785810335e-16,33.02291124466907,0.0,7.982442312743752,0.0,0.0,0.0,33.106814148093775,8.0,1.3514864912434384e-31,2.845723104050597e-32
gaussian,gaussian,8,10.0,0.0,near,0.25,100000,6,torch,cuda,0.017249702414281476,2.5438405243138006e-16,33.07461729846137,0.0,7.991799391924891,0.0,0.0,0.0,33.106814148093775,8.0,1.3514864912434384e-31,2.845723104050597e-32
gaussian,gaussian,8,10.0,0.0,near,0.25,100000,7,torch,cuda,0.01129739294650674,2.5438405243138006e-16,33.10734993091447,0.0,8.000242495792794,0.0,0.0,0.0,33.106814148093775,8.0,1.3514864912434384e-31,2.845723104050597e-32
gaussian,gaussian,8,10.0,0.0,near,0.25,100000,8,torch,cuda,0.024741754563351332,2.603703785810335e-16,33.13912427816164,0.0,7.997252754749297,0.0,0.0,0.0,33.106814148093775,8.0,1.3514864912434384e-31,2.845723104050597e-32
gaussian,gaussian,8,10.0,0.0,near,0.25,100000,9,torch,cuda,0.020468508823749034,2.603703785810335e-16,33.13252693659418,0.0,8.002074528153505,0.0,0.0,0.0,33.106814148093775,8.0,1.3514864912434384e-31,2.845723104050597e-32
gaussian,gaussian,8,10.0,0.0,near,0.25,100000,10,torch,cuda,0.018757572868458354,2.5438405243138006e-16,33.12817200758918,0.0,7.995603502305457,0.0,0.0,0.0,33.106814148093775,8.0,1.3514864912434384e-31,2.845723104050597e-32
gaussian,gaussian,8,10.0,0.0,near,0.25,100000,11,torch,cuda,0.020666506732476022,2.603703785810335e-16,33.10863201588467,0.0,7.9996706213071915,0.0,0.0,0.0,33.106814148093775,8.0,1.3514864912434384e-31,2.845723104050597e-32
gaussian,gaussian,8,10.0,0.0,near,0.25,100000,12,torch,cuda,0.038718308500286236,2.5438405243138006e-16,33.13485090373196,0.0,7.997024831554416,0.0,0.0,0.0,33.106814148093775,8.0,1.3514864912434384e-31,2.845723104050597e-32
gaussian,gaussian,8,10.0,0.0,near,0.25,100000,13,torch,cuda,0.019250742475127737,2.603703785810335e-16,33.086023111148634,0.0,7.9927401472058,0.0,0.0,0.0,33.106814148093775,8.0,1.3514864912434384e-31,2.845723104050597e-32
gaussian,gaussian,8,10.0,0.0,near,0.25,100000,14,torch,cuda,0.011401543089844141,2.5438405243138006e-16,33.21478138066267,0.0,8.00536226701811,0.0,0.0,0.0,33.106814148093775,8.0,1.3514864912434384e-31,2.845723104050597e-32
gaussian,gaussian,8,10.0,0.0,near,0.25,100000,15,torch,cuda,0.01854705837414536,2.603703785810335e-16,33.008343798336924,0.0,7.987253492749677,0.0,0.0,0.0,33.106814148093775,8.0,1.3514864912434384e-31,2.845723104050597e-32
gaussian,gaussian,8,10.0,0.0,near,0.25,100000,16,torch,cuda,0.0257578570786329,2.603703785810335e-16,33.29428339006619,0.0,8.038181957440479,0.0,0.0,0.0,33.106814148093775,8.0,1.3514864912434384e-31,2.845723104050597e-32
gaussian,gaussian,8,10.0,0.0,near,0.25,100000,17,torch,cuda,0.0160934898846738,2.603703785810335e-16,33.1253174296707,0.0,8.002380722891408,0.0,0.0,0.0,33.106814148093775,8.0,1.3514864912434384e-31,2.845723104050597e-32
gaussian,gaussian,8,10.0,0.0,near,0.25,100000,18,torch,cuda,0.007782888261765343,2.5438405243138006e-16,33.16194331534269,0.0,8.005399514951874,0.0,0.0,0.0,33.106814148093775,8.0,1.3514864912434384e-31,2.845723104050597e-32
gaussian,gaussian,8,10.0,0.0,near,0.25,100000,19,torch,cuda,0.019995841087395015,2.603703785810335e-16,33.18910945947941,0.0,8.018759234487469,0.0,0.0,0.0,33.106814148093775,8.0,1.3514864912434384e-31,2.845723104050597e-32
gaussian,gaussian,8,10.0,0.0,medium,1.0,100000,0,torch,cuda,0.01467650904031511,4.965068306494546e-16,33.06514046525168,0.0,7.9983652700095735,0.0,0.0,0.0,33.106814148093775,8.0,1.3514864912434384e-31,2.845723104050597e-32
gaussian,gaussian,8,10.0,0.0,medium,1.0,100000,1,torch,cuda,0.012378400325758102,4.965068306494546e-16,33.143993758187634,0.0,8.004564560031913,0.0,0.0,0.0,33.106814148093775,8.0,1.3514864912434384e-31,2.845723104050597e-32
gaussian,gaussian,8,10.0,0.0,medium,1.0,100000,2,torch,cuda,0.016498383862520824,4.965068306494546e-16,33.10919097144156,0.0,8.001672394553928,0.0,0.0,0.0,33.106814148093775,8.0,1.3514864912434384e-31,2.845723104050597e-32
gaussian,gaussian,8,10.0,0.0,medium,1.0,100000,3,torch,cuda,0.01158823725373366,4.965068306494546e-16,33.160208477880644,0.0,8.014796288283062,0.0,0.0,0.0,33.106814148093775,8.0,1.3514864912434384e-31,2.845723104050597e-32
gaussian,gaussian,8,10.0,0.0,medium,1.0,100000,4,torch,cuda,0.022766810076551437,4.965068306494546e-16,33.14725121381902,0.0,7.9946685884138144,0.0,0.0,0.0,33.106814148093775,8.0,1.3514864912434384e-31,2.845723104050597e-32
gaussian,gaussian,8,10.0,0.0,medium,1.0,100000,5,torch,cuda,0.023903906217065545,4.965068306494546e-16,33.02291124466907,0.0,7.982442312743752,0.0,0.0,0.0,33.106814148093775,8.0,1.3514864912434384e-31,2.845723104050597e-32
gaussian,gaussian,8,10.0,0.0,medium,1.0,100000,6,torch,cuda,0.01724970241428155,4.965068306494546e-16,33.07461729846139,0.0,7.991799391924891,0.0,0.0,0.0,33.106814148093775,8.0,1.3514864912434384e-31,2.845723104050597e-32
gaussian,gaussian,8,10.0,0.0,medium,1.0,100000,7,torch,cuda,0.011297392946507065,4.965068306494546e-16,33.10734993091446,0.0,8.000242495792794,0.0,0.0,0.0,33.106814148093775,8.0,1.3514864912434384e-31,2.845723104050597e-32
gaussian,gaussian,8,10.0,0.0,medium,1.0,100000,8,torch,cuda,0.024741754563351814,4.965068306494546e-16,33.13912427816164,0.0,7.9972527547492955,0.0,0.0,0.0,33.106814148093775,8.0,1.3514864912434384e-31,2.845723104050597e-32
gaussian,gaussian,8,10.0,0.0,medium,1.0,100000,9,torch,cuda,0.02046850882374927,4.965068306494546e-16,33.13252693659418,0.0,8.002074528153504,0.0,0.0,0.0,33.106814148093775,8.0,1.3514864912434384e-31,2.845723104050597e-32
gaussian,gaussian,8,10.0,0.0,medium,1.0,100000,10,torch,cuda,0.018757572868458035,4.965068306494546e-16,33.12817200758919,0.0,7.995603502305459,0.0,0.0,0.0,33.106814148093775,8.0,1.3514864912434384e-31,2.845723104050597e-32
gaussian,gaussian,8,10.0,0.0,medium,1.0,100000,11,torch,cuda,0.02066650673247625,4.965068306494546e-16,33.10863201588467,0.0,7.999670621307189,0.0,0.0,0.0,33.106814148093775,8.0,1.3514864912434384e-31,2.845723104050597e-32
gaussian,gaussian,8,10.0,0.0,medium,1.0,100000,12,torch,cuda,0.038718308500286396,4.965068306494546e-16,33.13485090373195,0.0,7.99702483155442,0.0,0.0,0.0,33.106814148093775,8.0,1.3514864912434384e-31,2.845723104050597e-32
gaussian,gaussian,8,10.0,0.0,medium,1.0,100000,13,torch,cuda,0.019250742475127786,4.965068306494546e-16,33.08602311114864,0.0,7.992740147205799,0.0,0.0,0.0,33.106814148093775,8.0,1.3514864912434384e-31,2.845723104050597e-32
gaussian,gaussian,8,10.0,0.0,medium,1.0,100000,14,torch,cuda,0.011401543089844557,4.965068306494546e-16,33.21478138066268,0.0,8.005362267018114,0.0,0.0,0.0,33.106814148093775,8.0,1.3514864912434384e-31,2.845723104050597e-32
gaussian,gaussian,8,10.0,0.0,medium,1.0,100000,15,torch,cuda,0.018547058374145112,4.965068306494546e-16,33.00834379833691,0.0,7.987253492749678,0.0,0.0,0.0,33.106814148093775,8.0,1.3514864912434384e-31,2.845723104050597e-32
gaussian,gaussian,8,10.0,0.0,medium,1.0,100000,16,torch,cuda,0.025757857078632564,4.965068306494546e-16,33.29428339006619,0.0,8.038181957440479,0.0,0.0,0.0,33.106814148093775,8.0,1.3514864912434384e-31,2.845723104050597e-32
gaussian,gaussian,8,10.0,0.0,medium,1.0,100000,17,torch,cuda,0.016093489884673462,4.965068306494546e-16,33.1253174296707,0.0,8.002380722891406,0.0,0.0,0.0,33.106814148093775,8.0,1.3514864912434384e-31,2.845723104050597e-32
gaussian,gaussian,8,10.0,0.0,medium,1.0,100000,18,torch,cuda,0.007782888261765439,4.965068306494546e-16,33.16194331534269,0.0,8.005399514951876,0.0,0.0,0.0,33.106814148093775,8.0,1.3514864912434384e-31,2.845723104050597e-32
gaussian,gaussian,8,10.0,0.0,medium,1.0,100000,19,torch,cuda,0.01999584108739533,4.965068306494546e-16,33.18910945947941,0.0,8.018759234487469,0.0,0.0,0.0,33.106814148093775,8.0,1.3514864912434384e-31,2.845723104050597e-32
gaussian,gaussian,8,10.0,0.0,far,4.0,100000,0,torch,cuda,0.01467650904031467,1.9860273225978185e-15,33.0651404652516,0.0,7.9983652700095575,0.0,0.0,0.0,33.106814148093775,8.0,1.3514864912434384e-31,2.845723104050597e-32
gaussian,gaussian,8,10.0,0.0,far,4.0,100000,1,torch,cuda,0.012378400325757866,1.9860273225978185e-15,33.14399375818766,0.0,8.004564560031866,0.0,0.0,0.0,33.106814148093775,8.0,1.3514864912434384e-31,2.845723104050597e-32
gaussian,gaussian,8,10.0,0.0,far,4.0,100000,2,torch,cuda,0.01649838386252061,1.9860273225978185e-15,33.109190971441535,0.0,8.001672394553907,0.0,0.0,0.0,33.106814148093775,8.0,1.3514864912434384e-31,2.845723104050597e-32
gaussian,gaussian,8,10.0,0.0,far,4.0,100000,3,torch,cuda,0.011588237253734472,1.9860273225978185e-15,33.16020847788059,0.0,8.014796288283065,0.0,0.0,0.0,33.106814148093775,8.0,1.3514864912434384e-31,2.845723104050597e-32
gaussian,gaussian,8,10.0,0.0,far,4.0,100000,4,torch,cuda,0.022766810076549675,1.9860273225978185e-15,33.147251213819004,0.0,7.994668588413788,0.0,0.0,0.0,33.106814148093775,8.0,1.3514864912434384e-31,2.845723104050597e-32
gaussian,gaussian,8,10.0,0.0,far,4.0,100000,5,torch,cuda,0.02390390621706673,1.9860273225978185e-15,33.0229112446691,0.0,7.982442312743757,0.0,0.0,0.0,33.106814148093775,8.0,1.3514864912434384e-31,2.845723104050597e-32
gaussian,gaussian,8,10.0,0.0,far,4.0,100000,6,torch,cuda,0.017249702414281205,1.9860273225978185e-15,33.07461729846136,0.0,7.9917993919249,0.0,0.0,0.0,33.106814148093775,8.0,1.3514864912434384e-31,2.845723104050597e-32
gaussian,gaussian,8,10.0,0.0,far,4.0,100000,7,torch,cuda,0.011297392946507988,1.9860273225978185e-15,33.10734993091455,0.0,8.000242495792818,0.0,0.0,0.0,33.106814148093775,8.0,1.3514864912434384e-31,2.845723104050597e-32
gaussian,gaussian,8,10.0,0.0,far,4.0,100000,8,torch,cuda,0.024741754563351252,1.9860273225978185e-15,33.1391242781616,0.0,7.997252754749297,0.0,0.0,0.0,33.106814148093775,8.0,1.3514864912434384e-31,2.845723104050597e-32
gaussian,gaussian,8,10.0,0.0,far,4.0,100000,9,torch,cuda,0.02046850882374794,1.9860273225978185e-15,33.132526936594104,0.0,8.002074528153514,0.0,0.0,0.0,33.106814148093775,8.0,1.3514864912434384e-31,2.845723104050597e-32
gaussian,gaussian,8,10.0,0.0,far,4.0,100000,10,torch,cuda,0.018757572868458944,1.9860273225978185e-15,33.12817200758923,0.0,7.995603502305443,0.0,0.0,0.0,33.106814148093775,8.0,1.3514864912434384e-31,2.845723104050597e-32
gaussian,gaussian,8,10.0,0.0,far,4.0,100000,11,torch,cuda,0.020666506732474128,1.9860273225978185e-15,33.10863201588472,0.0,7.999670621307217,0.0,0.0,0.0,33.106814148093775,8.0,1.3514864912434384e-31,2.845723104050597e-32
gaussian,gaussian,8,10.0,0.0,far,4.0,100000,12,torch,cuda,0.03871830850028466,1.9860273225978185e-15,33.134850903731945,0.0,7.997024831554427,0.0,0.0,0.0,33.106814148093775,8.0,1.3514864912434384e-31,2.845723104050597e-32
gaussian,gaussian,8,10.0,0.0,far,4.0,100000,13,torch,cuda,0.01925074247512737,1.9860273225978185e-15,33.08602311114862,0.0,7.992740147205794,0.0,0.0,0.0,33.106814148093775,8.0,1.3514864912434384e-31,2.845723104050597e-32
gaussian,gaussian,8,10.0,0.0,far,4.0,100000,14,torch,cuda,0.011401543089844294,1.9860273225978185e-15,33.21478138066266,0.0,8.005362267018086,0.0,0.0,0.0,33.106814148093775,8.0,1.3514864912434384e-31,2.845723104050597e-32
gaussian,gaussian,8,10.0,0.0,far,4.0,100000,15,torch,cuda,0.018547058374147097,1.9860273225978185e-15,33.00834379833702,0.0,7.987253492749701,0.0,0.0,0.0,33.106814148093775,8.0,1.3514864912434384e-31,2.845723104050597e-32
gaussian,gaussian,8,10.0,0.0,far,4.0,100000,16,torch,cuda,0.025757857078632266,1.9860273225978185e-15,33.2942833900662,0.0,8.038181957440486,0.0,0.0,0.0,33.106814148093775,8.0,1.3514864912434384e-31,2.845723104050597e-32
gaussian,gaussian,8,10.0,0.0,far,4.0,100000,17,torch,cuda,0.01609348988467355,1.9860273225978185e-15,33.125317429670645,0.0,8.002380722891417,0.0,0.0,0.0,33.106814148093775,8.0,1.3514864912434384e-31,2.845723104050597e-32
gaussian,gaussian,8,10.0,0.0,far,4.0,100000,18,torch,cuda,0.007782888261767057,1.9860273225978185e-15,33.16194331534268,0.0,8.005399514951876,0.0,0.0,0.0,33.106814148093775,8.0,1.3514864912434384e-31,2.845723104050597e-32
gaussian,gaussian,8,10.0,0.0,far,4.0,100000,19,torch,cuda,0.01999584108739396,1.9860273225978185e-15,33.189109459479255,0.0,8.018759234487476,0.0,0.0,0.0,33.106814148093775,8.0,1.3514864912434384e-31,2.845723104050597e-32
gaussian,gaussian,8,10.0,0.0,underdispersed,,100000,0,torch,cuda,0.007338254520157618,0.022014763560472852,8.266285116312922,74.39656604681629,0.4998978293755982,4.499080464380383,9.0,9.0,8.276703537023444,0.5,74.49033183321102,4.5
gaussian,gaussian,8,10.0,0.0,underdispersed,,100000,1,torch,cuda,0.0061892001628791335,0.018567600488637398,8.28599843954691,74.57398595592217,0.5002852850019945,4.502567565017951,8.999999999999996,9.0,8.276703537023444,0.5,74.49033183321102,4.5
gaussian,gaussian,8,10.0,0.0,underdispersed,,100000,2,torch,cuda,0.008249191931260232,0.024747575793780684,8.277297742860393,74.49567968574354,0.5001045246596206,4.500940721936586,9.0,9.0,8.276703537023444,0.5,74.49033183321102,4.5
gaussian,gaussian,8,10.0,0.0,underdispersed,,100000,3,torch,cuda,0.00579411862686673,0.017382355880600196,8.290052119470158,74.61046907523144,0.5009247680176916,4.508322912159224,9.000000000000002,9.0,8.276703537023444,0.5,74.49033183321102,4.5
gaussian,gaussian,8,10.0,0.0,underdispersed,,100000,4,torch,cuda,0.011383405038275661,0.034150215114826986,8.286812803454755,74.58131523109277,0.49966678677586335,4.497001080982771,8.999999999999998,9.000000000000002,8.276703537023444,0.5,74.49033183321102,4.5
gaussian,gaussian,8,10.0,0.0,underdispersed,,100000,5,torch,cuda,0.011951953108532733,0.035855859325598205,8.255727811167265,74.30155030050541,0.4989026445464844,4.49012380091836,9.000000000000004,9.0,8.276703537023444,0.5,74.49033183321102,4.5
gaussian,gaussian,8,10.0,0.0,underdispersed,,100000,6,torch,cuda,0.008624851207140757,0.02587455362142227,8.268654324615342,74.41788892153811,0.4994874619953057,4.495387157957752,9.000000000000004,9.000000000000002,8.276703537023444,0.5,74.49033183321102,4.5
gaussian,gaussian,8,10.0,0.0,underdispersed,,100000,7,torch,cuda,0.00564869647325338,0.016946089419760144,8.276837482728615,74.49153734455756,0.5000151559870496,4.500136403883448,9.000000000000004,9.000000000000004,8.276703537023444,0.5,74.49033183321102,4.5
gaussian,gaussian,8,10.0,0.0,underdispersed,,100000,8,torch,cuda,0.012370877281675692,0.03711263184502709,8.28478106954041,74.56302962586368,0.49982829717183097,4.498454674546479,8.999999999999998,9.0,8.276703537023444,0.5,74.49033183321102,4.5
gaussian,gaussian,8,10.0,0.0,underdispersed,,100000,9,torch,cuda,0.010234254411874514,0.030702763235623542,8.283131734148546,74.54818560733693,0.5001296580095941,4.501166922086347,9.000000000000004,9.000000000000002,8.276703537023444,0.5,74.49033183321102,4.5
gaussian,gaussian,8,10.0,0.0,underdispersed,,100000,10,torch,cuda,0.009378786434229205,0.028136359302687618,8.282043001897296,74.53838701707565,0.4997252188940911,4.49752697004682,8.999999999999998,9.0,8.276703537023444,0.5,74.49033183321102,4.5
gaussian,gaussian,8,10.0,0.0,underdispersed,,100000,11,torch,cuda,0.010333253366238018,0.030999760098714062,8.277158003971168,74.49442203574051,0.4999794138316994,4.499814724485295,9.0,9.0,8.276703537023444,0.5,74.49033183321102,4.5
gaussian,gaussian,8,10.0,0.0,underdispersed,,100000,12,torch,cuda,0.019359154250143108,0.05807746275042933,8.28371272593299,74.55341453339692,0.499814051972151,4.498326467749359,9.000000000000002,9.0,8.276703537023444,0.5,74.49033183321102,4.5
gaussian,gaussian,8,10.0,0.0,underdispersed,,100000,13,torch,cuda,0.009625371237563803,0.028876113712691415,8.271505777787157,74.44355200008442,0.49954625920036255,4.4959163328032625,9.000000000000002,8.999999999999998,8.276703537023444,0.5,74.49033183321102,4.5
gaussian,gaussian,8,10.0,0.0,underdispersed,,100000,14,torch,cuda,0.005700771544922063,0.017102314634766188,8.303695345165668,74.73325810649101,0.5003351416886319,4.503016275197688,9.0,9.000000000000002,8.276703537023444,0.5,74.49033183321102,4.5
gaussian,gaussian,8,10.0,0.0,underdispersed,,100000,15,torch,cuda,0.009273529187072643,0.02782058756121793,8.25208594958423,74.26877354625806,0.4992033432968548,4.492830089671694,9.0,9.000000000000002,8.276703537023444,0.5,74.49033183321102,4.5
gaussian,gaussian,8,10.0,0.0,underdispersed,,100000,16,torch,cuda,0.01287892853931643,0.03863678561794928,8.323570847516546,74.91213762764893,0.5023863723400299,4.521477351060269,9.000000000000002,9.0,8.276703537023444,0.5,74.49033183321102,4.5
gaussian,gaussian,8,10.0,0.0,underdispersed,,100000,17,torch,cuda,0.008046744942336885,0.024140234827010658,8.281329357417677,74.5319642167591,0.500148795180713,4.501339156626417,9.000000000000002,9.000000000000002,8.276703537023444,0.5,74.49033183321102,4.5
gaussian,gaussian,8,10.0,0.0,underdispersed,,100000,18,torch,cuda,0.00389144413088267,0.011674332392648012,8.290485828835672,74.61437245952105,0.500337469684492,4.503037227160428,9.0,9.0,8.276703537023444,0.5,74.49033183321102,4.5
gaussian,gaussian,8,10.0,0.0,underdispersed,,100000,19,torch,cuda,0.00999792054369754,0.029993761631092627,8.297277364869855,74.67549628382869,0.5011724521554668,4.510552069399202,9.0,9.0,8.276703537023444,0.5,74.49033183321102,4.5
gaussian,gaussian,8,10.0,0.0,overdispersed,,100000,0,torch,cuda,0.029353018080630473,0.02201476356047285,132.26056186100675,74.39656604681629,127.97384432015313,71.98528743008613,0.5625,0.5625,132.4272565923751,128.0,74.49033183321102,72.0
gaussian,gaussian,8,10.0,0.0,overdispersed,,100000,1,torch,cuda,0.024756800651516534,0.018567600488637398,132.57597503275056,74.57398595592217,128.0730329605106,72.04108104028721,0.5624999999999998,0.5625,132.4272565923751,128.0,74.49033183321102,72.0
gaussian,gaussian,8,10.0,0.0,overdispersed,,100000,2,torch,cuda,0.032996767725040926,0.024747575793780684,132.43676388576628,74.49567968574353,128.02675831286288,72.01505155098538,0.5624999999999999,0.5625,132.4272565923751,128.0,74.49033183321102,72.0
gaussian,gaussian,8,10.0,0.0,overdispersed,,100000,3,torch,cuda,0.02317647450746692,0.017382355880600192,132.64083391152252,74.61046907523144,128.23674061252905,72.13316659454759,0.5625000000000001,0.5625,132.4272565923751,128.0,74.49033183321102,72.0
gaussian,gaussian,8,10.0,0.0,overdispersed,,100000,4,torch,cuda,0.045533620153102645,0.034150215114826986,132.58900485527607,74.58131523109277,127.91469741462102,71.95201729572433,0.5624999999999999,0.5625000000000001,132.4272565923751,128.0,74.49033183321102,72.0
gaussian,gaussian,8,10.0,0.0,overdispersed,,100000,5,torch,cuda,0.04780781243413093,0.035855859325598205,132.09164497867624,74.30155030050538,127.71907700390001,71.84198081469377,0.5625,0.5625000000000001,132.4272565923751,128.0,74.49033183321102,72.0
gaussian,gaussian,8,10.0,0.0,overdispersed,,100000,6,torch,cuda,0.03449940482856303,0.02587455362142227,132.29846919384548,74.41788892153811,127.86879027079826,71.92619452732403,0.5625000000000002,0.5625000000000001,132.4272565923751,128.0,74.49033183321102,72.0
gaussian,gaussian,8,10.0,0.0,overdispersed,,100000,7,torch,cuda,0.02259478589301352,0.016946089419760144,132.42939972365784,74.49153734455756,128.0038799326847,72.00218246213515,0.5625000000000002,0.5625000000000001,132.4272565923751,128.0,74.49033183321102,72.0
gaussian,gaussian,8,10.0,0.0,overdispersed,,100000,8,torch,cuda,0.04948350912670277,0.03711263184502708,132.55649711264655,74.56302962586368,127.95604407598873,71.97527479274368,0.5624999999999999,0.5625000000000001,132.4272565923751,128.0,74.49033183321102,72.0
gaussian,gaussian,8,10.0,0.0,overdispersed,,100000,9,torch,cuda,0.040937017647498054,0.030702763235623542,132.53010774637673,74.54818560733693,128.03319245045608,72.01867075338156,0.5625000000000002,0.5625000000000001,132.4272565923751,128.0,74.49033183321102,72.0
gaussian,gaussian,8,10.0,0.0,overdispersed,,100000,10,torch,cuda,0.03751514573691682,0.028136359302687614,132.51268803035674,74.53838701707565,127.92965603688732,71.96043152074913,0.5624999999999999,0.5625,132.4272565923751,128.0,74.49033183321102,72.0
gaussian,gaussian,8,10.0,0.0,overdispersed,,100000,11,torch,cuda,0.04133301346495207,0.03099976009871406,132.4345280635387,74.49442203574051,127.99472994091505,71.99703559176471,0.5625,0.5625,132.4272565923751,128.0,74.49033183321102,72.0
gaussian,gaussian,8,10.0,0.0,overdispersed,,100000,12,torch,cuda,0.07743661700057243,0.05807746275042933,132.53940361492783,74.55341453339692,127.95239730487066,71.97322348398974,0.5625000000000001,0.5625,132.4272565923751,128.0,74.49033183321102,72.0
gaussian,gaussian,8,10.0,0.0,overdispersed,,100000,13,torch,cuda,0.03850148495025521,0.028876113712691415,132.3440924445945,74.44355200008442,127.88384235529281,71.93466132485219,0.5625000000000001,0.5624999999999998,132.4272565923751,128.0,74.49033183321102,72.0
gaussian,gaussian,8,10.0,0.0,overdispersed,,100000,14,torch,cuda,0.02280308617968825,0.017102314634766188,132.8591255226507,74.73325810649101,128.08579627228977,72.04826040316301,0.5625,0.5625000000000001,132.4272565923751,128.0,74.49033183321102,72.0
gaussian,gaussian,8,10.0,0.0,overdispersed,,100000,15,torch,cuda,0.03709411674829057,0.02782058756121793,132.03337519334767,74.26877354625806,127.79605588399482,71.8852814347471,0.5625,0.5625000000000001,132.4272565923751,128.0,74.49033183321102,72.0
gaussian,gaussian,8,10.0,0.0,overdispersed,,100000,16,torch,cuda,0.05151571415726572,0.03863678561794928,133.17713356026474,74.91213762764893,128.61091131904766,72.3436376169643,0.5625000000000001,0.5625,132.4272565923751,128.0,74.49033183321102,72.0
gaussian,gaussian,8,10.0,0.0,overdispersed,,100000,17,torch,cuda,0.03218697976934754,0.024140234827010658,132.50126971868283,74.53196421675909,128.03809156626252,72.02142650602268,0.5625,0.5625000000000001,132.4272565923751,128.0,74.49033183321102,72.0
gaussian,gaussian,8,10.0,0.0,overdispersed,,100000,18,torch,cuda,0.01556577652353068,0.011674332392648012,132.64777326137076,74.61437245952104,128.08639223922995,72.04859563456685,0.5624999999999999,0.5625,132.4272565923751,128.0,74.49033183321102,72.0
gaussian,gaussian,8,10.0,0.0,overdispersed,,100000,19,torch,cuda,0.03999168217479016,0.029993761631092623,132.75643783791767,74.67549628382868,128.3001477517995,72.16883311038723,0.5624999999999999,0.5625,132.4272565923751,128.0,74.49033183321102,72.0
gaussian,gaussian,8,100.0,0.0,optimum,0.0,100000,0,torch,cuda,0.041398161451307355,1.9993294416170685e-18,205.9253886204831,4.675206082466221e-31,7.998365270009572,5.90981982016856e-32,2.270339812776823e-33,7.38878460868478e-33,206.37180786805038,8.0,3.622414057156566e-31,4.4800771376616544e-32
gaussian,gaussian,8,100.0,0.0,optimum,0.0,100000,1,torch,cuda,0.02443276219486428,2.01747705511852e-18,206.7205277811197,4.660979289382794e-31,8.004564560031913,5.895546493250761e-32,2.254724936808377e-33,7.365230736832555e-33,206.37180786805038,8.0,3.622414057156566e-31,4.4800771376616544e-32
gaussian,gaussian,8,100.0,0.0,optimum,0.0,100000,2,torch,cuda,0.03906205813424265,2.578243475294781e-18,206.28885880082157,4.697590847785133e-31,8.00167239455393,5.933281597394391e-32,2.2771907678837885e-33,7.415051885194251e-33,206.37180786805038,8.0,3.622414057156566e-31,4.4800771376616544e-32
gaussian,gaussian,8,100.0,0.0,optimum,0.0,100000,3,torch,cuda,0.020711025021706842,2.1382806065863576e-18,206.5668838803736,4.708118767818363e-31,8.014796288283065,5.938399320208045e-32,2.2792224384548077e-33,7.409295391436796e-33,206.37180786805038,8.0,3.622414057156566e-31,4.4800771376616544e-32
gaussian,gaussian,8,100.0,0.0,optimum,0.0,100000,4,torch,cuda,0.046568668798494,3.960101820081819e-18,206.83934814155162,4.683242365119125e-31,7.994668588413816,5.921577792981214e-32,2.2641931562819097e-33,7.406908400884802e-33,206.37180786805038,8.0,3.622414057156566e-31,4.4800771376616544e-32
gaussian,gaussian,8,100.0,0.0,optimum,0.0,100000,5,torch,cuda,0.05504353728026532,3.812163125135529e-18,205.9547999993796,4.677872790659059e-31,7.982442312743751,5.897528784075645e-32,2.2713103995018083e-33,7.388125780327159e-33,206.37180786805038,8.0,3.622414057156566e-31,4.4800771376616544e-32
gaussian,gaussian,8,100.0,0.0,optimum,0.0,100000,6,torch,cuda,0.03300764721467835,4.53403068003555e-18,206.17993219838598,4.6914262090668335e-31,7.991799391924892,5.909254232055403e-32,2.2754038955414685e-33,7.394147353130831e-33,206.37180786805038,8.0,3.622414057156566e-31,4.4800771376616544e-32
gaussian,gaussian,8,100.0,0.0,optimum,0.0,100000,7,torch,cuda,0.030793200116638025,2.0772331170072037e-18,206.3001222556435,4.689867833201559e-31,8.000242495792794,5.926348453711706e-32,2.2733228569733746e-33,7.407711024794914e-33,206.37180786805038,8.0,3.622414057156566e-31,4.4800771376616544e-32
gaussian,gaussian,8,100.0,0.0,optimum,0.0,100000,8,torch,cuda,0.06345695394992762,4.27340870371771e-18,206.69607675452423,4.693309841107771e-31,7.997252754749296,5.910846206290104e-32,2.2706332480038436e-33,7.391095902001913e-33,206.37180786805038,8.0,3.622414057156566e-31,4.4800771376616544e-32
gaussian,gaussian,8,100.0,0.0,optimum,0.0,100000,9,torch,cuda,0.0552174015282548,2.506117830778608e-18,206.6576112644866,4.679165117651298e-31,8.002074528153505,5.924370626155222e-32,2.2642113634337728e-33,7.403543425285095e-33,206.37180786805038,8.0,3.622414057156566e-31,4.4800771376616544e-32
gaussian,gaussian,8,100.0,0.0,optimum,0.0,100000,10,torch,cuda,0.040239807864591824,2.6595567650783586e-18,206.49147028649065,4.688139710885147e-31,7.995603502305457,5.922452816715707e-32,2.2703793548376226e-33,7.407136703324551e-33,206.37180786805038,8.0,3.622414057156566e-31,4.4800771376616544e-32
gaussian,gaussian,8,100.0,0.0,optimum,0.0,100000,11,torch,cuda,0.04604820099950532,2.4248291179064116e-18,206.41594473216554,4.688744533855203e-31,7.999670621307192,5.938023848958865e-32,2.2715030759562064e-33,7.422835426677302e-33,206.37180786805038,8.0,3.622414057156566e-31,4.4800771376616544e-32
gaussian,gaussian,8,100.0,0.0,optimum,0.0,100000,12,torch,cuda,0.12060200205890212,1.0139512171335876e-18,206.623994095557,4.70760782181738e-31,7.997024831554416,5.935805736598427e-32,2.2783451856226637e-33,7.422517575757808e-33,206.37180786805038,8.0,3.622414057156566e-31,4.4800771376616544e-32
gaussian,gaussian,8,100.0,0.0,optimum,0.0,100000,13,torch,cuda,0.05620752200041055,2.3921068742241373e-18,206.3364219544768,4.712896550608443e-31,7.992740147205801,5.940770553767757e-32,2.2840836852585486e-33,7.432708238168614e-33,206.37180786805038,8.0,3.622414057156566e-31,4.4800771376616544e-32
gaussian,gaussian,8,100.0,0.0,optimum,0.0,100000,14,torch,cuda,0.02921233489101287,2.1497958778031234e-18,207.58495983790095,4.704256517851713e-31,8.00536226701811,5.935883997783226e-32,2.2661836972799834e-33,7.414884923120742e-33,206.37180786805038,8.0,3.622414057156566e-31,4.4800771376616544e-32
gaussian,gaussian,8,100.0,0.0,optimum,0.0,100000,15,torch,cuda,0.04879290671807735,1.6588373574919784e-18,205.4702872106969,4.716211803383912e-31,7.9872534927496766,5.937395027688643e-32,2.295325454306555e-33,7.433587819740834e-33,206.37180786805038,8.0,3.622414057156566e-31,4.4800771376616544e-32
gaussian,gaussian,8,100.0,0.0,optimum,0.0,100000,16,torch,cuda,0.0719499106732705,1.773511619631096e-18,207.76120811564476,4.728784313150858e-31,8.038181957440479,5.989096887374881e-32,2.276067007907802e-33,7.450810294025656e-33,206.37180786805038,8.0,3.622414057156566e-31,4.4800771376616544e-32
gaussian,gaussian,8,100.0,0.0,optimum,0.0,100000,17,torch,cuda,0.04311048953725768,9.83616511176801e-19,206.52232291628044,4.718219846033852e-31,8.002380722891408,5.935674657840875e-32,2.2846052569079972e-33,7.417385979726551e-33,206.37180786805038,8.0,3.622414057156566e-31,4.4800771376616544e-32
gaussian,gaussian,8,100.0,0.0,optimum,0.0,100000,18,torch,cuda,0.02050810543512148,3.6678606530539103e-19,206.83815898515056,4.7232876881056665e-31,8.005399514951872,5.95078126216133e-32,2.2835668772534198e-33,7.433459443275651e-33,206.37180786805038,8.0,3.622414057156566e-31,4.4800771376616544e-32
gaussian,gaussian,8,100.0,0.0,optimum,0.0,100000,19,torch,cuda,0.05165965097460669,1.9716660179135502e-18,206.83658032150973,4.7056391498848296e-31,8.018759234487469,5.930376532366304e-32,2.2750517063134177e-33,7.395628624015362e-33,206.37180786805038,8.0,3.622414057156566e-31,4.4800771376616544e-32
gaussian,gaussian,8,100.0,0.0,near,0.25,100000,0,torch,cuda,0.0413981614513077,2.7755575615628914e-16,205.92538862048303,0.0,7.9983652700095735,0.0,0.0,0.0,206.37180786805038,8.0,3.622414057156566e-31,4.4800771376616544e-32
gaussian,gaussian,8,100.0,0.0,near,0.25,100000,1,torch,cuda,0.024432762194864288,2.7755575615628914e-16,206.72052778111967,0.0,8.004564560031913,0.0,0.0,0.0,206.37180786805038,8.0,3.622414057156566e-31,4.4800771376616544e-32
gaussian,gaussian,8,100.0,0.0,near,0.25,100000,2,torch,cuda,0.03906205813424293,2.7755575615628914e-16,206.2888588008216,0.0,8.001672394553932,0.0,0.0,0.0,206.37180786805038,8.0,3.622414057156566e-31,4.4800771376616544e-32
gaussian,gaussian,8,100.0,0.0,near,0.25,100000,3,torch,cuda,0.020711025021706932,2.7755575615628914e-16,206.5668838803736,0.0,8.014796288283065,0.0,0.0,0.0,206.37180786805038,8.0,3.622414057156566e-31,4.4800771376616544e-32
gaussian,gaussian,8,100.0,0.0,near,0.25,100000,4,torch,cuda,0.04656866879849402,2.7755575615628914e-16,206.83934814155162,0.0,7.9946685884138144,0.0,0.0,0.0,206.37180786805038,8.0,3.622414057156566e-31,4.4800771376616544e-32
gaussian,gaussian,8,100.0,0.0,near,0.25,100000,5,torch,cuda,0.05504353728026542,2.7755575615628914e-16,205.9547999993796,0.0,7.982442312743752,0.0,0.0,0.0,206.37180786805038,8.0,3.622414057156566e-31,4.4800771376616544e-32
gaussian,gaussian,8,100.0,0.0,near,0.25,100000,6,torch,cuda,0.03300764721467818,2.7755575615628914e-16,206.17993219838598,0.0,7.991799391924891,0.0,0.0,0.0,206.37180786805038,8.0,3.622414057156566e-31,4.4800771376616544e-32
gaussian,gaussian,8,100.0,0.0,near,0.25,100000,7,torch,cuda,0.030793200116637987,2.7755575615628914e-16,206.3001222556435,0.0,8.000242495792794,0.0,0.0,0.0,206.37180786805038,8.0,3.622414057156566e-31,4.4800771376616544e-32
gaussian,gaussian,8,100.0,0.0,near,0.25,100000,8,torch,cuda,0.06345695394992754,2.7755575615628914e-16,206.69607675452423,0.0,7.997252754749297,0.0,0.0,0.0,206.37180786805038,8.0,3.622414057156566e-31,4.4800771376616544e-32
gaussian,gaussian,8,100.0,0.0,near,0.25,100000,9,torch,cuda,0.055217401528254904,2.7755575615628914e-16,206.65761126448666,0.0,8.002074528153505,0.0,0.0,0.0,206.37180786805038,8.0,3.622414057156566e-31,4.4800771376616544e-32
gaussian,gaussian,8,100.0,0.0,near,0.25,100000,10,torch,cuda,0.040239807864592,2.7755575615628914e-16,206.49147028649065,0.0,7.995603502305459,0.0,0.0,0.0,206.37180786805038,8.0,3.622414057156566e-31,4.4800771376616544e-32
gaussian,gaussian,8,100.0,0.0,near,0.25,100000,11,torch,cuda,0.04604820099950551,2.7755575615628914e-16,206.4159447321656,0.0,7.9996706213071915,0.0,0.0,0.0,206.37180786805038,8.0,3.622414057156566e-31,4.4800771376616544e-32
gaussian,gaussian,8,100.0,0.0,near,0.25,100000,12,torch,cuda,0.12060200205890208,2.7755575615628914e-16,206.623994095557,0.0,7.997024831554418,0.0,0.0,0.0,206.37180786805038,8.0,3.622414057156566e-31,4.4800771376616544e-32
gaussian,gaussian,8,100.0,0.0,near,0.25,100000,13,torch,cuda,0.05620752200041054,2.7755575615628914e-16,206.3364219544768,0.0,7.992740147205801,0.0,0.0,0.0,206.37180786805038,8.0,3.622414057156566e-31,4.4800771376616544e-32
gaussian,gaussian,8,100.0,0.0,near,0.25,100000,14,torch,cuda,0.029212334891012975,2.7755575615628914e-16,207.58495983790095,0.0,8.00536226701811,0.0,0.0,0.0,206.37180786805038,8.0,3.622414057156566e-31,4.4800771376616544e-32
gaussian,gaussian,8,100.0,0.0,near,0.25,100000,15,torch,cuda,0.04879290671807734,2.7755575615628914e-16,205.47028721069694,0.0,7.987253492749677,0.0,0.0,0.0,206.37180786805038,8.0,3.622414057156566e-31,4.4800771376616544e-32
gaussian,gaussian,8,100.0,0.0,near,0.25,100000,16,torch,cuda,0.07194991067327057,2.7755575615628914e-16,207.76120811564476,0.0,8.038181957440479,0.0,0.0,0.0,206.37180786805038,8.0,3.622414057156566e-31,4.4800771376616544e-32
gaussian,gaussian,8,100.0,0.0,near,0.25,100000,17,torch,cuda,0.043110489537257615,2.7755575615628914e-16,206.52232291628047,0.0,8.002380722891408,0.0,0.0,0.0,206.37180786805038,8.0,3.622414057156566e-31,4.4800771376616544e-32
gaussian,gaussian,8,100.0,0.0,near,0.25,100000,18,torch,cuda,0.020508105435121275,2.7755575615628914e-16,206.83815898515053,0.0,8.005399514951874,0.0,0.0,0.0,206.37180786805038,8.0,3.622414057156566e-31,4.4800771376616544e-32
gaussian,gaussian,8,100.0,0.0,near,0.25,100000,19,torch,cuda,0.05165965097460662,2.7755575615628914e-16,206.83658032150973,0.0,8.018759234487469,0.0,0.0,0.0,206.37180786805038,8.0,3.622414057156566e-31,4.4800771376616544e-32
gaussian,gaussian,8,100.0,0.0,medium,1.0,100000,0,torch,cuda,0.04139816145130704,1.0175362097255202e-15,205.92538862048306,0.0,7.998365270009573,0.0,0.0,0.0,206.37180786805038,8.0,3.622414057156566e-31,4.4800771376616544e-32
gaussian,gaussian,8,100.0,0.0,medium,1.0,100000,1,torch,cuda,0.024432762194863754,1.0175362097255202e-15,206.72052778111976,0.0,8.004564560031913,0.0,0.0,0.0,206.37180786805038,8.0,3.622414057156566e-31,4.4800771376616544e-32
gaussian,gaussian,8,100.0,0.0,medium,1.0,100000,2,torch,cuda,0.03906205813424189,1.0175362097255202e-15,206.28885880082163,0.0,8.001672394553932,0.0,0.0,0.0,206.37180786805038,8.0,3.622414057156566e-31,4.4800771376616544e-32
gaussian,gaussian,8,100.0,0.0,medium,1.0,100000,3,torch,cuda,0.020711025021706735,1.0175362097255202e-15,206.5668838803736,0.0,8.014796288283062,0.0,0.0,0.0,206.37180786805038,8.0,3.622414057156566e-31,4.4800771376616544e-32
gaussian,gaussian,8,100.0,0.0,medium,1.0,100000,4,torch,cuda,0.04656866879849372,1.0175362097255202e-15,206.8393481415516,0.0,7.9946685884138144,0.0,0.0,0.0,206.37180786805038,8.0,3.622414057156566e-31,4.4800771376616544e-32
gaussian,gaussian,8,100.0,0.0,medium,1.0,100000,5,torch,cuda,0.055043537280265356,1.0175362097255202e-15,205.95479999937956,0.0,7.982442312743753,0.0,0.0,0.0,206.37180786805038,8.0,3.622414057156566e-31,4.4800771376616544e-32
gaussian,gaussian,8,100.0,0.0,medium,1.0,100000,6,torch,cuda,0.03300764721467758,1.0175362097255202e-15,206.179932198386,0.0,7.991799391924891,0.0,0.0,0.0,206.37180786805038,8.0,3.622414057156566e-31,4.4800771376616544e-32
gaussian,gaussian,8,100.0,0.0,medium,1.0,100000,7,torch,cuda,0.030793200116638497,1.0175362097255202e-15,206.30012225564346,0.0,8.000242495792794,0.0,0.0,0.0,206.37180786805038,8.0,3.622414057156566e-31,4.4800771376616544e-32
gaussian,gaussian,8,100.0,0.0,medium,1.0,100000,8,torch,cuda,0.06345695394992709,1.0175362097255202e-15,206.69607675452426,0.0,7.9972527547492955,0.0,0.0,0.0,206.37180786805038,8.0,3.622414057156566e-31,4.4800771376616544e-32
gaussian,gaussian,8,100.0,0.0,medium,1.0,100000,9,torch,cuda,0.05521740152825474,1.0175362097255202e-15,206.6576112644867,0.0,8.002074528153504,0.0,0.0,0.0,206.37180786805038,8.0,3.622414057156566e-31,4.4800771376616544e-32
gaussian,gaussian,8,100.0,0.0,medium,1.0,100000,10,torch,cuda,0.040239807864591436,1.0175362097255202e-15,206.49147028649065,0.0,7.9956035023054595,0.0,0.0,0.0,206.37180786805038,8.0,3.622414057156566e-31,4.4800771376616544e-32
gaussian,gaussian,8,100.0,0.0,medium,1.0,100000,11,torch,cuda,0.04604820099950602,1.0175362097255202e-15,206.41594473216557,0.0,7.9996706213071915,0.0,0.0,0.0,206.37180786805038,8.0,3.622414057156566e-31,4.4800771376616544e-32
gaussian,gaussian,8,100.0,0.0,medium,1.0,100000,12,torch,cuda,0.12060200205890204,1.0175362097255202e-15,206.62399409555704,0.0,7.99702483155442,0.0,0.0,0.0,206.37180786805038,8.0,3.622414057156566e-31,4.4800771376616544e-32
gaussian,gaussian,8,100.0,0.0,medium,1.0,100000,13,torch,cuda,0.05620752200041128,1.0175362097255202e-15,206.33642195447675,0.0,7.992740147205797,0.0,0.0,0.0,206.37180786805038,8.0,3.622414057156566e-31,4.4800771376616544e-32
gaussian,gaussian,8,100.0,0.0,medium,1.0,100000,14,torch,cuda,0.029212334891010862,1.0175362097255202e-15,207.58495983790087,0.0,8.005362267018112,0.0,0.0,0.0,206.37180786805038,8.0,3.622414057156566e-31,4.4800771376616544e-32
gaussian,gaussian,8,100.0,0.0,medium,1.0,100000,15,torch,cuda,0.04879290671807839,1.0175362097255202e-15,205.47028721069697,0.0,7.98725349274968,0.0,0.0,0.0,206.37180786805038,8.0,3.622414057156566e-31,4.4800771376616544e-32
gaussian,gaussian,8,100.0,0.0,medium,1.0,100000,16,torch,cuda,0.07194991067326993,1.0175362097255202e-15,207.76120811564476,0.0,8.038181957440479,0.0,0.0,0.0,206.37180786805038,8.0,3.622414057156566e-31,4.4800771376616544e-32
gaussian,gaussian,8,100.0,0.0,medium,1.0,100000,17,torch,cuda,0.04311048953725689,1.0175362097255202e-15,206.5223229162805,0.0,8.002380722891406,0.0,0.0,0.0,206.37180786805038,8.0,3.622414057156566e-31,4.4800771376616544e-32
gaussian,gaussian,8,100.0,0.0,medium,1.0,100000,18,torch,cuda,0.020508105435120317,1.0175362097255202e-15,206.83815898515059,0.0,8.005399514951876,0.0,0.0,0.0,206.37180786805038,8.0,3.622414057156566e-31,4.4800771376616544e-32
gaussian,gaussian,8,100.0,0.0,medium,1.0,100000,19,torch,cuda,0.05165965097460787,1.0175362097255202e-15,206.83658032150973,0.0,8.018759234487469,0.0,0.0,0.0,206.37180786805038,8.0,3.622414057156566e-31,4.4800771376616544e-32
gaussian,gaussian,8,100.0,0.0,far,4.0,100000,0,torch,cuda,0.04139816145130584,4.070144838902081e-15,205.92538862048286,0.0,7.9983652700095575,0.0,0.0,0.0,206.37180786805038,8.0,3.622414057156566e-31,4.4800771376616544e-32
gaussian,gaussian,8,100.0,0.0,far,4.0,100000,1,torch,cuda,0.024432762194866245,4.070144838902081e-15,206.72052778111902,0.0,8.004564560031866,0.0,0.0,0.0,206.37180786805038,8.0,3.622414057156566e-31,4.4800771376616544e-32
gaussian,gaussian,8,100.0,0.0,far,4.0,100000,2,torch,cuda,0.03906205813423585,4.070144838902081e-15,206.2888588008209,0.0,8.001672394553907,0.0,0.0,0.0,206.37180786805038,8.0,3.622414057156566e-31,4.4800771376616544e-32
gaussian,gaussian,8,100.0,0.0,far,4.0,100000,3,torch,cuda,0.020711025021708143,4.070144838902081e-15,206.566883880374,0.0,8.01479628828308,0.0,0.0,0.0,206.37180786805038,8.0,3.622414057156566e-31,4.4800771376616544e-32
gaussian,gaussian,8,100.0,0.0,far,4.0,100000,4,torch,cuda,0.04656866879849307,4.070144838902081e-15,206.83934814155145,0.0,7.994668588413816,0.0,0.0,0.0,206.37180786805038,8.0,3.622414057156566e-31,4.4800771376616544e-32
gaussian,gaussian,8,100.0,0.0,far,4.0,100000,5,torch,cuda,0.05504353728026658,4.070144838902081e-15,205.95479999938016,0.0,7.982442312743757,0.0,0.0,0.0,206.37180786805038,8.0,3.622414057156566e-31,4.4800771376616544e-32
gaussian,gaussian,8,100.0,0.0,far,4.0,100000,6,torch,cuda,0.033007647214676326,4.070144838902081e-15,206.17993219838627,0.0,7.991799391924928,0.0,0.0,0.0,206.37180786805038,8.0,3.622414057156566e-31,4.4800771376616544e-32
gaussian,gaussian,8,100.0,0.0,far,4.0,100000,7,torch,cuda,0.030793200116636547,4.070144838902081e-15,206.3001222556436,0.0,8.000242495792804,0.0,0.0,0.0,206.37180786805038,8.0,3.622414057156566e-31,4.4800771376616544e-32
gaussian,gaussian,8,100.0,0.0,far,4.0,100000,8,torch,cuda,0.06345695394992383,4.070144838902081e-15,206.6960767545238,0.0,7.997252754749297,0.0,0.0,0.0,206.37180786805038,8.0,3.622414057156566e-31,4.4800771376616544e-32
gaussian,gaussian,8,100.0,0.0,far,4.0,100000,9,torch,cuda,0.05521740152825413,4.070144838902081e-15,206.65761126448615,0.0,8.002074528153543,0.0,0.0,0.0,206.37180786805038,8.0,3.622414057156566e-31,4.4800771376616544e-32
gaussian,gaussian,8,100.0,0.0,far,4.0,100000,10,torch,cuda,0.04023980786459467,4.070144838902081e-15,206.4914702864903,0.0,7.995603502305428,0.0,0.0,0.0,206.37180786805038,8.0,3.622414057156566e-31,4.4800771376616544e-32
gaussian,gaussian,8,100.0,0.0,far,4.0,100000,11,torch,cuda,0.04604820099950683,4.070144838902081e-15,206.41594473216583,0.0,7.999670621307217,0.0,0.0,0.0,206.37180786805038,8.0,3.622414057156566e-31,4.4800771376616544e-32
gaussian,gaussian,8,100.0,0.0,far,4.0,100000,12,torch,cuda,0.12060200205890137,4.070144838902081e-15,206.62399409555746,0.0,7.99702483155437,0.0,0.0,0.0,206.37180786805038,8.0,3.622414057156566e-31,4.4800771376616544e-32
gaussian,gaussian,8,100.0,0.0,far,4.0,100000,13,torch,cuda,0.05620752200041376,4.070144838902081e-15,206.33642195447737,0.0,7.992740147205822,0.0,0.0,0.0,206.37180786805038,8.0,3.622414057156566e-31,4.4800771376616544e-32
gaussian,gaussian,8,100.0,0.0,far,4.0,100000,14,torch,cuda,0.02921233489101356,4.070144838902081e-15,207.58495983790135,0.0,8.005362267018114,0.0,0.0,0.0,206.37180786805038,8.0,3.622414057156566e-31,4.4800771376616544e-32
gaussian,gaussian,8,100.0,0.0,far,4.0,100000,15,torch,cuda,0.048792906718071793,4.070144838902081e-15,205.47028721069637,0.0,7.987253492749659,0.0,0.0,0.0,206.37180786805038,8.0,3.622414057156566e-31,4.4800771376616544e-32
gaussian,gaussian,8,100.0,0.0,far,4.0,100000,16,torch,cuda,0.07194991067326989,4.070144838902081e-15,207.76120811564442,0.0,8.038181957440486,0.0,0.0,0.0,206.37180786805038,8.0,3.622414057156566e-31,4.4800771376616544e-32
gaussian,gaussian,8,100.0,0.0,far,4.0,100000,17,torch,cuda,0.043110489537258864,4.070144838902081e-15,206.52232291628115,0.0,8.002380722891417,0.0,0.0,0.0,206.37180786805038,8.0,3.622414057156566e-31,4.4800771376616544e-32
gaussian,gaussian,8,100.0,0.0,far,4.0,100000,18,torch,cuda,0.02050810543511754,4.070144838902081e-15,206.83815898515013,0.0,8.005399514951876,0.0,0.0,0.0,206.37180786805038,8.0,3.622414057156566e-31,4.4800771376616544e-32
gaussian,gaussian,8,100.0,0.0,far,4.0,100000,19,torch,cuda,0.05165965097460952,4.070144838902081e-15,206.8365803215097,0.0,8.018759234487462,0.0,0.0,0.0,206.37180786805038,8.0,3.622414057156566e-31,4.4800771376616544e-32
gaussian,gaussian,8,100.0,0.0,underdispersed,,100000,0,torch,cuda,0.020699080725653678,0.06209724217696105,51.48134715512077,463.3321243960869,0.49989782937559823,4.499080464380384,8.999999999999998,9.0,51.592951967012596,0.5,464.3365677031135,4.5
gaussian,gaussian,8,100.0,0.0,underdispersed,,100000,1,torch,cuda,0.01221638109743214,0.03664914329229643,51.680131945279925,465.12118750751927,0.5002852850019945,4.502567565017951,8.999999999999998,9.0,51.592951967012596,0.5,464.3365677031135,4.5
gaussian,gaussian,8,100.0,0.0,underdispersed,,100000,2,torch,cuda,0.019531029067121324,0.05859308720136397,51.57221470020539,464.1499323018486,0.5001045246596206,4.500940721936587,9.000000000000002,9.000000000000002,51.592951967012596,0.5,464.3365677031135,4.5
gaussian,gaussian,8,100.0,0.0,underdispersed,,100000,3,torch,cuda,0.010355512510853421,0.031066537532560258,51.6417209700934,464.77548873084066,0.5009247680176916,4.508322912159224,9.0,9.0,51.592951967012596,0.5,464.3365677031135,4.5
gaussian,gaussian,8,100.0,0.0,underdispersed,,100000,4,torch,cuda,0.023284334399247,0.06985300319774101,51.709837035387906,465.3885333184911,0.4996667867758635,4.497001080982771,9.0,8.999999999999998,51.592951967012596,0.5,464.3365677031135,4.5
gaussian,gaussian,8,100.0,0.0,underdispersed,,100000,5,torch,cuda,0.02752176864013266,0.08256530592039799,51.4886999998449,463.39829999860405,0.4989026445464844,4.490123800918361,9.0,9.000000000000002,51.592951967012596,0.5,464.3365677031135,4.5
gaussian,gaussian,8,100.0,0.0,underdispersed,,100000,6,torch,cuda,0.016503823607339176,0.04951147082201753,51.544983049596496,463.9048474463685,0.49948746199530575,4.495387157957752,9.0,9.0,51.592951967012596,0.5,464.3365677031135,4.5
gaussian,gaussian,8,100.0,0.0,underdispersed,,100000,7,torch,cuda,0.015396600058319013,0.04618980017495703,51.57503056391087,464.1752750751978,0.5000151559870496,4.500136403883448,9.0,9.000000000000004,51.592951967012596,0.5,464.3365677031135,4.5
gaussian,gaussian,8,100.0,0.0,underdispersed,,100000,8,torch,cuda,0.03172847697496381,0.09518543092489141,51.67401918863106,465.0661726976796,0.499828297171831,4.49845467454648,9.000000000000002,9.000000000000002,51.592951967012596,0.5,464.3365677031135,4.5
gaussian,gaussian,8,100.0,0.0,underdispersed,,100000,9,torch,cuda,0.0276087007641274,0.0828261022923822,51.66440281612165,464.9796253450949,0.5001296580095941,4.501166922086347,9.000000000000002,9.000000000000002,51.592951967012596,0.5,464.3365677031135,4.5
gaussian,gaussian,8,100.0,0.0,underdispersed,,100000,10,torch,cuda,0.020119903932295912,0.06035971179688775,51.62286757162266,464.60580814460394,0.49972521889409105,4.49752697004682,9.0,9.000000000000002,51.592951967012596,0.5,464.3365677031135,4.5
gaussian,gaussian,8,100.0,0.0,underdispersed,,100000,11,torch,cuda,0.02302410049975266,0.069072301499258,51.603986183041386,464.4358756473726,0.4999794138316995,4.4998147244852955,9.000000000000002,9.0,51.592951967012596,0.5,464.3365677031135,4.5
gaussian,gaussian,8,100.0,0.0,underdispersed,,100000,12,torch,cuda,0.06030100102945106,0.1809030030883532,51.65599852388925,464.9039867150033,0.499814051972151,4.498326467749359,9.000000000000002,9.0,51.592951967012596,0.5,464.3365677031135,4.5
gaussian,gaussian,8,100.0,0.0,underdispersed,,100000,13,torch,cuda,0.028103761000205275,0.08431128300061583,51.5841054886192,464.25694939757284,0.49954625920036255,4.4959163328032625,9.0,8.999999999999998,51.592951967012596,0.5,464.3365677031135,4.5
gaussian,gaussian,8,100.0,0.0,underdispersed,,100000,14,torch,cuda,0.014606167445506435,0.043818502336519294,51.89623995947524,467.06615963527713,0.5003351416886319,4.503016275197688,9.0,9.000000000000002,51.592951967012596,0.5,464.3365677031135,4.5
gaussian,gaussian,8,100.0,0.0,underdispersed,,100000,15,torch,cuda,0.024396453359038676,0.07318936007711603,51.36757180267423,462.308146224068,0.4992033432968548,4.492830089671695,9.0,9.000000000000004,51.592951967012596,0.5,464.3365677031135,4.5
gaussian,gaussian,8,100.0,0.0,underdispersed,,100000,16,torch,cuda,0.03597495533663525,0.10792486600990576,51.94030202891119,467.4627182602008,0.5023863723400299,4.521477351060269,9.000000000000002,9.0,51.592951967012596,0.5,464.3365677031135,4.5
gaussian,gaussian,8,100.0,0.0,underdispersed,,100000,17,torch,cuda,0.02155524476862884,0.06466573430588651,51.63058072907011,464.675226561631,0.500148795180713,4.501339156626417,9.0,9.000000000000002,51.592951967012596,0.5,464.3365677031135,4.5
gaussian,gaussian,8,100.0,0.0,underdispersed,,100000,18,torch,cuda,0.01025405271756074,0.03076215815268223,51.70953974628764,465.38585771658876,0.500337469684492,4.503037227160428,9.0,9.0,51.592951967012596,0.5,464.3365677031135,4.5
gaussian,gaussian,8,100.0,0.0,underdispersed,,100000,19,torch,cuda,0.025829825487303344,0.07748947646191003,51.70914508037743,465.38230572339694,0.5011724521554668,4.5105520693992025,9.000000000000002,9.000000000000002,51.592951967012596,0.5,464.3365677031135,4.5
gaussian,gaussian,8,100.0,0.0,overdispersed,,100000,0,torch,cuda,0.08279632290261471,0.06209724217696104,823.7015544819324,463.3321243960869,127.97384432015315,71.98528743008613,0.5624999999999999,0.5624999999999999,825.4872314722015,128.0,464.3365677031135,72.0
gaussian,gaussian,8,100.0,0.0,overdispersed,,100000,1,torch,cuda,0.04886552438972856,0.03664914329229643,826.8821111244788,465.12118750751927,128.0730329605106,72.04108104028721,0.5624999999999999,0.5625,825.4872314722015,128.0,464.3365677031135,72.0
gaussian,gaussian,8,100.0,0.0,overdispersed,,100000,2,torch,cuda,0.0781241162684853,0.05859308720136397,825.1554352032863,464.1499323018486,128.02675831286288,72.01505155098538,0.5625000000000001,0.5625,825.4872314722015,128.0,464.3365677031135,72.0
gaussian,gaussian,8,100.0,0.0,overdispersed,,100000,3,torch,cuda,0.041422050043413684,0.03106653753256025,826.2675355214944,464.77548873084066,128.23674061252905,72.13316659454759,0.5625,0.5625,825.4872314722015,128.0,464.3365677031135,72.0
gaussian,gaussian,8,100.0,0.0,overdispersed,,100000,4,torch,cuda,0.093137337596988,0.069853003197741,827.3573925662065,465.3885333184911,127.91469741462106,71.95201729572433,0.5625,0.5624999999999999,825.4872314722015,128.0,464.3365677031135,72.0
gaussian,gaussian,8,100.0,0.0,overdispersed,,100000,5,torch,cuda,0.11008707456053064,0.08256530592039797,823.8191999975184,463.39829999860405,127.71907700390001,71.84198081469377,0.5625,0.5625000000000001,825.4872314722015,128.0,464.3365677031135,72.0
gaussian,gaussian,8,100.0,0.0,overdispersed,,100000,6,torch,cuda,0.0660152944293567,0.049511470822017525,824.7197287935439,463.90484744636836,127.86879027079827,71.92619452732401,0.5624999999999999,0.5624999999999999,825.4872314722015,128.0,464.3365677031135,72.0
gaussian,gaussian,8,100.0,0.0,overdispersed,,100000,7,torch,cuda,0.06158640023327605,0.04618980017495703,825.200489022574,464.1752750751978,128.0038799326847,72.00218246213517,0.5625,0.5625000000000002,825.4872314722015,128.0,464.3365677031135,72.0
gaussian,gaussian,8,100.0,0.0,overdispersed,,100000,8,torch,cuda,0.12691390789985524,0.0951854309248914,826.7843070180969,465.0661726976796,127.95604407598874,71.97527479274368,0.5625000000000001,0.5625000000000001,825.4872314722015,128.0,464.3365677031135,72.0
gaussian,gaussian,8,100.0,0.0,overdispersed,,100000,9,torch,cuda,0.1104348030565096,0.0828261022923822,826.6304450579464,464.9796253450949,128.03319245045608,72.01867075338156,0.5625000000000001,0.5625000000000001,825.4872314722015,128.0,464.3365677031135,72.0
gaussian,gaussian,8,100.0,0.0,overdispersed,,100000,10,torch,cuda,0.08047961572918365,0.06035971179688775,825.9658811459626,464.6058081446039,127.92965603688731,71.96043152074911,0.5624999999999999,0.5625,825.4872314722015,128.0,464.3365677031135,72.0
gaussian,gaussian,8,100.0,0.0,overdispersed,,100000,11,torch,cuda,0.09209640199901065,0.069072301499258,825.6637789286622,464.4358756473724,127.99472994091508,71.99703559176473,0.5625,0.5625,825.4872314722015,128.0,464.3365677031135,72.0
gaussian,gaussian,8,100.0,0.0,overdispersed,,100000,12,torch,cuda,0.24120400411780424,0.1809030030883532,826.495976382228,464.9039867150033,127.95239730487066,71.97322348398974,0.5625000000000001,0.5625,825.4872314722015,128.0,464.3365677031135,72.0
gaussian,gaussian,8,100.0,0.0,overdispersed,,100000,13,torch,cuda,0.1124150440008211,0.08431128300061583,825.3456878179072,464.25694939757284,127.88384235529281,71.9346613248522,0.5625,0.5624999999999999,825.4872314722015,128.0,464.3365677031135,72.0
gaussian,gaussian,8,100.0,0.0,overdispersed,,100000,14,torch,cuda,0.05842466978202574,0.043818502336519294,830.3398393516038,467.06615963527713,128.08579627228977,72.04826040316301,0.5625,0.5625000000000001,825.4872314722015,128.0,464.3365677031135,72.0
gaussian,gaussian,8,100.0,0.0,overdispersed,,100000,15,torch,cuda,0.0975858134361547,0.07318936007711603,821.8811488427876,462.308146224068,127.79605588399482,71.8852814347471,0.5625,0.5625000000000001,825.4872314722015,128.0,464.3365677031135,72.0
gaussian,gaussian,8,100.0,0.0,overdispersed,,100000,16,torch,cuda,0.143899821346541,0.10792486600990576,831.044832462579,467.4627182602008,128.61091131904766,72.3436376169643,0.5625000000000001,0.5625,825.4872314722015,128.0,464.3365677031135,72.0
gaussian,gaussian,8,100.0,0.0,overdispersed,,100000,17,torch,cuda,0.08622097907451536,0.06466573430588651,826.0892916651218,464.675226561631,128.03809156626252,72.02142650602268,0.5625,0.5625000000000001,825.4872314722015,128.0,464.3365677031135,72.0
gaussian,gaussian,8,100.0,0.0,overdispersed,,100000,18,torch,cuda,0.04101621087024296,0.03076215815268223,827.3526359406022,465.38585771658876,128.08639223922995,72.04859563456685,0.5625,0.5625,825.4872314722015,128.0,464.3365677031135,72.0
gaussian,gaussian,8,100.0,0.0,overdispersed,,100000,19,torch,cuda,0.10331930194921338,0.07748947646191003,827.3463212860389,465.38230572339694,128.3001477517995,72.16883311038723,0.5625000000000001,0.5625,825.4872314722015,128.0,464.3365677031135,72.0
gaussian,gaussian,8,10000.0,0.0,optimum,0.0,100000,0,torch,cuda,0.3711181127005813,3.7967864766617117e-19,13617.135431579538,2.9258873061927635e-31,7.998365270009572,2.105719175082867e-32,2.148680477545468e-35,2.6326869353896702e-33,13665.868536625558,8.0,2.2709275659131277e-31,1.6343540336110574e-32
gaussian,gaussian,8,10000.0,0.0,optimum,0.0,100000,1,torch,cuda,0.1169488493521596,1.8315066463762095e-19,13691.851247485616,2.9057635181852045e-31,8.004564560031913,2.0912363731673142e-32,2.122257586401124e-35,2.6125548210444775e-33,13665.868536625558,8.0,2.2709275659131277e-31,1.6343540336110574e-32
gaussian,gaussian,8,10000.0,0.0,optimum,0.0,100000,2,torch,cuda,0.2922439596458807,7.112942233909042e-19,13646.232823692659,2.8961268516632168e-31,8.00167239455393,2.0843010023359496e-32,2.1222903705958662e-35,2.6048317146232568e-33,13665.868536625558,8.0,2.2709275659131277e-31,1.6343540336110574e-32
gaussian,gaussian,8,10000.0,0.0,optimum,0.0,100000,3,torch,cuda,0.09345963435902217,4.3538722703084094e-18,13667.004447592077,2.8923570882518198e-31,8.014796288283065,2.0815879576181634e-32,2.116306539112461e-35,2.597181366494946e-33,13665.868536625558,8.0,2.2709275659131277e-31,1.6343540336110574e-32
gaussian,gaussian,8,10000.0,0.0,optimum,0.0,100000,4,torch,cuda,0.2308892726478071,2.7194883850259824e-19,13702.633662493314,2.8827390565267104e-31,7.994668588413814,2.0746659979831318e-32,2.10378466470815e-35,2.5950619153742268e-33,13665.868536625558,8.0,2.2709275659131277e-31,1.6343540336110574e-32
gaussian,gaussian,8,10000.0,0.0,optimum,0.0,100000,5,torch,cuda,0.36089803448377994,3.1543740736843587e-19,13655.707937077961,2.911911511959402e-31,7.982442312743751,2.0956609962043047e-32,2.1323768239455265e-35,2.6253381034256135e-33,13665.868536625558,8.0,2.2709275659131277e-31,1.6343540336110574e-32
gaussian,gaussian,8,10000.0,0.0,optimum,0.0,100000,6,torch,cuda,0.1563978893508971,2.706824480134878e-19,13649.687122469339,2.8946271302735806e-31,7.991799391924891,2.083221674338335e-32,2.120654564681274e-35,2.6066991576931635e-33,13665.868536625558,8.0,2.2709275659131277e-31,1.6343540336110574e-32
gaussian,gaussian,8,10000.0,0.0,optimum,0.0,100000,7,torch,cuda,0.29034122406630747,8.139422837984134e-19,13646.990002760303,2.887500361368528e-31,8.000242495792794,2.078092640862579e-32,2.1158514520670776e-35,2.5975370646019998e-33,13665.868536625558,8.0,2.2709275659131277e-31,1.6343540336110574e-32
gaussian,gaussian,8,10000.0,0.0,optimum,0.0,100000,8,torch,cuda,0.5127667027160739,7.090779786250723e-19,13686.770652820727,2.9099342767560686e-31,7.9972527547492955,2.0942380083563118e-32,2.1260926704842212e-35,2.618696785733845e-33,13665.868536625558,8.0,2.2709275659131277e-31,1.6343540336110574e-32
gaussian,gaussian,8,10000.0,0.0,optimum,0.0,100000,9,torch,cuda,0.5003899533626672,3.5286867422186853e-19,13691.662826647256,2.9106688219394474e-31,8.002074528153505,2.094766650000962e-32,2.1258694862647278e-35,2.6177794803472465e-33,13665.868536625558,8.0,2.2709275659131277e-31,1.6343540336110574e-32
gaussian,gaussian,8,10000.0,0.0,optimum,0.0,100000,10,torch,cuda,0.2708515783348335,1.3307573359239155e-18,13659.395313309808,2.9215566657053544e-31,7.995603502305457,2.10260247516916e-32,2.13886237179077e-35,2.6296982767628413e-33,13665.868536625558,8.0,2.2709275659131277e-31,1.6343540336110574e-32
gaussian,gaussian,8,10000.0,0.0,optimum,0.0,100000,11,torch,cuda,0.29885687144431367,7.725661049887448e-19,13671.49337565475,2.9032419837551856e-31,7.999670621307191,2.0894216609640507e-32,2.1235734121958307e-35,2.6118846135975377e-33,13665.868536625558,8.0,2.2709275659131277e-31,1.6343540336110574e-32
gaussian,gaussian,8,10000.0,0.0,optimum,0.0,100000,12,torch,cuda,1.1946810512283121,1.0784527838900854e-18,13684.769175979294,2.8936677012342875e-31,7.997024831554416,2.0825311870044946e-32,2.1145169962482865e-35,2.604132450342416e-33,13665.868536625558,8.0,2.2709275659131277e-31,1.6343540336110574e-32
gaussian,gaussian,8,10000.0,0.0,optimum,0.0,100000,13,torch,cuda,0.5292683787760064,4.527455477578227e-19,13675.577841374685,2.8895135931151487e-31,7.992740147205801,2.0795415349070526e-32,2.1129005491622368e-35,2.601787993363007e-33,13665.868536625558,8.0,2.2709275659131277e-31,1.6343540336110574e-32
gaussian,gaussian,8,10000.0,0.0,optimum,0.0,100000,14,torch,cuda,0.24845473632350018,1.105652841417587e-18,13793.131333449986,2.882731672172374e-31,8.00536226701811,2.0746606835691113e-32,2.089976237072003e-35,2.591588755597808e-33,13665.868536625558,8.0,2.2709275659131277e-31,1.6343540336110574e-32
gaussian,gaussian,8,10000.0,0.0,optimum,0.0,100000,15,torch,cuda,0.38947420443890574,4.0060538436872963e-19,13589.790522916923,2.9152262676776387e-31,7.9872534927496766,2.098046578404218e-32,2.145159090393332e-35,2.6267434485567435e-33,13665.868536625558,8.0,2.2709275659131277e-31,1.6343540336110574e-32
gaussian,gaussian,8,10000.0,0.0,optimum,0.0,100000,16,torch,cuda,0.6433587228649705,1.9394818494549314e-18,13776.984210712326,2.9184362327825373e-31,8.038181957440479,2.1003567443010476e-32,2.1183418578017245e-35,2.6129748684736718e-33,13665.868536625558,8.0,2.2709275659131277e-31,1.6343540336110574e-32
gaussian,gaussian,8,10000.0,0.0,optimum,0.0,100000,17,torch,cuda,0.4069359673375263,1.2526439236468061e-18,13684.225902330614,2.8936067555954776e-31,8.002380722891408,2.0824873253014115e-32,2.1145564069522238e-35,2.6023347268948364e-33,13665.868536625558,8.0,2.2709275659131277e-31,1.6343540336110574e-32
gaussian,gaussian,8,10000.0,0.0,optimum,0.0,100000,18,torch,cuda,0.15154952661304236,7.436382781257634e-19,13705.927906442275,2.8908940778355983e-31,8.005399514951872,2.0805350499821573e-32,2.109229012124582e-35,2.5989147026282616e-33,13665.868536625558,8.0,2.2709275659131277e-31,1.6343540336110574e-32
gaussian,gaussian,8,10000.0,0.0,optimum,0.0,100000,19,torch,cuda,0.42860353996004935,3.3169396523586963e-18,13685.739612063335,2.901925424731436e-31,8.018759234487469,2.088474152296997e-32,2.1204008749176589e-35,2.6044854212791252e-33,13665.868536625558,8.0,2.2709275659131277e-31,1.6343540336110574e-32
gaussian,gaussian,8,10000.0,0.0,near,0.25,100000,0,torch,cuda,0.3711181127005756,2.482534153247273e-16,13617.13543157954,1.1368683772161603e-13,7.998365270009572,0.0,8.348807154988306e-18,0.0,13665.868536625558,8.0,2.2709275659131277e-31,1.6343540336110574e-32
gaussian,gaussian,8,10000.0,0.0,near,0.25,100000,1,torch,cuda,0.11694884935216053,2.482534153247273e-16,13691.851247485614,1.1368683772161603e-13,8.004564560031913,0.0,8.303248090172875e-18,0.0,13665.868536625558,8.0,2.2709275659131277e-31,1.6343540336110574e-32
gaussian,gaussian,8,10000.0,0.0,near,0.25,100000,2,torch,cuda,0.2922439596458843,2.482534153247273e-16,13646.232823692659,0.0,8.00167239455393,0.0,0.0,0.0,13665.868536625558,8.0,2.2709275659131277e-31,1.6343540336110574e-32
gaussian,gaussian,8,10000.0,0.0,near,0.25,100000,3,torch,cuda,0.09345963435902198,2.482534153247273e-16,13667.004447592077,0.0,8.014796288283065,0.0,0.0,0.0,13665.868536625558,8.0,2.2709275659131277e-31,1.6343540336110574e-32
gaussian,gaussian,8,10000.0,0.0,near,0.25,100000,4,torch,cuda,0.23088927264780648,2.482534153247273e-16,13702.633662493316,0.0,7.9946685884138144,0.0,0.0,0.0,13665.868536625558,8.0,2.2709275659131277e-31,1.6343540336110574e-32
gaussian,gaussian,8,10000.0,0.0,near,0.25,100000,5,torch,cuda,0.3608980344837775,2.482534153247273e-16,13655.707937077963,0.0,7.98244231274375,0.0,0.0,0.0,13665.868536625558,8.0,2.2709275659131277e-31,1.6343540336110574e-32
gaussian,gaussian,8,10000.0,0.0,near,0.25,100000,6,torch,cuda,0.15639788935089674,2.482534153247273e-16,13649.687122469337,0.0,7.991799391924891,0.0,0.0,0.0,13665.868536625558,8.0,2.2709275659131277e-31,1.6343540336110574e-32
gaussian,gaussian,8,10000.0,0.0,near,0.25,100000,7,torch,cuda,0.29034122406630886,2.482534153247273e-16,13646.990002760307,0.0,8.000242495792794,0.0,0.0,0.0,13665.868536625558,8.0,2.2709275659131277e-31,1.6343540336110574e-32
gaussian,gaussian,8,10000.0,0.0,near,0.25,100000,8,torch,cuda,0.5127667027160746,2.482534153247273e-16,13686.770652820729,0.0,7.997252754749297,0.0,0.0,0.0,13665.868536625558,8.0,2.2709275659131277e-31,1.6343540336110574e-32
gaussian,gaussian,8,10000.0,0.0,near,0.25,100000,9,torch,cuda,0.5003899533626706,2.482534153247273e-16,13691.662826647256,0.0,8.002074528153505,0.0,0.0,0.0,13665.868536625558,8.0,2.2709275659131277e-31,1.6343540336110574e-32
gaussian,gaussian,8,10000.0,0.0,near,0.25,100000,10,torch,cuda,0.2708515783348326,2.482534153247273e-16,13659.395313309808,1.1368683772161603e-13,7.995603502305457,0.0,8.32297734372171e-18,0.0,13665.868536625558,8.0,2.2709275659131277e-31,1.6343540336110574e-32
gaussian,gaussian,8,10000.0,0.0,near,0.25,100000,11,torch,cuda,0.29885687144431305,2.482534153247273e-16,13671.493375654753,0.0,7.9996706213071915,0.0,0.0,0.0,13665.868536625558,8.0,2.2709275659131277e-31,1.6343540336110574e-32
gaussian,gaussian,8,10000.0,0.0,near,0.25,100000,12,torch,cuda,1.194681051228315,2.482534153247273e-16,13684.769175979294,0.0,7.997024831554416,0.0,0.0,0.0,13665.868536625558,8.0,2.2709275659131277e-31,1.6343540336110574e-32
gaussian,gaussian,8,10000.0,0.0,near,0.25,100000,13,torch,cuda,0.529268378776009,2.482534153247273e-16,13675.577841374683,1.1368683772161603e-13,7.992740147205799,0.0,8.313128632682925e-18,0.0,13665.868536625558,8.0,2.2709275659131277e-31,1.6343540336110574e-32
gaussian,gaussian,8,10000.0,0.0,near,0.25,100000,14,torch,cuda,0.24845473632349777,2.482534153247273e-16,13793.131333449985,0.0,8.00536226701811,0.0,0.0,0.0,13665.868536625558,8.0,2.2709275659131277e-31,1.6343540336110574e-32
gaussian,gaussian,8,10000.0,0.0,near,0.25,100000,15,torch,cuda,0.38947420443890374,2.482534153247273e-16,13589.790522916925,0.0,7.987253492749677,0.0,0.0,0.0,13665.868536625558,8.0,2.2709275659131277e-31,1.6343540336110574e-32
gaussian,gaussian,8,10000.0,0.0,near,0.25,100000,16,torch,cuda,0.6433587228649681,2.482534153247273e-16,13776.984210712324,0.0,8.038181957440479,0.0,0.0,0.0,13665.868536625558,8.0,2.2709275659131277e-31,1.6343540336110574e-32
gaussian,gaussian,8,10000.0,0.0,near,0.25,100000,17,torch,cuda,0.4069359673375286,2.482534153247273e-16,13684.225902330614,0.0,8.002380722891408,0.0,0.0,0.0,13665.868536625558,8.0,2.2709275659131277e-31,1.6343540336110574e-32
gaussian,gaussian,8,10000.0,0.0,near,0.25,100000,18,torch,cuda,0.15154952661304158,2.482534153247273e-16,13705.92790644227,0.0,8.005399514951874,0.0,0.0,0.0,13665.868536625558,8.0,2.2709275659131277e-31,1.6343540336110574e-32
gaussian,gaussian,8,10000.0,0.0,near,0.25,100000,19,torch,cuda,0.42860353996004885,2.482534153247273e-16,13685.739612063333,0.0,8.018759234487469,0.0,0.0,0.0,13665.868536625558,8.0,2.2709275659131277e-31,1.6343540336110574e-32
gaussian,gaussian,8,10000.0,0.0,medium,1.0,100000,0,torch,cuda,0.37111811270056294,9.930136612989092e-16,13617.135431579534,0.0,7.998365270009572,0.0,0.0,0.0,13665.868536625558,8.0,2.2709275659131277e-31,1.6343540336110574e-32
gaussian,gaussian,8,10000.0,0.0,medium,1.0,100000,1,torch,cuda,0.11694884935215799,9.930136612989092e-16,13691.851247485622,0.0,8.00456456003191,0.0,0.0,0.0,13665.868536625558,8.0,2.2709275659131277e-31,1.6343540336110574e-32
gaussian,gaussian,8,10000.0,0.0,medium,1.0,100000,2,torch,cuda,0.2922439596458971,9.930136612989092e-16,13646.232823692662,0.0,8.001672394553928,0.0,0.0,0.0,13665.868536625558,8.0,2.2709275659131277e-31,1.6343540336110574e-32
gaussian,gaussian,8,10000.0,0.0,medium,1.0,100000,3,torch,cuda,0.09345963435902017,9.930136612989092e-16,13667.004447592082,0.0,8.014796288283062,0.0,0.0,0.0,13665.868536625558,8.0,2.2709275659131277e-31,1.6343540336110574e-32
gaussian,gaussian,8,10000.0,0.0,medium,1.0,100000,4,torch,cuda,0.23088927264780892,9.930136612989092e-16,13702.633662493317,0.0,7.994668588413813,0.0,0.0,0.0,13665.868536625558,8.0,2.2709275659131277e-31,1.6343540336110574e-32
gaussian,gaussian,8,10000.0,0.0,medium,1.0,100000,5,torch,cuda,0.3608980344837914,9.930136612989092e-16,13655.707937077965,0.0,7.982442312743752,0.0,0.0,0.0,13665.868536625558,8.0,2.2709275659131277e-31,1.6343540336110574e-32
gaussian,gaussian,8,10000.0,0.0,medium,1.0,100000,6,torch,cuda,0.15639788935090707,9.930136612989092e-16,13649.687122469339,0.0,7.991799391924891,0.0,0.0,0.0,13665.868536625558,8.0,2.2709275659131277e-31,1.6343540336110574e-32
gaussian,gaussian,8,10000.0,0.0,medium,1.0,100000,7,torch,cuda,0.290341224066309,9.930136612989092e-16,13646.990002760307,0.0,8.000242495792794,0.0,0.0,0.0,13665.868536625558,8.0,2.2709275659131277e-31,1.6343540336110574e-32
gaussian,gaussian,8,10000.0,0.0,medium,1.0,100000,8,torch,cuda,0.5127667027160737,9.930136612989092e-16,13686.770652820729,0.0,7.9972527547492955,0.0,0.0,0.0,13665.868536625558,8.0,2.2709275659131277e-31,1.6343540336110574e-32
gaussian,gaussian,8,10000.0,0.0,medium,1.0,100000,9,torch,cuda,0.5003899533626872,9.930136612989092e-16,13691.662826647256,0.0,8.002074528153502,0.0,0.0,0.0,13665.868536625558,8.0,2.2709275659131277e-31,1.6343540336110574e-32
gaussian,gaussian,8,10000.0,0.0,medium,1.0,100000,10,torch,cuda,0.2708515783348282,9.930136612989092e-16,13659.395313309804,0.0,7.995603502305459,0.0,0.0,0.0,13665.868536625558,8.0,2.2709275659131277e-31,1.6343540336110574e-32
gaussian,gaussian,8,10000.0,0.0,medium,1.0,100000,11,torch,cuda,0.29885687144431894,9.930136612989092e-16,13671.493375654747,0.0,7.99967062130719,0.0,0.0,0.0,13665.868536625558,8.0,2.2709275659131277e-31,1.6343540336110574e-32
gaussian,gaussian,8,10000.0,0.0,medium,1.0,100000,12,torch,cuda,1.194681051228311,9.930136612989092e-16,13684.769175979298,0.0,7.99702483155442,0.0,0.0,0.0,13665.868536625558,8.0,2.2709275659131277e-31,1.6343540336110574e-32
gaussian,gaussian,8,10000.0,0.0,medium,1.0,100000,13,torch,cuda,0.5292683787760037,9.930136612989092e-16,13675.577841374687,0.0,7.992740147205799,0.0,0.0,0.0,13665.868536625558,8.0,2.2709275659131277e-31,1.6343540336110574e-32
gaussian,gaussian,8,10000.0,0.0,medium,1.0,100000,14,torch,cuda,0.2484547363235144,9.930136612989092e-16,13793.131333449986,0.0,8.005362267018114,0.0,0.0,0.0,13665.868536625558,8.0,2.2709275659131277e-31,1.6343540336110574e-32
gaussian,gaussian,8,10000.0,0.0,medium,1.0,100000,15,torch,cuda,0.3894742044389026,9.930136612989092e-16,13589.790522916921,0.0,7.987253492749678,0.0,0.0,0.0,13665.868536625558,8.0,2.2709275659131277e-31,1.6343540336110574e-32
gaussian,gaussian,8,10000.0,0.0,medium,1.0,100000,16,torch,cuda,0.6433587228649841,9.930136612989092e-16,13776.984210712322,0.0,8.038181957440479,0.0,0.0,0.0,13665.868536625558,8.0,2.2709275659131277e-31,1.6343540336110574e-32
gaussian,gaussian,8,10000.0,0.0,medium,1.0,100000,17,torch,cuda,0.4069359673375395,9.930136612989092e-16,13684.225902330607,0.0,8.002380722891406,0.0,0.0,0.0,13665.868536625558,8.0,2.2709275659131277e-31,1.6343540336110574e-32
gaussian,gaussian,8,10000.0,0.0,medium,1.0,100000,18,torch,cuda,0.15154952661303825,9.930136612989092e-16,13705.92790644227,0.0,8.005399514951874,0.0,0.0,0.0,13665.868536625558,8.0,2.2709275659131277e-31,1.6343540336110574e-32
gaussian,gaussian,8,10000.0,0.0,medium,1.0,100000,19,torch,cuda,0.4286035399600501,9.930136612989092e-16,13685.739612063337,0.0,8.018759234487469,0.0,0.0,0.0,13665.868536625558,8.0,2.2709275659131277e-31,1.6343540336110574e-32
gaussian,gaussian,8,10000.0,0.0,far,4.0,100000,0,torch,cuda,0.37111811270057293,3.972054645195637e-15,13617.135431579518,0.0,7.9983652700095575,0.0,0.0,0.0,13665.868536625558,8.0,2.2709275659131277e-31,1.6343540336110574e-32
gaussian,gaussian,8,10000.0,0.0,far,4.0,100000,1,torch,cuda,0.11694884935217278,3.972054645195637e-15,13691.85124748561,0.0,8.004564560031866,0.0,0.0,0.0,13665.868536625558,8.0,2.2709275659131277e-31,1.6343540336110574e-32
gaussian,gaussian,8,10000.0,0.0,far,4.0,100000,2,torch,cuda,0.2922439596458443,3.972054645195637e-15,13646.232823692611,0.0,8.001672394553893,0.0,0.0,0.0,13665.868536625558,8.0,2.2709275659131277e-31,1.6343540336110574e-32
gaussian,gaussian,8,10000.0,0.0,far,4.0,100000,3,torch,cuda,0.0934596343590123,3.972054645195637e-15,13667.004447592044,0.0,8.01479628828308,0.0,0.0,0.0,13665.868536625558,8.0,2.2709275659131277e-31,1.6343540336110574e-32
gaussian,gaussian,8,10000.0,0.0,far,4.0,100000,4,torch,cuda,0.23088927264781184,3.972054645195637e-15,13702.633662493317,0.0,7.994668588413788,0.0,0.0,0.0,13665.868536625558,8.0,2.2709275659131277e-31,1.6343540336110574e-32
gaussian,gaussian,8,10000.0,0.0,far,4.0,100000,5,torch,cuda,0.36089803448377783,3.972054645195637e-15,13655.707937077968,0.0,7.982442312743757,0.0,0.0,0.0,13665.868536625558,8.0,2.2709275659131277e-31,1.6343540336110574e-32
gaussian,gaussian,8,10000.0,0.0,far,4.0,100000,6,torch,cuda,0.15639788935086973,3.972054645195637e-15,13649.68712246939,0.0,7.9917993919249,0.0,0.0,0.0,13665.868536625558,8.0,2.2709275659131277e-31,1.6343540336110574e-32
gaussian,gaussian,8,10000.0,0.0,far,4.0,100000,7,torch,cuda,0.29034122406633756,3.972054645195637e-15,13646.990002760343,0.0,8.00024249579279,0.0,0.0,0.0,13665.868536625558,8.0,2.2709275659131277e-31,1.6343540336110574e-32
gaussian,gaussian,8,10000.0,0.0,far,4.0,100000,8,torch,cuda,0.5127667027161062,3.972054645195637e-15,13686.770652820793,0.0,7.997252754749297,0.0,0.0,0.0,13665.868536625558,8.0,2.2709275659131277e-31,1.6343540336110574e-32
gaussian,gaussian,8,10000.0,0.0,far,4.0,100000,9,torch,cuda,0.5003899533626665,3.972054645195637e-15,13691.662826647284,0.0,8.002074528153543,0.0,0.0,0.0,13665.868536625558,8.0,2.2709275659131277e-31,1.6343540336110574e-32
gaussian,gaussian,8,10000.0,0.0,far,4.0,100000,10,torch,cuda,0.2708515783347804,3.972054645195637e-15,13659.395313309797,0.0,7.995603502305443,0.0,0.0,0.0,13665.868536625558,8.0,2.2709275659131277e-31,1.6343540336110574e-32
gaussian,gaussian,8,10000.0,0.0,far,4.0,100000,11,torch,cuda,0.2988568714442551,3.972054645195637e-15,13671.493375654827,0.0,7.9996706213072315,0.0,0.0,0.0,13665.868536625558,8.0,2.2709275659131277e-31,1.6343540336110574e-32
gaussian,gaussian,8,10000.0,0.0,far,4.0,100000,12,torch,cuda,1.1946810512283104,3.972054645195637e-15,13684.76917597928,0.0,7.997024831554398,0.0,0.0,0.0,13665.868536625558,8.0,2.2709275659131277e-31,1.6343540336110574e-32
gaussian,gaussian,8,10000.0,0.0,far,4.0,100000,13,torch,cuda,0.5292683787759925,3.972054645195637e-15,13675.577841374732,0.0,7.9927401472057795,0.0,0.0,0.0,13665.868536625558,8.0,2.2709275659131277e-31,1.6343540336110574e-32
gaussian,gaussian,8,10000.0,0.0,far,4.0,100000,14,torch,cuda,0.24845473632346038,3.972054645195637e-15,13793.131333449972,0.0,8.005362267018086,0.0,0.0,0.0,13665.868536625558,8.0,2.2709275659131277e-31,1.6343540336110574e-32
gaussian,gaussian,8,10000.0,0.0,far,4.0,100000,15,torch,cuda,0.3894742044388566,3.972054645195637e-15,13589.790522916883,0.0,7.987253492749673,0.0,0.0,0.0,13665.868536625558,8.0,2.2709275659131277e-31,1.6343540336110574e-32
gaussian,gaussian,8,10000.0,0.0,far,4.0,100000,16,torch,cuda,0.6433587228649692,3.972054645195637e-15,13776.98421071234,0.0,8.038181957440486,0.0,0.0,0.0,13665.868536625558,8.0,2.2709275659131277e-31,1.6343540336110574e-32
gaussian,gaussian,8,10000.0,0.0,far,4.0,100000,17,torch,cuda,0.4069359673374813,3.972054645195637e-15,13684.225902330654,0.0,8.002380722891445,0.0,0.0,0.0,13665.868536625558,8.0,2.2709275659131277e-31,1.6343540336110574e-32
gaussian,gaussian,8,10000.0,0.0,far,4.0,100000,18,torch,cuda,0.151549526613025,3.972054645195637e-15,13705.927906442317,0.0,8.005399514951876,0.0,0.0,0.0,13665.868536625558,8.0,2.2709275659131277e-31,1.6343540336110574e-32
gaussian,gaussian,8,10000.0,0.0,far,4.0,100000,19,torch,cuda,0.4286035399600331,3.972054645195637e-15,13685.739612063335,0.0,8.018759234487476,0.0,0.0,0.0,13665.868536625558,8.0,2.2709275659131277e-31,1.6343540336110574e-32
gaussian,gaussian,8,10000.0,0.0,underdispersed,,100000,0,torch,cuda,0.18555905635029066,0.556677169050872,3404.2838578948845,30638.554721053963,0.49989782937559823,4.499080464380383,9.0,8.999999999999998,3416.4671341563894,0.5,30748.204207407507,4.5
gaussian,gaussian,8,10000.0,0.0,underdispersed,,100000,1,torch,cuda,0.0584744246760798,0.17542327402823937,3422.962811871404,30806.66530684264,0.5002852850019945,4.502567565017951,9.0,9.0,3416.4671341563894,0.5,30748.204207407507,4.5
gaussian,gaussian,8,10000.0,0.0,underdispersed,,100000,2,torch,cuda,0.14612197982294034,0.4383659394688209,3411.5582059231647,30704.023853308474,0.5001045246596206,4.500940721936586,8.999999999999998,9.0,3416.4671341563894,0.5,30748.204207407507,4.5
gaussian,gaussian,8,10000.0,0.0,underdispersed,,100000,3,torch,cuda,0.046729817179511086,0.14018945153853318,3416.751111898019,30750.760007082175,0.5009247680176916,4.508322912159224,9.0,9.0,3416.4671341563894,0.5,30748.204207407507,4.5
gaussian,gaussian,8,10000.0,0.0,underdispersed,,100000,4,torch,cuda,0.11544463632390355,0.3463339089717105,3425.6584156233284,30830.925740609957,0.49966678677586335,4.497001080982771,9.0,9.000000000000002,3416.4671341563894,0.5,30748.204207407507,4.5
gaussian,gaussian,8,10000.0,0.0,underdispersed,,100000,5,torch,cuda,0.18044901724188997,0.5413470517256698,3413.9269842694903,30725.342858425414,0.4989026445464844,4.490123800918361,9.0,9.000000000000002,3416.4671341563894,0.5,30748.204207407507,4.5
gaussian,gaussian,8,10000.0,0.0,underdispersed,,100000,6,torch,cuda,0.07819894467544855,0.23459683402634554,3412.4217806173347,30711.796025556017,0.4994874619953057,4.495387157957752,9.000000000000002,9.000000000000002,3416.4671341563894,0.5,30748.204207407507,4.5
gaussian,gaussian,8,10000.0,0.0,underdispersed,,100000,7,torch,cuda,0.14517061203315373,0.4355118360994612,3411.747500690076,30705.727506210686,0.5000151559870496,4.500136403883448,9.0,9.000000000000004,3416.4671341563894,0.5,30748.204207407507,4.5
gaussian,gaussian,8,10000.0,0.0,underdispersed,,100000,8,torch,cuda,0.25638335135803697,0.769150054074111,3421.692663205182,30795.23396884664,0.49982829717183097,4.49845467454648,9.000000000000002,9.000000000000002,3416.4671341563894,0.5,30748.204207407507,4.5
gaussian,gaussian,8,10000.0,0.0,underdispersed,,100000,9,torch,cuda,0.2501949766813336,0.7505849300440006,3422.915706661814,30806.24135995633,0.5001296580095941,4.501166922086347,9.000000000000002,9.000000000000002,3416.4671341563894,0.5,30748.204207407507,4.5
gaussian,gaussian,8,10000.0,0.0,underdispersed,,100000,10,torch,cuda,0.13542578916741674,0.40627736750225046,3414.848828327452,30733.63945494707,0.49972521889409105,4.49752697004682,9.000000000000002,9.000000000000002,3416.4671341563894,0.5,30748.204207407507,4.5
gaussian,gaussian,8,10000.0,0.0,underdispersed,,100000,11,torch,cuda,0.14942843572215683,0.4482853071664705,3417.8733439136877,30760.860095223194,0.4999794138316994,4.4998147244852955,9.000000000000002,9.000000000000002,3416.4671341563894,0.5,30748.204207407507,4.5
gaussian,gaussian,8,10000.0,0.0,underdispersed,,100000,12,torch,cuda,0.5973405256141561,1.7920215768424683,3421.1922939948236,30790.730645953412,0.499814051972151,4.498326467749359,9.0,9.0,3416.4671341563894,0.5,30748.204207407507,4.5
gaussian,gaussian,8,10000.0,0.0,underdispersed,,100000,13,torch,cuda,0.2646341893880032,0.7939025681640097,3418.894460343671,30770.050143093038,0.49954625920036255,4.4959163328032625,9.0,8.999999999999998,3416.4671341563894,0.5,30748.204207407507,4.5
gaussian,gaussian,8,10000.0,0.0,underdispersed,,100000,14,torch,cuda,0.12422736816175009,0.3726821044852505,3448.2828333624966,31034.545500262477,0.5003351416886319,4.503016275197688,9.000000000000002,9.000000000000002,3416.4671341563894,0.5,30748.204207407507,4.5
gaussian,gaussian,8,10000.0,0.0,underdispersed,,100000,15,torch,cuda,0.19473710221945287,0.5842113066583585,3397.4476307292307,30577.028676563074,0.4992033432968548,4.492830089671694,9.0,9.000000000000002,3416.4671341563894,0.5,30748.204207407507,4.5
gaussian,gaussian,8,10000.0,0.0,underdispersed,,100000,16,torch,cuda,0.32167936143248527,0.9650380842974557,3444.2460526780815,30998.21447410273,0.5023863723400299,4.521477351060269,8.999999999999998,9.0,3416.4671341563894,0.5,30748.204207407507,4.5
gaussian,gaussian,8,10000.0,0.0,underdispersed,,100000,17,torch,cuda,0.20346798366876315,0.6104039510062892,3421.0564755826535,30789.50828024388,0.500148795180713,4.501339156626417,9.0,9.000000000000002,3416.4671341563894,0.5,30748.204207407507,4.5
gaussian,gaussian,8,10000.0,0.0,underdispersed,,100000,18,torch,cuda,0.07577476330652118,0.22732428991956355,3426.481976610569,30838.33778949511,0.500337469684492,4.503037227160428,8.999999999999998,9.0,3416.4671341563894,0.5,30748.204207407507,4.5
gaussian,gaussian,8,10000.0,0.0,underdispersed,,100000,19,torch,cuda,0.21430176998002468,0.6429053099400742,3421.4349030158337,30792.914127142507,0.5011724521554668,4.510552069399202,9.000000000000002,9.0,3416.4671341563894,0.5,30748.204207407507,4.5
gaussian,gaussian,8,10000.0,0.0,overdispersed,,100000,0,torch,cuda,0.7422362254011626,0.556677169050872,54468.54172631815,30638.554721053963,127.97384432015315,71.98528743008613,0.5625,0.5624999999999999,54663.47414650223,128.0,30748.204207407507,72.0
gaussian,gaussian,8,10000.0,0.0,overdispersed,,100000,1,torch,cuda,0.2338976987043192,0.17542327402823937,54767.404989942464,30806.66530684264,128.0730329605106,72.0410810402872,0.5625,0.5624999999999999,54663.47414650223,128.0,30748.204207407507,72.0
gaussian,gaussian,8,10000.0,0.0,overdispersed,,100000,2,torch,cuda,0.5844879192917614,0.4383659394688209,54584.931294770635,30704.023853308474,128.02675831286288,72.01505155098538,0.5624999999999999,0.5625,54663.47414650223,128.0,30748.204207407507,72.0
gaussian,gaussian,8,10000.0,0.0,overdispersed,,100000,3,torch,cuda,0.18691926871804435,0.14018945153853318,54668.01779036831,30750.760007082175,128.23674061252905,72.13316659454759,0.5625,0.5625,54663.47414650223,128.0,30748.204207407507,72.0
gaussian,gaussian,8,10000.0,0.0,overdispersed,,100000,4,torch,cuda,0.4617785452956142,0.3463339089717105,54810.534649973255,30830.925740609957,127.91469741462102,71.95201729572433,0.5625,0.5625000000000001,54663.47414650223,128.0,30748.204207407507,72.0
gaussian,gaussian,8,10000.0,0.0,overdispersed,,100000,5,torch,cuda,0.7217960689675599,0.5413470517256698,54622.831748311844,30725.342858425414,127.71907700390001,71.84198081469376,0.5625,0.5625,54663.47414650223,128.0,30748.204207407507,72.0
gaussian,gaussian,8,10000.0,0.0,overdispersed,,100000,6,torch,cuda,0.3127957787017942,0.23459683402634554,54598.748489877355,30711.796025556017,127.86879027079826,71.92619452732401,0.5625000000000001,0.5625,54663.47414650223,128.0,30748.204207407507,72.0
gaussian,gaussian,8,10000.0,0.0,overdispersed,,100000,7,torch,cuda,0.5806824481326149,0.4355118360994612,54587.960011041214,30705.727506210686,128.0038799326847,72.00218246213515,0.5625,0.5625000000000001,54663.47414650223,128.0,30748.204207407507,72.0
gaussian,gaussian,8,10000.0,0.0,overdispersed,,100000,8,torch,cuda,1.0255334054321479,0.769150054074111,54747.08261128291,30795.23396884664,127.95604407598873,71.97527479274368,0.5625000000000001,0.5625000000000001,54663.47414650223,128.0,30748.204207407507,72.0
gaussian,gaussian,8,10000.0,0.0,overdispersed,,100000,9,torch,cuda,1.0007799067253345,0.7505849300440006,54766.651306589025,30806.24135995633,128.03319245045608,72.01867075338156,0.5625000000000001,0.5625000000000001,54663.47414650223,128.0,30748.204207407507,72.0
gaussian,gaussian,8,10000.0,0.0,overdispersed,,100000,10,torch,cuda,0.541703156669667,0.40627736750225046,54637.58125323923,30733.63945494707,127.92965603688731,71.96043152074911,0.5625000000000001,0.5625,54663.47414650223,128.0,30748.204207407507,72.0
gaussian,gaussian,8,10000.0,0.0,overdispersed,,100000,11,torch,cuda,0.5977137428886273,0.4482853071664705,54685.973502619,30760.860095223194,127.99472994091505,71.99703559176471,0.5625000000000001,0.5625,54663.47414650223,128.0,30748.204207407507,72.0
gaussian,gaussian,8,10000.0,0.0,overdispersed,,100000,12,torch,cuda,2.3893621024566243,1.7920215768424683,54739.07670391718,30790.730645953412,127.95239730487066,71.97322348398974,0.5625,0.5625,54663.47414650223,128.0,30748.204207407507,72.0
gaussian,gaussian,8,10000.0,0.0,overdispersed,,100000,13,torch,cuda,1.0585367575520128,0.7939025681640097,54702.31136549874,30770.050143093038,127.88384235529281,71.93466132485219,0.5625,0.5624999999999998,54663.47414650223,128.0,30748.204207407507,72.0
gaussian,gaussian,8,10000.0,0.0,overdispersed,,100000,14,torch,cuda,0.49690947264700036,0.3726821044852505,55172.525333799946,31034.545500262477,128.08579627228977,72.04826040316301,0.5625000000000001,0.5625000000000001,54663.47414650223,128.0,30748.204207407507,72.0
gaussian,gaussian,8,10000.0,0.0,overdispersed,,100000,15,torch,cuda,0.7789484088778115,0.5842113066583585,54359.16209166769,30577.028676563074,127.79605588399482,71.8852814347471,0.5625,0.5625000000000001,54663.47414650223,128.0,30748.204207407507,72.0
gaussian,gaussian,8,10000.0,0.0,overdispersed,,100000,16,torch,cuda,1.286717445729941,0.9650380842974557,55107.9368428493,30998.21447410273,128.61091131904766,72.3436376169643,0.5624999999999999,0.5625,54663.47414650223,128.0,30748.204207407507,72.0
gaussian,gaussian,8,10000.0,0.0,overdispersed,,100000,17,torch,cuda,0.8138719346750526,0.6104039510062892,54736.90360932246,30789.50828024388,128.03809156626252,72.02142650602268,0.5625,0.5625000000000001,54663.47414650223,128.0,30748.204207407507,72.0
gaussian,gaussian,8,10000.0,0.0,overdispersed,,100000,18,torch,cuda,0.3030990532260847,0.22732428991956355,54823.7116257691,30838.33778949511,128.08639223922995,72.04859563456685,0.5624999999999999,0.5625,54663.47414650223,128.0,30748.204207407507,72.0
gaussian,gaussian,8,10000.0,0.0,overdispersed,,100000,19,torch,cuda,0.8572070799200987,0.6429053099400742,54742.95844825334,30792.914127142507,128.3001477517995,72.16883311038723,0.5625000000000001,0.5625,54663.47414650223,128.0,30748.204207407507,72.0
gaussian,gaussian,32,10.0,0.0,optimum,0.0,100000,0,torch,cuda,0.03349009523550189,2.31380923549937e-18,126.7617601404291,4.757190927349918e-31,32.012517333448244,1.0589052174211808e-31,3.752859633756908e-33,3.3077849092323174e-33,126.72386303316037,32.0,3.7056108151831167e-31,8.28683328621259e-32
gaussian,gaussian,32,10.0,0.0,optimum,0.0,100000,1,torch,cuda,0.04092933340041551,3.749111320357923e-18,126.86056025356855,4.754503606533042e-31,32.02202007285812,1.0595388589396879e-31,3.747818547411231e-33,3.308782070990435e-33,126.72386303316037,32.0,3.7056108151831167e-31,8.28683328621259e-32
gaussian,gaussian,32,10.0,0.0,optimum,0.0,100000,2,torch,cuda,0.02876472066268049,1.8613667608028435e-18,126.71592680420633,4.738054022330128e-31,31.999508825933383,1.0537809939451007e-31,3.7391148388561114e-33,3.293116152742583e-33,126.72386303316037,32.0,3.7056108151831167e-31,8.28683328621259e-32
gaussian,gaussian,32,10.0,0.0,optimum,0.0,100000,3,torch,cuda,0.03750830567473421,1.957701048331373e-18,126.88214468117083,4.741508203737234e-31,32.03284940442714,1.0567800718229873e-31,3.7369388858075224e-33,3.299051103698985e-33,126.72386303316037,32.0,3.7056108151831167e-31,8.28683328621259e-32
gaussian,gaussian,32,10.0,0.0,optimum,0.0,100000,4,torch,cuda,0.03504559676061059,1.234795649868182e-18,126.61887879274936,4.708448220693734e-31,31.965513557411015,1.047873094363885e-31,3.71859888950727e-33,3.278136271710053e-33,126.72386303316037,32.0,3.7056108151831167e-31,8.28683328621259e-32
gaussian,gaussian,32,10.0,0.0,optimum,0.0,100000,5,torch,cuda,0.04994795534894707,3.7513789140443624e-18,126.58258733241713,4.727214711194254e-31,31.960544472716133,1.0551875109174294e-31,3.7344905099626126e-33,3.301531711445701e-33,126.72386303316037,32.0,3.7056108151831167e-31,8.28683328621259e-32
gaussian,gaussian,32,10.0,0.0,optimum,0.0,100000,6,torch,cuda,0.03151086442475115,1.6799070388377113e-18,126.72171342814978,4.739013627959089e-31,32.00281340575133,1.0541578904528739e-31,3.739701350113193e-33,3.293953806771962e-33,126.72386303316037,32.0,3.7056108151831167e-31,8.28683328621259e-32
gaussian,gaussian,32,10.0,0.0,optimum,0.0,100000,7,torch,cuda,0.03252000397251788,2.1366370025037943e-18,126.71660157981842,4.745526547338179e-31,32.01138762926081,1.0567757502927254e-31,3.744991964883927e-33,3.301249425772324e-33,126.72386303316037,32.0,3.7056108151831167e-31,8.28683328621259e-32
gaussian,gaussian,32,10.0,0.0,optimum,0.0,100000,8,torch,cuda,0.027797034882528354,1.5826478910424174e-18,126.63875760101008,4.735413872833733e-31,32.002600568391706,1.05617520944615e-31,3.739308535980112e-33,3.300279323203852e-33,126.72386303316037,32.0,3.7056108151831167e-31,8.28683328621259e-32
gaussian,gaussian,32,10.0,0.0,optimum,0.0,100000,9,torch,cuda,0.040349881986052834,4.084090978600845e-18,126.77161972006178,4.736559618595717e-31,32.00858013570896,1.0554424115821784e-31,3.736293366807989e-33,3.297373413963841e-33,126.72386303316037,32.0,3.7056108151831167e-31,8.28683328621259e-32
gaussian,gaussian,32,10.0,0.0,optimum,0.0,100000,10,torch,cuda,0.04565405233830815,2.6592776026924054e-18,126.84870807276351,4.737568701545944e-31,32.011518001643296,1.054686986328809e-31,3.734818252014328e-33,3.294710942088617e-33,126.72386303316037,32.0,3.7056108151831167e-31,8.28683328621259e-32
gaussian,gaussian,32,10.0,0.0,optimum,0.0,100000,11,torch,cuda,0.035223362933061046,1.076915821575355e-18,126.74185425874066,4.762982085904922e-31,32.01229633760478,1.0611275044268326e-31,3.75801830718162e-33,3.314749723781384e-33,126.72386303316037,32.0,3.7056108151831167e-31,8.28683328621259e-32
gaussian,gaussian,32,10.0,0.0,optimum,0.0,100000,12,torch,cuda,0.04021657577880812,3.3709436680045485e-18,126.78093157745053,4.7288282072764525e-31,32.013151275512406,1.0531362096087392e-31,3.729920697409933e-33,3.289698663356229e-33,126.72386303316037,32.0,3.7056108151831167e-31,8.28683328621259e-32
gaussian,gaussian,32,10.0,0.0,optimum,0.0,100000,13,torch,cuda,0.034774899497266906,1.6228991690216643e-18,126.60039555918354,4.726173035570815e-31,31.980984186858265,1.0533910774279396e-31,3.733142392403829e-33,3.2938044410178054e-33,126.72386303316037,32.0,3.7056108151831167e-31,8.28683328621259e-32
gaussian,gaussian,32,10.0,0.0,optimum,0.0,100000,14,torch,cuda,0.033577230478213295,1.1095362791303408e-18,126.65837682050216,4.744918486319248e-31,31.9758308356436,1.0568695969944937e-31,3.746233455244461e-33,3.305213873649833e-33,126.72386303316037,32.0,3.7056108151831167e-31,8.28683328621259e-32
gaussian,gaussian,32,10.0,0.0,optimum,0.0,100000,15,torch,cuda,0.03570107474674421,1.0782025133865415e-18,126.56718626936895,4.749664094043872e-31,31.982016822474773,1.0566497280858032e-31,3.75268206084262e-33,3.303887099900661e-33,126.72386303316037,32.0,3.7056108151831167e-31,8.28683328621259e-32
gaussian,gaussian,32,10.0,0.0,optimum,0.0,100000,16,torch,cuda,0.03366140146774128,2.3408644108213258e-18,127.02951273547605,4.769196876667889e-31,32.0650529528832,1.0618771389213266e-31,3.7544006695508456e-33,3.3116338229088926e-33,126.72386303316037,32.0,3.7056108151831167e-31,8.28683328621259e-32
gaussian,gaussian,32,10.0,0.0,optimum,0.0,100000,17,torch,cuda,0.041716362781990396,2.7210784324400248e-18,126.60199547535711,4.72563181609054e-31,31.970071780187318,1.0517458308804305e-31,3.7326677185039926e-33,3.289782513194808e-33,126.72386303316037,32.0,3.7056108151831167e-31,8.28683328621259e-32
gaussian,gaussian,32,10.0,0.0,optimum,0.0,100000,18,torch,cuda,0.028364198701721084,6.284105049302911e-19,126.73594342117153,4.735058206070161e-31,31.98940632189097,1.0545937279428865e-31,3.736160459495312e-33,3.2966967793372505e-33,126.72386303316037,32.0,3.7056108151831167e-31,8.28683328621259e-32
gaussian,gaussian,32,10.0,0.0,optimum,0.0,100000,19,torch,cuda,0.04718566494020536,3.1572489480665722e-18,126.70422990116462,4.715940409859186e-31,32.00585100002179,1.0505220527961023e-31,3.722007081798174e-33,3.282281270369555e-33,126.72386303316037,32.0,3.7056108151831167e-31,8.28683328621259e-32
gaussian,gaussian,32,10.0,0.0,near,0.25,100000,0,torch,cuda,0.033490095235501935,1.0863746452860992e-15,126.76176014042912,0.0,32.012517333448244,0.0,0.0,0.0,126.72386303316037,32.0,3.7056108151831167e-31,8.28683328621259e-32
gaussian,gaussian,32,10.0,0.0,near,0.25,100000,1,torch,cuda,0.04092933340041543,1.0792601309996586e-15,126.86056025356855,0.0,32.02202007285811,0.0,0.0,0.0,126.72386303316037,32.0,3.7056108151831167e-31,8.28683328621259e-32
gaussian,gaussian,32,10.0,0.0,near,0.25,100000,2,torch,cuda,0.028764720662680543,1.0749688212373145e-15,126.71592680420635,0.0,31.999508825933383,0.0,0.0,0.0,126.72386303316037,32.0,3.7056108151831167e-31,8.28683328621259e-32
gaussian,gaussian,32,10.0,0.0,near,0.25,100000,3,torch,cuda,0.03750830567473427,1.0648885158809838e-15,126.88214468117084,0.0,32.03284940442713,0.0,0.0,0.0,126.72386303316037,32.0,3.7056108151831167e-31,8.28683328621259e-32
gaussian,gaussian,32,10.0,0.0,near,0.25,100000,4,torch,cuda,0.0350455967606106,1.084955474666808e-15,126.61887879274938,0.0,31.96551355741101,0.0,0.0,0.0,126.72386303316037,32.0,3.7056108151831167e-31,8.28683328621259e-32
gaussian,gaussian,32,10.0,0.0,near,0.25,100000,5,torch,cuda,0.04994795534894706,1.0792601309996586e-15,126.58258733241712,0.0,31.96054447271613,0.0,0.0,0.0,126.72386303316037,32.0,3.7056108151831167e-31,8.28683328621259e-32
gaussian,gaussian,32,10.0,0.0,near,0.25,100000,6,torch,cuda,0.0315108644247511,1.072098405376252e-15,126.72171342814978,0.0,32.00281340575133,0.0,0.0,0.0,126.72386303316037,32.0,3.7056108151831167e-31,8.28683328621259e-32
gaussian,gaussian,32,10.0,0.0,near,0.25,100000,7,torch,cuda,0.03252000397251781,1.0863746452860992e-15,126.71660157981842,0.0,32.01138762926081,0.0,0.0,0.0,126.72386303316037,32.0,3.7056108151831167e-31,8.28683328621259e-32
gaussian,gaussian,32,10.0,0.0,near,0.25,100000,8,torch,cuda,0.027797034882528413,1.0806867808372692e-15,126.6387576010101,0.0,32.00260056839171,0.0,0.0,0.0,126.72386303316037,32.0,3.7056108151831167e-31,8.28683328621259e-32
gaussian,gaussian,32,10.0,0.0,near,0.25,100000,9,torch,cuda,0.040349881986052834,1.084955474666808e-15,126.77161972006178,0.0,32.00858013570896,0.0,0.0,0.0,126.72386303316037,32.0,3.7056108151831167e-31,8.28683328621259e-32
gaussian,gaussian,32,10.0,0.0,near,0.25,100000,10,torch,cuda,0.04565405233830825,1.0863746452860992e-15,126.84870807276353,0.0,32.011518001643296,0.0,0.0,0.0,126.72386303316037,32.0,3.7056108151831167e-31,8.28683328621259e-32
gaussian,gaussian,32,10.0,0.0,near,0.25,100000,11,torch,cuda,0.03522336293306103,1.084955474666808e-15,126.74185425874067,0.0,32.01229633760478,0.0,0.0,0.0,126.72386303316037,32.0,3.7056108151831167e-31,8.28683328621259e-32
gaussian,gaussian,32,10.0,0.0,near,0.25,100000,12,torch,cuda,0.04021657577880814,1.1018648905114063e-15,126.78093157745052,0.0,32.013151275512406,0.0,0.0,0.0,126.72386303316037,32.0,3.7056108151831167e-31,8.28683328621259e-32
gaussian,gaussian,32,10.0,0.0,near,0.25,100000,13,torch,cuda,0.03477489949726691,1.084955474666808e-15,126.60039555918354,0.0,31.980984186858265,0.0,0.0,0.0,126.72386303316037,32.0,3.7056108151831167e-31,8.28683328621259e-32
gaussian,gaussian,32,10.0,0.0,near,0.25,100000,14,torch,cuda,0.03357723047821324,1.0749688212373145e-15,126.65837682050216,0.0,31.975830835643595,0.0,0.0,0.0,126.72386303316037,32.0,3.7056108151831167e-31,8.28683328621259e-32
gaussian,gaussian,32,10.0,0.0,near,0.25,100000,15,torch,cuda,0.0357010747467442,1.1018648905114063e-15,126.56718626936895,0.0,31.982016822474765,0.0,0.0,0.0,126.72386303316037,32.0,3.7056108151831167e-31,8.28683328621259e-32
gaussian,gaussian,32,10.0,0.0,near,0.25,100000,16,torch,cuda,0.03366140146774117,1.0749688212373145e-15,127.02951273547603,0.0,32.06505295288321,0.0,0.0,0.0,126.72386303316037,32.0,3.7056108151831167e-31,8.28683328621259e-32
gaussian,gaussian,32,10.0,0.0,near,0.25,100000,17,torch,cuda,0.041716362781990375,1.09625739919858e-15,126.60199547535711,0.0,31.970071780187325,0.0,0.0,0.0,126.72386303316037,32.0,3.7056108151831167e-31,8.28683328621259e-32
gaussian,gaussian,32,10.0,0.0,near,0.25,100000,18,torch,cuda,0.028364198701721056,1.0806867808372692e-15,126.73594342117153,0.0,31.98940632189097,0.0,0.0,0.0,126.72386303316037,32.0,3.7056108151831167e-31,8.28683328621259e-32
gaussian,gaussian,32,10.0,0.0,near,0.25,100000,19,torch,cuda,0.047185664940205485,1.066334393690002e-15,126.70422990116462,0.0,32.0058510000218,0.0,0.0,0.0,126.72386303316037,32.0,3.7056108151831167e-31,8.28683328621259e-32
gaussian,gaussian,32,10.0,0.0,medium,1.0,100000,0,torch,cuda,0.03349009523550185,3.922089704712238e-15,126.76176014042912,1.4210854715202004e-14,32.01251733344826,0.0,1.1210679545202706e-16,0.0,126.72386303316037,32.0,3.7056108151831167e-31,8.28683328621259e-32
gaussian,gaussian,32,10.0,0.0,medium,1.0,100000,1,torch,cuda,0.04092933340041526,3.990630216413089e-15,126.86056025356854,1.4210854715202004e-14,32.02202007285812,0.0,1.120194856998691e-16,0.0,126.72386303316037,32.0,3.7056108151831167e-31,8.28683328621259e-32
gaussian,gaussian,32,10.0,0.0,medium,1.0,100000,2,torch,cuda,0.02876472066268053,3.972054645195637e-15,126.71592680420636,1.4210854715202004e-14,31.999508825933383,0.0,1.1214734464405363e-16,0.0,126.72386303316037,32.0,3.7056108151831167e-31,8.28683328621259e-32
gaussian,gaussian,32,10.0,0.0,medium,1.0,100000,3,torch,cuda,0.03750830567473381,3.990630216413089e-15,126.88214468117083,1.4210854715202004e-14,32.032849404427154,0.0,1.1200042961845425e-16,0.0,126.72386303316037,32.0,3.7056108151831167e-31,8.28683328621259e-32
gaussian,gaussian,32,10.0,0.0,medium,1.0,100000,4,torch,cuda,0.03504559676061027,3.940900794429958e-15,126.61887879274937,1.4210854715202004e-14,31.965513557411015,3.552713678800501e-15,1.122333008370926e-16,1.1114208043051526e-16,126.72386303316037,32.0,3.7056108151831167e-31,8.28683328621259e-32
gaussian,gaussian,32,10.0,0.0,medium,1.0,100000,5,torch,cuda,0.04994795534894728,3.972054645195637e-15,126.58258733241712,1.4210854715202004e-14,31.96054447271613,0.0,1.1226547833062567e-16,0.0,126.72386303316037,32.0,3.7056108151831167e-31,8.28683328621259e-32
gaussian,gaussian,32,10.0,0.0,medium,1.0,100000,6,torch,cuda,0.03151086442475098,3.922089704712238e-15,126.72171342814983,1.4210854715202004e-14,32.00281340575134,0.0,1.1214222354450282e-16,0.0,126.72386303316037,32.0,3.7056108151831167e-31,8.28683328621259e-32
gaussian,gaussian,32,10.0,0.0,medium,1.0,100000,7,torch,cuda,0.03252000397251762,3.95962251878479e-15,126.7166015798184,1.4210854715202004e-14,32.011387629260824,0.0,1.12146747450851e-16,0.0,126.72386303316037,32.0,3.7056108151831167e-31,8.28683328621259e-32
gaussian,gaussian,32,10.0,0.0,medium,1.0,100000,8,torch,cuda,0.027797034882528507,3.95962251878479e-15,126.6387576010101,1.4210854715202004e-14,32.00260056839171,0.0,1.1221568329006297e-16,0.0,126.72386303316037,32.0,3.7056108151831167e-31,8.28683328621259e-32
gaussian,gaussian,32,10.0,0.0,medium,1.0,100000,9,torch,cuda,0.040349881986052584,3.940900794429958e-15,126.77161972006179,1.4210854715202004e-14,32.008580135708954,3.552713678800501e-15,1.1209807641948993e-16,1.1099254211645187e-16,126.72386303316037,32.0,3.7056108151831167e-31,8.28683328621259e-32
gaussian,gaussian,32,10.0,0.0,medium,1.0,100000,10,torch,cuda,0.04565405233830801,3.95962251878479e-15,126.84870807276351,1.4210854715202004e-14,32.01151800164328,0.0,1.120299523038919e-16,0.0,126.72386303316037,32.0,3.7056108151831167e-31,8.28683328621259e-32
gaussian,gaussian,32,10.0,0.0,medium,1.0,100000,11,torch,cuda,0.035223362933061296,3.990630216413089e-15,126.74185425874064,1.4210854715202004e-14,32.01229633760477,0.0,1.1212440277377404e-16,0.0,126.72386303316037,32.0,3.7056108151831167e-31,8.28683328621259e-32
gaussian,gaussian,32,10.0,0.0,medium,1.0,100000,12,torch,cuda,0.04021657577880805,3.95962251878479e-15,126.7809315774505,1.4210854715202004e-14,32.013151275512406,0.0,1.1208984299441425e-16,0.0,126.72386303316037,32.0,3.7056108151831167e-31,8.28683328621259e-32
gaussian,gaussian,32,10.0,0.0,medium,1.0,100000,13,torch,cuda,0.03477489949726685,3.940900794429958e-15,126.60039555918354,1.4210854715202004e-14,31.98098418685825,3.552713678800501e-15,1.1224968652296723e-16,1.1108831604564551e-16,126.72386303316037,32.0,3.7056108151831167e-31,8.28683328621259e-32
gaussian,gaussian,32,10.0,0.0,medium,1.0,100000,14,torch,cuda,0.03357723047821302,3.990630216413089e-15,126.65837682050217,1.4210854715202004e-14,31.975830835643592,0.0,1.1219830122520326e-16,0.0,126.72386303316037,32.0,3.7056108151831167e-31,8.28683328621259e-32
gaussian,gaussian,32,10.0,0.0,medium,1.0,100000,15,torch,cuda,0.035701074746744284,3.940900794429958e-15,126.56718626936899,1.4210854715202004e-14,31.98201682247477,3.552713678800501e-15,1.1227913912028892e-16,1.1108472922520311e-16,126.72386303316037,32.0,3.7056108151831167e-31,8.28683328621259e-32
gaussian,gaussian,32,10.0,0.0,medium,1.0,100000,16,torch,cuda,0.03366140146774147,3.95962251878479e-15,127.02951273547602,1.4210854715202004e-14,32.06505295288321,0.0,1.1187049693557775e-16,0.0,126.72386303316037,32.0,3.7056108151831167e-31,8.28683328621259e-32
gaussian,gaussian,32,10.0,0.0,medium,1.0,100000,17,torch,cuda,0.04171636278199024,3.95962251878479e-15,126.60199547535711,1.4210854715202004e-14,31.97007178018731,0.0,1.1224826798222248e-16,0.0,126.72386303316037,32.0,3.7056108151831167e-31,8.28683328621259e-32
gaussian,gaussian,32,10.0,0.0,medium,1.0,100000,18,torch,cuda,0.028364198701720907,3.95962251878479e-15,126.73594342117153,1.4210854715202004e-14,31.98940632189097,0.0,1.1212963214371e-16,0.0,126.72386303316037,32.0,3.7056108151831167e-31,8.28683328621259e-32
gaussian,gaussian,32,10.0,0.0,medium,1.0,100000,19,torch,cuda,0.04718566494020594,3.990630216413089e-15,126.70422990116461,1.4210854715202004e-14,32.00585100002179,0.0,1.1215769770501864e-16,0.0,126.72386303316037,32.0,3.7056108151831167e-31,8.28683328621259e-32
gaussian,gaussian,32,10.0,0.0,far,4.0,100000,0,torch,cuda,0.033490095235503385,1.576360317771983e-14,126.76176014042903,2.2737367544323206e-13,32.01251733344827,5.684341886080802e-14,1.793708727232434e-15,1.7756622595066954e-15,126.72386303316037,32.0,3.7056108151831167e-31,8.28683328621259e-32
gaussian,gaussian,32,10.0,0.0,far,4.0,100000,1,torch,cuda,0.04092933340041593,1.576360317771983e-14,126.86056025356856,2.2737367544323206e-13,32.02202007285814,5.684341886080802e-14,1.7923117711979052e-15,1.7751353203662653e-15,126.72386303316037,32.0,3.7056108151831167e-31,8.28683328621259e-32
gaussian,gaussian,32,10.0,0.0,far,4.0,100000,2,torch,cuda,0.028764720662680265,1.576360317771983e-14,126.7159268042069,2.2737367544323206e-13,31.999508825933333,5.684341886080802e-14,1.7943575143048505e-15,1.776384105456658e-15,126.72386303316037,32.0,3.7056108151831167e-31,8.28683328621259e-32
gaussian,gaussian,32,10.0,0.0,far,4.0,100000,3,torch,cuda,0.0375083056747356,1.576360317771983e-14,126.88214468117098,2.2737367544323206e-13,32.032849404427,5.684341886080802e-14,1.792006873895266e-15,1.7745352011348747e-15,126.72386303316037,32.0,3.7056108151831167e-31,8.28683328621259e-32
gaussian,gaussian,32,10.0,0.0,far,4.0,100000,4,torch,cuda,0.03504559676061214,1.576360317771983e-14,126.61887879274968,2.2737367544323206e-13,31.965513557410986,5.684341886080802e-14,1.7957328133934773e-15,1.7782732868882457e-15,126.72386303316037,32.0,3.7056108151831167e-31,8.28683328621259e-32
gaussian,gaussian,32,10.0,0.0,far,4.0,100000,5,torch,cuda,0.04994795534894802,1.576360317771983e-14,126.58258733241746,2.2737367544323206e-13,31.96054447271615,5.684341886080802e-14,1.7962476532900055e-15,1.778549764987067e-15,126.72386303316037,32.0,3.7056108151831167e-31,8.28683328621259e-32
gaussian,gaussian,32,10.0,0.0,far,4.0,100000,6,torch,cuda,0.03151086442475077,1.576360317771983e-14,126.72171342814954,2.2737367544323206e-13,32.00281340575128,5.684341886080802e-14,1.794275576712049e-15,1.7762006777376824e-15,126.72386303316037,32.0,3.7056108151831167e-31,8.28683328621259e-32
gaussian,gaussian,32,10.0,0.0,far,4.0,100000,7,torch,cuda,0.032520003972516726,1.576360317771983e-14,126.71660157981842,2.2737367544323206e-13,32.01138762926075,5.684341886080802e-14,1.794347959213616e-15,1.775724923865811e-15,126.72386303316037,32.0,3.7056108151831167e-31,8.28683328621259e-32
gaussian,gaussian,32,10.0,0.0,far,4.0,100000,8,torch,cuda,0.027797034882527712,1.576360317771983e-14,126.6387576010095,2.2737367544323206e-13,32.0026005683917,5.684341886080802e-14,1.795450932641016e-15,1.7762124905858768e-15,126.72386303316037,32.0,3.7056108151831167e-31,8.28683328621259e-32
gaussian,gaussian,32,10.0,0.0,far,4.0,100000,9,torch,cuda,0.04034988198605163,1.576360317771983e-14,126.77161972006161,2.2737367544323206e-13,32.00858013570905,5.684341886080802e-14,1.7935692227118417e-15,1.7758806738632245e-15,126.72386303316037,32.0,3.7056108151831167e-31,8.28683328621259e-32
gaussian,gaussian,32,10.0,0.0,far,4.0,100000,10,torch,cuda,0.04565405233830911,1.576360317771983e-14,126.84870807276388,2.2737367544323206e-13,32.01151800164325,5.684341886080802e-14,1.792479236862265e-15,1.775717691922328e-15,126.72386303316037,32.0,3.7056108151831167e-31,8.28683328621259e-32
gaussian,gaussian,32,10.0,0.0,far,4.0,100000,11,torch,cuda,0.035223362933061,1.576360317771983e-14,126.74185425874043,2.2737367544323206e-13,32.01229633760477,5.684341886080802e-14,1.7939904443803877e-15,1.7756745177331809e-15,126.72386303316037,32.0,3.7056108151831167e-31,8.28683328621259e-32
gaussian,gaussian,32,10.0,0.0,far,4.0,100000,12,torch,cuda,0.04021657577880885,1.576360317771983e-14,126.7809315774507,2.2737367544323206e-13,32.01315127551226,5.684341886080802e-14,1.7934374879106252e-15,1.7756270968640664e-15,126.72386303316037,32.0,3.7056108151831167e-31,8.28683328621259e-32
gaussian,gaussian,32,10.0,0.0,far,4.0,100000,13,torch,cuda,0.034774899497267336,1.576360317771983e-14,126.60039555918343,2.2737367544323206e-13,31.980984186858336,5.684341886080802e-14,1.7959949843674772e-15,1.7774130567303235e-15,126.72386303316037,32.0,3.7056108151831167e-31,8.28683328621259e-32
gaussian,gaussian,32,10.0,0.0,far,4.0,100000,14,torch,cuda,0.03357723047821249,1.576360317771983e-14,126.65837682050187,2.2737367544323206e-13,31.975830835643478,5.684341886080802e-14,1.7951728196032564e-15,1.7776995116400424e-15,126.72386303316037,32.0,3.7056108151831167e-31,8.28683328621259e-32
gaussian,gaussian,32,10.0,0.0,far,4.0,100000,15,torch,cuda,0.035701074746742834,1.576360317771983e-14,126.5671862693689,2.2737367544323206e-13,31.982016822474804,5.684341886080802e-14,1.796466225924624e-15,1.777355667603248e-15,126.72386303316037,32.0,3.7056108151831167e-31,8.28683328621259e-32
gaussian,gaussian,32,10.0,0.0,far,4.0,100000,16,torch,cuda,0.03366140146774158,1.576360317771983e-14,127.02951273547592,2.2737367544323206e-13,32.06505295288321,5.684341886080802e-14,1.7899279509692452e-15,1.7727530013542923e-15,126.72386303316037,32.0,3.7056108151831167e-31,8.28683328621259e-32
gaussian,gaussian,32,10.0,0.0,far,4.0,100000,17,torch,cuda,0.04171636278199051,1.576360317771983e-14,126.60199547535717,2.2737367544323206e-13,31.970071780187368,5.684341886080802e-14,1.795972287715559e-15,1.7780197445798437e-15,126.72386303316037,32.0,3.7056108151831167e-31,8.28683328621259e-32
gaussian,gaussian,32,10.0,0.0,far,4.0,100000,18,torch,cuda,0.0283641987017198,1.576360317771983e-14,126.73594342117167,2.2737367544323206e-13,31.989406321890954,5.684341886080802e-14,1.7940741142993574e-15,1.7769451014134324e-15,126.72386303316037,32.0,3.7056108151831167e-31,8.28683328621259e-32
gaussian,gaussian,32,10.0,0.0,far,4.0,100000,19,torch,cuda,0.04718566494020455,1.576360317771983e-14,126.70422990116504,2.2737367544323206e-13,32.00585100002189,5.684341886080802e-14,1.7945231632802923e-15,1.7760321030291973e-15,126.72386303316037,32.0,3.7056108151831167e-31,8.28683328621259e-32
gaussian,gaussian,32,10.0,0.0,underdispersed,,100000,0,torch,cuda,0.016745047617750947,0.05023514285325285,31.690440035107276,285.2139603159655,2.0007823333405153,18.00704100006464,9.0,9.0,31.680965758290093,2.0,285.1286918246109,18.0
gaussian,gaussian,32,10.0,0.0,underdispersed,,100000,1,torch,cuda,0.020464666700207756,0.06139400010062326,31.715140063392138,285.43626057052927,2.0013762545536324,18.012386290982693,9.000000000000002,9.0,31.680965758290093,2.0,285.1286918246109,18.0
gaussian,gaussian,32,10.0,0.0,underdispersed,,100000,2,torch,cuda,0.014382360331340245,0.04314708099402075,31.678981701051583,285.1108353094643,1.9999693016208364,17.99972371458753,9.000000000000002,9.000000000000002,31.680965758290093,2.0,285.1286918246109,18.0
gaussian,gaussian,32,10.0,0.0,underdispersed,,100000,3,torch,cuda,0.018754152837367106,0.05626245851210131,31.720536170292707,285.4848255326344,2.002053087776696,18.018477789990264,9.0,9.0,31.680965758290093,2.0,285.1286918246109,18.0
gaussian,gaussian,32,10.0,0.0,underdispersed,,100000,4,torch,cuda,0.017522798380305293,0.052568395140915894,31.65471969818734,284.89247728368605,1.9978445973381884,17.98060137604369,9.0,8.999999999999996,31.680965758290093,2.0,285.1286918246109,18.0
gaussian,gaussian,32,10.0,0.0,underdispersed,,100000,5,torch,cuda,0.024973977674473534,0.07492193302342061,31.645646833104284,284.8108214979385,1.9975340295447583,17.977806265902824,8.999999999999998,9.0,31.680965758290093,2.0,285.1286918246109,18.0
gaussian,gaussian,32,10.0,0.0,underdispersed,,100000,6,torch,cuda,0.015755432212375575,0.047266296637126726,31.680428357037446,285.12385521333704,2.0001758378594583,18.001582540735125,9.0,9.0,31.680965758290093,2.0,285.1286918246109,18.0
gaussian,gaussian,32,10.0,0.0,underdispersed,,100000,7,torch,cuda,0.01626000198625894,0.04878000595877681,31.679150394954604,285.11235355459144,2.0007117268288006,18.006405541459205,9.0,9.0,31.680965758290093,2.0,285.1286918246109,18.0
gaussian,gaussian,32,10.0,0.0,underdispersed,,100000,8,torch,cuda,0.013898517441264177,0.04169555232379254,31.65968940025252,284.93720460227274,2.0001625355244816,18.00146281972034,9.000000000000002,9.000000000000004,31.680965758290093,2.0,285.1286918246109,18.0
gaussian,gaussian,32,10.0,0.0,underdispersed,,100000,9,torch,cuda,0.020174940993026417,0.060524822979079254,31.692904930015445,285.236144370139,2.00053625848181,18.004826326336293,9.0,9.000000000000002,31.680965758290093,2.0,285.1286918246109,18.0
gaussian,gaussian,32,10.0,0.0,underdispersed,,100000,10,torch,cuda,0.022827026169154076,0.06848107850746223,31.71217701819088,285.40959316371794,2.000719875102706,18.00647887592435,9.000000000000002,8.999999999999998,31.680965758290093,2.0,285.1286918246109,18.0
gaussian,gaussian,32,10.0,0.0,underdispersed,,100000,11,torch,cuda,0.017611681466530523,0.05283504439959158,31.685463564685165,285.1691720821666,2.000768521100299,18.00691668990269,9.000000000000004,9.0,31.680965758290093,2.0,285.1286918246109,18.0
gaussian,gaussian,32,10.0,0.0,underdispersed,,100000,12,torch,cuda,0.02010828788940406,0.06032486366821217,31.695232894362633,285.2570960492637,2.0008219547195254,18.00739759247573,9.0,9.0,31.680965758290093,2.0,285.1286918246109,18.0
gaussian,gaussian,32,10.0,0.0,underdispersed,,100000,13,torch,cuda,0.017387449748633453,0.05216234924590036,31.650098889795885,284.85089000816293,1.9988115116786416,17.989303605107775,8.999999999999998,9.0,31.680965758290093,2.0,285.1286918246109,18.0
gaussian,gaussian,32,10.0,0.0,underdispersed,,100000,14,torch,cuda,0.016788615239106647,0.05036584571731994,31.66459420512554,284.98134784612984,1.998489427227725,17.986404845049524,9.0,9.0,31.680965758290093,2.0,285.1286918246109,18.0
gaussian,gaussian,32,10.0,0.0,underdispersed,,100000,15,torch,cuda,0.017850537373372104,0.05355161212011632,31.641796567342237,284.77616910608015,1.9988760514046733,17.989884462642056,9.0,8.999999999999998,31.680965758290093,2.0,285.1286918246109,18.0
gaussian,gaussian,32,10.0,0.0,underdispersed,,100000,16,torch,cuda,0.01683070073387064,0.05049210220161192,31.75737818386901,285.8164036548211,2.0040658095552,18.036592285996804,9.0,9.000000000000002,31.680965758290093,2.0,285.1286918246109,18.0
gaussian,gaussian,32,10.0,0.0,underdispersed,,100000,17,torch,cuda,0.020858181390995198,0.0625745441729856,31.65049886883928,284.8544898195535,1.9981294862617074,17.98316537635537,9.0,9.000000000000002,31.680965758290093,2.0,285.1286918246109,18.0
gaussian,gaussian,32,10.0,0.0,underdispersed,,100000,18,torch,cuda,0.014182099350860542,0.04254629805258163,31.68398585529288,285.1558726976359,1.9993378951181857,17.994041056063672,9.0,9.0,31.680965758290093,2.0,285.1286918246109,18.0
gaussian,gaussian,32,10.0,0.0,underdispersed,,100000,19,torch,cuda,0.02359283247010268,0.07077849741030805,31.676057475291156,285.0845172776205,2.000365687501362,18.00329118751226,9.000000000000002,9.000000000000002,31.680965758290093,2.0,285.1286918246109,18.0
gaussian,gaussian,32,10.0,0.0,overdispersed,,100000,0,torch,cuda,0.06698019047100379,0.05023514285325285,507.0470405617164,285.2139603159655,512.2002773351719,288.1126560010342,0.5625,0.5625,506.8954521326415,512.0,285.1286918246109,288.0
gaussian,gaussian,32,10.0,0.0,overdispersed,,100000,1,torch,cuda,0.08185866680083102,0.06139400010062326,507.4422410142742,285.43626057052927,512.3523211657299,288.1981806557231,0.5625000000000001,0.5625,506.8954521326415,512.0,285.1286918246109,288.0
gaussian,gaussian,32,10.0,0.0,overdispersed,,100000,2,torch,cuda,0.05752944132536098,0.043147080994020745,506.86370721682533,285.11083530946433,511.9921412149341,287.9955794334005,0.5625000000000002,0.5625000000000001,506.8954521326415,512.0,285.1286918246109,288.0
gaussian,gaussian,32,10.0,0.0,overdispersed,,100000,3,torch,cuda,0.07501661134946842,0.056262458512101314,507.5285787246833,285.4848255326344,512.5255904708342,288.2956446398442,0.5625,0.5625,506.8954521326415,512.0,285.1286918246109,288.0
gaussian,gaussian,32,10.0,0.0,overdispersed,,100000,4,torch,cuda,0.07009119352122117,0.052568395140915894,506.4755151709974,284.89247728368605,511.44821691857624,287.68962201669905,0.5625,0.5624999999999998,506.8954521326415,512.0,285.1286918246109,288.0
gaussian,gaussian,32,10.0,0.0,overdispersed,,100000,5,torch,cuda,0.09989591069789414,0.0749219330234206,506.33034932966854,284.8108214979385,511.36871156345813,287.6449002544452,0.5624999999999999,0.5625,506.8954521326415,512.0,285.1286918246109,288.0
gaussian,gaussian,32,10.0,0.0,overdispersed,,100000,6,torch,cuda,0.0630217288495023,0.04726629663712672,506.88685371259913,285.12385521333704,512.0450144920213,288.025320651762,0.5625,0.5625,506.8954521326415,512.0,285.1286918246109,288.0
gaussian,gaussian,32,10.0,0.0,overdispersed,,100000,7,torch,cuda,0.06504000794503575,0.04878000595877681,506.86640631927366,285.11235355459144,512.182202068173,288.1024886633473,0.5625,0.5625,506.8954521326415,512.0,285.1286918246109,288.0
gaussian,gaussian,32,10.0,0.0,overdispersed,,100000,8,torch,cuda,0.05559406976505671,0.04169555232379254,506.55503040404034,284.93720460227274,512.0416090942673,288.02340511552535,0.5625000000000001,0.5625,506.8954521326415,512.0,285.1286918246109,288.0
gaussian,gaussian,32,10.0,0.0,overdispersed,,100000,9,torch,cuda,0.08069976397210567,0.060524822979079254,507.0864788802471,285.236144370139,512.1372821713434,288.0772212213807,0.5625,0.5625000000000001,506.8954521326415,512.0,285.1286918246109,288.0
gaussian,gaussian,32,10.0,0.0,overdispersed,,100000,10,torch,cuda,0.0913081046766163,0.06848107850746221,507.39483229105406,285.40959316371794,512.1842880262927,288.1036620147896,0.5625000000000001,0.5624999999999999,506.8954521326415,512.0,285.1286918246109,288.0
gaussian,gaussian,32,10.0,0.0,overdispersed,,100000,11,torch,cuda,0.07044672586612209,0.05283504439959157,506.96741703496264,285.16917208216654,512.1967414016765,288.110667038443,0.5625000000000001,0.5625,506.8954521326415,512.0,285.1286918246109,288.0
gaussian,gaussian,32,10.0,0.0,overdispersed,,100000,12,torch,cuda,0.08043315155761624,0.06032486366821218,507.1237263098021,285.2570960492637,512.2104204081985,288.1183614796117,0.5625,0.5625,506.8954521326415,512.0,285.1286918246109,288.0
gaussian,gaussian,32,10.0,0.0,overdispersed,,100000,13,torch,cuda,0.06954979899453381,0.05216234924590036,506.40158223673416,284.85089000816293,511.69574698973224,287.8288576817244,0.5624999999999999,0.5625,506.8954521326415,512.0,285.1286918246109,288.0
gaussian,gaussian,32,10.0,0.0,overdispersed,,100000,14,torch,cuda,0.06715446095642659,0.05036584571731994,506.6335072820086,284.9813478461298,511.6132933702976,287.7824775207924,0.5624999999999999,0.5625,506.8954521326415,512.0,285.1286918246109,288.0
gaussian,gaussian,32,10.0,0.0,overdispersed,,100000,15,torch,cuda,0.07140214949348841,0.05355161212011632,506.2687450774758,284.77616910608015,511.71226915959636,287.8381514022729,0.5625,0.5624999999999999,506.8954521326415,512.0,285.1286918246109,288.0
gaussian,gaussian,32,10.0,0.0,overdispersed,,100000,16,torch,cuda,0.06732280293548255,0.05049210220161192,508.1180509419042,285.8164036548211,513.0408472461312,288.58547657594886,0.5625,0.5625000000000001,506.8954521326415,512.0,285.1286918246109,288.0
gaussian,gaussian,32,10.0,0.0,overdispersed,,100000,17,torch,cuda,0.08343272556398079,0.0625745441729856,506.40798190142846,284.8544898195535,511.5211484829971,287.7306460216859,0.5625,0.5625000000000001,506.8954521326415,512.0,285.1286918246109,288.0
gaussian,gaussian,32,10.0,0.0,overdispersed,,100000,18,torch,cuda,0.05672839740344217,0.04254629805258163,506.9437736846861,285.1558726976359,511.83050115025554,287.90465689701875,0.5625,0.5625,506.8954521326415,512.0,285.1286918246109,288.0
gaussian,gaussian,32,10.0,0.0,overdispersed,,100000,19,torch,cuda,0.09437132988041072,0.07077849741030805,506.8169196046585,285.0845172776205,512.0936160003487,288.0526590001961,0.5625000000000001,0.5625,506.8954521326415,512.0,285.1286918246109,288.0
gaussian,gaussian,32,100.0,0.0,optimum,0.0,100000,0,torch,cuda,0.07520520356009135,1.5927651020826994e-18,718.4030529651487,1.4582188892665024e-31,32.01251733344825,4.141843964767261e-32,2.0298060862183497e-34,1.2938201396738202e-33,718.1500014325877,32.0,1.1188716152414955e-31,3.191323149625967e-32
gaussian,gaussian,32,100.0,0.0,optimum,0.0,100000,1,torch,cuda,0.09212769012325679,1.5562265410073122e-18,718.9835767749997,1.4595275249284218e-31,32.022020072858126,4.1468544258371587e-32,2.0299872932774506e-34,1.295000882643264e-33,718.1500014325877,32.0,1.1188716152414955e-31,3.191323149625967e-32
gaussian,gaussian,32,100.0,0.0,optimum,0.0,100000,2,torch,cuda,0.06403536745221501,4.348499103814716e-19,717.9260873610871,1.45038221053037e-31,31.999508825933383,4.120152086144096e-32,2.0202389021154036e-34,1.2875672900344642e-33,718.1500014325877,32.0,1.1188716152414955e-31,3.191323149625967e-32
gaussian,gaussian,32,100.0,0.0,optimum,0.0,100000,3,torch,cuda,0.093199448755458,8.882859787559032e-19,719.0754862704265,1.4468084325789573e-31,32.03284940442714,4.110495983607659e-32,2.012039709604074e-34,1.2832127207015068e-33,718.1500014325877,32.0,1.1188716152414955e-31,3.191323149625967e-32
gaussian,gaussian,32,100.0,0.0,optimum,0.0,100000,4,torch,cuda,0.08052668234663964,1.6135557277723517e-18,717.6013252902382,1.4528555982088817e-31,31.965513557411015,4.127434980313709e-32,2.0245999373276875e-34,1.2912149754455572e-33,718.1500014325877,32.0,1.1188716152414955e-31,3.191323149625967e-32
gaussian,gaussian,32,100.0,0.0,optimum,0.0,100000,5,torch,cuda,0.11775092498741954,1.3137469877794017e-18,717.5856601829144,1.4506000318205134e-31,31.960544472716133,4.121579619349239e-32,2.02150086367494e-34,1.2895836686598757e-33,718.1500014325877,32.0,1.1188716152414955e-31,3.191323149625967e-32
gaussian,gaussian,32,100.0,0.0,optimum,0.0,100000,6,torch,cuda,0.07275451422155278,6.127729898996284e-19,718.0374448357345,1.4579534524658163e-31,32.00281340575133,4.1424464192566695e-32,2.030469946869348e-34,1.2944007036931999e-33,718.1500014325877,32.0,1.1188716152414955e-31,3.191323149625967e-32
gaussian,gaussian,32,100.0,0.0,optimum,0.0,100000,7,torch,cuda,0.07090072563208782,1.8351521183491346e-18,718.1090939122147,1.4527720812271398e-31,32.01138762926081,4.123935927437991e-32,2.023052059280472e-34,1.2882715286195228e-33,718.1500014325877,32.0,1.1188716152414955e-31,3.191323149625967e-32
gaussian,gaussian,32,100.0,0.0,optimum,0.0,100000,8,torch,cuda,0.06081416173603528,4.0850814962336526e-19,717.3832498177399,1.4584966979805916e-31,32.00260056839171,4.141709912638668e-32,2.0330788296926935e-34,1.294179172654283e-33,718.1500014325877,32.0,1.1188716152414955e-31,3.191323149625967e-32
gaussian,gaussian,32,100.0,0.0,optimum,0.0,100000,9,torch,cuda,0.10040197227815018,5.6781774152299015e-19,718.2011924444122,1.4534970843794074e-31,32.00858013570897,4.1287871910749863e-32,2.0238021040210207e-34,1.2899001372662845e-33,718.1500014325877,32.0,1.1188716152414955e-31,3.191323149625967e-32
gaussian,gaussian,32,100.0,0.0,optimum,0.0,100000,10,torch,cuda,0.11673924852723595,1.5717523466542011e-18,719.4459308177712,1.454662579055227e-31,32.011518001643296,4.1326286453737846e-32,2.021920643017271e-34,1.2909817788589838e-33,718.1500014325877,32.0,1.1188716152414955e-31,3.191323149625967e-32
gaussian,gaussian,32,100.0,0.0,optimum,0.0,100000,11,torch,cuda,0.07955103905987317,1.6040788346720536e-18,717.9488885400244,1.4636196943933708e-31,32.01229633760478,4.1591713606061115e-32,2.0386126613688273e-34,1.2992418028194813e-33,718.1500014325877,32.0,1.1188716152414955e-31,3.191323149625967e-32
gaussian,gaussian,32,100.0,0.0,optimum,0.0,100000,12,torch,cuda,0.10505384500622378,5.759738015233394e-19,718.6516327745613,1.454923481491535e-31,32.013151275512406,4.1337641429529843e-32,2.024518438613135e-34,1.2912706116860776e-33,718.1500014325877,32.0,1.1188716152414955e-31,3.191323149625967e-32
gaussian,gaussian,32,100.0,0.0,optimum,0.0,100000,13,torch,cuda,0.08411196650963494,9.3253321149897e-19,717.1564269522281,1.452730044319529e-31,31.980984186858265,4.125651021411119e-32,2.0256808552819393e-34,1.290032538494061e-33,718.1500014325877,32.0,1.1188716152414955e-31,3.191323149625967e-32
gaussian,gaussian,32,100.0,0.0,optimum,0.0,100000,14,torch,cuda,0.07504635064346032,1.871773018119575e-19,717.864870754763,1.4550551589448367e-31,31.9758308356436,4.131195876183078e-32,2.026920689704445e-34,1.2919745220749716e-33,718.1500014325877,32.0,1.1188716152414955e-31,3.191323149625967e-32
gaussian,gaussian,32,100.0,0.0,optimum,0.0,100000,15,torch,cuda,0.0866576014249278,1.5587993755471926e-18,716.8738379166128,1.4503792520482228e-31,31.982016822474773,4.119921174144456e-32,2.0232001439239743e-34,1.2881993018180322e-33,718.1500014325877,32.0,1.1188716152414955e-31,3.191323149625967e-32
gaussian,gaussian,32,100.0,0.0,optimum,0.0,100000,16,torch,cuda,0.08432844832078992,5.147256968501907e-19,719.8172283504874,1.4577776063176529e-31,32.0650529528832,4.1394945686408147e-32,2.0252052172441806e-34,1.2909676384203828e-33,718.1500014325877,32.0,1.1188716152414955e-31,3.191323149625967e-32
gaussian,gaussian,32,100.0,0.0,optimum,0.0,100000,17,torch,cuda,0.09666442548484205,1.3224794119925181e-18,717.4058639876748,1.4532158400775144e-31,31.970071780187318,4.1283609722476536e-32,2.025653696221364e-34,1.2913205202141917e-33,718.1500014325877,32.0,1.1188716152414955e-31,3.191323149625967e-32
gaussian,gaussian,32,100.0,0.0,optimum,0.0,100000,18,torch,cuda,0.061753949383288445,9.967514734066903e-19,718.5482942639036,1.4555197901307866e-31,31.98940632189097,4.136314138182795e-32,2.0256394758014873e-34,1.2930262276709508e-33,718.1500014325877,32.0,1.1188716152414955e-31,3.191323149625967e-32
gaussian,gaussian,32,100.0,0.0,optimum,0.0,100000,19,torch,cuda,0.11723923485639735,2.469914387946994e-19,718.1465902568216,1.4605832988005658e-31,32.00585100002179,4.1494460180994396e-32,2.0338233427777415e-34,1.2964648301639017e-33,718.1500014325877,32.0,1.1188716152414955e-31,3.191323149625967e-32
gaussian,gaussian,32,100.0,0.0,near,0.25,100000,0,torch,cuda,0.0752052035600917,2.444382347233542e-15,718.4030529651487,1.4210854715202004e-14,32.01251733344826,0.0,1.9781172499960692e-17,0.0,718.1500014325877,32.0,1.1188716152414955e-31,3.191323149625967e-32
gaussian,gaussian,32,100.0,0.0,near,0.25,100000,1,torch,cuda,0.09212769012325703,2.421584500832101e-15,718.9835767749996,1.4210854715202004e-14,32.02202007285812,0.0,1.9765200728151236e-17,0.0,718.1500014325877,32.0,1.1188716152414955e-31,3.191323149625967e-32
gaussian,gaussian,32,100.0,0.0,near,0.25,100000,2,torch,cuda,0.06403536745221505,2.444382347233542e-15,717.926087361087,1.4210854715202004e-14,31.999508825933383,0.0,1.9794314436236018e-17,0.0,718.1500014325877,32.0,1.1188716152414955e-31,3.191323149625967e-32
gaussian,gaussian,32,100.0,0.0,near,0.25,100000,3,torch,cuda,0.09319944875545814,2.445012586343469e-15,719.0754862704264,1.4210854715202004e-14,32.03284940442713,0.0,1.976267441532231e-17,0.0,718.1500014325877,32.0,1.1188716152414955e-31,3.191323149625967e-32
gaussian,gaussian,32,100.0,0.0,near,0.25,100000,4,torch,cuda,0.08052668234663979,2.444382347233542e-15,717.601325290238,1.4210854715202004e-14,31.96551355741101,0.0,1.9803272672962723e-17,0.0,718.1500014325877,32.0,1.1188716152414955e-31,3.191323149625967e-32
gaussian,gaussian,32,100.0,0.0,near,0.25,100000,5,torch,cuda,0.1177509249874194,2.444382347233542e-15,717.5856601829142,1.4210854715202004e-14,31.96054447271613,0.0,1.9803704984265745e-17,0.0,718.1500014325877,32.0,1.1188716152414955e-31,3.191323149625967e-32
gaussian,gaussian,32,100.0,0.0,near,0.25,100000,6,torch,cuda,0.07275451422155316,2.444382347233542e-15,718.0374448357345,1.4210854715202004e-14,32.00281340575133,0.0,1.9791244617407137e-17,0.0,718.1500014325877,32.0,1.1188716152414955e-31,3.191323149625967e-32
gaussian,gaussian,32,100.0,0.0,near,0.25,100000,7,torch,cuda,0.07090072563208795,2.444382347233542e-15,718.1090939122146,1.4210854715202004e-14,32.01138762926081,0.0,1.978926995309603e-17,0.0,718.1500014325877,32.0,1.1188716152414955e-31,3.191323149625967e-32
gaussian,gaussian,32,100.0,0.0,near,0.25,100000,8,torch,cuda,0.060814161736035245,2.444382347233542e-15,717.3832498177399,1.4210854715202004e-14,32.00260056839171,0.0,1.9809292618432963e-17,0.0,718.1500014325877,32.0,1.1188716152414955e-31,3.191323149625967e-32
gaussian,gaussian,32,100.0,0.0,near,0.25,100000,9,torch,cuda,0.10040197227815027,2.444382347233542e-15,718.2011924444121,1.4210854715202004e-14,32.00858013570896,0.0,1.978673227600065e-17,0.0,718.1500014325877,32.0,1.1188716152414955e-31,3.191323149625967e-32
gaussian,gaussian,32,100.0,0.0,near,0.25,100000,10,torch,cuda,0.11673924852723618,2.421584500832101e-15,719.4459308177711,1.4210854715202004e-14,32.011518001643296,0.0,1.9752498563789193e-17,0.0,718.1500014325877,32.0,1.1188716152414955e-31,3.191323149625967e-32
gaussian,gaussian,32,100.0,0.0,near,0.25,100000,11,torch,cuda,0.07955103905987355,2.444382347233542e-15,717.9488885400244,1.4210854715202004e-14,32.01229633760478,0.0,1.9793685793010002e-17,0.0,718.1500014325877,32.0,1.1188716152414955e-31,3.191323149625967e-32
gaussian,gaussian,32,100.0,0.0,near,0.25,100000,12,torch,cuda,0.10505384500622396,2.445012586343469e-15,718.6516327745612,1.4210854715202004e-14,32.013151275512406,0.0,1.9774330241673444e-17,0.0,718.1500014325877,32.0,1.1188716152414955e-31,3.191323149625967e-32
gaussian,gaussian,32,100.0,0.0,near,0.25,100000,13,torch,cuda,0.08411196650963511,2.4462725774533015e-15,717.1564269522281,1.4210854715202004e-14,31.980984186858272,0.0,1.9815557918926146e-17,0.0,718.1500014325877,32.0,1.1188716152414955e-31,3.191323149625967e-32
gaussian,gaussian,32,100.0,0.0,near,0.25,100000,14,torch,cuda,0.0750463506434599,2.445012586343469e-15,717.8648707547629,1.4210854715202004e-14,31.975830835643595,0.0,1.97960024151352e-17,0.0,718.1500014325877,32.0,1.1188716152414955e-31,3.191323149625967e-32
gaussian,gaussian,32,100.0,0.0,near,0.25,100000,15,torch,cuda,0.08665760142492769,2.445012586343469e-15,716.8738379166125,1.4210854715202004e-14,31.982016822474765,0.0,1.9823369139124625e-17,0.0,718.1500014325877,32.0,1.1188716152414955e-31,3.191323149625967e-32
gaussian,gaussian,32,100.0,0.0,near,0.25,100000,16,torch,cuda,0.08432844832078998,2.444382347233542e-15,719.8172283504874,1.4210854715202004e-14,32.06505295288321,0.0,1.9742309791288536e-17,0.0,718.1500014325877,32.0,1.1188716152414955e-31,3.191323149625967e-32
gaussian,gaussian,32,100.0,0.0,near,0.25,100000,17,torch,cuda,0.09666442548484211,2.445012586343469e-15,717.4058639876748,1.4210854715202004e-14,31.970071780187325,0.0,1.9808668187086562e-17,0.0,718.1500014325877,32.0,1.1188716152414955e-31,3.191323149625967e-32
gaussian,gaussian,32,100.0,0.0,near,0.25,100000,18,torch,cuda,0.06175394938328839,2.444382347233542e-15,718.5482942639036,1.4210854715202004e-14,31.98940632189097,0.0,1.977717410039907e-17,0.0,718.1500014325877,32.0,1.1188716152414955e-31,3.191323149625967e-32
gaussian,gaussian,32,100.0,0.0,near,0.25,100000,19,torch,cuda,0.11723923485639755,2.444382347233542e-15,718.1465902568218,1.4210854715202004e-14,32.0058510000218,0.0,1.9788236702648622e-17,0.0,718.1500014325877,32.0,1.1188716152414955e-31,3.191323149625967e-32
gaussian,gaussian,32,100.0,0.0,medium,1.0,100000,0,torch,cuda,0.07520520356009246,1.145844827682711e-14,718.4030529651488,1.1368683772161603e-13,32.01251733344825,0.0,1.582493799996855e-16,0.0,718.1500014325877,32.0,1.1188716152414955e-31,3.191323149625967e-32
gaussian,gaussian,32,100.0,0.0,medium,1.0,100000,1,torch,cuda,0.09212769012325689,1.1469200318487933e-14,718.9835767749998,1.1368683772161603e-13,32.02202007285813,0.0,1.5812160582520984e-16,0.0,718.1500014325877,32.0,1.1188716152414955e-31,3.191323149625967e-32
gaussian,gaussian,32,100.0,0.0,medium,1.0,100000,2,torch,cuda,0.06403536745221483,1.16292880882205e-14,717.9260873610868,2.2737367544323206e-13,31.999508825933393,0.0,3.1670903097977634e-16,0.0,718.1500014325877,32.0,1.1188716152414955e-31,3.191323149625967e-32
gaussian,gaussian,32,100.0,0.0,medium,1.0,100000,3,torch,cuda,0.09319944875545869,1.1451992206292895e-14,719.0754862704263,1.1368683772161603e-13,32.032849404427154,0.0,1.581013953225785e-16,0.0,718.1500014325877,32.0,1.1188716152414955e-31,3.191323149625967e-32
gaussian,gaussian,32,100.0,0.0,medium,1.0,100000,4,torch,cuda,0.08052668234664011,1.1451992206292895e-14,717.601325290238,1.1368683772161603e-13,31.965513557411022,0.0,1.5842618138370178e-16,0.0,718.1500014325877,32.0,1.1188716152414955e-31,3.191323149625967e-32
gaussian,gaussian,32,100.0,0.0,medium,1.0,100000,5,torch,cuda,0.11775092498742032,1.145844827682711e-14,717.5856601829144,1.1368683772161603e-13,31.96054447271613,0.0,1.5842963987412594e-16,0.0,718.1500014325877,32.0,1.1188716152414955e-31,3.191323149625967e-32
gaussian,gaussian,32,100.0,0.0,medium,1.0,100000,6,torch,cuda,0.07275451422155418,1.1451992206292895e-14,718.0374448357345,1.1368683772161603e-13,32.00281340575134,0.0,1.583299569392571e-16,0.0,718.1500014325877,32.0,1.1188716152414955e-31,3.191323149625967e-32
gaussian,gaussian,32,100.0,0.0,medium,1.0,100000,7,torch,cuda,0.07090072563208744,1.1639882322073053e-14,718.1090939122143,2.2737367544323206e-13,32.01138762926082,0.0,3.166283192495366e-16,0.0,718.1500014325877,32.0,1.1188716152414955e-31,3.191323149625967e-32
gaussian,gaussian,32,100.0,0.0,medium,1.0,100000,8,torch,cuda,0.06081416173603515,1.16292880882205e-14,717.3832498177401,2.2737367544323206e-13,32.002600568391706,0.0,3.169486818949273e-16,0.0,718.1500014325877,32.0,1.1188716152414955e-31,3.191323149625967e-32
gaussian,gaussian,32,100.0,0.0,medium,1.0,100000,9,torch,cuda,0.10040197227815056,1.1451992206292895e-14,718.2011924444123,1.1368683772161603e-13,32.008580135708975,0.0,1.5829385820800515e-16,0.0,718.1500014325877,32.0,1.1188716152414955e-31,3.191323149625967e-32
gaussian,gaussian,32,100.0,0.0,medium,1.0,100000,10,torch,cuda,0.11673924852723602,1.1469200318487933e-14,719.4459308177711,1.1368683772161603e-13,32.0115180016433,0.0,1.5801998851031354e-16,0.0,718.1500014325877,32.0,1.1188716152414955e-31,3.191323149625967e-32
gaussian,gaussian,32,100.0,0.0,medium,1.0,100000,11,torch,cuda,0.07955103905987285,1.162292691274871e-14,717.9488885400249,2.2737367544323206e-13,32.012296337604795,0.0,3.1669897268815983e-16,0.0,718.1500014325877,32.0,1.1188716152414955e-31,3.191323149625967e-32
gaussian,gaussian,32,100.0,0.0,medium,1.0,100000,12,torch,cuda,0.10505384500622376,1.1451992206292895e-14,718.6516327745612,1.1368683772161603e-13,32.013151275512406,0.0,1.5819464193338755e-16,0.0,718.1500014325877,32.0,1.1188716152414955e-31,3.191323149625967e-32
gaussian,gaussian,32,100.0,0.0,medium,1.0,100000,13,torch,cuda,0.08411196650963507,1.1639882322073053e-14,717.1564269522282,2.2737367544323206e-13,31.980984186858265,0.0,3.170489267028183e-16,0.0,718.1500014325877,32.0,1.1188716152414955e-31,3.191323149625967e-32
gaussian,gaussian,32,100.0,0.0,medium,1.0,100000,14,torch,cuda,0.07504635064346123,1.162292691274871e-14,717.8648707547633,2.2737367544323206e-13,31.975830835643592,0.0,3.1673603864216303e-16,0.0,718.1500014325877,32.0,1.1188716152414955e-31,3.191323149625967e-32
gaussian,gaussian,32,100.0,0.0,medium,1.0,100000,15,torch,cuda,0.08665760142492764,1.1639882322073053e-14,716.8738379166125,2.2737367544323206e-13,31.982016822474783,0.0,3.17173906225994e-16,0.0,718.1500014325877,32.0,1.1188716152414955e-31,3.191323149625967e-32
gaussian,gaussian,32,100.0,0.0,medium,1.0,100000,16,torch,cuda,0.08432844832078878,1.145844827682711e-14,719.8172283504875,1.1368683772161603e-13,32.06505295288321,0.0,1.5793847833030826e-16,0.0,718.1500014325877,32.0,1.1188716152414955e-31,3.191323149625967e-32
gaussian,gaussian,32,100.0,0.0,medium,1.0,100000,17,torch,cuda,0.09666442548484185,1.1469200318487933e-14,717.4058639876748,1.1368683772161603e-13,31.970071780187318,0.0,1.584693454966925e-16,0.0,718.1500014325877,32.0,1.1188716152414955e-31,3.191323149625967e-32
gaussian,gaussian,32,100.0,0.0,medium,1.0,100000,18,torch,cuda,0.0617539493832882,1.162292691274871e-14,718.5482942639034,2.2737367544323206e-13,31.989406321890975,0.0,3.164347856063852e-16,0.0,718.1500014325877,32.0,1.1188716152414955e-31,3.191323149625967e-32
gaussian,gaussian,32,100.0,0.0,medium,1.0,100000,19,torch,cuda,0.1172392348563959,1.145844827682711e-14,718.1465902568218,1.1368683772161603e-13,32.00585100002179,0.0,1.5830589362118898e-16,0.0,718.1500014325877,32.0,1.1188716152414955e-31,3.191323149625967e-32
gaussian,gaussian,32,100.0,0.0,far,4.0,100000,0,torch,cuda,0.07520520356009532,4.635576669436108e-14,718.40305296515,3.637978807091713e-12,32.01251733344816,0.0,5.063980159989928e-15,0.0,718.1500014325877,32.0,1.1188716152414955e-31,3.191323149625967e-32
gaussian,gaussian,32,100.0,0.0,far,4.0,100000,1,torch,cuda,0.0921276901232554,4.635576669436108e-14,718.9835767750028,3.637978807091713e-12,32.02202007285814,0.0,5.0598913864066944e-15,0.0,718.1500014325877,32.0,1.1188716152414955e-31,3.191323149625967e-32
gaussian,gaussian,32,100.0,0.0,far,4.0,100000,2,torch,cuda,0.06403536745221243,4.635576669436108e-14,717.9260873610892,3.637978807091713e-12,31.999508825933333,0.0,5.067344495676404e-15,0.0,718.1500014325877,32.0,1.1188716152414955e-31,3.191323149625967e-32
gaussian,gaussian,32,100.0,0.0,far,4.0,100000,3,torch,cuda,0.09319944875545781,4.635576669436108e-14,719.0754862704252,3.637978807091713e-12,32.03284940442711,0.0,5.059244650322519e-15,0.0,718.1500014325877,32.0,1.1188716152414955e-31,3.191323149625967e-32
gaussian,gaussian,32,100.0,0.0,far,4.0,100000,4,torch,cuda,0.0805266823466428,4.635576669436108e-14,717.6013252902358,3.637978807091713e-12,31.965513557410986,0.0,5.069637804278473e-15,0.0,718.1500014325877,32.0,1.1188716152414955e-31,3.191323149625967e-32
gaussian,gaussian,32,100.0,0.0,far,4.0,100000,5,torch,cuda,0.1177509249874228,4.635576669436108e-14,717.5856601829164,3.637978807091713e-12,31.96054447271615,0.0,5.069748475972016e-15,0.0,718.1500014325877,32.0,1.1188716152414955e-31,3.191323149625967e-32
gaussian,gaussian,32,100.0,0.0,far,4.0,100000,6,torch,cuda,0.07275451422155262,4.635576669436108e-14,718.0374448357325,3.637978807091713e-12,32.002813405751226,0.0,5.066558622056241e-15,0.0,718.1500014325877,32.0,1.1188716152414955e-31,3.191323149625967e-32
gaussian,gaussian,32,100.0,0.0,far,4.0,100000,7,torch,cuda,0.07090072563208141,4.635576669436108e-14,718.1090939122168,3.637978807091713e-12,32.01138762926075,0.0,5.066053107992568e-15,0.0,718.1500014325877,32.0,1.1188716152414955e-31,3.191323149625967e-32
gaussian,gaussian,32,100.0,0.0,far,4.0,100000,8,torch,cuda,0.060814161736040255,4.635576669436108e-14,717.3832498177399,3.637978807091713e-12,32.0026005683917,0.0,5.0711789103188385e-15,0.0,718.1500014325877,32.0,1.1188716152414955e-31,3.191323149625967e-32
gaussian,gaussian,32,100.0,0.0,far,4.0,100000,9,torch,cuda,0.1004019722781489,4.649170765099484e-14,718.2011924444105,3.637978807091713e-12,32.00858013570894,0.0,5.065403462656178e-15,0.0,718.1500014325877,32.0,1.1188716152414955e-31,3.191323149625967e-32
gaussian,gaussian,32,100.0,0.0,far,4.0,100000,10,torch,cuda,0.11673924852724216,4.635576669436108e-14,719.4459308177702,3.637978807091713e-12,32.01151800164325,0.0,5.05663963233004e-15,0.0,718.1500014325877,32.0,1.1188716152414955e-31,3.191323149625967e-32
gaussian,gaussian,32,100.0,0.0,far,4.0,100000,11,torch,cuda,0.07955103905987311,4.649170765099484e-14,717.9488885400242,3.637978807091713e-12,32.01229633760465,0.0,5.067183563010562e-15,0.0,718.1500014325877,32.0,1.1188716152414955e-31,3.191323149625967e-32
gaussian,gaussian,32,100.0,0.0,far,4.0,100000,12,torch,cuda,0.10505384500622533,4.635576669436108e-14,718.6516327745612,3.637978807091713e-12,32.01315127551254,0.0,5.062228541868402e-15,0.0,718.1500014325877,32.0,1.1188716152414955e-31,3.191323149625967e-32
gaussian,gaussian,32,100.0,0.0,far,4.0,100000,13,torch,cuda,0.08411196650963483,4.635576669436108e-14,717.1564269522278,3.637978807091713e-12,31.980984186858223,0.0,5.072782827245096e-15,0.0,718.1500014325877,32.0,1.1188716152414955e-31,3.191323149625967e-32
gaussian,gaussian,32,100.0,0.0,far,4.0,100000,14,torch,cuda,0.07504635064346561,4.635576669436108e-14,717.8648707547636,3.637978807091713e-12,31.975830835643478,0.0,5.067776618274606e-15,0.0,718.1500014325877,32.0,1.1188716152414955e-31,3.191323149625967e-32
gaussian,gaussian,32,100.0,0.0,far,4.0,100000,15,torch,cuda,0.08665760142492525,4.635576669436108e-14,716.8738379166134,3.637978807091713e-12,31.982016822474748,0.0,5.074782499615897e-15,0.0,718.1500014325877,32.0,1.1188716152414955e-31,3.191323149625967e-32
gaussian,gaussian,32,100.0,0.0,far,4.0,100000,16,torch,cuda,0.08432844832078516,4.635576669436108e-14,719.8172283504919,3.637978807091713e-12,32.06505295288321,0.0,5.054031306569834e-15,0.0,718.1500014325877,32.0,1.1188716152414955e-31,3.191323149625967e-32
gaussian,gaussian,32,100.0,0.0,far,4.0,100000,17,torch,cuda,0.09666442548484129,4.6330233359075296e-14,717.4058639876748,3.637978807091713e-12,31.970071780187368,0.0,5.07101905589416e-15,0.0,718.1500014325877,32.0,1.1188716152414955e-31,3.191323149625967e-32
gaussian,gaussian,32,100.0,0.0,far,4.0,100000,18,torch,cuda,0.061753949383286634,4.635576669436108e-14,718.5482942639028,3.637978807091713e-12,31.989406321890897,0.0,5.0629565697021675e-15,0.0,718.1500014325877,32.0,1.1188716152414955e-31,3.191323149625967e-32
gaussian,gaussian,32,100.0,0.0,far,4.0,100000,19,torch,cuda,0.11723923485639773,4.635576669436108e-14,718.1465902568216,3.637978807091713e-12,32.00585100002178,0.0,5.0657885958780496e-15,0.0,718.1500014325877,32.0,1.1188716152414955e-31,3.191323149625967e-32
gaussian,gaussian,32,100.0,0.0,underdispersed,,100000,0,torch,cuda,0.03760260178004567,0.11280780534013703,179.60076324128718,1616.4068691715847,2.0007823333405157,18.00704100006464,9.0,8.999999999999998,179.53750035814693,2.0,1615.8375032233223,18.0
gaussian,gaussian,32,100.0,0.0,underdispersed,,100000,1,torch,cuda,0.046063845061628396,0.13819153518488522,179.74589419374993,1617.7130477437495,2.001376254553633,18.012386290982693,9.0,8.999999999999998,179.53750035814693,2.0,1615.8375032233223,18.0
gaussian,gaussian,32,100.0,0.0,underdispersed,,100000,2,torch,cuda,0.032017683726107506,0.09605305117832254,179.48152184027177,1615.3336965624458,1.9999693016208364,17.99972371458753,9.0,9.000000000000002,179.53750035814693,2.0,1615.8375032233223,18.0
gaussian,gaussian,32,100.0,0.0,underdispersed,,100000,3,torch,cuda,0.046599724377729,0.139799173133187,179.76887156760662,1617.9198441084593,2.002053087776696,18.018477789990264,8.999999999999998,9.0,179.53750035814693,2.0,1615.8375032233223,18.0
gaussian,gaussian,32,100.0,0.0,underdispersed,,100000,4,torch,cuda,0.04026334117331982,0.12079002351995946,179.40033132255954,1614.6029819030355,1.9978445973381884,17.980601376043694,8.999999999999998,8.999999999999998,179.53750035814693,2.0,1615.8375032233223,18.0
gaussian,gaussian,32,100.0,0.0,underdispersed,,100000,5,torch,cuda,0.05887546249370977,0.1766263874811293,179.3964150457286,1614.5677354115571,1.9975340295447583,17.977806265902824,8.999999999999998,9.0,179.53750035814693,2.0,1615.8375032233223,18.0
gaussian,gaussian,32,100.0,0.0,underdispersed,,100000,6,torch,cuda,0.03637725711077639,0.1091317713323292,179.50936120893363,1615.5842508804026,2.0001758378594583,18.001582540735125,9.0,9.0,179.53750035814693,2.0,1615.8375032233223,18.0
gaussian,gaussian,32,100.0,0.0,underdispersed,,100000,7,torch,cuda,0.03545036281604391,0.10635108844813176,179.52727347805367,1615.745461302483,2.0007117268288006,18.006405541459205,9.0,9.0,179.53750035814693,2.0,1615.8375032233223,18.0
gaussian,gaussian,32,100.0,0.0,underdispersed,,100000,8,torch,cuda,0.03040708086801764,0.09122124260405291,179.34581245443496,1614.1123120899147,2.000162535524482,18.001462819720338,9.0,9.0,179.53750035814693,2.0,1615.8375032233223,18.0
gaussian,gaussian,32,100.0,0.0,underdispersed,,100000,9,torch,cuda,0.05020098613907509,0.15060295841722526,179.55029811110305,1615.9526829999274,2.0005362584818105,18.004826326336293,9.0,9.0,179.53750035814693,2.0,1615.8375032233223,18.0
gaussian,gaussian,32,100.0,0.0,underdispersed,,100000,10,torch,cuda,0.05836962426361798,0.1751088727908539,179.8614827044428,1618.7533443399852,2.000719875102706,18.00647887592435,9.0,8.999999999999998,179.53750035814693,2.0,1615.8375032233223,18.0
gaussian,gaussian,32,100.0,0.0,underdispersed,,100000,11,torch,cuda,0.03977551952993658,0.11932655858980976,179.4872221350061,1615.3849992150551,2.000768521100299,18.00691668990269,9.000000000000002,9.0,179.53750035814693,2.0,1615.8375032233223,18.0
gaussian,gaussian,32,100.0,0.0,underdispersed,,100000,12,torch,cuda,0.05252692250311189,0.15758076750933567,179.66290819364033,1616.966173742763,2.0008219547195254,18.00739759247573,9.0,9.0,179.53750035814693,2.0,1615.8375032233223,18.0
gaussian,gaussian,32,100.0,0.0,underdispersed,,100000,13,torch,cuda,0.04205598325481747,0.12616794976445242,179.28910673805703,1613.6019606425134,1.9988115116786416,17.989303605107775,9.0,9.0,179.53750035814693,2.0,1615.8375032233223,18.0
gaussian,gaussian,32,100.0,0.0,underdispersed,,100000,14,torch,cuda,0.03752317532173016,0.11256952596519049,179.46621768869076,1615.1959591982165,1.998489427227725,17.986404845049524,8.999999999999998,9.0,179.53750035814693,2.0,1615.8375032233223,18.0
gaussian,gaussian,32,100.0,0.0,underdispersed,,100000,15,torch,cuda,0.0433288007124639,0.12998640213739168,179.2184594791532,1612.9661353123788,1.9988760514046733,17.98988446264206,9.0,9.0,179.53750035814693,2.0,1615.8375032233223,18.0
gaussian,gaussian,32,100.0,0.0,underdispersed,,100000,16,torch,cuda,0.04216422416039496,0.12649267248118487,179.95430708762186,1619.5887637885971,2.0040658095552,18.036592285996804,9.000000000000002,9.000000000000002,179.53750035814693,2.0,1615.8375032233223,18.0
gaussian,gaussian,32,100.0,0.0,underdispersed,,100000,17,torch,cuda,0.04833221274242103,0.14499663822726308,179.3514659969187,1614.1631939722683,1.9981294862617074,17.98316537635537,9.0,9.000000000000002,179.53750035814693,2.0,1615.8375032233223,18.0
gaussian,gaussian,32,100.0,0.0,underdispersed,,100000,18,torch,cuda,0.030876974691644223,0.09263092407493269,179.6370735659759,1616.7336620937826,1.9993378951181857,17.994041056063672,8.999999999999998,9.0,179.53750035814693,2.0,1615.8375032233223,18.0
gaussian,gaussian,32,100.0,0.0,underdispersed,,100000,19,torch,cuda,0.05861961742819868,0.17585885228459602,179.5366475642054,1615.829828077849,2.000365687501362,18.00329118751226,9.000000000000002,9.000000000000002,179.53750035814693,2.0,1615.8375032233223,18.0
gaussian,gaussian,32,100.0,0.0,overdispersed,,100000,0,torch,cuda,0.1504104071201827,0.11280780534013703,2873.612211860595,1616.4068691715847,512.200277335172,288.1126560010342,0.5625,0.5624999999999999,2872.600005730351,512.0,1615.8375032233223,288.0
gaussian,gaussian,32,100.0,0.0,overdispersed,,100000,1,torch,cuda,0.18425538024651358,0.13819153518488522,2875.934307099999,1617.7130477437495,512.35232116573,288.1981806557231,0.5625,0.5624999999999999,2872.600005730351,512.0,1615.8375032233223,288.0
gaussian,gaussian,32,100.0,0.0,overdispersed,,100000,2,torch,cuda,0.12807073490443002,0.09605305117832254,2871.7043494443483,1615.3336965624458,511.9921412149341,287.9955794334005,0.5625,0.5625000000000001,2872.600005730351,512.0,1615.8375032233223,288.0
gaussian,gaussian,32,100.0,0.0,overdispersed,,100000,3,torch,cuda,0.186398897510916,0.139799173133187,2876.301945081706,1617.9198441084593,512.5255904708342,288.2956446398442,0.5624999999999999,0.5625,2872.600005730351,512.0,1615.8375032233223,288.0
gaussian,gaussian,32,100.0,0.0,overdispersed,,100000,4,torch,cuda,0.16105336469327927,0.12079002351995946,2870.4053011609526,1614.6029819030355,511.44821691857624,287.6896220166991,0.5624999999999999,0.5624999999999999,2872.600005730351,512.0,1615.8375032233223,288.0
gaussian,gaussian,32,100.0,0.0,overdispersed,,100000,5,torch,cuda,0.23550184997483908,0.1766263874811293,2870.3426407316574,1614.5677354115571,511.36871156345813,287.6449002544452,0.5624999999999999,0.5625,2872.600005730351,512.0,1615.8375032233223,288.0
gaussian,gaussian,32,100.0,0.0,overdispersed,,100000,6,torch,cuda,0.14550902844310556,0.1091317713323292,2872.149779342938,1615.5842508804026,512.0450144920213,288.025320651762,0.5625,0.5625,2872.600005730351,512.0,1615.8375032233223,288.0
gaussian,gaussian,32,100.0,0.0,overdispersed,,100000,7,torch,cuda,0.14180145126417565,0.10635108844813176,2872.4363756488588,1615.745461302483,512.182202068173,288.1024886633473,0.5625,0.5625,2872.600005730351,512.0,1615.8375032233223,288.0
gaussian,gaussian,32,100.0,0.0,overdispersed,,100000,8,torch,cuda,0.12162832347207056,0.09122124260405291,2869.5329992709594,1614.1123120899147,512.0416090942674,288.0234051155254,0.5625,0.5625,2872.600005730351,512.0,1615.8375032233223,288.0
gaussian,gaussian,32,100.0,0.0,overdispersed,,100000,9,torch,cuda,0.20080394455630035,0.15060295841722526,2872.8047697776487,1615.9526829999274,512.1372821713435,288.0772212213807,0.5625,0.5625,2872.600005730351,512.0,1615.8375032233223,288.0
gaussian,gaussian,32,100.0,0.0,overdispersed,,100000,10,torch,cuda,0.2334784970544719,0.1751088727908539,2877.783723271085,1618.7533443399852,512.1842880262927,288.1036620147896,0.5625,0.5624999999999999,2872.600005730351,512.0,1615.8375032233223,288.0
gaussian,gaussian,32,100.0,0.0,overdispersed,,100000,11,torch,cuda,0.15910207811974633,0.11932655858980976,2871.7955541600977,1615.3849992150551,512.1967414016765,288.110667038443,0.5625000000000001,0.5625,2872.600005730351,512.0,1615.8375032233223,288.0
gaussian,gaussian,32,100.0,0.0,overdispersed,,100000,12,torch,cuda,0.21010769001244756,0.15758076750933567,2874.6065310982453,1616.966173742763,512.2104204081985,288.1183614796117,0.5625,0.5625,2872.600005730351,512.0,1615.8375032233223,288.0
gaussian,gaussian,32,100.0,0.0,overdispersed,,100000,13,torch,cuda,0.16822393301926988,0.12616794976445242,2868.6257078089125,1613.6019606425134,511.69574698973224,287.8288576817244,0.5625,0.5625,2872.600005730351,512.0,1615.8375032233223,288.0
gaussian,gaussian,32,100.0,0.0,overdispersed,,100000,14,torch,cuda,0.15009270128692065,0.11256952596519049,2871.459483019052,1615.1959591982165,511.6132933702976,287.7824775207924,0.5624999999999999,0.5625,2872.600005730351,512.0,1615.8375032233223,288.0
gaussian,gaussian,32,100.0,0.0,overdispersed,,100000,15,torch,cuda,0.1733152028498556,0.12998640213739168,2867.4953516664514,1612.9661353123788,511.71226915959636,287.83815140227296,0.5625,0.5625,2872.600005730351,512.0,1615.8375032233223,288.0
gaussian,gaussian,32,100.0,0.0,overdispersed,,100000,16,torch,cuda,0.16865689664157985,0.12649267248118487,2879.2689134019497,1619.5887637885971,513.0408472461312,288.58547657594886,0.5625000000000001,0.5625000000000001,2872.600005730351,512.0,1615.8375032233223,288.0
gaussian,gaussian,32,100.0,0.0,overdispersed,,100000,17,torch,cuda,0.1933288509696841,0.14499663822726308,2869.6234559506993,1614.1631939722683,511.5211484829971,287.7306460216859,0.5625,0.5625000000000001,2872.600005730351,512.0,1615.8375032233223,288.0
gaussian,gaussian,32,100.0,0.0,overdispersed,,100000,18,torch,cuda,0.12350789876657689,0.09263092407493269,2874.1931770556143,1616.7336620937826,511.83050115025554,287.90465689701875,0.5624999999999999,0.5625,2872.600005730351,512.0,1615.8375032233223,288.0
gaussian,gaussian,32,100.0,0.0,overdispersed,,100000,19,torch,cuda,0.2344784697127947,0.17585885228459602,2872.5863610272863,1615.829828077849,512.0936160003487,288.0526590001962,0.5625000000000001,0.5625000000000001,2872.600005730351,512.0,1615.8375032233223,288.0
gaussian,gaussian,32,10000.0,0.0,optimum,0.0,100000,0,torch,cuda,0.5129911356028204,3.845854538057228e-17,38932.38199231133,1.8681004201111617e-28,32.012517333448244,8.449498070550401e-32,4.798320381424616e-33,2.6394356877776532e-33,38902.15814316795,32.0,1.438739013086754e-28,6.657448995120574e-32
gaussian,gaussian,32,10000.0,0.0,optimum,0.0,100000,1,torch,cuda,0.5734032520422211,3.945521156979059e-17,38929.86205886739,1.8701665731071865e-28,32.02202007285812,8.444527366309747e-32,4.8039383501519566e-33,2.63710014143278e-33,38902.15814316795,32.0,1.438739013086754e-28,6.657448995120574e-32
gaussian,gaussian,32,10000.0,0.0,optimum,0.0,100000,2,torch,cuda,0.3937629141497066,1.5684022513134947e-17,38867.5204473586,1.8708186240781314e-28,31.999508825933383,8.466090546362193e-32,4.813321257814558e-33,2.6456939049955085e-33,38902.15814316795,32.0,1.438739013086754e-28,6.657448995120574e-32
gaussian,gaussian,32,10000.0,0.0,optimum,0.0,100000,3,torch,cuda,0.6708385355121005,7.542257038495002e-17,38938.9124965806,1.8787597501239266e-28,32.03284940442714,8.450175880953778e-32,4.824890141163827e-33,2.6379719687958546e-33,38902.15814316795,32.0,1.438739013086754e-28,6.657448995120574e-32
gaussian,gaussian,32,10000.0,0.0,optimum,0.0,100000,4,torch,cuda,0.5442838406928939,2.577233105300089e-17,38869.91722981458,1.8823337846242112e-28,31.965513557411015,8.451997908046385e-32,4.842649325685715e-33,2.644098895162859e-33,38902.15814316795,32.0,1.438739013086754e-28,6.657448995120574e-32
gaussian,gaussian,32,10000.0,0.0,optimum,0.0,100000,5,torch,cuda,0.8304297589024626,6.440773936164764e-17,38901.15335327949,1.8725366863421469e-28,31.960544472716133,8.490055068875075e-32,4.813576269414865e-33,2.6564175325995493e-33,38902.15814316795,32.0,1.438739013086754e-28,6.657448995120574e-32
gaussian,gaussian,32,10000.0,0.0,optimum,0.0,100000,6,torch,cuda,0.48588762589519885,3.7712843719273633e-17,38901.584680932894,1.8624898035541404e-28,32.00281340575133,8.435607893807996e-32,4.787696488022545e-33,2.6358957216842706e-33,38902.15814316795,32.0,1.438739013086754e-28,6.657448995120574e-32
gaussian,gaussian,32,10000.0,0.0,optimum,0.0,100000,7,torch,cuda,0.48331209526664953,2.3233449739628226e-17,38907.23678605401,1.8762330824452473e-28,32.01138762926081,8.4748917143468e-32,4.822324167512631e-33,2.6474615260352266e-33,38902.15814316795,32.0,1.438739013086754e-28,6.657448995120574e-32
gaussian,gaussian,32,10000.0,0.0,optimum,0.0,100000,8,torch,cuda,0.3939953225051116,5.979785759989581e-17,38847.32475826071,1.8695081582370432e-28,32.00260056839171,8.469874253137614e-32,4.8124502005495264e-33,2.6466206191702836e-33,38902.15814316795,32.0,1.438739013086754e-28,6.657448995120574e-32
gaussian,gaussian,32,10000.0,0.0,optimum,0.0,100000,9,torch,cuda,0.7427327806165249,7.11728130266283e-17,38869.0219442428,1.8657574681931078e-28,32.00858013570896,8.42713726580618e-32,4.80011426803977e-33,2.6327744717438484e-33,38902.15814316795,32.0,1.438739013086754e-28,6.657448995120574e-32
gaussian,gaussian,32,10000.0,0.0,optimum,0.0,100000,10,torch,cuda,0.9473098001609912,5.001110727624601e-17,39024.98546251691,1.8790794513846246e-28,32.011518001643296,8.472632983390569e-32,4.815067652464498e-33,2.6467451443432426e-33,38902.15814316795,32.0,1.438739013086754e-28,6.657448995120574e-32
gaussian,gaussian,32,10000.0,0.0,optimum,0.0,100000,11,torch,cuda,0.5106602730069105,8.807021052157839e-18,38862.30728025713,1.8634658609559282e-28,32.01229633760478,8.446617222332701e-32,4.7950469011463146e-33,2.6385539897712607e-33,38902.15814316795,32.0,1.438739013086754e-28,6.657448995120574e-32
gaussian,gaussian,32,10000.0,0.0,optimum,0.0,100000,12,torch,cuda,0.8824520566522807,4.696590283063308e-17,38953.48731880577,1.8597120631336086e-28,32.013151275512406,8.43737854547936e-32,4.774186321017236e-33,2.6355976245091825e-33,38902.15814316795,32.0,1.438739013086754e-28,6.657448995120574e-32
gaussian,gaussian,32,10000.0,0.0,optimum,0.0,100000,13,torch,cuda,0.6216220166383218,5.325108046154032e-17,38820.29369563656,1.8558267367396386e-28,31.980984186858265,8.446772680460915e-32,4.780558208265785e-33,2.6411859719851558e-33,38902.15814316795,32.0,1.438739013086754e-28,6.657448995120574e-32
gaussian,gaussian,32,10000.0,0.0,optimum,0.0,100000,14,torch,cuda,0.45513123939351763,8.294068814562468e-18,38874.90288638546,1.8701890019087984e-28,31.9758308356436,8.461610905546032e-32,4.810787585436683e-33,2.6462520861580985e-33,38902.15814316795,32.0,1.438739013086754e-28,6.657448995120574e-32
gaussian,gaussian,32,10000.0,0.0,optimum,0.0,100000,15,torch,cuda,0.6811867991148335,9.032621747041289e-17,38801.620648632874,1.853506322824816e-28,31.982016822474773,8.438829897931161e-32,4.7768786247595095e-33,2.638617178138975e-33,38902.15814316795,32.0,1.438739013086754e-28,6.657448995120574e-32
gaussian,gaussian,32,10000.0,0.0,optimum,0.0,100000,16,torch,cuda,0.6374908689997674,7.330674359755487e-17,38980.83997143905,1.8656262809970784e-28,32.0650529528832,8.480089705492271e-32,4.786008414297917e-33,2.644651707874309e-33,38902.15814316795,32.0,1.438739013086754e-28,6.657448995120574e-32
gaussian,gaussian,32,10000.0,0.0,optimum,0.0,100000,17,torch,cuda,0.7061578974649526,5.262187552085395e-17,38856.29567407314,1.8760505740007323e-28,31.970071780187318,8.433364906329155e-32,4.8281765964956016e-33,2.637893641376035e-33,38902.15814316795,32.0,1.438739013086754e-28,6.657448995120574e-32
gaussian,gaussian,32,10000.0,0.0,optimum,0.0,100000,18,torch,cuda,0.40984865887392335,5.209861760488007e-17,38938.26605712451,1.8624818357012125e-28,31.98940632189097,8.45581088611116e-32,4.78316582707831e-33,2.6433159781163817e-33,38902.15814316795,32.0,1.438739013086754e-28,6.657448995120574e-32
gaussian,gaussian,32,10000.0,0.0,optimum,0.0,100000,19,torch,cuda,0.8516605388669815,9.448974481812053e-17,38932.119919309946,1.867821124846775e-28,32.00585100002179,8.421725729995724e-32,4.797635291163157e-33,2.6313081723682304e-33,38902.15814316795,32.0,1.438739013086754e-28,6.657448995120574e-32
gaussian,gaussian,32,10000.0,0.0,near,0.25,100000,0,torch,cuda,0.5129911356028205,1.3504392527987353e-14,38932.38199231133,0.0,32.012517333448244,0.0,0.0,0.0,38902.15814316795,32.0,1.438739013086754e-28,6.657448995120574e-32
gaussian,gaussian,32,10000.0,0.0,near,0.25,100000,1,torch,cuda,0.5734032520422204,1.2019798696656816e-14,38929.86205886739,0.0,32.02202007285811,0.0,0.0,0.0,38902.15814316795,32.0,1.438739013086754e-28,6.657448995120574e-32
gaussian,gaussian,32,10000.0,0.0,near,0.25,100000,2,torch,cuda,0.39376291414970616,1.3504392527987353e-14,38867.520447358605,0.0,31.999508825933383,0.0,0.0,0.0,38902.15814316795,32.0,1.438739013086754e-28,6.657448995120574e-32
gaussian,gaussian,32,10000.0,0.0,near,0.25,100000,3,torch,cuda,0.6708385355120993,1.3504392527987353e-14,38938.9124965806,0.0,32.03284940442713,0.0,0.0,0.0,38902.15814316795,32.0,1.438739013086754e-28,6.657448995120574e-32
gaussian,gaussian,32,10000.0,0.0,near,0.25,100000,4,torch,cuda,0.5442838406928935,1.3504734799828306e-14,38869.917229814586,0.0,31.96551355741101,0.0,0.0,0.0,38902.15814316795,32.0,1.438739013086754e-28,6.657448995120574e-32
gaussian,gaussian,32,10000.0,0.0,near,0.25,100000,5,torch,cuda,0.8304297589024664,1.3509867836869818e-14,38901.153353279486,0.0,31.96054447271613,0.0,0.0,0.0,38902.15814316795,32.0,1.438739013086754e-28,6.657448995120574e-32
gaussian,gaussian,32,10000.0,0.0,near,0.25,100000,6,torch,cuda,0.4858876258951986,1.3504392527987353e-14,38901.5846809329,0.0,32.00281340575133,0.0,0.0,0.0,38902.15814316795,32.0,1.438739013086754e-28,6.657448995120574e-32
gaussian,gaussian,32,10000.0,0.0,near,0.25,100000,7,torch,cuda,0.4833120952666495,1.2020952295860427e-14,38907.23678605401,0.0,32.01138762926081,0.0,0.0,0.0,38902.15814316795,32.0,1.438739013086754e-28,6.657448995120574e-32
gaussian,gaussian,32,10000.0,0.0,near,0.25,100000,8,torch,cuda,0.3939953225051132,1.3504392527987353e-14,38847.3247582607,0.0,32.00260056839171,0.0,0.0,0.0,38902.15814316795,32.0,1.438739013086754e-28,6.657448995120574e-32
gaussian,gaussian,32,10000.0,0.0,near,0.25,100000,9,torch,cuda,0.7427327806165248,1.344585050264648e-14,38869.02194424279,0.0,32.00858013570896,0.0,0.0,0.0,38902.15814316795,32.0,1.438739013086754e-28,6.657448995120574e-32
gaussian,gaussian,32,10000.0,0.0,near,0.25,100000,10,torch,cuda,0.9473098001609939,1.3500284589043445e-14,39024.98546251691,0.0,32.011518001643296,0.0,0.0,0.0,38902.15814316795,32.0,1.438739013086754e-28,6.657448995120574e-32
gaussian,gaussian,32,10000.0,0.0,near,0.25,100000,11,torch,cuda,0.5106602730069075,1.3504392527987353e-14,38862.30728025714,0.0,32.01229633760478,0.0,0.0,0.0,38902.15814316795,32.0,1.438739013086754e-28,6.657448995120574e-32
gaussian,gaussian,32,10000.0,0.0,near,0.25,100000,12,torch,cuda,0.8824520566522803,1.3504392527987353e-14,38953.48731880577,0.0,32.013151275512406,0.0,0.0,0.0,38902.15814316795,32.0,1.438739013086754e-28,6.657448995120574e-32
gaussian,gaussian,32,10000.0,0.0,near,0.25,100000,13,torch,cuda,0.6216220166383208,1.3503365660410794e-14,38820.29369563656,0.0,31.980984186858265,0.0,0.0,0.0,38902.15814316795,32.0,1.438739013086754e-28,6.657448995120574e-32
gaussian,gaussian,32,10000.0,0.0,near,0.25,100000,14,torch,cuda,0.4551312393935193,1.3504392527987353e-14,38874.902886385455,0.0,31.975830835643595,0.0,0.0,0.0,38902.15814316795,32.0,1.438739013086754e-28,6.657448995120574e-32
gaussian,gaussian,32,10000.0,0.0,near,0.25,100000,15,torch,cuda,0.6811867991148352,1.3504392527987353e-14,38801.620648632874,0.0,31.982016822474765,0.0,0.0,0.0,38902.15814316795,32.0,1.438739013086754e-28,6.657448995120574e-32
gaussian,gaussian,32,10000.0,0.0,near,0.25,100000,16,torch,cuda,0.6374908689997687,1.2020952295860427e-14,38980.839971439054,0.0,32.06505295288321,0.0,0.0,0.0,38902.15814316795,32.0,1.438739013086754e-28,6.657448995120574e-32
gaussian,gaussian,32,10000.0,0.0,near,0.25,100000,17,torch,cuda,0.706157897464952,1.1955148359134237e-14,38856.29567407314,0.0,31.970071780187325,0.0,0.0,0.0,38902.15814316795,32.0,1.438739013086754e-28,6.657448995120574e-32
gaussian,gaussian,32,10000.0,0.0,near,0.25,100000,18,torch,cuda,0.40984865887392663,1.3504392527987353e-14,38938.2660571245,0.0,31.98940632189097,0.0,0.0,0.0,38902.15814316795,32.0,1.438739013086754e-28,6.657448995120574e-32
gaussian,gaussian,32,10000.0,0.0,near,0.25,100000,19,torch,cuda,0.8516605388669806,1.2020952295860427e-14,38932.119919309946,0.0,32.0058510000218,0.0,0.0,0.0,38902.15814316795,32.0,1.438739013086754e-28,6.657448995120574e-32
gaussian,gaussian,32,10000.0,0.0,medium,1.0,100000,0,torch,cuda,0.5129911356028096,5.4199809994407684e-14,38932.381992311326,0.0,32.01251733344826,0.0,0.0,0.0,38902.15814316795,32.0,1.438739013086754e-28,6.657448995120574e-32
gaussian,gaussian,32,10000.0,0.0,medium,1.0,100000,1,torch,cuda,0.5734032520422171,5.4236184489287225e-14,38929.86205886739,0.0,32.02202007285813,0.0,0.0,0.0,38902.15814316795,32.0,1.438739013086754e-28,6.657448995120574e-32
gaussian,gaussian,32,10000.0,0.0,medium,1.0,100000,2,torch,cuda,0.3937629141496921,5.4199809994407684e-14,38867.520447358605,0.0,31.99950882593338,0.0,0.0,0.0,38902.15814316795,32.0,1.438739013086754e-28,6.657448995120574e-32
gaussian,gaussian,32,10000.0,0.0,medium,1.0,100000,3,torch,cuda,0.6708385355121059,5.4236184489287225e-14,38938.9124965806,0.0,32.03284940442714,0.0,0.0,0.0,38902.15814316795,32.0,1.438739013086754e-28,6.657448995120574e-32
gaussian,gaussian,32,10000.0,0.0,medium,1.0,100000,4,torch,cuda,0.544283840692882,5.4236184489287225e-14,38869.917229814586,0.0,31.965513557411015,0.0,0.0,0.0,38902.15814316795,32.0,1.438739013086754e-28,6.657448995120574e-32
gaussian,gaussian,32,10000.0,0.0,medium,1.0,100000,5,torch,cuda,0.8304297589024673,5.4236184489287225e-14,38901.153353279486,0.0,31.96054447271613,0.0,0.0,0.0,38902.15814316795,32.0,1.438739013086754e-28,6.657448995120574e-32
gaussian,gaussian,32,10000.0,0.0,medium,1.0,100000,6,torch,cuda,0.4858876258951936,5.4236184489287225e-14,38901.58468093289,0.0,32.00281340575134,0.0,0.0,0.0,38902.15814316795,32.0,1.438739013086754e-28,6.657448995120574e-32
gaussian,gaussian,32,10000.0,0.0,medium,1.0,100000,7,torch,cuda,0.4833120952666522,5.4198445475955915e-14,38907.236786053996,0.0,32.01138762926082,0.0,0.0,0.0,38902.15814316795,32.0,1.438739013086754e-28,6.657448995120574e-32
gaussian,gaussian,32,10000.0,0.0,medium,1.0,100000,8,torch,cuda,0.3939953225051295,5.4236184489287225e-14,38847.3247582607,0.0,32.0026005683917,0.0,0.0,0.0,38902.15814316795,32.0,1.438739013086754e-28,6.657448995120574e-32
gaussian,gaussian,32,10000.0,0.0,medium,1.0,100000,9,torch,cuda,0.7427327806165199,5.4199809994407684e-14,38869.021944242784,0.0,32.00858013570896,0.0,0.0,0.0,38902.15814316795,32.0,1.438739013086754e-28,6.657448995120574e-32
gaussian,gaussian,32,10000.0,0.0,medium,1.0,100000,10,torch,cuda,0.9473098001609994,5.4236184489287225e-14,39024.9854625169,0.0,32.01151800164328,0.0,0.0,0.0,38902.15814316795,32.0,1.438739013086754e-28,6.657448995120574e-32
gaussian,gaussian,32,10000.0,0.0,medium,1.0,100000,11,torch,cuda,0.5106602730069099,5.4236184489287225e-14,38862.307280257155,0.0,32.01229633760478,0.0,0.0,0.0,38902.15814316795,32.0,1.438739013086754e-28,6.657448995120574e-32
gaussian,gaussian,32,10000.0,0.0,medium,1.0,100000,12,torch,cuda,0.882452056652273,5.4198445475955915e-14,38953.48731880576,0.0,32.01315127551241,0.0,0.0,0.0,38902.15814316795,32.0,1.438739013086754e-28,6.657448995120574e-32
gaussian,gaussian,32,10000.0,0.0,medium,1.0,100000,13,torch,cuda,0.6216220166383386,5.4199809994407684e-14,38820.293695636545,0.0,31.980984186858265,0.0,0.0,0.0,38902.15814316795,32.0,1.438739013086754e-28,6.657448995120574e-32
gaussian,gaussian,32,10000.0,0.0,medium,1.0,100000,14,torch,cuda,0.45513123939352085,5.4199809994407684e-14,38874.902886385455,0.0,31.975830835643592,0.0,0.0,0.0,38902.15814316795,32.0,1.438739013086754e-28,6.657448995120574e-32
gaussian,gaussian,32,10000.0,0.0,medium,1.0,100000,15,torch,cuda,0.6811867991148116,5.4236184489287225e-14,38801.62064863289,0.0,31.982016822474765,0.0,0.0,0.0,38902.15814316795,32.0,1.438739013086754e-28,6.657448995120574e-32
gaussian,gaussian,32,10000.0,0.0,medium,1.0,100000,16,torch,cuda,0.6374908689997854,5.4236184489287225e-14,38980.83997143904,0.0,32.06505295288321,0.0,0.0,0.0,38902.15814316795,32.0,1.438739013086754e-28,6.657448995120574e-32
gaussian,gaussian,32,10000.0,0.0,medium,1.0,100000,17,torch,cuda,0.7061578974649523,5.4199809994407684e-14,38856.29567407314,0.0,31.97007178018731,0.0,0.0,0.0,38902.15814316795,32.0,1.438739013086754e-28,6.657448995120574e-32
gaussian,gaussian,32,10000.0,0.0,medium,1.0,100000,18,torch,cuda,0.4098486588739332,5.4199809994407684e-14,38938.26605712451,0.0,31.98940632189097,0.0,0.0,0.0,38902.15814316795,32.0,1.438739013086754e-28,6.657448995120574e-32
gaussian,gaussian,32,10000.0,0.0,medium,1.0,100000,19,torch,cuda,0.8516605388669698,5.4236184489287225e-14,38932.119919309946,0.0,32.00585100002179,0.0,0.0,0.0,38902.15814316795,32.0,1.438739013086754e-28,6.657448995120574e-32
gaussian,gaussian,32,10000.0,0.0,far,4.0,100000,0,torch,cuda,0.5129911356027711,2.1691019102406602e-13,38932.38199231133,0.0,32.01251733344816,0.0,0.0,0.0,38902.15814316795,32.0,1.438739013086754e-28,6.657448995120574e-32
gaussian,gaussian,32,10000.0,0.0,far,4.0,100000,1,torch,cuda,0.5734032520422224,2.1691019102406602e-13,38929.86205886735,0.0,32.022020072858254,0.0,0.0,0.0,38902.15814316795,32.0,1.438739013086754e-28,6.657448995120574e-32
gaussian,gaussian,32,10000.0,0.0,far,4.0,100000,2,torch,cuda,0.3937629141497135,2.1691019102406602e-13,38867.520447358605,0.0,31.999508825933333,0.0,0.0,0.0,38902.15814316795,32.0,1.438739013086754e-28,6.657448995120574e-32
gaussian,gaussian,32,10000.0,0.0,far,4.0,100000,3,torch,cuda,0.6708385355121291,2.1691019102406602e-13,38938.912496580626,0.0,32.03284940442711,0.0,0.0,0.0,38902.15814316795,32.0,1.438739013086754e-28,6.657448995120574e-32
gaussian,gaussian,32,10000.0,0.0,far,4.0,100000,4,torch,cuda,0.544283840692914,2.1691019102406602e-13,38869.917229814455,0.0,31.965513557410986,0.0,0.0,0.0,38902.15814316795,32.0,1.438739013086754e-28,6.657448995120574e-32
gaussian,gaussian,32,10000.0,0.0,far,4.0,100000,5,torch,cuda,0.8304297589024404,2.1676466985576576e-13,38901.15335327946,0.0,31.96054447271615,0.0,0.0,0.0,38902.15814316795,32.0,1.438739013086754e-28,6.657448995120574e-32
gaussian,gaussian,32,10000.0,0.0,far,4.0,100000,6,torch,cuda,0.4858876258951791,2.1691019102406602e-13,38901.58468093281,0.0,32.00281340575134,0.0,0.0,0.0,38902.15814316795,32.0,1.438739013086754e-28,6.657448995120574e-32
gaussian,gaussian,32,10000.0,0.0,far,4.0,100000,7,torch,cuda,0.4833120952666575,2.1691019102406602e-13,38907.23678605398,0.0,32.01138762926087,0.0,0.0,0.0,38902.15814316795,32.0,1.438739013086754e-28,6.657448995120574e-32
gaussian,gaussian,32,10000.0,0.0,far,4.0,100000,8,torch,cuda,0.3939953225051647,2.1691019102406602e-13,38847.32475826063,0.0,32.0026005683917,0.0,0.0,0.0,38902.15814316795,32.0,1.438739013086754e-28,6.657448995120574e-32
gaussian,gaussian,32,10000.0,0.0,far,4.0,100000,9,torch,cuda,0.7427327806164614,2.1691019102406602e-13,38869.021944242646,0.0,32.008580135708996,0.0,0.0,0.0,38902.15814316795,32.0,1.438739013086754e-28,6.657448995120574e-32
gaussian,gaussian,32,10000.0,0.0,far,4.0,100000,10,torch,cuda,0.9473098001610172,2.1691019102406602e-13,39024.98546251701,0.0,32.01151800164325,0.0,0.0,0.0,38902.15814316795,32.0,1.438739013086754e-28,6.657448995120574e-32
gaussian,gaussian,32,10000.0,0.0,far,4.0,100000,11,torch,cuda,0.5106602730068639,2.1691019102406602e-13,38862.30728025711,0.0,32.01229633760477,0.0,0.0,0.0,38902.15814316795,32.0,1.438739013086754e-28,6.657448995120574e-32
gaussian,gaussian,32,10000.0,0.0,far,4.0,100000,12,torch,cuda,0.8824520566522667,2.1691019102406602e-13,38953.48731880577,0.0,32.01315127551243,0.0,0.0,0.0,38902.15814316795,32.0,1.438739013086754e-28,6.657448995120574e-32
gaussian,gaussian,32,10000.0,0.0,far,4.0,100000,13,torch,cuda,0.6216220166383282,2.1691019102406602e-13,38820.29369563656,0.0,31.980984186858336,0.0,0.0,0.0,38902.15814316795,32.0,1.438739013086754e-28,6.657448995120574e-32
gaussian,gaussian,32,10000.0,0.0,far,4.0,100000,14,torch,cuda,0.4551312393935357,2.169392835439915e-13,38874.90288638545,0.0,31.975830835643478,0.0,0.0,0.0,38902.15814316795,32.0,1.438739013086754e-28,6.657448995120574e-32
gaussian,gaussian,32,10000.0,0.0,far,4.0,100000,15,torch,cuda,0.681186799114799,2.1691019102406602e-13,38801.620648632874,0.0,31.982016822474748,0.0,0.0,0.0,38902.15814316795,32.0,1.438739013086754e-28,6.657448995120574e-32
gaussian,gaussian,32,10000.0,0.0,far,4.0,100000,16,torch,cuda,0.6374908689997467,2.169392835439915e-13,38980.83997143898,0.0,32.06505295288321,0.0,0.0,0.0,38902.15814316795,32.0,1.438739013086754e-28,6.657448995120574e-32
gaussian,gaussian,32,10000.0,0.0,far,4.0,100000,17,torch,cuda,0.7061578974649584,2.169392835439915e-13,38856.295674073044,0.0,31.970071780187368,0.0,0.0,0.0,38902.15814316795,32.0,1.438739013086754e-28,6.657448995120574e-32
gaussian,gaussian,32,10000.0,0.0,far,4.0,100000,18,torch,cuda,0.40984865887393873,2.1691019102406602e-13,38938.26605712448,0.0,31.98940632189101,0.0,0.0,0.0,38902.15814316795,32.0,1.438739013086754e-28,6.657448995120574e-32
gaussian,gaussian,32,10000.0,0.0,far,4.0,100000,19,torch,cuda,0.851660538867018,2.1691019102406602e-13,38932.11991930986,0.0,32.005851000021835,0.0,0.0,0.0,38902.15814316795,32.0,1.438739013086754e-28,6.657448995120574e-32
gaussian,gaussian,32,10000.0,0.0,underdispersed,,100000,0,torch,cuda,0.2564955678014102,0.7694867034042305,9733.095498077833,87597.85948270051,2.0007823333405153,18.00704100006464,9.000000000000002,9.0,9725.539535791988,2.0,87529.8558221279,18.0
gaussian,gaussian,32,10000.0,0.0,underdispersed,,100000,1,torch,cuda,0.28670162602111054,0.8601048780633318,9732.465514716847,87592.18963245163,2.0013762545536324,18.012386290982693,9.0,9.0,9725.539535791988,2.0,87529.8558221279,18.0
gaussian,gaussian,32,10000.0,0.0,underdispersed,,100000,2,torch,cuda,0.1968814570748533,0.5906443712245598,9716.88011183965,87451.92100655688,1.9999693016208364,17.99972371458753,9.000000000000004,9.000000000000002,9725.539535791988,2.0,87529.8558221279,18.0
gaussian,gaussian,32,10000.0,0.0,underdispersed,,100000,3,torch,cuda,0.33541926775605024,1.0062578032681506,9734.72812414515,87612.55311730635,2.002053087776696,18.018477789990264,9.0,9.0,9725.539535791988,2.0,87529.8558221279,18.0
gaussian,gaussian,32,10000.0,0.0,underdispersed,,100000,4,torch,cuda,0.27214192034644696,0.816425761039341,9717.479307453645,87457.31376708281,1.9978445973381884,17.980601376043694,9.000000000000002,8.999999999999998,9725.539535791988,2.0,87529.8558221279,18.0
gaussian,gaussian,32,10000.0,0.0,underdispersed,,100000,5,torch,cuda,0.4152148794512313,1.245644638353694,9725.288338319873,87527.59504487886,1.9975340295447583,17.977806265902824,9.0,9.0,9725.539535791988,2.0,87529.8558221279,18.0
gaussian,gaussian,32,10000.0,0.0,underdispersed,,100000,6,torch,cuda,0.24294381294759942,0.7288314388427984,9725.396170233224,87528.56553209902,2.0001758378594583,18.001582540735125,9.0,9.0,9725.539535791988,2.0,87529.8558221279,18.0
gaussian,gaussian,32,10000.0,0.0,underdispersed,,100000,7,torch,cuda,0.24165604763332477,0.7249681428999741,9726.809196513503,87541.28276862153,2.0007117268288006,18.006405541459205,9.0,9.0,9725.539535791988,2.0,87529.8558221279,18.0
gaussian,gaussian,32,10000.0,0.0,underdispersed,,100000,8,torch,cuda,0.1969976612525558,0.5909929837576675,9711.831189565177,87406.4807060866,2.000162535524482,18.00146281972034,9.000000000000002,9.000000000000002,9725.539535791988,2.0,87529.8558221279,18.0
gaussian,gaussian,32,10000.0,0.0,underdispersed,,100000,9,torch,cuda,0.37136639030826246,1.1140991709247878,9717.2554860607,87455.29937454627,2.00053625848181,18.004826326336293,8.999999999999998,9.000000000000002,9725.539535791988,2.0,87529.8558221279,18.0
gaussian,gaussian,32,10000.0,0.0,underdispersed,,100000,10,torch,cuda,0.4736549000804956,1.420964700241487,9756.246365629228,87806.21729066306,2.000719875102706,18.00647887592435,9.000000000000002,8.999999999999998,9725.539535791988,2.0,87529.8558221279,18.0
gaussian,gaussian,32,10000.0,0.0,underdispersed,,100000,11,torch,cuda,0.25533013650345526,0.7659904095103658,9715.576820064283,87440.19138057856,2.000768521100299,18.00691668990269,9.000000000000002,9.0,9725.539535791988,2.0,87529.8558221279,18.0
gaussian,gaussian,32,10000.0,0.0,underdispersed,,100000,12,torch,cuda,0.44122602832614033,1.3236780849784213,9738.371829701442,87645.34646731298,2.0008219547195254,18.00739759247573,9.0,9.0,9725.539535791988,2.0,87529.8558221279,18.0
gaussian,gaussian,32,10000.0,0.0,underdispersed,,100000,13,torch,cuda,0.3108110083191609,0.9324330249574827,9705.07342390914,87345.66081518227,1.9988115116786416,17.989303605107775,9.000000000000002,9.0,9725.539535791988,2.0,87529.8558221279,18.0
gaussian,gaussian,32,10000.0,0.0,underdispersed,,100000,14,torch,cuda,0.22756561969675881,0.6826968590902762,9718.725721596365,87468.53149436729,1.998489427227725,17.986404845049524,9.0,9.0,9725.539535791988,2.0,87529.8558221279,18.0
gaussian,gaussian,32,10000.0,0.0,underdispersed,,100000,15,torch,cuda,0.34059339955741674,1.0217801986722506,9700.405162158218,87303.64645942398,1.9988760514046733,17.989884462642056,9.000000000000002,8.999999999999998,9725.539535791988,2.0,87529.8558221279,18.0
gaussian,gaussian,32,10000.0,0.0,underdispersed,,100000,16,torch,cuda,0.3187454344998837,0.956236303499651,9745.209992859762,87706.88993573785,2.0040658095552,18.036592285996804,9.0,9.000000000000002,9725.539535791988,2.0,87529.8558221279,18.0
gaussian,gaussian,32,10000.0,0.0,underdispersed,,100000,17,torch,cuda,0.3530789487324763,1.059236846197429,9714.073918518285,87426.66526666457,1.9981294862617074,17.98316537635537,9.0,9.000000000000002,9725.539535791988,2.0,87529.8558221279,18.0
gaussian,gaussian,32,10000.0,0.0,underdispersed,,100000,18,torch,cuda,0.20492432943696168,0.6147729883108851,9734.566514281127,87611.09862853013,1.9993378951181857,17.994041056063672,9.0,9.0,9725.539535791988,2.0,87529.8558221279,18.0
gaussian,gaussian,32,10000.0,0.0,underdispersed,,100000,19,torch,cuda,0.4258302694334907,1.2774908083004721,9733.029979827486,87597.26981844738,2.000365687501362,18.00329118751226,9.0,9.000000000000002,9725.539535791988,2.0,87529.8558221279,18.0
gaussian,gaussian,32,10000.0,0.0,overdispersed,,100000,0,torch,cuda,1.0259822712056408,0.7694867034042305,155729.52796924533,87597.85948270049,512.2002773351719,288.1126560010342,0.5624999999999999,0.5625,155608.6325726718,512.0,87529.8558221279,288.0
gaussian,gaussian,32,10000.0,0.0,overdispersed,,100000,1,torch,cuda,1.1468065040844422,0.8601048780633318,155719.44823546955,87592.18963245161,512.3523211657299,288.1981806557231,0.5624999999999999,0.5625,155608.6325726718,512.0,87529.8558221279,288.0
gaussian,gaussian,32,10000.0,0.0,overdispersed,,100000,2,torch,cuda,0.7875258282994132,0.5906443712245598,155470.0817894344,87451.92100655683,511.9921412149341,287.9955794334005,0.5624999999999999,0.5625000000000001,155608.6325726718,512.0,87529.8558221279,288.0
gaussian,gaussian,32,10000.0,0.0,overdispersed,,100000,3,torch,cuda,1.341677071024201,1.0062578032681506,155755.6499863224,87612.55311730635,512.5255904708342,288.2956446398442,0.5625,0.5625,155608.6325726718,512.0,87529.8558221279,288.0
gaussian,gaussian,32,10000.0,0.0,overdispersed,,100000,4,torch,cuda,1.0885676813857879,0.816425761039341,155479.6689192583,87457.3137670828,511.44821691857624,287.68962201669905,0.5625,0.5624999999999998,155608.6325726718,512.0,87529.8558221279,288.0
gaussian,gaussian,32,10000.0,0.0,overdispersed,,100000,5,torch,cuda,1.6608595178049252,1.2456446383536939,155604.61341311797,87527.59504487886,511.36871156345813,287.6449002544452,0.5625,0.5625,155608.6325726718,512.0,87529.8558221279,288.0
gaussian,gaussian,32,10000.0,0.0,overdispersed,,100000,6,torch,cuda,0.9717752517903977,0.7288314388427984,155606.33872373158,87528.56553209902,512.0450144920213,288.025320651762,0.5625,0.5625,155608.6325726718,512.0,87529.8558221279,288.0
gaussian,gaussian,32,10000.0,0.0,overdispersed,,100000,7,torch,cuda,0.9666241905332991,0.724968142899974,155628.94714421604,87541.28276862152,512.182202068173,288.1024886633473,0.5625,0.5625,155608.6325726718,512.0,87529.8558221279,288.0
gaussian,gaussian,32,10000.0,0.0,overdispersed,,100000,8,torch,cuda,0.7879906450102232,0.5909929837576673,155389.29903304283,87406.4807060866,512.0416090942674,288.0234051155254,0.5625000000000001,0.5625,155608.6325726718,512.0,87529.8558221279,288.0
gaussian,gaussian,32,10000.0,0.0,overdispersed,,100000,9,torch,cuda,1.4854655612330498,1.1140991709247876,155476.0877769712,87455.29937454627,512.1372821713434,288.0772212213807,0.5624999999999999,0.5625000000000001,155608.6325726718,512.0,87529.8558221279,288.0
gaussian,gaussian,32,10000.0,0.0,overdispersed,,100000,10,torch,cuda,1.8946196003219824,1.420964700241487,156099.94185006764,87806.21729066304,512.1842880262927,288.1036620147897,0.5625,0.5625,155608.6325726718,512.0,87529.8558221279,288.0
gaussian,gaussian,32,10000.0,0.0,overdispersed,,100000,11,torch,cuda,1.021320546013821,0.7659904095103658,155449.22912102853,87440.19138057856,512.1967414016765,288.110667038443,0.5625000000000001,0.5625,155608.6325726718,512.0,87529.8558221279,288.0
gaussian,gaussian,32,10000.0,0.0,overdispersed,,100000,12,torch,cuda,1.7649041133045613,1.3236780849784213,155813.94927522307,87645.34646731296,512.2104204081985,288.1183614796117,0.5624999999999999,0.5625,155608.6325726718,512.0,87529.8558221279,288.0
gaussian,gaussian,32,10000.0,0.0,overdispersed,,100000,13,torch,cuda,1.2432440332766437,0.9324330249574827,155281.17478254624,87345.66081518226,511.69574698973224,287.8288576817244,0.5625,0.5625,155608.6325726718,512.0,87529.8558221279,288.0
gaussian,gaussian,32,10000.0,0.0,overdispersed,,100000,14,torch,cuda,0.9102624787870353,0.6826968590902763,155499.61154554185,87468.53149436729,511.6132933702976,287.7824775207924,0.5625,0.5625,155608.6325726718,512.0,87529.8558221279,288.0
gaussian,gaussian,32,10000.0,0.0,overdispersed,,100000,15,torch,cuda,1.362373598229667,1.0217801986722503,155206.4825945315,87303.64645942397,511.71226915959636,287.8381514022729,0.5625,0.5624999999999999,155608.6325726718,512.0,87529.8558221279,288.0
gaussian,gaussian,32,10000.0,0.0,overdispersed,,100000,16,torch,cuda,1.2749817379995347,0.956236303499651,155923.3598857562,87706.88993573785,513.0408472461312,288.58547657594886,0.5625,0.5625000000000001,155608.6325726718,512.0,87529.8558221279,288.0
gaussian,gaussian,32,10000.0,0.0,overdispersed,,100000,17,torch,cuda,1.4123157949299052,1.0592368461974289,155425.18269629256,87426.66526666457,511.5211484829971,287.7306460216859,0.5625,0.5625000000000001,155608.6325726718,512.0,87529.8558221279,288.0
gaussian,gaussian,32,10000.0,0.0,overdispersed,,100000,18,torch,cuda,0.8196973177478467,0.614772988310885,155753.06422849803,87611.09862853012,511.83050115025554,287.90465689701875,0.5624999999999999,0.5625,155608.6325726718,512.0,87529.8558221279,288.0
gaussian,gaussian,32,10000.0,0.0,overdispersed,,100000,19,torch,cuda,1.703321077733963,1.277490808300472,155728.47967723978,87597.26981844736,512.0936160003487,288.0526590001962,0.5624999999999999,0.5625000000000001,155608.6325726718,512.0,87529.8558221279,288.0
log_cosh,log_cosh,2,10.0,0.1,optimum,0.0,100000,0,torch,cuda,0.009998071136826414,4.4914954643799535e-05,11.094194111005605,0.00026015172228068326,1.997485595021879,0.0002421759974024293,2.3449357355538687e-05,0.00012124042246210876,,,,
log_cosh,log_cosh,2,10.0,0.1,optimum,0.0,100000,1,torch,cuda,0.003927691871120395,1.591770886655357e-05,11.150518160790957,0.00025621145793808134,2.0010883091131566,0.00023851025854782114,2.297753828508245e-05,0.00011919027134465856,,,,
log_cosh,log_cosh,2,10.0,0.1,optimum,0.0,100000,2,torch,cuda,0.006271015373714196,8.198873496389801e-06,11.128858886501524,0.0002580935623697298,1.9971937761070273,0.00024019115039465341,2.3191377031725873e-05,0.00012026431950075426,,,,
log_cosh,log_cosh,2,10.0,0.1,optimum,0.0,100000,3,torch,cuda,0.0022285752223692498,4.336260796216205e-05,11.21006899656761,0.0002599918604511878,2.006056557743453,0.00024200011149061546,2.319270831703125e-05,0.00012063474011063449,,,,
log_cosh,log_cosh,2,10.0,0.1,optimum,0.0,100000,4,torch,cuda,0.013161530974556876,1.6172169329588383e-05,11.26737224258012,0.00025634000593774105,2.0099841528358975,0.0002385295024990681,2.2750646771836985e-05,0.00011867232990992767,,,,
log_cosh,log_cosh,2,10.0,0.1,optimum,0.0,100000,5,torch,cuda,0.00877207920089312,3.121204479253346e-05,11.084150916714432,0.0002627487570953236,1.9995452262502962,0.0002447144705315633,2.3704906137565266e-05,0.0001223850640230184,,,,
log_cosh,log_cosh,2,10.0,0.1,optimum,0.0,100000,6,torch,cuda,0.013350648172025319,6.436284857240813e-05,11.117773731724593,0.00025504468079557286,1.988461814791844,0.000237295251934578,2.294026546590009e-05,0.00011933608690364442,,,,
log_cosh,log_cosh,2,10.0,0.1,optimum,0.0,100000,7,torch,cuda,0.014380213763961803,5.322924358860279e-05,11.096960991799394,0.00025721132432844634,1.998226076796301,0.0002394565884218712,2.3178537305711392e-05,0.00011983458288452784,,,,
log_cosh,log_cosh,2,10.0,0.1,optimum,0.0,100000,8,torch,cuda,0.005776963188193738,4.048289625635102e-06,11.115758895614679,0.0002552488668766759,1.9982209416798549,0.00023761949890800603,2.2962792668827594e-05,0.00011891552828399707,,,,
log_cosh,log_cosh,2,10.0,0.1,optimum,0.0,100000,9,torch,cuda,0.0007559351571960129,3.7209651487946424e-05,11.17107820715114,0.0002556394988040623,1.9983642816247236,0.00023792503927858236,2.2884048796687793e-05,0.00011905989386736984,,,,
log_cosh,log_cosh,2,10.0,0.1,optimum,0.0,100000,10,torch,cuda,0.004183118368743486,8.422317108851283e-05,11.225882989358638,0.0002582901401233319,2.009237982323231,0.00024038615775942378,2.300844756427384e-05,0.0001196404606494007,,,,
log_cosh,log_cosh,2,10.0,0.1,optimum,0.0,100000,11,torch,cuda,0.004761283168767429,0.00011887178748303583,11.115161280177386,0.0002571010673746492,1.9935885066525256,0.00023939009869146664,2.313066458452199e-05,0.00012007999539154214,,,,
log_cosh,log_cosh,2,10.0,0.1,optimum,0.0,100000,12,torch,cuda,0.022495576903642393,3.0500901815799536e-05,11.249959739539896,0.00025567573421196506,2.0028553391073047,0.00023792385092724242,2.2726813262570994e-05,0.00011879232927191225,,,,
log_cosh,log_cosh,2,10.0,0.1,optimum,0.0,100000,13,torch,cuda,0.010498417668603635,3.2070415157828474e-05,11.126129806171079,0.00025955189362510345,1.995093227662378,0.0002417072100750368,2.332813818881959e-05,0.0001211508348200057,,,,
log_cosh,log_cosh,2,10.0,0.1,optimum,0.0,100000,14,torch,cuda,0.01254829710317319,6.648880094628212e-05,11.231655121206952,0.00025427477134054604,2.0031551552099014,0.00023658032247010928,2.263911850893991e-05,0.00011810384325687399,,,,
log_cosh,log_cosh,2,10.0,0.1,optimum,0.0,100000,15,torch,cuda,0.012926246872443859,4.2545671311886756e-05,11.102050961693141,0.00025683890645524166,1.9984292791729348,0.00023909074660854543,2.3134365653827975e-05,0.0001196393333005484,,,,
log_cosh,log_cosh,2,10.0,0.1,optimum,0.0,100000,16,torch,cuda,0.018201428822255127,7.852926882245684e-05,11.236837891117354,0.00025932622443676707,2.015744494937244,0.0002414220148951842,2.307822066577669e-05,0.00011976816283092485,,,,
log_cosh,log_cosh,2,10.0,0.1,optimum,0.0,100000,17,torch,cuda,0.008677717050755786,2.3089064435747406e-05,11.106036420557023,0.00025878730668990867,1.9965908363968636,0.0002408870938529767,2.3301499913227296e-05,0.00012064920336291447,,,,
log_cosh,log_cosh,2,10.0,0.1,optimum,0.0,100000,18,torch,cuda,0.002916593998512216,3.0038478589480132e-05,11.192384385625548,0.0002541430359528622,2.0023501715650354,0.00023649462271242594,2.2706782325959046e-05,0.00011810852370920812,,,,
log_cosh,log_cosh,2,10.0,0.1,optimum,0.0,100000,19,torch,cuda,0.010133381414591233,7.45787762300717e-05,11.179616702094794,0.00025918325702053584,2.009473768844897,0.0002413081534280552,2.3183554850495998e-05,0.00012008524677919337,,,,
log_cosh,log_cosh,2,10.0,0.1,near,0.25,100000,0,torch,cuda,0.009995793123102814,3.1865259193494766e-05,11.091183666606593,0.00028173400376196867,1.9953696022975072,0.0002620918636192654,2.540161737743242e-05,0.00013135003325573757,,,,
log_cosh,log_cosh,2,10.0,0.1,near,0.25,100000,1,torch,cuda,0.003935242547054887,4.7159106925126144e-06,11.147469055936174,0.00027822981982572603,1.998954015573057,0.000258801258589042,2.495901252828013e-05,0.00012946834022835153,,,,
log_cosh,log_cosh,2,10.0,0.1,near,0.25,100000,2,torch,cuda,0.0062724724765491685,6.817929243554782e-06,11.125752880656915,0.00027950645788721307,1.9950102664520244,0.0002599274517346012,2.5122475834705915e-05,0.00013028877901308377,,,,
log_cosh,log_cosh,2,10.0,0.1,near,0.25,100000,3,torch,cuda,0.0022413437796988,5.604119790642279e-05,11.206954010850428,0.00028213171581092933,2.003879317890899,0.0002623871622376567,2.5174700952441943e-05,0.00013093960294665926,,,,
log_cosh,log_cosh,2,10.0,0.1,near,0.25,100000,4,torch,cuda,0.013162075027770899,5.335144828332769e-06,11.264271172134444,0.0002795147432426148,2.007760277679629,0.0002599455627109587,2.481427683790838e-05,0.0001294704181573799,,,,
log_cosh,log_cosh,2,10.0,0.1,near,0.25,100000,5,torch,cuda,0.008772704262474049,1.6951560555828505e-05,11.081039663593822,0.0002839637173783771,1.9973552147049283,0.00026425599220880613,2.5626089789329524e-05,0.00013230295255611056,,,,
log_cosh,log_cosh,2,10.0,0.1,near,0.25,100000,6,torch,cuda,0.01335693279583382,0.00010055948367465467,11.11466127494941,0.0002752363380149614,1.9862883086813894,0.00025585826948151813,2.4763358163266576e-05,0.00012881225165714807,,,,
log_cosh,log_cosh,2,10.0,0.1,near,0.25,100000,7,torch,cuda,0.014392256198892986,8.001000455098153e-05,11.093843634064056,0.0002782518867823214,1.9960721295099868,0.00025879918100427113,2.5081648521522216e-05,0.0001296542230003499,,,,
log_cosh,log_cosh,2,10.0,0.1,near,0.25,100000,8,torch,cuda,0.005772449914359354,2.312310421364943e-05,11.112631854192506,0.00027750791833425215,1.9960214398065237,0.00025815905431736397,2.497229477007786e-05,0.0001293368143091627,,,,
log_cosh,log_cosh,2,10.0,0.1,near,0.25,100000,9,torch,cuda,0.000779346880292056,1.694004927019622e-05,11.167889234004637,0.00027789231886432564,1.9961453824112292,0.00025838002128980575,2.4883155002843597e-05,0.00012943948049399964,,,,
log_cosh,log_cosh,2,10.0,0.1,near,0.25,100000,10,torch,cuda,0.004185548018400378,8.58637044021337e-05,11.222867063796789,0.00027941590147262385,2.0071563788580673,0.00025979556118607694,2.489701605519108e-05,0.000129434638936246,,,,
log_cosh,log_cosh,2,10.0,0.1,near,0.25,100000,11,torch,cuda,0.004763776729803527,0.00012492105180131666,11.112122127255843,0.0002765608871764247,1.991457171753811,0.0002573069637119285,2.488821523101113e-05,0.00012920537150458864,,,,
log_cosh,log_cosh,2,10.0,0.1,near,0.25,100000,12,torch,cuda,0.022491808836989095,1.8641330126718937e-05,11.246745188153938,0.00027716730843307946,2.000620481510716,0.00025767181065074196,2.464422406626732e-05,0.0001287959475733088,,,,
log_cosh,log_cosh,2,10.0,0.1,near,0.25,100000,13,torch,cuda,0.010483483396102276,6.429857636400554e-06,11.123051722521476,0.0002808583855989921,1.9929652988881104,0.000261321213902474,2.5250119536019253e-05,0.00013112180831661592,,,,
log_cosh,log_cosh,2,10.0,0.1,near,0.25,100000,14,torch,cuda,0.012547147499993474,5.3722005651498846e-05,11.228387965419044,0.00027718317821046057,2.0008653514544346,0.00025769727196674197,2.4685928119345675e-05,0.00012879291041719578,,,,
log_cosh,log_cosh,2,10.0,0.1,near,0.25,100000,15,torch,cuda,0.012913398443963699,1.2855728800618926e-05,11.098932484323978,0.0002783629337155258,1.996208286140596,0.00025889449655440433,2.5080153799357084e-05,0.0001296931278924518,,,,
log_cosh,log_cosh,2,10.0,0.1,near,0.25,100000,16,torch,cuda,0.01819622881154431,4.685449168154239e-05,11.233739977471133,0.0002804196884318433,2.0136148082872047,0.0002608003849477458,2.4962273383059872e-05,0.00012951850764823512,,,,
log_cosh,log_cosh,2,10.0,0.1,near,0.25,100000,17,torch,cuda,0.008680791869645339,2.4884166375152503e-05,11.102866638225706,0.00028031718580878717,1.9944082780019248,0.00026065250385372274,2.5247280269375844e-05,0.0001306916476073066,,,,
log_cosh,log_cosh,2,10.0,0.1,near,0.25,100000,18,torch,cuda,0.002903193216773905,1.675055778585607e-05,11.189288686757896,0.0002763999719560539,2.0001539970519504,0.00025704177479551893,2.470219329340952e-05,0.0001285109922407853,,,,
log_cosh,log_cosh,2,10.0,0.1,near,0.25,100000,19,torch,cuda,0.010120774356048353,2.9104375201544148e-05,11.176489159688414,0.0002814717892769547,2.0072999164317125,0.0002618030510378039,2.5184276140326142e-05,0.0001304254779740137,,,,
log_cosh,log_cosh,2,10.0,0.1,medium,1.0,100000,0,torch,cuda,0.009986477137475443,2.654780263341232e-05,11.05019806932561,0.0006715893731925604,1.9673382690773498,0.000620256193943014,6.077622943762738e-05,0.0003152768406390551,,,,
log_cosh,log_cosh,2,10.0,0.1,medium,1.0,100000,1,torch,cuda,0.003940008151321847,1.9139905688191105e-05,11.106271833320594,0.0006677371698042833,1.9708172448962387,0.0006164587056642912,6.0122530748884144e-05,0.0003127934400110991,,,,
log_cosh,log_cosh,2,10.0,0.1,medium,1.0,100000,2,torch,cuda,0.0062717070116590935,3.634849751617493e-05,11.084569778053263,0.0006697865737184117,1.9668563226063742,0.000618254531746576,6.042513035052981e-05,0.0003143363979567647,,,,
log_cosh,log_cosh,2,10.0,0.1,medium,1.0,100000,3,torch,cuda,0.0021990403811270533,1.9254723484806727e-05,11.165687156994645,0.000673443157637621,1.97577955328499,0.0006216531115978974,6.031363302309151e-05,0.000314636878676226,,,,
log_cosh,log_cosh,2,10.0,0.1,medium,1.0,100000,4,torch,cuda,0.013146461402813031,8.67597247020507e-05,11.222880819714696,0.0006717217135321363,1.979414926720909,0.0006201913151657745,5.985287773457907e-05,0.00031332052052026357,,,,
log_cosh,log_cosh,2,10.0,0.1,medium,1.0,100000,5,torch,cuda,0.008765305940157684,5.5643334513188466e-05,11.039879569669266,0.0006773979523782003,1.969223256939245,0.0006257583483622042,6.135917951852204e-05,0.00031776912351462764,,,,
log_cosh,log_cosh,2,10.0,0.1,medium,1.0,100000,6,torch,cuda,0.013358121919725682,0.00012918570540406928,11.073530412803695,0.0006606102695236871,1.9582189810155355,0.0006094600788904003,5.965669889341351e-05,0.0003112318309642435,,,,
log_cosh,log_cosh,2,10.0,0.1,medium,1.0,100000,7,torch,cuda,0.014374983351304872,2.1744485288142188e-05,11.052502415810322,0.0006695619910690453,1.9678690781208548,0.0006180152318364662,6.0580126190359756e-05,0.000314053022483903,,,,
log_cosh,log_cosh,2,10.0,0.1,medium,1.0,100000,8,torch,cuda,0.005758760251716991,8.435163173378141e-05,11.07131814637825,0.0006708830546191535,1.9677703663381614,0.0006195236474533239,6.0596493186190204e-05,0.0003148353375227416,,,,
log_cosh,log_cosh,2,10.0,0.1,medium,1.0,100000,9,torch,cuda,0.0008339530643835904,4.658128730263537e-05,11.126445464128636,0.0006704196442637311,1.9679229453065306,0.0006186394032032805,6.025461109076984e-05,0.0003143615986991396,,,,
log_cosh,log_cosh,2,10.0,0.1,medium,1.0,100000,10,torch,cuda,0.004214295501322751,4.450323154893089e-05,11.181811417926662,0.000667971871802564,1.979254874908593,0.0006163137856025624,5.973735800370167e-05,0.00031138677156524646,,,,
log_cosh,log_cosh,2,10.0,0.1,medium,1.0,100000,11,torch,cuda,0.004753753997667777,7.507753370216666e-05,11.07111200412952,0.000660800590608801,1.9634590644671084,0.000610130423657429,5.968692127424262e-05,0.0003107426249413665,,,,
log_cosh,log_cosh,2,10.0,0.1,medium,1.0,100000,12,torch,cuda,0.022468220485729315,0.000116464654908644,11.205251926990844,0.000668409172215334,1.9724208635923288,0.0006165999584339943,5.9651418510751366e-05,0.0003126107464260917,,,,
log_cosh,log_cosh,2,10.0,0.1,medium,1.0,100000,13,torch,cuda,0.010429581239647018,0.0001353708256518862,11.0819215945637,0.0006699291171639032,1.9649676394994804,0.0006184927461649892,6.0452432499841974e-05,0.0003147597618058141,,,,
log_cosh,log_cosh,2,10.0,0.1,medium,1.0,100000,14,torch,cuda,0.012539472641840573,3.253005085761432e-05,11.186667816576469,0.0006713792023518295,1.9724252176415868,0.00061954206650916,6.00160131113374e-05,0.0003141016759306807,,,,
log_cosh,log_cosh,2,10.0,0.1,medium,1.0,100000,15,torch,cuda,0.012861621930824421,0.00011201998650703173,11.057733300395258,0.0006727239774217963,1.9679695842913278,0.0006211414279515548,6.0837421119367195e-05,0.0003156255223198634,,,,
log_cosh,log_cosh,2,10.0,0.1,medium,1.0,100000,16,torch,cuda,0.018174357981008603,8.543472881705534e-05,11.192464516222806,0.0006740452615794368,1.9855991821457422,0.0006220695398706511,6.02231314294049e-05,0.0003132905902984963,,,,
log_cosh,log_cosh,2,10.0,0.1,medium,1.0,100000,17,torch,cuda,0.008685248769847748,5.877657977543265e-06,11.06154398830201,0.0006728315128565754,1.9662915233570246,0.0006208922471453437,6.082618426217167e-05,0.0003157681553167164,,,,
log_cosh,log_cosh,2,10.0,0.1,medium,1.0,100000,18,torch,cuda,0.002834125710973764,5.481143202019762e-05,11.148012163303884,0.0006680798146891931,1.9719151302771634,0.0006167686239142434,5.992815624011639e-05,0.00031277645495197005,,,,
log_cosh,log_cosh,2,10.0,0.1,medium,1.0,100000,19,torch,cuda,0.010070155970987914,0.00014257059861994543,11.135098269275943,0.0006743191879756694,1.9790995728273735,0.0006224403519390354,6.055799164667065e-05,0.0003145068396178809,,,,
log_cosh,log_cosh,2,10.0,0.1,far,4.0,100000,0,torch,cuda,0.009923480740792015,0.00010073714484301953,10.85483385096191,0.0038593791594792037,1.8740652780280165,0.003316030893678601,0.00035554474738802214,0.0017694319042973207,,,,
log_cosh,log_cosh,2,10.0,0.1,far,4.0,100000,1,torch,cuda,0.003866421605091281,0.0001032053139119503,10.910363957660422,0.003855614508040617,1.8775788936193898,0.0033102440309278336,0.0003533900906516963,0.0017630385823877205,,,,
log_cosh,log_cosh,2,10.0,0.1,far,4.0,100000,2,torch,cuda,0.006231392463232079,3.756578971565316e-05,10.889480440054655,0.003847180759890989,1.8740414173634647,0.003302953623116167,0.0003532933257072529,0.0017624763212346706,,,,
log_cosh,log_cosh,2,10.0,0.1,far,4.0,100000,3,torch,cuda,0.002056717884501,0.00013124680658510782,10.969519004833955,0.0038538804766972135,1.882837849849981,0.0033062776099619384,0.000351326295619609,0.0017560076191507267,,,,
log_cosh,log_cosh,2,10.0,0.1,far,4.0,100000,4,torch,cuda,0.013041858747807897,0.0002542014305462355,11.026400108909968,0.0038503680881660785,1.8865509086673313,0.0033028990127697,0.0003491953901668015,0.0017507606063506041,,,,
log_cosh,log_cosh,2,10.0,0.1,far,4.0,100000,5,torch,cuda,0.008711247122788817,0.00010288923271315877,10.844535850233484,0.0038688823211714407,1.8759953093964832,0.0033247525551765023,0.0003567586824002378,0.0017722605906973676,,,,
log_cosh,log_cosh,2,10.0,0.1,far,4.0,100000,6,torch,cuda,0.013256603999271208,0.00011002219492419725,10.879027066471195,0.0038188264673806316,1.8659158193630496,0.003275879711399199,0.0003510264699267207,0.001755641748360039,,,,
log_cosh,log_cosh,2,10.0,0.1,far,4.0,100000,7,torch,cuda,0.01421531115385755,0.0002812033679111037,10.85695305241876,0.0038652678161383847,1.8744769543581121,0.0033198872181756656,0.00035601773328818655,0.0017711005784611066,,,,
log_cosh,log_cosh,2,10.0,0.1,far,4.0,100000,8,torch,cuda,0.005729009141274477,8.123663582151183e-05,10.87580251870645,0.0038601248357963414,1.8745938098971777,0.0033154308928615706,0.0003549278160537488,0.0017686129525005864,,,,
log_cosh,log_cosh,2,10.0,0.1,far,4.0,100000,9,torch,cuda,0.0007514038810445537,4.211523175102621e-05,10.93095372971726,0.0038398352045874162,1.8753401473041826,0.003293260772736062,0.00035128089456168047,0.0017560871703568828,,,,
log_cosh,log_cosh,2,10.0,0.1,far,4.0,100000,10,torch,cuda,0.004153982453847578,0.00012033404090846282,10.985078139482056,0.003859762953538848,1.8858201709368636,0.0033113402022841854,0.0003513641782543419,0.001755915146797445,,,,
log_cosh,log_cosh,2,10.0,0.1,far,4.0,100000,11,torch,cuda,0.004699197748221614,6.156738252828802e-05,10.875909937440298,0.0038351562272112005,1.8706263467934967,0.003292163624166733,0.0003526285386024284,0.001759925829019751,,,,
log_cosh,log_cosh,2,10.0,0.1,far,4.0,100000,12,torch,cuda,0.02233186844342406,0.00017938862012811265,11.009372493496159,0.003830962552086703,1.8800821475178537,0.0032824750258093616,0.00034797283445081573,0.0017459210652805747,,,,
log_cosh,log_cosh,2,10.0,0.1,far,4.0,100000,13,torch,cuda,0.010343315143260017,0.00024765151017408347,10.886668001673655,0.0038407830000721788,1.872209165840495,0.003296066694119304,0.000352796925513088,0.001760522677838506,,,,
log_cosh,log_cosh,2,10.0,0.1,far,4.0,100000,14,torch,cuda,0.012424721615957465,0.000222753283861932,10.990896680900818,0.0038400492900620975,1.8799990087308984,0.003291861060951362,0.000349384531722062,0.0017509908492843022,,,,
log_cosh,log_cosh,2,10.0,0.1,far,4.0,100000,15,torch,cuda,0.012763910131377813,0.00024195922456380232,10.862392252574637,0.003861772094467142,1.8748132266588335,0.0033179108155074744,0.0003555176433213239,0.00176972872194871,,,,
log_cosh,log_cosh,2,10.0,0.1,far,4.0,100000,16,torch,cuda,0.01807593737462187,0.00012751806431534853,10.995164097945064,0.0038826016026121124,1.8917578595985702,0.003332041390947893,0.00035311902287458807,0.0017613466618053063,,,,
log_cosh,log_cosh,2,10.0,0.1,far,4.0,100000,17,torch,cuda,0.008651704198274608,5.0512301176136514e-05,10.866287262527408,0.0038548748709956726,1.873314475817594,0.003309057006980254,0.0003547554723948151,0.0017664183188121903,,,,
log_cosh,log_cosh,2,10.0,0.1,far,4.0,100000,18,torch,cuda,0.00273678437040909,0.00015304039465468145,10.952145001708601,0.0038468167315102164,1.8789878509643856,0.0033012350895340603,0.00035123865972465574,0.0017569219981064326,,,,
log_cosh,log_cosh,2,10.0,0.1,far,4.0,100000,19,torch,cuda,0.009997911718178775,0.0001770859416946234,10.93846524829712,0.0038799505770725773,1.885466321662669,0.003331417886478505,0.0003547070351278577,0.0017668933399673488,,,,
log_cosh,log_cosh,2,10.0,0.1,underdispersed,,100000,0,torch,cuda,0.00500604374039544,0.015005555441549568,2.7874983338301567,24.920287467611185,0.1275025727188107,1.115693101093491,8.940018785004801,8.75035755987448,,,,
log_cosh,log_cosh,2,10.0,0.1,underdispersed,,100000,1,torch,cuda,0.0019738106097722634,0.005887303515110567,2.8015678092642013,25.046323730863428,0.1277203935211897,1.1175592014342304,8.940109765696354,8.75004508382461,,,,
log_cosh,log_cosh,2,10.0,0.1,underdispersed,,100000,2,torch,cuda,0.0031358432267540462,0.009396565987698263,2.7961508717346844,24.998337612996437,0.12747227784044543,1.1154577978621665,8.940267803749764,8.750591240382189,,,,
log_cosh,log_cosh,2,10.0,0.1,underdispersed,,100000,3,torch,cuda,0.0011258179138771609,0.003244799778612815,2.816473240245134,25.181148521416333,0.12803058523377256,1.1205476799575056,8.940666703875614,8.752187439520677,,,,
log_cosh,log_cosh,2,10.0,0.1,underdispersed,,100000,4,torch,cuda,0.006599951807354105,0.01973390183753753,2.8307890804461295,25.30922979287505,0.1282660117589356,1.1225112237824448,8.940697831463424,8.751431563118244,,,,
log_cosh,log_cosh,2,10.0,0.1,underdispersed,,100000,5,torch,cuda,0.00438854498920893,0.013135036555545095,2.785014050375177,24.897953720490193,0.12764278609190813,1.116978909642437,8.939974186893643,8.750818936513697,,,,
log_cosh,log_cosh,2,10.0,0.1,underdispersed,,100000,6,torch,cuda,0.006678742355981728,0.02000197852731071,2.7932593964168393,24.972811947708333,0.12689681365212166,1.1103849972101274,8.940384118905378,8.750298492554483,,,,
log_cosh,log_cosh,2,10.0,0.1,underdispersed,,100000,7,torch,cuda,0.007207451024782264,0.02152590110376999,2.788198541859232,24.92591700399263,0.1275494136956462,1.11595580524587,8.939792711953533,8.749203723575894,,,,
log_cosh,log_cosh,2,10.0,0.1,underdispersed,,100000,8,torch,cuda,0.0028921528189812546,0.008654188270117985,2.7928743583467037,24.9679636677486,0.1275438292248206,1.115922192252849,8.93988073367141,8.749323264286044,,,,
log_cosh,log_cosh,2,10.0,0.1,underdispersed,,100000,9,torch,cuda,0.0003952413726023821,0.0011906308304353037,2.806652727129897,25.092685557150883,0.12753434658135823,1.1160355210476796,8.940431181456084,8.750862422270888,,,,
log_cosh,log_cosh,2,10.0,0.1,underdispersed,,100000,10,torch,cuda,0.002112372642340573,0.006333252917315802,2.820480244575108,25.21687407278392,0.12823695853558986,1.122314693835711,8.94063134151919,8.751881724676375,,,,
log_cosh,log_cosh,2,10.0,0.1,underdispersed,,100000,11,torch,cuda,0.002377657219887103,0.007086185938743053,2.7926466340322964,24.9667056567257,0.12723621498615464,1.1133490939511328,8.940159256982803,8.750253173377432,,,,
log_cosh,log_cosh,2,10.0,0.1,underdispersed,,100000,12,torch,cuda,0.011255967422109055,0.03373877093789475,2.8263687933964334,25.270359093469263,0.12780432739991288,1.1185587293880954,8.94092772058313,8.752119369855217,,,,
log_cosh,log_cosh,2,10.0,0.1,underdispersed,,100000,13,torch,cuda,0.005268302911870728,0.015706287960576645,2.795408701797606,24.992040265619824,0.12733351781546565,1.1143418622918688,8.940388662862976,8.751363202788413,,,,
log_cosh,log_cosh,2,10.0,0.1,underdispersed,,100000,14,torch,cuda,0.006294233411128088,0.018848095509930968,2.8218029498997645,25.228668921364434,0.1278280641383221,1.1186206086055752,8.940620365522193,8.750978246804408,,,,
log_cosh,log_cosh,2,10.0,0.1,underdispersed,,100000,15,torch,cuda,0.0064770829547979554,0.019350022210786202,2.7894766934408715,24.937574374787474,0.12756285902957412,1.116115119982428,8.93987550906063,8.74953045481419,,,,
log_cosh,log_cosh,2,10.0,0.1,underdispersed,,100000,16,torch,cuda,0.00910662021926185,0.027300285532176442,2.823290411391051,25.2415239074083,0.12866320474466644,1.126023025958095,8.940463158011315,8.75170976964782,,,,
log_cosh,log_cosh,2,10.0,0.1,underdispersed,,100000,17,torch,cuda,0.004346100411534212,0.013033811213846518,2.7904436819725595,24.946935872910405,0.12744064033271027,1.1151721039735205,8.940132364640831,8.750521819900873,,,,
log_cosh,log_cosh,2,10.0,0.1,underdispersed,,100000,18,torch,cuda,0.0014755497646628127,0.0042975975405560906,2.812020234724561,25.14035509426611,0.12778940620707832,1.1181821374257963,8.940317990538436,8.7501943284236,,,,
log_cosh,log_cosh,2,10.0,0.1,underdispersed,,100000,19,torch,cuda,0.005068315463421538,0.015132413898778565,2.808937881978262,25.112300043537314,0.12826646903442646,1.1224120408267058,8.940140757349669,8.750627106804139,,,,
log_cosh,log_cosh,2,10.0,0.1,overdispersed,,100000,0,torch,cuda,0.019955689513943185,0.01495301724458493,44.06283721414095,24.72741699424058,31.186921536083133,17.40096132484741,0.561185310743106,0.5579570046602572,,,,
log_cosh,log_cosh,2,10.0,0.1,overdispersed,,100000,1,torch,cuda,0.007806982472774565,0.005842123832415537,44.28717614375105,24.85360293574896,31.244477808662413,17.43402284351243,0.5611918640980188,0.557987333002535,,,,
log_cosh,log_cosh,2,10.0,0.1,overdispersed,,100000,2,torch,cuda,0.012526638178414722,0.009393536498547989,44.20092202784385,24.8049727411542,31.184420696183526,17.400365094477042,0.5611867717494354,0.5579826306219172,,,,
log_cosh,log_cosh,2,10.0,0.1,overdispersed,,100000,3,torch,cuda,0.004379480506046175,0.003286828234742642,44.52527662818701,24.987298112232427,31.32598317791917,17.479493545585118,0.5611935512695739,0.5579870692743631,,,,
log_cosh,log_cosh,2,10.0,0.1,overdispersed,,100000,4,torch,cuda,0.026212058637633918,0.019628684723143434,44.7532120333939,25.115483931772314,31.388306858048118,17.51552260146851,0.5611995830161123,0.5580269965080147,,,,
log_cosh,log_cosh,2,10.0,0.1,overdispersed,,100000,5,torch,cuda,0.01752270435877776,0.013141843397839385,44.02272588598805,24.704787193549205,31.21838288304773,17.417760476341165,0.5611825868650371,0.5579328225165497,,,,
log_cosh,log_cosh,2,10.0,0.1,overdispersed,,100000,6,torch,cuda,0.026654489978268293,0.019984350807052263,44.157892803316045,24.7812369291064,31.049998420506157,17.326691984376936,0.5611960932892488,0.5580255351296243,,,,
log_cosh,log_cosh,2,10.0,0.1,overdispersed,,100000,7,torch,cuda,0.02864366623717174,0.021460435113398492,44.073197273064906,24.7332507459684,31.19734930361699,17.407154932646403,0.5611857608770306,0.5579690365113242,,,,
log_cosh,log_cosh,2,10.0,0.1,overdispersed,,100000,8,torch,cuda,0.011527990656076346,0.008641437314406935,44.14857862786288,24.775764735321022,31.19822249889204,17.407998499763572,0.5611905412439402,0.5579804586745861,,,,
log_cosh,log_cosh,2,10.0,0.1,overdispersed,,100000,9,torch,cuda,0.001474536654926017,0.0010781372731234202,44.37005017857881,24.900349285645362,31.20480498325986,17.412575790454166,0.5611972306866327,0.5580094411676446,,,,
log_cosh,log_cosh,2,10.0,0.1,overdispersed,,100000,10,torch,cuda,0.008305814260393521,0.00619558206323706,44.58719885347505,25.02180430362745,31.37454984618323,17.506376806338572,0.5611880752109032,0.5579801747647466,,,,
log_cosh,log_cosh,2,10.0,0.1,overdispersed,,100000,11,torch,cuda,0.009506893250334384,0.007141537101381281,44.147347994137206,24.775322730237583,31.128604666577306,17.36975289118237,0.5611961727242996,0.5579997265290925,,,,
log_cosh,log_cosh,2,10.0,0.1,overdispersed,,100000,12,torch,cuda,0.0449203889664523,0.033671792363745366,44.68474960929678,25.077164977565157,31.278975226365365,17.454855019017412,0.5612018685754879,0.5580379437848251,,,,
log_cosh,log_cosh,2,10.0,0.1,overdispersed,,100000,13,torch,cuda,0.020884097813085915,0.015640604832231075,44.19105322265323,24.799701242748007,31.152987374709074,17.38291893222685,0.5611928079151365,0.5579856186228491,,,,
log_cosh,log_cosh,2,10.0,0.1,overdispersed,,100000,14,torch,cuda,0.024998937599674923,0.018713836049051816,44.61146197780649,25.036045543817384,31.281479223832054,17.456198614351692,0.5612020865012769,0.5580362261466376,,,,
log_cosh,log_cosh,2,10.0,0.1,overdispersed,,100000,15,torch,cuda,0.02574319869580118,0.019286560075789303,44.09355786227623,24.74464893992796,31.20068406802817,17.408859687788045,0.5611851286125854,0.5579640385393722,,,,
log_cosh,log_cosh,2,10.0,0.1,overdispersed,,100000,16,torch,cuda,0.03634816865598142,0.02724654580340872,44.63009863604884,25.04571671918887,31.474392438027596,17.561340560366116,0.5611844357197728,0.557956459205496,,,,
log_cosh,log_cosh,2,10.0,0.1,overdispersed,,100000,17,torch,cuda,0.017297650521295296,0.012952677571256,44.11018125699448,24.75405094511883,31.173864040187052,17.393983513222064,0.5611867881679498,0.557966875418428,,,,
log_cosh,log_cosh,2,10.0,0.1,overdispersed,,100000,18,torch,cuda,0.005739694117752016,0.004296488356453022,44.454206905680174,24.947523514691728,31.266206668229298,17.446977270347695,0.5611960093591061,0.5580138791852927,,,,
log_cosh,log_cosh,2,10.0,0.1,overdispersed,,100000,19,torch,cuda,0.020237391013550904,0.01518729276017891,44.40247472114473,24.918066010931344,31.375131392939732,17.506089509941898,0.5611864241221044,0.5579606756286366,,,,
log_cosh,log_cosh,2,10.0,1.0,optimum,0.0,100000,0,torch,cuda,0.010393843962352144,0.0002791697356284249,12.571005645267721,0.013361856413570728,2.003981045974848,0.007723982646287154,0.0010629107002748596,0.0038543192121509207,,,,
log_cosh,log_cosh,2,10.0,1.0,optimum,0.0,100000,1,torch,cuda,0.004274619266759315,9.216310206516289e-05,12.63267182507426,0.013111303836334832,2.008785161697363,0.007578874093765508,0.0010378884228046318,0.003772864434821684,,,,
log_cosh,log_cosh,2,10.0,1.0,optimum,0.0,100000,2,torch,cuda,0.0065657560751256824,4.885617428344735e-05,12.60602909727911,0.013219449939632935,2.004293327462092,0.007637955285589768,0.0010486609096028682,0.0038107971427820994,,,,
log_cosh,log_cosh,2,10.0,1.0,optimum,0.0,100000,3,torch,cuda,0.0030475089282366178,0.00028865850961471145,12.694114847001403,0.013354495390562007,2.012430530410185,0.007718427332971386,0.0010520225751476165,0.003835375788797128,,,,
log_cosh,log_cosh,2,10.0,1.0,optimum,0.0,100000,4,torch,cuda,0.013996534593031587,9.528223555399271e-05,12.757279830602725,0.013118208327060519,2.018113411375473,0.007577884003176742,0.0010282919635886628,0.0037549346634646917,,,,
log_cosh,log_cosh,2,10.0,1.0,optimum,0.0,100000,5,torch,cuda,0.009267550108590475,0.00025999678689654334,12.561249235046375,0.013534502013697939,2.005056872817454,0.007830149824077938,0.001077480572229723,0.00390520086000115,,,,
log_cosh,log_cosh,2,10.0,1.0,optimum,0.0,100000,6,torch,cuda,0.014019979952833697,0.0004841683180224019,12.591588258777918,0.01304681699897136,1.9970688082061512,0.007535190393511828,0.0010361534010513798,0.0037731250733820452,,,,
log_cosh,log_cosh,2,10.0,1.0,optimum,0.0,100000,7,torch,cuda,0.015442445316593827,0.0003629171178730904,12.575812850423716,0.013142600002245574,2.005732634580345,0.007597495461635959,0.0010450696236150461,0.0037878904349709437,,,,
log_cosh,log_cosh,2,10.0,1.0,optimum,0.0,100000,8,torch,cuda,0.006126082268679265,3.0718310663992896e-05,12.595885382484836,0.013030578266881313,2.0060546853589414,0.007532141574213504,0.0010345107049799722,0.003754704011404248,,,,
log_cosh,log_cosh,2,10.0,1.0,optimum,0.0,100000,9,torch,cuda,0.0007468784512407192,0.00025939285271115705,12.652027288638891,0.013088796318878252,2.006237499851746,0.007563238319107142,0.0010345216636255255,0.003769861903022967,,,,
log_cosh,log_cosh,2,10.0,1.0,optimum,0.0,100000,10,torch,cuda,0.004391388418764597,0.0005862103824069207,12.711493006332903,0.013252478327274261,2.0156502977742385,0.007657845295963754,0.0010425587553461923,0.0037991933940226897,,,,
log_cosh,log_cosh,2,10.0,1.0,optimum,0.0,100000,11,torch,cuda,0.0052833261825139585,0.0008880074874747959,12.592613965186466,0.013160492002932577,2.0014443647090805,0.007609896130830181,0.0010450961205764003,0.00380220218209079,,,,
log_cosh,log_cosh,2,10.0,1.0,optimum,0.0,100000,12,torch,cuda,0.02341767180995692,0.00018335218994563118,12.734706068648164,0.013082262255463585,2.0108487580433136,0.00755771875942987,0.001027292046235058,0.0037584720030282245,,,,
log_cosh,log_cosh,2,10.0,1.0,optimum,0.0,100000,13,torch,cuda,0.011429845967641393,0.00023328868759041563,12.602868835798471,0.013343178003366315,2.001926229292528,0.007717841837581286,0.0010587413212986073,0.0038552079115866007,,,,
log_cosh,log_cosh,2,10.0,1.0,optimum,0.0,100000,14,torch,cuda,0.013166634991503088,0.0004678272065396714,12.717521822573167,0.012993656860200197,2.0118019292116416,0.00750443665660175,0.001021712959606399,0.0037302065117029138,,,,
log_cosh,log_cosh,2,10.0,1.0,optimum,0.0,100000,15,torch,cuda,0.013839371702611547,0.0003283144038595129,12.580599261643227,0.01314308601594909,2.0056531942447666,0.007597059902825807,0.001044710648722499,0.0037878233009702843,,,,
log_cosh,log_cosh,2,10.0,1.0,optimum,0.0,100000,16,torch,cuda,0.018927150967320196,0.0005639868794256449,12.726330453486886,0.013313633728789699,2.021577528763079,0.00769683501127755,0.0010461486739991022,0.0038073410006624533,,,,
log_cosh,log_cosh,2,10.0,1.0,optimum,0.0,100000,17,torch,cuda,0.008938118874889782,0.00018612954911052332,12.582630019503695,0.013280374321937717,2.003300896705388,0.0076758701383687405,0.001055452977744119,0.0038316111928030443,,,,
log_cosh,log_cosh,2,10.0,1.0,optimum,0.0,100000,18,torch,cuda,0.003779204994542507,0.0001911379948523842,12.676648614671059,0.012971252982799298,2.010746360151853,0.007493103423350426,0.0010232399254001,0.0037265284035051254,,,,
log_cosh,log_cosh,2,10.0,1.0,optimum,0.0,100000,19,torch,cuda,0.010981814661671871,0.0005000989037949414,12.665591560452572,0.013261706453547515,2.0159159689369153,0.007667293017762576,0.0010470656968724833,0.0038033792756777905,,,,
log_cosh,log_cosh,2,10.0,1.0,near,0.25,100000,0,torch,cuda,0.010369845826682714,0.0001967154209517198,12.54392016272384,0.014692542076516935,1.9920289617950846,0.008486796059106447,0.001171287913660201,0.004260377846845514,,,,
log_cosh,log_cosh,2,10.0,1.0,near,0.25,100000,1,torch,cuda,0.004325871754946404,4.344342803601718e-05,12.605171141841724,0.014446840242705261,1.9966898992418962,0.008342774388242796,0.0011461042519883195,0.004178302495249955,,,,
log_cosh,log_cosh,2,10.0,1.0,near,0.25,100000,2,torch,cuda,0.006578786800089794,6.930082317596724e-05,12.578041820090798,0.014524569769163831,1.9919349738000862,0.008384716361160865,0.0011547560404803123,0.004209332368498475,,,,
log_cosh,log_cosh,2,10.0,1.0,near,0.25,100000,3,torch,cuda,0.0031253795888904223,0.0003668280459895791,12.666075125357898,0.01470570652914538,2.000124896804174,0.008490653499166861,0.001161031052129485,0.004245061652266486,,,,
log_cosh,log_cosh,2,10.0,1.0,near,0.25,100000,4,torch,cuda,0.014020820905029334,6.006558046456279e-05,12.729359480313029,0.014541146181089815,2.005545347173647,0.00839499906216401,0.0011423313328199158,0.004185893414973051,,,,
log_cosh,log_cosh,2,10.0,1.0,near,0.25,100000,5,torch,cuda,0.009267828988431889,0.00014033140717476718,12.53325256891446,0.014831519296576112,1.9926850971211645,0.008571770792566255,0.0011833735269455845,0.004301618356533055,,,,
log_cosh,log_cosh,2,10.0,1.0,near,0.25,100000,6,torch,cuda,0.01408697471635097,0.000761969189845884,12.563611630981491,0.014281035967702027,1.9848063198697241,0.008239091592625869,0.0011366982987985254,0.004151080893961812,,,,
log_cosh,log_cosh,2,10.0,1.0,near,0.25,100000,7,torch,cuda,0.015540141728269043,0.0005325730925610183,12.547667231433296,0.01444676389269528,1.993505688180801,0.008341594685964626,0.0011513505758667664,0.004184384692464487,,,,
log_cosh,log_cosh,2,10.0,1.0,near,0.25,100000,8,torch,cuda,0.006094249934146676,0.0001722836558686137,12.567709133871814,0.014394662066769537,1.993606417611286,0.008313937916939601,0.0011453688109294173,0.004170300538509129,,,,
log_cosh,log_cosh,2,10.0,1.0,near,0.25,100000,9,torch,cuda,0.0009072765096459696,0.00013768184826286315,12.623251105191876,0.014444523709268409,1.993655150483105,0.008336219285115562,0.001144279202631678,0.0041813747393051,,,,
log_cosh,log_cosh,2,10.0,1.0,near,0.25,100000,10,torch,cuda,0.004424803719866485,0.0005802485588332657,12.684344515810052,0.014535594556625786,2.0038828401729463,0.00838888695376419,0.0011459476316263953,0.004186316078758468,,,,
log_cosh,log_cosh,2,10.0,1.0,near,0.25,100000,11,torch,cuda,0.005318204475294559,0.0009521155109026987,12.565320968311338,0.014342346702461373,1.9894344258518775,0.008285153204551005,0.0011414230276036354,0.004164577176753788,,,,
log_cosh,log_cosh,2,10.0,1.0,near,0.25,100000,12,torch,cuda,0.02338096361932899,0.00015610357211411424,12.70574206660182,0.014400897795462164,1.9981995229138994,0.008309377754717726,0.0011334165072747866,0.004158432458536709,,,,
log_cosh,log_cosh,2,10.0,1.0,near,0.25,100000,13,torch,cuda,0.011312335510629209,2.5072940763051997e-05,12.575123005015842,0.01465629055215012,1.989873201765464,0.008468242444840526,0.0011654987825013053,0.0042556693749769055,,,,
log_cosh,log_cosh,2,10.0,1.0,near,0.25,100000,14,torch,cuda,0.013157624039385038,0.0003644029494354106,12.68803113539246,0.014392540894547112,1.998812007009223,0.008305013872383832,0.0011343399729214117,0.004154974976766542,,,,
log_cosh,log_cosh,2,10.0,1.0,near,0.25,100000,15,torch,cuda,0.01372624165510077,0.00011659550538289046,12.552550436361697,0.014463699626897975,1.993118407910371,0.008351076194747648,0.0011522518630954983,0.0041899548775444296,,,,
log_cosh,log_cosh,2,10.0,1.0,near,0.25,100000,16,torch,cuda,0.018875651209837085,0.00031080905913634507,12.698455185044816,0.014608719267372616,2.0095430371844136,0.00843488396642915,0.0011504327931619234,0.004197413944539019,,,,
log_cosh,log_cosh,2,10.0,1.0,near,0.25,100000,17,torch,cuda,0.00896455409619552,0.00017925361432829,12.554072476830136,0.01460611118027566,1.9909482723706238,0.00843076337645822,0.0011634560185336494,0.0042345466697734455,,,,
log_cosh,log_cosh,2,10.0,1.0,near,0.25,100000,18,torch,cuda,0.0037069964995002816,0.00012041416873066703,12.648779824717314,0.014336792517528618,1.9983335657113896,0.008276207647237188,0.0011334526109398088,0.004141554637947008,,,,
log_cosh,log_cosh,2,10.0,1.0,near,0.25,100000,19,torch,cuda,0.010874259856854853,0.00020455224837531325,12.637421531169164,0.014625260440115473,2.0036195717128336,0.008445184802208572,0.0011572978240888354,0.004214964218476384,,,,
log_cosh,log_cosh,2,10.0,1.0,medium,1.0,100000,0,torch,cuda,0.010272283968649288,0.00021413756777524754,12.173877624545169,0.03920670046404773,1.8328941928450595,0.02246669476158525,0.003220559765197454,0.012257496831670323,,,,
log_cosh,log_cosh,2,10.0,1.0,medium,1.0,100000,1,torch,cuda,0.004340966891822616,9.588595272296897e-05,12.23311954418528,0.03893364591412407,1.8368982110928662,0.022297698001452648,0.0031826424791728813,0.012138777133538928,,,,
log_cosh,log_cosh,2,10.0,1.0,medium,1.0,100000,2,torch,cuda,0.006577514235702899,0.0002550048302233254,12.206364485413959,0.0390605452226378,1.83219311094555,0.02236562207407866,0.0032000146537745407,0.0122070222513479,,,,
log_cosh,log_cosh,2,10.0,1.0,medium,1.0,100000,3,torch,cuda,0.002866915444701811,0.00016454478944179205,12.293553308815822,0.03932842311614415,1.8406279377545098,0.02252096198476683,0.003199109494887973,0.012235477644787612,,,,
log_cosh,log_cosh,2,10.0,1.0,medium,1.0,100000,4,torch,cuda,0.013926389956067065,0.0005825506187697315,12.355621509545072,0.03921300048040166,1.8446145410593935,0.022461063287234184,0.0031736971264544234,0.012176561979357712,,,,
log_cosh,log_cosh,2,10.0,1.0,medium,1.0,100000,5,torch,cuda,0.009204142546657416,0.00045566603200923936,12.161714527447424,0.03954830515039198,1.83302427258078,0.022669372846694236,0.003251869221328666,0.012367197306545875,,,,
log_cosh,log_cosh,2,10.0,1.0,medium,1.0,100000,6,torch,cuda,0.014117326969657095,0.0010235054230087568,12.192498883364157,0.0384660348158814,1.8255946642912912,0.022008203928450154,0.003154893445868239,0.012055361663205724,,,,
log_cosh,log_cosh,2,10.0,1.0,medium,1.0,100000,7,torch,cuda,0.01541828893707223,0.00019170078271303886,12.174314890028162,0.039034934228320495,1.8333337233790574,0.02234926287408978,0.003206335188544659,0.012190504428673993,,,,
log_cosh,log_cosh,2,10.0,1.0,medium,1.0,100000,8,torch,cuda,0.005998347299444666,0.0006190815768417063,12.194632140747322,0.03912491722019418,1.8331826080474078,0.022415418198217463,0.0032083720745836692,0.012227597021604395,,,,
log_cosh,log_cosh,2,10.0,1.0,medium,1.0,100000,9,torch,cuda,0.001299881867405503,0.0003416144210144416,12.249030602139111,0.039095947251725605,1.833405964334575,0.02237588194590656,0.003191758476372659,0.012204543009669857,,,,
log_cosh,log_cosh,2,10.0,1.0,medium,1.0,100000,10,torch,cuda,0.004596003997132105,0.0003824381997721024,12.313568482664092,0.03895800811793926,1.8454138902029322,0.022293744353219402,0.00316382762420066,0.012080620218355383,,,,
log_cosh,log_cosh,2,10.0,1.0,medium,1.0,100000,11,torch,cuda,0.005208524622181929,0.0006432485106490089,12.195270906567663,0.0384492599430164,1.8306080040189037,0.02202304153917467,0.0031528008059509257,0.012030451899492105,,,,
log_cosh,log_cosh,2,10.0,1.0,medium,1.0,100000,12,torch,cuda,0.02317307695956665,0.0008555634837477692,12.331233211030247,0.038974882838926916,1.838165980790281,0.02229755680583101,0.0031606638340165374,0.012130328293990427,,,,
log_cosh,log_cosh,2,10.0,1.0,medium,1.0,100000,13,torch,cuda,0.010873148149842745,0.0009741271462047406,12.203842050675997,0.03910593261244877,1.8309559038481817,0.022397721756925337,0.0032043951773599536,0.012232802390189349,,,,
log_cosh,log_cosh,2,10.0,1.0,medium,1.0,100000,14,torch,cuda,0.013067314043655855,0.00028829564941932104,12.31132977667282,0.03915814452160049,1.8373354940390143,0.02241258594145723,0.003180659216504484,0.012198417770827278,,,,
log_cosh,log_cosh,2,10.0,1.0,medium,1.0,100000,15,torch,cuda,0.013279194408329281,0.0008224218100682351,12.180546111440982,0.039212836562871445,1.8328016614784701,0.02246101940261358,0.003219300366675636,0.012255019118923594,,,,
log_cosh,log_cosh,2,10.0,1.0,medium,1.0,100000,16,torch,cuda,0.018681821194662596,0.000650445487334268,12.325558358463704,0.039340202076168396,1.8503392923261417,0.02252051726514459,0.0031917582094083633,0.01217102039530981,,,,
log_cosh,log_cosh,2,10.0,1.0,medium,1.0,100000,17,torch,cuda,0.009002641041272939,4.7351200512230905e-05,12.180947068721236,0.039272826621886026,1.831294702277847,0.022478956099003078,0.0032241193070063076,0.012274898229674742,,,,
log_cosh,log_cosh,2,10.0,1.0,medium,1.0,100000,18,torch,cuda,0.003259712903901924,0.0003417021891758379,12.276016247726993,0.03893604536009754,1.8379698091542422,0.022298465984017524,0.0031717166688588305,0.012132117662084099,,,,
log_cosh,log_cosh,2,10.0,1.0,medium,1.0,100000,19,torch,cuda,0.010482151996154399,0.0010373938064027483,12.263626913283467,0.03938175125150778,1.8434671076991327,0.022550460981572762,0.0032112646226094056,0.012232635389800055,,,,
log_cosh,log_cosh,2,10.0,1.0,far,4.0,100000,0,torch,cuda,0.00968036083153832,0.000905164880348797,10.327512305248831,0.3019994085224198,1.2546801350674315,0.16120718540164347,0.029242222095337743,0.1284846877670376,,,,
log_cosh,log_cosh,2,10.0,1.0,far,4.0,100000,1,torch,cuda,0.003704396888790657,0.0009050169541639702,10.381511467815812,0.3017752925232742,1.258671386203492,0.16095850623868913,0.029068531442538136,0.12787968964972296,,,,
log_cosh,log_cosh,2,10.0,1.0,far,4.0,100000,2,torch,cuda,0.006202082812678724,0.0003437454338019956,10.362213110279583,0.30110495874882304,1.256428678507401,0.16059614602185945,0.02905797782233596,0.12781954819165922,,,,
log_cosh,log_cosh,2,10.0,1.0,far,4.0,100000,3,torch,cuda,0.001620781785587538,0.0011724964930629252,10.43924586182294,0.301638618006109,1.2638545640781302,0.16075652696678944,0.02889467515170064,0.12719543176555845,,,,
log_cosh,log_cosh,2,10.0,1.0,far,4.0,100000,4,torch,cuda,0.012954270103049541,0.002213071261989425,10.498268892782022,0.3015124648794085,1.2681119687445808,0.1606813490016492,0.028720207870338542,0.12670911793437473,,,,
log_cosh,log_cosh,2,10.0,1.0,far,4.0,100000,5,torch,cuda,0.008708893176982245,0.0009612335968761271,10.315392998332669,0.3027027556604196,1.2549805639771492,0.16160910971021636,0.02934476230904116,0.12877419328157735,,,,
log_cosh,log_cosh,2,10.0,1.0,far,4.0,100000,6,torch,cuda,0.013146110731158322,0.0009706019128539596,10.353666405903965,0.2989180466576613,1.252747297094789,0.1592889407057143,0.02887074345829893,0.12715169378143285,,,,
log_cosh,log_cosh,2,10.0,1.0,far,4.0,100000,7,torch,cuda,0.013965178584168951,0.0024669386466491007,10.326121512264564,0.3025072484627742,1.2543916325455484,0.16141488405659388,0.029295340763081244,0.12867981567210646,,,,
log_cosh,log_cosh,2,10.0,1.0,far,4.0,100000,8,torch,cuda,0.0056917828084977395,0.0007279634771279186,10.346616610659424,0.30214485099966737,1.2553525884999175,0.16122429139827332,0.029202285381714814,0.1284294889541178,,,,
log_cosh,log_cosh,2,10.0,1.0,far,4.0,100000,9,torch,cuda,0.0006658159137940269,0.00033334887517714513,10.40091595084246,0.30065962115273237,1.258732796658233,0.16018951136616266,0.028907033051101556,0.12726252290513473,,,,
log_cosh,log_cosh,2,10.0,1.0,far,4.0,100000,10,torch,cuda,0.0040899620967120316,0.001017634655254892,10.454219358961723,0.3020179030392285,1.2659032739158604,0.16095385230798698,0.028889570102652206,0.12714545860214352,,,,
log_cosh,log_cosh,2,10.0,1.0,far,4.0,100000,11,torch,cuda,0.004665460842966069,0.0005619173355955366,10.350120430977483,0.3000728101629022,1.2547267627756433,0.1600189838428392,0.02899220469597597,0.12753293273896005,,,,
log_cosh,log_cosh,2,10.0,1.0,far,4.0,100000,12,torch,cuda,0.02187544630227504,0.0016484387456409254,10.479207739358827,0.2999856749182186,1.2646247691872965,0.15966636800284206,0.028626751409030975,0.1262559234115355,,,,
log_cosh,log_cosh,2,10.0,1.0,far,4.0,100000,13,torch,cuda,0.010022564908491514,0.002205654633080001,10.35824737920845,0.30062372694979445,1.2555225546131616,0.16026856603096462,0.029022644077145734,0.12765088563490193,,,,
log_cosh,log_cosh,2,10.0,1.0,far,4.0,100000,14,torch,cuda,0.012005667819650047,0.0019356074909226322,10.46035811139771,0.3007660653358073,1.263350006555335,0.16016890581266807,0.028752941546818518,0.1267811018178458,,,,
log_cosh,log_cosh,2,10.0,1.0,far,4.0,100000,15,torch,cuda,0.01233314303889705,0.002179299632536616,10.334185881466595,0.3022211098979426,1.2551166913526686,0.16131788078706322,0.029244791352161386,0.12852819335324683,,,,
log_cosh,log_cosh,2,10.0,1.0,far,4.0,100000,16,torch,cuda,0.01773890025154306,0.0012009092308437423,10.460834585012037,0.30381639796846116,1.2683938817277536,0.16196954278543174,0.02904322743079792,0.127696565805571,,,,
log_cosh,log_cosh,2,10.0,1.0,far,4.0,100000,17,torch,cuda,0.00869412706090976,0.00046354428290808653,10.335249057292287,0.3017290906089727,1.2546081567676808,0.16090184546344943,0.029194177028184953,0.12824868433662198,,,,
log_cosh,log_cosh,2,10.0,1.0,far,4.0,100000,18,torch,cuda,0.002282395889148073,0.0013287470131862517,10.424537864701506,0.30118109478939914,1.261348295528105,0.16057187549434815,0.028891553630327103,0.12730177387453434,,,,
log_cosh,log_cosh,2,10.0,1.0,far,4.0,100000,19,torch,cuda,0.009755239414527482,0.001627337427099047,10.40515111816353,0.3036283921037466,1.2628206533877773,0.1619569343780185,0.02918058456390164,0.12825014695755535,,,,
log_cosh,log_cosh,2,10.0,1.0,underdispersed,,100000,0,torch,cuda,0.005256214775121807,0.01564873201986742,3.266105179525598,27.90308751760338,0.139939728831275,1.0817326079721803,8.543229927964632,7.729989310443946,,,,
log_cosh,log_cosh,2,10.0,1.0,underdispersed,,100000,1,torch,cuda,0.0022117746894736836,0.006355401077256439,3.281366634599449,28.03537001156894,0.14019174652374677,1.0835012221738276,8.543809069050027,7.7287090648399595,,,,
log_cosh,log_cosh,2,10.0,1.0,underdispersed,,100000,2,torch,cuda,0.0032858787881123713,0.009760852915101455,3.2747447454943748,27.98254037486029,0.13989302305852203,1.0815390152151885,8.544953133632978,7.731186241952494,,,,
log_cosh,log_cosh,2,10.0,1.0,underdispersed,,100000,3,torch,cuda,0.001591299864009698,0.003926716383925172,3.2969766269611145,28.181431022438655,0.14043119966988765,1.0866839087853344,8.547658722231832,7.738194299698414,,,,
log_cosh,log_cosh,2,10.0,1.0,underdispersed,,100000,4,torch,cuda,0.007169938505551126,0.02097896247828566,3.312609428921116,28.315887710379744,0.14072038007865773,1.0885024040358868,8.547910134881777,7.735215065703009,,,,
log_cosh,log_cosh,2,10.0,1.0,underdispersed,,100000,5,torch,cuda,0.004650209021986702,0.013688066667376549,3.263925823453599,27.88340415454964,0.14007453941491846,1.0830349076265502,8.542903749278798,7.731847001962749,,,,
log_cosh,log_cosh,2,10.0,1.0,underdispersed,,100000,6,torch,cuda,0.007033611036228024,0.020809087220837526,3.270018353834739,27.945015099598386,0.13926934560640794,1.0766038213670324,8.545828211278192,7.730371796315072,,,,
log_cosh,log_cosh,2,10.0,1.0,underdispersed,,100000,7,torch,cuda,0.007862070838469997,0.022812766595418463,3.26733705918149,27.9083408229345,0.14004582121360332,1.0818267789461709,8.541616710314514,7.724805849766319,,,,
log_cosh,log_cosh,2,10.0,1.0,underdispersed,,100000,8,torch,cuda,0.0030950784579146158,0.009100879946856748,3.272126186574961,27.951091749621554,0.14003404765027308,1.0818074930875503,8.542180269300328,7.725317601254388,,,,
log_cosh,log_cosh,2,10.0,1.0,underdispersed,,100000,9,torch,cuda,0.0005005092103836265,0.0014925879258469393,3.285725689195071,28.08002230281137,0.13994618980378057,1.0821442203047014,8.546064084153764,7.732573654359455,,,,
log_cosh,log_cosh,2,10.0,1.0,underdispersed,,100000,10,torch,cuda,0.0023617668794881663,0.007000066982720508,3.3017861175528425,28.221675477354207,0.1406727354953,1.0883511439555162,8.547396612797874,7.7367596508555785,,,,
log_cosh,log_cosh,2,10.0,1.0,underdispersed,,100000,11,torch,cuda,0.002585535662406045,0.007356027262765959,3.2706353449253407,27.944901720746543,0.13964896402636148,1.0794550698752867,8.544181412368502,7.729774992613038,,,,
log_cosh,log_cosh,2,10.0,1.0,underdispersed,,100000,12,torch,cuda,0.011780722610652508,0.03507941129280198,3.3063961282157317,28.268003713913,0.1401807863147215,1.0847617300004129,8.549490931435244,7.738305359230913,,,,
log_cosh,log_cosh,2,10.0,1.0,underdispersed,,100000,13,torch,cuda,0.005866409324045135,0.016809221081801096,3.273419714482684,27.974005531977216,0.13970362315909707,1.080569688144637,8.545804684993808,7.73472916242168,,,,
log_cosh,log_cosh,2,10.0,1.0,underdispersed,,100000,14,torch,cuda,0.00675543363988722,0.019953008583104816,3.302141798740647,28.22462618881806,0.140260619309108,1.0846702106869643,8.547369528341337,7.733248405930359,,,,
log_cosh,log_cosh,2,10.0,1.0,underdispersed,,100000,15,torch,cuda,0.007027923071327721,0.020417761533841956,3.268586882420784,27.92088385425187,0.14004538497301286,1.0820246490169834,8.542188064333502,7.726242812110463,,,,
log_cosh,log_cosh,2,10.0,1.0,underdispersed,,100000,16,torch,cuda,0.009514535791058182,0.02836325997778341,3.306127808703861,28.254787772022937,0.14115176614984454,1.091913200448895,8.546187385024291,7.735738845022575,,,,
log_cosh,log_cosh,2,10.0,1.0,underdispersed,,100000,17,torch,cuda,0.004533746969093978,0.013562962385145472,3.268871793035929,27.92925608666028,0.13986327039118696,1.0812501988580674,8.544004737708386,7.730765881806515,,,,
log_cosh,log_cosh,2,10.0,1.0,underdispersed,,100000,18,torch,cuda,0.002010355307899211,0.0051738003571235175,3.292225287632122,28.132882771299656,0.14025805634849275,1.0841298447733896,8.545248369540884,7.72953706188329,,,,
log_cosh,log_cosh,2,10.0,1.0,underdispersed,,100000,19,torch,cuda,0.0054988854174248475,0.0159115635982101,3.290506402201033,28.113887199791186,0.14076860463523586,1.08826195817438,8.543939370847506,7.730857040135614,,,,
log_cosh,log_cosh,2,10.0,1.0,overdispersed,,100000,0,torch,cuda,0.02041191344974648,0.015199934673401421,47.30364638801558,26.11553997936852,27.343969402069813,14.643539765149887,0.5520830205171016,0.5355308715362093,,,,
log_cosh,log_cosh,2,10.0,1.0,overdispersed,,100000,1,torch,cuda,0.008153958751303004,0.006034038632664195,47.541345803449914,26.248753526510196,27.419427196978123,14.688717855502937,0.552124747057653,0.5357047669151079,,,,
log_cosh,log_cosh,2,10.0,1.0,overdispersed,,100000,2,torch,cuda,0.013000372264957892,0.00973871629574532,47.438359212905205,26.189829322594154,27.360914712565773,14.656481343945318,0.5520812641316952,0.5356721987519731,,,,
log_cosh,log_cosh,2,10.0,1.0,overdispersed,,100000,3,torch,cuda,0.0055482381882226,0.004168815743998673,47.78606854909724,26.384512612597003,27.48876930876266,14.726089361640025,0.5521381736078277,0.5357129377540287,,,,
log_cosh,log_cosh,2,10.0,1.0,overdispersed,,100000,4,torch,cuda,0.026981850803129606,0.01994949748395972,48.02702956754506,26.519235964863633,27.576404463275924,14.779406915487783,0.5521731450737978,0.5359439420454479,,,,
log_cosh,log_cosh,2,10.0,1.0,overdispersed,,100000,5,torch,cuda,0.018337148961528344,0.013753853977935798,47.264991440910975,26.093606471939964,27.352069829506526,14.644094774099486,0.5520704791528688,0.535392563172748,,,,
log_cosh,log_cosh,2,10.0,1.0,overdispersed,,100000,6,torch,cuda,0.027618389364901838,0.020659846395535995,47.39388291154645,26.168422508356223,27.2786696891074,14.619687237675969,0.5521476802648908,0.5359384238416044,,,,
log_cosh,log_cosh,2,10.0,1.0,overdispersed,,100000,7,torch,cuda,0.029836131506101746,0.022171739914724264,47.316167036560294,26.12237741473755,27.363195269293218,14.655559138937072,0.5520814353908525,0.5355938513285923,,,,
log_cosh,log_cosh,2,10.0,1.0,overdispersed,,100000,8,torch,cuda,0.012013225350205357,0.00896649949273384,47.39820855003625,26.169369347008594,27.373723269320237,14.663082726560825,0.5521172666132037,0.5356627077104571,,,,
log_cosh,log_cosh,2,10.0,1.0,overdispersed,,100000,9,torch,cuda,0.0010824682816846353,0.0006133052837205206,47.624951761542,26.296700469989702,27.401767718245505,14.683042771400423,0.5521622489332316,0.5358429033621688,,,,
log_cosh,log_cosh,2,10.0,1.0,overdispersed,,100000,10,torch,cuda,0.00823941569608171,0.005981142131782985,47.842478222338165,26.413206216938566,27.524674232236215,14.743498641673778,0.5520869151925737,0.5356466171870822,,,,
log_cosh,log_cosh,2,10.0,1.0,overdispersed,,100000,11,torch,cuda,0.010452683486876562,0.008002169135249692,47.39684756272183,26.170766226917628,27.328243966527594,14.642436438357183,0.5521625925075497,0.5357986578388152,,,,
log_cosh,log_cosh,2,10.0,1.0,overdispersed,,100000,12,torch,cuda,0.046183009012544955,0.03447310583243507,47.94808859983455,26.476355401351615,27.488355765220525,14.73408362554528,0.5521879218652102,0.5360118208375159,,,,
log_cosh,log_cosh,2,10.0,1.0,overdispersed,,100000,13,torch,cuda,0.02184587317302436,0.01618385360801154,47.436056870272324,26.191184105280914,27.337002051248625,14.64475666297261,0.5521366199747233,0.5357118763615012,,,,
log_cosh,log_cosh,2,10.0,1.0,overdispersed,,100000,14,torch,cuda,0.02541462096204993,0.018769048786559255,47.878681635926924,26.438237873414028,27.490679743484602,14.735021520823757,0.5521922695042517,0.5360006248778193,,,,
log_cosh,log_cosh,2,10.0,1.0,overdispersed,,100000,15,torch,cuda,0.026713258729413793,0.01985723314302586,47.33504265592114,26.13251410803226,27.36180892748092,14.653838199571954,0.5520754316836629,0.5355580926104021,,,,
log_cosh,log_cosh,2,10.0,1.0,overdispersed,,100000,16,torch,cuda,0.03734955557382208,0.027887757232561258,47.8926491448238,26.439813173584646,27.593287252772743,14.776234064936302,0.5520641193522752,0.5355010415966838,,,,
log_cosh,log_cosh,2,10.0,1.0,overdispersed,,100000,17,torch,cuda,0.017334859053635677,0.012810961511558633,47.349845859210454,26.141365163912106,27.34002700908865,14.642907349249663,0.5520897626919541,0.5355849628232597,,,,
log_cosh,log_cosh,2,10.0,1.0,overdispersed,,100000,18,torch,cuda,0.006894881420781601,0.005103893031240923,47.71319565373534,26.344741820558966,27.459255440139152,14.714276977849268,0.5521479217562428,0.5358585563227021,,,,
log_cosh,log_cosh,2,10.0,1.0,overdispersed,,100000,19,torch,cuda,0.021729882483264476,0.01638011420410482,47.66210823924396,26.31362009016944,27.511183740217575,14.733410974256389,0.5520867847071727,0.5355426038145412,,,,
log_cosh,log_cosh,2,100.0,0.1,optimum,0.0,100000,0,torch,cuda,0.03126425269709409,4.487339174282868e-05,100.5384090429999,0.0002567559541453294,1.9974793379910911,0.00024183895168575066,2.5538095996278977e-06,0.00012107206672233887,,,,
log_cosh,log_cosh,2,100.0,0.1,optimum,0.0,100000,1,torch,cuda,0.011194486892765403,1.5274852959195932e-05,101.11820084606519,0.00025286969355390703,2.001083812764835,0.000238178582841487,2.5007337100356145e-06,0.000119024791126766,,,,
log_cosh,log_cosh,2,100.0,0.1,optimum,0.0,100000,2,torch,cuda,0.019709898051472358,6.892450264195162e-06,100.92339799595128,0.0002546430330707854,1.9972046141803663,0.00023984867182114133,2.523131782394018e-06,0.00012009218791013705,,,,
log_cosh,log_cosh,2,100.0,0.1,optimum,0.0,100000,3,torch,cuda,0.002349100424417891,4.331265698029874e-05,101.71900711089415,0.00025656611012948676,2.00605456793903,0.0002416600907476283,2.5223025412524736e-06,0.00012046536251299676,,,,
log_cosh,log_cosh,2,100.0,0.1,optimum,0.0,100000,4,torch,cuda,0.03925682616184622,1.2557676649384193e-05,102.30698410965614,0.0002528777311899996,2.0099927519932694,0.00023818585680918745,2.4717543322258094e-06,0.00011850085358416508,,,,
log_cosh,log_cosh,2,100.0,0.1,optimum,0.0,100000,5,torch,cuda,0.027298329047272203,3.0703801318596086e-05,100.40521311683847,0.00025946217057121076,1.999526474252128,0.0002443882692515203,2.584150389375526e-06,0.0001222230725116693,,,,
log_cosh,log_cosh,2,100.0,0.1,optimum,0.0,100000,6,torch,cuda,0.04178427473955285,6.42885362350547e-05,100.89465309343733,0.00025156563127800587,1.9884769446936776,0.00023694994255150245,2.493349484486893e-06,0.00011916152368968215,,,,
log_cosh,log_cosh,2,100.0,0.1,optimum,0.0,100000,7,torch,cuda,0.04297288086089679,5.306588905488938e-05,100.56119768406708,0.00025387494065191895,1.9982226018402405,0.000239125445493631,2.5245815135328575e-06,0.00011966907254147318,,,,
log_cosh,log_cosh,2,100.0,0.1,optimum,0.0,100000,8,torch,cuda,0.017651330663214226,2.2942325375420026e-06,100.76697527007644,0.0002519259727186287,1.9982130231604083,0.00023728969563073036,2.5000846958382417e-06,0.0001187509504144002,,,,
log_cosh,log_cosh,2,100.0,0.1,optimum,0.0,100000,9,torch,cuda,0.0008995787396378165,3.5439239767430395e-05,101.37288836915312,0.0002522428297493393,1.9983634502801586,0.0002375879016649936,2.488267166964679e-06,0.00011889123654242436,,,,
log_cosh,log_cosh,2,100.0,0.1,optimum,0.0,100000,10,torch,cuda,0.011470571465143225,8.406756766124863e-05,101.85989269763733,0.00025485129276909456,2.0092470844962387,0.00024004483677519706,2.5019788065710962e-06,0.0001194700435936586,,,,
log_cosh,log_cosh,2,100.0,0.1,optimum,0.0,100000,11,torch,cuda,0.014697485033937403,0.00011864302298048635,100.80923703269947,0.00025380888759641114,1.9935785396316454,0.00023906334737654238,2.517714597066965e-06,0.00011991669383675962,,,,
log_cosh,log_cosh,2,100.0,0.1,optimum,0.0,100000,12,torch,cuda,0.07070886195672103,3.0499921573629523e-05,102.19169584916334,0.0002522371991661395,2.0028664049260114,0.00023758256120833915,2.4682749128505106e-06,0.00011862127230453783,,,,
log_cosh,log_cosh,2,100.0,0.1,optimum,0.0,100000,13,torch,cuda,0.030487861857067422,3.201223188927932e-05,100.91380334647764,0.00025626990011321215,1.9950851691229852,0.00024138147159302303,2.5394930288509154e-06,0.00012098805370756746,,,,
log_cosh,log_cosh,2,100.0,0.1,optimum,0.0,100000,14,torch,cuda,0.037970875853557955,6.640365141495078e-05,101.98745737260231,0.0002508078560468851,2.0031631451647387,0.0002362362197208114,2.459202950129254e-06,0.00011793159248713289,,,,
log_cosh,log_cosh,2,100.0,0.1,optimum,0.0,100000,15,torch,cuda,0.03901139105027336,4.254566871570414e-05,100.61494929122938,0.0002534846917048805,1.9984265748028556,0.00023875783426313593,2.51935416645861e-06,0.00011947290797345875,,,,
log_cosh,log_cosh,2,100.0,0.1,optimum,0.0,100000,16,torch,cuda,0.05732493706845274,7.852240258609625e-05,101.91031730709625,0.0002559583089183047,2.015744891537232,0.00024108773962003022,2.5116034929711845e-06,0.00011960230713330681,,,,
log_cosh,log_cosh,2,100.0,0.1,optimum,0.0,100000,17,torch,cuda,0.02732480045454562,1.8817070202636035e-05,100.67815814973711,0.0002553871033339024,1.996588563486829,0.00024054960981710106,2.536668409786252e-06,0.00012048031037351373,,,,
log_cosh,log_cosh,2,100.0,0.1,optimum,0.0,100000,18,torch,cuda,0.003999193894671848,2.848121391694456e-05,101.5650550032294,0.0002507216139111863,2.002356015557953,0.00023615503239818978,2.4685814811326026e-06,0.00011793858363013712,,,,
log_cosh,log_cosh,2,100.0,0.1,optimum,0.0,100000,19,torch,cuda,0.03068866145480791,7.344104372149061e-05,101.34836206313649,0.0002558399621624109,2.009466836944415,0.00024097632335288514,2.5243620809878657e-06,0.00011992052763573472,,,,
log_cosh,log_cosh,2,100.0,0.1,near,0.25,100000,0,torch,cuda,0.03126463851617309,3.1299774775383295e-05,100.53613763405588,0.0002778492479924566,1.9954468042742826,0.000261706270225634,2.763675376149891e-06,0.00013115171482650125,,,,
log_cosh,log_cosh,2,100.0,0.1,near,0.25,100000,1,torch,cuda,0.011197209912022133,2.0315283780444474e-06,101.11590848555856,0.0002743569084975306,1.999035070148591,0.00025841684828196987,2.7132912378146155e-06,0.00012927079276441178,,,,
log_cosh,log_cosh,2,100.0,0.1,near,0.25,100000,2,torch,cuda,0.01970978914902194,2.357246676535328e-06,100.92105388918533,0.000275543273018819,1.9951071700203724,0.00025953407299786346,2.7302853309615123e-06,0.00013008527907561643,,,,
log_cosh,log_cosh,2,100.0,0.1,near,0.25,100000,3,torch,cuda,0.0023608631152663225,5.573951309708369e-05,101.71666803477154,0.00027815304670308905,2.0039650905661097,0.00026199224557411915,2.7345866914162313e-06,0.00013073693090137996,,,,
log_cosh,log_cosh,2,100.0,0.1,near,0.25,100000,4,torch,cuda,0.03925520718745345,3.86601968845597e-06,102.30459870707853,0.0002755637366975705,2.007849721701113,0.00025955339524108556,2.6935615815919725e-06,0.00012926933347441155,,,,
log_cosh,log_cosh,2,100.0,0.1,near,0.25,100000,5,torch,cuda,0.02729767318489546,1.4477425186056424e-05,100.40286196336476,0.0002801545568740238,1.9974223453751252,0.00026387791004059413,2.790304493274776e-06,0.0001321092209925371,,,,
log_cosh,log_cosh,2,100.0,0.1,near,0.25,100000,6,torch,cuda,0.04178566715206696,0.00010042667974858509,100.89231852131283,0.0002712174511687593,1.9863913636883967,0.0002554593601208355,2.688187318358299e-06,0.0001286047476799789,,,,
log_cosh,log_cosh,2,100.0,0.1,near,0.25,100000,7,torch,cuda,0.042976018795820733,8.000427978144606e-05,100.55888268278733,0.00027435192456515267,1.9961593798614263,0.00025841208344785926,2.7282714092060363e-06,0.00012945463476258007,,,,
log_cosh,log_cosh,2,100.0,0.1,near,0.25,100000,8,torch,cuda,0.017649371769037275,2.2549747276658383e-05,100.76461437830456,0.00027367971964675775,1.9961000332654577,0.0002577790838865224,2.716030040260673e-06,0.00012914136545793083,,,,
log_cosh,log_cosh,2,100.0,0.1,near,0.25,100000,9,torch,cuda,0.0009195165693158934,1.1324052277042938e-05,101.37050303823287,0.0002738972018914154,1.9962355539753855,0.00025798346566714703,2.7019418241232602e-06,0.0001292349818904829,,,,
log_cosh,log_cosh,2,100.0,0.1,near,0.25,100000,10,torch,cuda,0.011470474721645906,8.541541397423614e-05,101.85765426844813,0.00027539757584094104,2.00725350559861,0.0002593967058875102,2.7037494415012205e-06,0.00012922966888038987,,,,
log_cosh,log_cosh,2,100.0,0.1,near,0.25,100000,11,torch,cuda,0.014697946971421428,0.00012461877619426346,100.8069493638807,0.00027277993591123817,1.9915320248967747,0.0002569316877614747,2.7059636030308805e-06,0.00012901207941900508,,,,
log_cosh,log_cosh,2,100.0,0.1,near,0.25,100000,12,torch,cuda,0.07070958985426674,1.737851982542157e-05,102.18929416519035,0.0002731421734898376,2.0007235023422343,0.0002572722799196875,2.672904003508427e-06,0.00012858962251330604,,,,
log_cosh,log_cosh,2,100.0,0.1,near,0.25,100000,13,torch,cuda,0.03048253083993584,6.3165509575758245e-06,100.91151688818864,0.0002770375774643341,1.9930466982372106,0.0002609419803903251,2.7453514326942045e-06,0.0001309261747961653,,,,
log_cosh,log_cosh,2,100.0,0.1,near,0.25,100000,14,torch,cuda,0.037971953955804646,5.301638445131155e-05,101.98499852083788,0.0002731704283460701,2.000964680301462,0.00025729897638669674,2.6785353954802978e-06,0.0001285874652959554,,,,
log_cosh,log_cosh,2,100.0,0.1,near,0.25,100000,15,torch,cuda,0.039008221992223625,1.2262918329563003e-05,100.61256419369899,0.00027445201496423266,1.9962886416063061,0.00025850630824575394,2.727810558886647e-06,0.00012949345242867675,,,,
log_cosh,log_cosh,2,100.0,0.1,near,0.25,100000,16,torch,cuda,0.05732483359775486,4.638874597258377e-05,101.90802737424285,0.00027647157914589826,2.013706614951849,0.0002604085035428638,2.7129519260597146e-06,0.0001293179957841528,,,,
log_cosh,log_cosh,2,100.0,0.1,near,0.25,100000,17,torch,cuda,0.027324976510802474,2.2545311801428594e-05,100.67581073329569,0.0002763083527268506,1.9944991259230096,0.0002602545892119723,2.7445356606944056e-06,0.00013048618865226742,,,,
log_cosh,log_cosh,2,100.0,0.1,near,0.25,100000,18,torch,cuda,0.003989921016069008,1.5159490025612639e-05,101.56269843838759,0.00027248462106488347,2.0002433138803877,0.00025665314472149425,2.6829202576789023e-06,0.00012831096244166315,,,,
log_cosh,log_cosh,2,100.0,0.1,near,0.25,100000,19,torch,cuda,0.030684221060604547,2.554573957927519e-05,101.34602489714284,0.00027753747230985226,2.00738250000947,0.0002614125407669199,2.7385136475903025e-06,0.00013022557522828193,,,,
log_cosh,log_cosh,2,100.0,0.1,medium,1.0,100000,0,torch,cuda,0.03126587634013504,1.551696566704798e-05,100.50593301423646,0.0006569917888299415,1.9686410268892829,0.0006188068383279344,6.536845827170023e-06,0.00031433198326956147,,,,
log_cosh,log_cosh,2,100.0,0.1,medium,1.0,100000,1,torch,cuda,0.011199846879087724,1.9116604353697232e-05,101.0855841155121,0.0006529394615171213,1.9721346997299938,0.0006149894842488735,6.459273765198775e-06,0.00031183949267414243,,,,
log_cosh,log_cosh,2,100.0,0.1,medium,1.0,100000,2,torch,cuda,0.01970925324104559,3.56050956533685e-05,100.89071078300718,0.0006548297702266836,1.9681860766646675,0.0006167694959062775,6.490486241444691e-06,0.00031336950465144485,,,,
log_cosh,log_cosh,2,100.0,0.1,medium,1.0,100000,3,torch,cuda,0.002319844343726531,1.2078533690026908e-05,101.68637693105786,0.0006584323343616916,1.9771136000520897,0.0006201627105069107,6.475128274145324e-06,0.0003136707523991397,,,,
log_cosh,log_cosh,2,100.0,0.1,medium,1.0,100000,4,torch,cuda,0.03924639031069355,8.627007350729233e-05,102.27405410534745,0.0006568997407896404,1.9807376811376989,0.0006187196809763762,6.422936359919794e-06,0.0003123683094780098,,,,
log_cosh,log_cosh,2,100.0,0.1,medium,1.0,100000,5,torch,cuda,0.02729458827017853,5.435190572346487e-05,100.37254873642017,0.0006628367790995071,1.970523339894134,0.0006243126243370423,6.603765545897679e-06,0.0003168257953090692,,,,
log_cosh,log_cosh,2,100.0,0.1,medium,1.0,100000,6,torch,cuda,0.04178658443203572,0.00012915279598801045,100.86206099352714,0.0006454747648660941,1.9595589629614962,0.0006079572874679862,6.3995793711524265e-06,0.0003102521021103523,,,,
log_cosh,log_cosh,2,100.0,0.1,medium,1.0,100000,7,torch,cuda,0.04296956242524912,2.1702337182315516e-05,100.52848298487119,0.0006545721987123443,1.9692007464504295,0.0006165269317279787,6.51131081736161e-06,0.000313084855792024,,,,
log_cosh,log_cosh,2,100.0,0.1,medium,1.0,100000,8,torch,cuda,0.017644575768730183,8.41013793925213e-05,100.73417204646113,0.0006562056578616193,1.9690848608529052,0.0006180663852752843,6.514230916187615e-06,0.0003138850933055115,,,,
log_cosh,log_cosh,2,100.0,0.1,medium,1.0,100000,9,torch,cuda,0.0009663452794319334,4.448719678080607e-05,101.34007579145852,0.000655212732056043,1.9692664465659238,0.0006171295166541579,6.465484922316072e-06,0.00031338040503880527,,,,
log_cosh,log_cosh,2,100.0,0.1,medium,1.0,100000,10,torch,cuda,0.011479178874990252,4.161530054959441e-05,101.82756849987997,0.0006527412283219292,1.9806001450428805,0.0006148015475637703,6.4102603836867474e-06,0.0003104117451988067,,,,
log_cosh,log_cosh,2,100.0,0.1,medium,1.0,100000,11,torch,cuda,0.014694850152272686,7.459284470071455e-05,100.77677859725895,0.0006462458039919738,1.9647660114275254,0.0006086853488451727,6.41264597844122e-06,0.00030980042677088284,,,,
log_cosh,log_cosh,2,100.0,0.1,medium,1.0,100000,12,torch,cuda,0.0707102949520452,0.00011045948300381234,102.15888720309962,0.0006530296351314746,1.9737852517830978,0.0006150729410061562,6.392293935555524e-06,0.00031162100357701297,,,,
log_cosh,log_cosh,2,100.0,0.1,medium,1.0,100000,13,torch,cuda,0.03046470736276158,0.00013532139535458814,100.88133744574739,0.0006550950155883584,1.9662942419838698,0.0006170199253370257,6.4937185823954755e-06,0.0003137983686075847,,,,
log_cosh,log_cosh,2,100.0,0.1,medium,1.0,100000,14,torch,cuda,0.03797460172927405,1.654863318897704e-05,101.95434118390905,0.0006561706816370361,1.973782845481912,0.000618032040413441,6.435926847424877e-06,0.00031312058559438154,,,,
log_cosh,log_cosh,2,100.0,0.1,medium,1.0,100000,15,torch,cuda,0.03899553695099978,0.00011018488872688702,100.5821322683337,0.0006579094339400626,1.9692747045599732,0.0006196705081868981,6.541016968947202e-06,0.00031466940937798773,,,,
log_cosh,log_cosh,2,100.0,0.1,medium,1.0,100000,16,torch,cuda,0.05732440354930229,7.984838710224021e-05,101.87781895023721,0.0006588560182194669,1.9869499268425765,0.0006205614239185309,6.467119388777736e-06,0.0003123186022632452,,,,
log_cosh,log_cosh,2,100.0,0.1,medium,1.0,100000,17,torch,cuda,0.027324726514194972,3.265656763555577e-06,100.64549593546485,0.0006576022319109143,1.9676347259669842,0.0006193801333427285,6.533846604845358e-06,0.00031478410355780705,,,,
log_cosh,log_cosh,2,100.0,0.1,medium,1.0,100000,18,torch,cuda,0.003941762016918265,5.4786366092132995e-05,101.53226728239487,0.0006532670015104713,1.97323767606434,0.0006152978955271671,6.434082671408484e-06,0.0003118214815127544,,,,
log_cosh,log_cosh,2,100.0,0.1,medium,1.0,100000,19,torch,cuda,0.0306689991680565,0.00014229120810136853,101.31562362450344,0.0006592634718600721,1.9804322873691684,0.0006209454941947801,6.507026737588254e-06,0.00031354038113550045,,,,
log_cosh,log_cosh,2,100.0,0.1,far,4.0,100000,0,torch,cuda,0.03125704203384928,6.848082562991157e-05,100.39249397030585,0.00348275528835984,1.885779808408465,0.0032785221237219275,3.469139126466936e-05,0.001738549807938017,,,,
log_cosh,log_cosh,2,100.0,0.1,far,4.0,100000,1,torch,cuda,0.011179924000733074,0.00010085885570835544,100.97207032432289,0.003476349938864587,1.8893706035207458,0.0032724719845802497,3.442882697857467e-05,0.0017320434532442524,,,,
log_cosh,log_cosh,2,100.0,0.1,far,4.0,100000,2,torch,cuda,0.01970746701117746,1.603147323740342e-05,100.77766113905136,0.0034686930748648592,1.8858051436378922,0.003265258428907458,3.441926549653513e-05,0.001731493012373735,,,,
log_cosh,log_cosh,2,100.0,0.1,far,4.0,100000,3,torch,cuda,0.002186317351714353,0.00013082375012874825,101.57306652864486,0.0034718666013304755,1.8947080621618682,0.0032682314499083986,3.418097651262076e-05,0.001724926132514228,,,,
log_cosh,log_cosh,2,100.0,0.1,far,4.0,100000,4,torch,cuda,0.039226085464750066,0.0002502959440305075,102.16083033832683,0.0034682641121435154,1.8984531530910793,0.0032648445320759834,3.394905954324801e-05,0.0017197393186975053,,,,
log_cosh,log_cosh,2,100.0,0.1,far,4.0,100000,5,torch,cuda,0.027290650877720115,9.619916039563143e-05,100.25915135488299,0.00349198660728689,1.8877100969800615,0.0032872167968847066,3.482960468043915e-05,0.0017413779807310247,,,,
log_cosh,log_cosh,2,100.0,0.1,far,4.0,100000,6,torch,cuda,0.041774190000098466,8.020094272540352e-05,100.74952873029974,0.003439911316263533,1.8776848365423184,0.00323814152176638,3.414320006867688e-05,0.0017245394214980658,,,,
log_cosh,log_cosh,2,100.0,0.1,far,4.0,100000,7,torch,cuda,0.0429337264434886,0.0002732297898877699,100.41481691374952,0.0034866605167280795,1.8862258187654461,0.003282179935204965,3.472257007372645e-05,0.00174007793899947,,,,
log_cosh,log_cosh,2,100.0,0.1,far,4.0,100000,8,torch,cuda,0.017643644162640245,7.700366803584459e-05,100.62076821889423,0.003481966427898442,1.886347213130044,0.0032777691098324624,3.460484837805691e-05,0.0017376276684468981,,,,
log_cosh,log_cosh,2,100.0,0.1,far,4.0,100000,9,torch,cuda,0.0008938256613725966,4.208727223531282e-05,101.22714586276038,0.003458078738731274,1.8871874440435334,0.003255239675439725,3.416157503264584e-05,0.0017249159248669914,,,,
log_cosh,log_cosh,2,100.0,0.1,far,4.0,100000,10,torch,cuda,0.011464334683400166,0.00012011817174355963,101.71370034664483,0.003477189916111456,1.8977058355878853,0.0032732378962272435,3.418605265820669e-05,0.0017248394534304817,,,,
log_cosh,log_cosh,2,100.0,0.1,far,4.0,100000,11,torch,cuda,0.014685950627035023,5.7148115325461694e-05,100.66375705800351,0.0034572907668461994,1.882378015072046,0.0032545313319012337,3.434494070049533e-05,0.0017289467396253404,,,,
log_cosh,log_cosh,2,100.0,0.1,far,4.0,100000,12,torch,cuda,0.07069471139023936,8.102917293487848e-05,102.04609147458473,0.0034463435385987395,1.892019954736,0.0032441686104185408,3.3772420763974824e-05,0.00171465877106524,,,,
log_cosh,log_cosh,2,100.0,0.1,far,4.0,100000,13,torch,cuda,0.030447105130157515,0.00024216855295026263,100.76831673565744,0.0034612768297392904,1.8839939923858076,0.0032582703321537565,3.434886025554199e-05,0.0017294483662485705,,,,
log_cosh,log_cosh,2,100.0,0.1,far,4.0,100000,14,torch,cuda,0.03795004896065468,0.00020343025843901194,101.84149615156025,0.003456403053860413,1.8919084476331705,0.0032536517931589515,3.3939044343148716e-05,0.0017197723268424323,,,,
log_cosh,log_cosh,2,100.0,0.1,far,4.0,100000,15,torch,cuda,0.03897838104428736,0.00022566604900918768,100.46879347329786,0.003484711162172971,1.8865409123930164,0.0032803581366103174,3.468451288906064e-05,0.0017388216258979981,,,,
log_cosh,log_cosh,2,100.0,0.1,far,4.0,100000,16,torch,cuda,0.057314902984923685,1.1136691087081917e-05,101.7634807416182,0.003499071582837132,1.9036634565364317,0.003293843777949945,3.4384354361083853e-05,0.0017302658023087962,,,,
log_cosh,log_cosh,2,100.0,0.1,far,4.0,100000,17,torch,cuda,0.02732182396433759,3.5238575180081065e-05,100.53221675620034,0.0034750450720366644,1.8850905566312974,0.0032712274764428173,3.456648211054533e-05,0.0017353158260410473,,,,
log_cosh,log_cosh,2,100.0,0.1,far,4.0,100000,18,torch,cuda,0.0038752459176690547,0.00015191392998178222,101.41904747165927,0.0034666995693442004,1.8908160133827536,0.0032633781874231715,3.418193776975613e-05,0.0017259099586240776,,,,
log_cosh,log_cosh,2,100.0,0.1,far,4.0,100000,19,torch,cuda,0.030663079412908148,0.00016692003299576786,101.20160405155002,0.00349862832308645,1.8973059432306805,0.003293440396689107,3.457087815825845e-05,0.0017358509883130008,,,,
log_cosh,log_cosh,2,100.0,0.1,underdispersed,,100000,0,torch,cuda,0.015633399986283943,0.04689903583632246,25.14594704002555,226.1777548171775,0.12742958196113885,1.1159119771209192,8.994600778294952,8.757087325776755,,,,
log_cosh,log_cosh,2,100.0,0.1,underdispersed,,100000,1,torch,cuda,0.005600899224770064,0.016792570601722345,25.29086343789972,227.481597535639,0.12764697312620257,1.1177793660964972,8.994615707534349,8.756802756234308,,,,
log_cosh,log_cosh,2,100.0,0.1,underdispersed,,100000,2,torch,cuda,0.009854926393430172,0.02956421943449847,25.24214428563207,227.04368665826996,0.12739933018629934,1.1156765449139214,8.994627559731688,8.757318765196322,,,,
log_cosh,log_cosh,2,100.0,0.1,underdispersed,,100000,3,torch,cuda,0.0011855477392496614,0.0034310918826585745,25.441064668153405,228.834241409377,0.1279568009845133,1.1207689355288166,8.994680230337488,8.758963391593886,,,,
log_cosh,log_cosh,2,100.0,0.1,underdispersed,,100000,4,torch,cuda,0.019632884470599767,0.05887881059501894,25.588017118643442,230.15615063902106,0.12819199579538965,1.122733174370849,8.994684878154516,8.758215888633723,,,,
log_cosh,log_cosh,2,100.0,0.1,underdispersed,,100000,5,torch,cuda,0.013649798153712115,0.04094337161633647,25.112695324467914,225.8785904247851,0.12756962045800085,1.1171983101140135,8.994597652953088,8.757557685780084,,,,
log_cosh,log_cosh,2,100.0,0.1,underdispersed,,100000,6,torch,cuda,0.020892412530335313,0.0626712587423586,25.23483226015461,226.97833054999404,0.12682397063650883,1.1106034305076624,8.994643919563085,8.757046676063878,,,,
log_cosh,log_cosh,2,100.0,0.1,underdispersed,,100000,7,torch,cuda,0.021490737502657505,0.06444368575728184,25.15164612108249,226.22837097989682,0.12747642841018042,1.116174665131511,8.994575141953385,8.755929853478479,,,,
log_cosh,log_cosh,2,100.0,0.1,underdispersed,,100000,8,torch,cuda,0.008826684418207576,0.026475279702844186,25.203067911055,226.6912363080863,0.127470601389459,1.116141779431566,8.99458895671392,8.756072123810217,,,,
log_cosh,log_cosh,2,100.0,0.1,underdispersed,,100000,9,torch,cuda,0.00046385212073688105,0.0013946428083700469,25.35446907733906,228.05468777264312,0.12746082910701106,1.1162559766735518,8.994654436541541,8.75763938218531,,,,
log_cosh,log_cosh,2,100.0,0.1,underdispersed,,100000,10,torch,cuda,0.005743057752634607,0.017229879058626368,25.476318680524717,229.1511431930583,0.12816327985932915,1.12253563302574,8.994672506127507,8.758636906435486,,,,
log_cosh,log_cosh,2,100.0,0.1,underdispersed,,100000,11,torch,cuda,0.007348049918236354,0.02203197463257702,25.213556179068053,226.78645994405906,0.12716289961507574,1.1135689436832668,8.994624095601955,8.757026987069805,,,,
log_cosh,log_cosh,2,100.0,0.1,underdispersed,,100000,12,torch,cuda,0.035355214995312925,0.10606381005360345,25.559126434930164,229.89699566038487,0.12773042831496625,1.1187803295855223,8.994712563657814,8.75891785805931,,,,
log_cosh,log_cosh,2,100.0,0.1,underdispersed,,100000,13,torch,cuda,0.015249527298362035,0.04571747264468619,25.239711592813403,227.0223549145498,0.12726015458777204,1.1145618556157653,8.994649327894487,8.758136898592605,,,,
log_cosh,log_cosh,2,100.0,0.1,underdispersed,,100000,14,torch,cuda,0.01899073225758194,0.05696422608464585,25.50808801873514,229.43700680984628,0.1277542717249132,1.1188418888296345,8.994676772376266,8.757764994651453,,,,
log_cosh,log_cosh,2,100.0,0.1,underdispersed,,100000,15,torch,cuda,0.01950923015090817,0.05850506142322904,25.165087357868877,226.34950457061026,0.1274898540000649,1.1163340390616732,8.994584495246466,8.756257882773204,,,,
log_cosh,log_cosh,2,100.0,0.1,underdispersed,,100000,16,torch,cuda,0.028662767420917827,0.08598786274582519,25.489007019360006,229.2647940469088,0.12858930122747564,1.126244639411633,8.994653807924815,8.758463018780201,,,,
log_cosh,log_cosh,2,100.0,0.1,underdispersed,,100000,17,torch,cuda,0.01366275208417768,0.04098728805240785,25.18085900556496,226.49211615700875,0.12736761716874834,1.11539107727637,8.994614365894114,8.757257944133455,,,,
log_cosh,log_cosh,2,100.0,0.1,underdispersed,,100000,18,torch,cuda,0.0020128001744828456,0.005945911650576739,25.402536415541356,228.48666028438984,0.12771587614171595,1.1184026309455704,8.994639611838169,8.756958529608093,,,,
log_cosh,log_cosh,2,100.0,0.1,underdispersed,,100000,19,torch,cuda,0.015345248709054998,0.046017401657195166,25.348497105175593,228.00003662305897,0.1281928394961203,1.1226328325832242,8.994617537956778,8.757375505495379,,,,
log_cosh,log_cosh,2,100.0,0.1,overdispersed,,100000,0,torch,cuda,0.06252308204052723,0.046890050630089164,401.9396883038416,226.05181157913557,31.234159023834778,17.436373771045126,0.5624023159620265,0.558246942321688,,,,
log_cosh,log_cosh,2,100.0,0.1,overdispersed,,100000,1,torch,cuda,0.022371316985914064,0.0167731147222112,404.2588047368726,227.3564936194703,31.29215176747709,17.469762556229572,0.5624033192485542,0.5582793630186352,,,,
log_cosh,log_cosh,2,100.0,0.1,overdispersed,,100000,2,torch,cuda,0.0394196051629681,0.029564818901810085,403.48002890772784,226.91842931783495,31.23242799791283,17.436354543302905,0.5624031254586063,0.5582772669633025,,,,
log_cosh,log_cosh,2,100.0,0.1,overdispersed,,100000,3,torch,cuda,0.004624701903131398,0.003470560308985925,406.6624616679703,228.7084291389876,31.3739724288903,17.515469581415285,0.5624035919148158,0.5582802630783981,,,,
log_cosh,log_cosh,2,100.0,0.1,overdispersed,,100000,4,torch,cuda,0.07849230441671719,0.058864428215710064,409.0140898827954,230.03144945428133,31.436959532533525,17.55199594122046,0.5624047071830649,0.5583235847937593,,,,
log_cosh,log_cosh,2,100.0,0.1,overdispersed,,100000,5,torch,cuda,0.05459189271474146,0.04094361182556786,401.4066740799501,225.75178854544004,31.265226498989012,17.45287780003784,0.5624016816932046,0.5582200979929633,,,,
log_cosh,log_cosh,2,100.0,0.1,overdispersed,,100000,6,torch,cuda,0.0835635331898383,0.06267262844558333,403.3664044380459,226.85501987613245,31.098112946721823,17.3627617635976,0.5624043484538032,0.5583220368819156,,,,
log_cosh,log_cosh,2,100.0,0.1,overdispersed,,100000,7,torch,cuda,0.08592023983990445,0.06443668161198537,402.030473106559,226.10296802456605,31.244776477383063,17.442709621983468,0.5624025618690776,0.5582600225868026,,,,
log_cosh,log_cosh,2,100.0,0.1,overdispersed,,100000,8,torch,cuda,0.035298559745342246,0.026473080858922134,402.85386359106604,226.56622482866433,31.245607610499565,17.443521689269463,0.562403008398723,0.5582711626772097,,,,
log_cosh,log_cosh,2,100.0,0.1,overdispersed,,100000,9,torch,cuda,0.0017701755027545768,0.001305849568378397,405.27852473235856,227.93030157278272,31.252712066811068,17.44849025828327,0.5624040941308335,0.5583032352834671,,,,
log_cosh,log_cosh,2,100.0,0.1,overdispersed,,100000,10,torch,cuda,0.02292113538778056,0.017178447030291408,407.22528428517234,229.02488084073846,31.423025381113376,17.542717367032377,0.5624033911419817,0.5582758870053398,,,,
log_cosh,log_cosh,2,100.0,0.1,overdispersed,,100000,11,torch,cuda,0.029391163041057378,0.022046364275974305,403.02413294092946,226.66225049291924,31.17597337350957,17.40526381259501,0.5624036675891583,0.5582909506647313,,,,
log_cosh,log_cosh,2,100.0,0.1,overdispersed,,100000,12,torch,cuda,0.1414119000521073,0.10605717338819355,408.55419379384654,229.7729790853791,31.327697088109407,17.491380235156246,0.5624051412903153,0.5583359729877876,,,,
log_cosh,log_cosh,2,100.0,0.1,overdispersed,,100000,13,torch,cuda,0.06094705573706911,0.045705381053288446,403.44246292147574,226.89741236692632,31.200495690220674,17.418534519335317,0.562403398799121,0.5582774931615877,,,,
log_cosh,log_cosh,2,100.0,0.1,overdispersed,,100000,14,torch,cuda,0.07592337372368908,0.056934827968952155,407.73664886012074,229.3130958779935,31.329916148464235,17.49251016868574,0.5624049163082769,0.5583324923626777,,,,
log_cosh,log_cosh,2,100.0,0.1,overdispersed,,100000,15,torch,cuda,0.07800028713607256,0.05849677221340397,402.2454791888116,226.2238588559558,31.24813207647789,17.444429958121543,0.5624024894255373,0.5582551275521803,,,,
log_cosh,log_cosh,2,100.0,0.1,overdispersed,,100000,16,torch,cuda,0.11464651115249223,0.0859838867211059,407.42594967959093,229.13745894088402,31.52264000989733,17.597510293516972,0.5624027117592362,0.5582498892222159,,,,
log_cosh,log_cosh,2,100.0,0.1,overdispersed,,100000,17,torch,cuda,0.05464437132145418,0.040981862855358486,402.49897567971396,226.36649963163026,31.221321002615568,17.4295604851403,0.5624026725766378,0.558258264718528,,,,
log_cosh,log_cosh,2,100.0,0.1,overdispersed,,100000,18,torch,cuda,0.007927846622030998,0.005938245537163062,406.0464775562237,228.3622218237683,31.314409284458705,17.483113214709462,0.5624041444668064,0.5583088940268244,,,,
log_cosh,log_cosh,2,100.0,0.1,overdispersed,,100000,19,torch,cuda,0.0613702111084429,0.046029581558328855,405.17852153621476,227.87345701475698,31.422837995003867,17.541853723559825,0.5624026074994938,0.5582517316338176,,,,
log_cosh,log_cosh,2,100.0,1.0,optimum,0.0,100000,0,torch,cuda,0.031406850367170495,0.00027859694394647994,102.07512538418965,0.013082613280792032,2.003904582393878,0.007698366036153469,0.0001281665168820688,0.0038416829343026647,,,,
log_cosh,log_cosh,2,100.0,1.0,optimum,0.0,100000,1,torch,cuda,0.011313944466728603,8.288822681500039e-05,102.66076254389169,0.01283673715737041,2.0087231782511115,0.0075536873251108244,0.00012504034491154473,0.0037604421589277517,,,,
log_cosh,log_cosh,2,100.0,1.0,optimum,0.0,100000,2,torch,cuda,0.019801448594314354,2.713591740939595e-05,102.46197771053339,0.012935735141061649,2.0043650942682865,0.007611928676371586,0.00012624912606710125,0.003797675731900728,,,,
log_cosh,log_cosh,2,100.0,1.0,optimum,0.0,100000,3,torch,cuda,0.0031355323520328,0.0002880272590726522,103.26399643462773,0.013072794296088857,2.0123906418959425,0.007692585313874772,0.00012659585864822418,0.0038226103589049302,,,,
log_cosh,log_cosh,2,100.0,1.0,optimum,0.0,100000,4,torch,cuda,0.03957934727837312,2.3760699492471696e-05,103.85897967667108,0.012833503520613038,2.0181651747344196,0.007551766460318292,0.0001235666242877188,0.0037418971226238044,,,,
log_cosh,log_cosh,2,100.0,1.0,optimum,0.0,100000,5,torch,cuda,0.027456899362905508,0.0002550363754486316,101.94122453307212,0.013264429002048855,2.00487140366472,0.007805375093901271,0.00013011839972302435,0.0038932048607375844,,,,
log_cosh,log_cosh,2,100.0,1.0,optimum,0.0,100000,6,torch,cuda,0.04200847795933856,0.0004833463152034964,102.43018003834923,0.012760741276349626,1.9971779778733654,0.007508947201638814,0.00012457989697540396,0.003759778690146829,,,,
log_cosh,log_cosh,2,100.0,1.0,optimum,0.0,100000,7,torch,cuda,0.043362187052189395,0.0003609595001879184,102.10019077181383,0.012868445386711886,2.0056797331296123,0.00757234638465048,0.0001260374274468486,0.003775451414087323,,,,
log_cosh,log_cosh,2,100.0,1.0,optimum,0.0,100000,8,torch,cuda,0.017766421716815264,2.353869320604562e-06,102.30704211974056,0.012757562402443872,2.005963103675736,0.007507097023700847,0.0001246987708579471,0.0037423903809321356,,,,
log_cosh,log_cosh,2,100.0,1.0,optimum,0.0,100000,9,torch,cuda,0.0009010702565642829,0.00023802249899658183,102.91466079915499,0.01280944164201266,2.0062075554785483,0.007537611261291241,0.00012446663616771922,0.003757144289835588,,,,
log_cosh,log_cosh,2,100.0,1.0,optimum,0.0,100000,10,torch,cuda,0.011539982594940995,0.0005843415284669374,103.40735516060279,0.012969676811358362,2.015706443889719,0.007631902306150719,0.0001254231557437578,0.003786217149469145,,,,
log_cosh,log_cosh,2,100.0,1.0,optimum,0.0,100000,11,torch,cuda,0.014862403846955264,0.0008854638952485484,102.34651406031371,0.012890091782623039,2.001334767954883,0.0075850918185324,0.00012594558692078945,0.003790016512971204,,,,
log_cosh,log_cosh,2,100.0,1.0,optimum,0.0,100000,12,torch,cuda,0.07102843627829564,0.00018334107455472584,103.73865131923613,0.01279954167498734,2.0109217138596063,0.0075317832081077405,0.0001233825725726775,0.0037454383013507887,,,,
log_cosh,log_cosh,2,100.0,1.0,optimum,0.0,100000,13,torch,cuda,0.030834423714232718,0.00023265477768877788,102.45057556492287,0.0130736607029654,2.0018330075017547,0.007693118673606415,0.00012760944124399408,0.003843037178814063,,,,
log_cosh,log_cosh,2,100.0,1.0,optimum,0.0,100000,14,torch,cuda,0.038198875216861904,0.00046687174912970916,103.53517493790606,0.012708641831484308,2.011848635251564,0.007478290959043768,0.00012274709381720906,0.0037171240559599424,,,,
log_cosh,log_cosh,2,100.0,1.0,optimum,0.0,100000,15,torch,cuda,0.039335172510392834,0.00032831107571476033,102.15372683362618,0.012867482037435155,2.0056070938479778,0.00757177789997473,0.00012596194418233928,0.0037753047060914815,,,,
log_cosh,log_cosh,2,100.0,1.0,optimum,0.0,100000,16,torch,cuda,0.057579156417194695,0.0005639034599513776,103.46105652179801,0.013036854293914307,2.021557697364225,0.00767144491120301,0.00012600735708868,0.003794818679281476,,,,
log_cosh,log_cosh,2,100.0,1.0,optimum,0.0,100000,17,torch,cuda,0.02744727771947206,0.00014102130101109335,102.21504097906559,0.013000802271210216,2.003258883632806,0.007650223518069701,0.00012719069665953446,0.0038188891014407575,,,,
log_cosh,log_cosh,2,100.0,1.0,optimum,0.0,100000,18,torch,cuda,0.004651887260187552,0.00017036496371322803,103.11075505901239,0.012689957662465993,2.0107743131103484,0.007467298693288251,0.00012307113506445833,0.0037136433684283178,,,,
log_cosh,log_cosh,2,100.0,1.0,optimum,0.0,100000,19,torch,cuda,0.03095870223200464,0.0004859780529483145,102.89469858570138,0.012986964861216472,2.0158328020312624,0.007642089991620461,0.00012621607371150984,0.0037910336531481563,,,,
log_cosh,log_cosh,2,100.0,1.0,near,0.25,100000,0,torch,cuda,0.03140926483460561,0.00018899969817644436,102.05492536502022,0.01437264036768049,1.9926758428022484,0.00845744848128166,0.0001408324029072954,0.004244267080283449,,,,
log_cosh,log_cosh,2,100.0,1.0,near,0.25,100000,1,torch,cuda,0.011334032985489633,2.0258970234882655e-05,102.64031337547965,0.014128067891632234,1.9973695273340868,0.00831353105403157,0.00013764638305369177,0.004162239856101009,,,,
log_cosh,log_cosh,2,100.0,1.0,near,0.25,100000,2,torch,cuda,0.019800556881043513,3.816536181443233e-05,102.44108832948113,0.014198176468733337,1.9927526327990186,0.008354773199293147,0.00013859845400185285,0.004192579180065135,,,,
log_cosh,log_cosh,2,100.0,1.0,near,0.25,100000,3,torch,cuda,0.0032085298335112287,0.0003630552980110558,103.24318846137264,0.014377996412628491,2.000845960901686,0.008460589452418912,0.00013926338993305954,0.00422850615077141,,,,
log_cosh,log_cosh,2,100.0,1.0,near,0.25,100000,4,torch,cuda,0.039571397624272184,4.982802927994728e-05,103.83772709212761,0.014215810511144511,2.0062978098514415,0.008365153137792042,0.00013690409939859203,0.00416944737551772,,,,
log_cosh,log_cosh,2,100.0,1.0,near,0.25,100000,5,torch,cuda,0.02744883463313172,0.00011525684435801856,101.9203103739611,0.014518016825777025,1.9932440700774672,0.00854301094185668,0.00014244478625024016,0.004285983372585504,,,,
log_cosh,log_cosh,2,100.0,1.0,near,0.25,100000,6,torch,cuda,0.0420253410404965,0.0007605604060437953,102.40945095183277,0.013950000723076172,1.985677587216535,0.008208722434986854,0.00013621790365458958,0.0041339653969170295,,,,
log_cosh,log_cosh,2,100.0,1.0,near,0.25,100000,7,torch,cuda,0.043388888432600414,0.0005325001259030592,102.07952259357789,0.01412571524413675,1.994239343433844,0.008312142334923847,0.0001383795190772712,0.0041680765963684795,,,,
log_cosh,log_cosh,2,100.0,1.0,near,0.25,100000,8,torch,cuda,0.0177509316675127,0.0001657895058334881,102.28600380097134,0.014079640437525853,1.9942646230808205,0.008285038818751533,0.00013764972639777865,0.004154433029029252,,,,
log_cosh,log_cosh,2,100.0,1.0,near,0.25,100000,9,torch,cuda,0.0010383120471714397,7.650176052972106e-05,102.89337685944548,0.014115342106979512,1.9944144835914124,0.008306019695663816,0.00013718416615154312,0.00416464068226524,,,,
log_cosh,log_cosh,2,100.0,1.0,near,0.25,100000,10,torch,cuda,0.011543415453699765,0.0005747205205864939,103.38745434420474,0.01420455186751024,2.0047023501978747,0.008358516975948582,0.00013739144616347213,0.004169455368336129,,,,
log_cosh,log_cosh,2,100.0,1.0,near,0.25,100000,11,torch,cuda,0.014871533792034871,0.0009488108898737172,102.32622165460945,0.01403133866721884,1.9900598736984758,0.008256622717407125,0.00013712358807286006,0.004148931811816497,,,,
log_cosh,log_cosh,2,100.0,1.0,near,0.25,100000,12,torch,cuda,0.07103426817991466,0.00014354941708465848,103.7172631662975,0.01406936422950622,1.9990697553760928,0.008278962771111606,0.00013565113270437706,0.004141407646655158,,,,
log_cosh,log_cosh,2,100.0,1.0,near,0.25,100000,13,torch,cuda,0.030789278371684554,2.274817484608394e-05,102.43020643221114,0.014341956609046136,1.9905554584451173,0.00843940671967644,0.0001400168671781182,0.004239724486887049,,,,
log_cosh,log_cosh,2,100.0,1.0,near,0.25,100000,14,torch,cuda,0.038209258318505704,0.00035595302108653616,103.51321646518207,0.014062113366281714,1.9996505046370412,0.008274700862521245,0.0001358484824110521,0.004138073550019279,,,,
log_cosh,log_cosh,2,100.0,1.0,near,0.25,100000,15,torch,cuda,0.03930554914555705,0.00011157049837017833,102.13251370611552,0.014141681179284937,1.9937925621623562,0.008321534598309657,0.00013846404701227047,0.004173721357092729,,,,
log_cosh,log_cosh,2,100.0,1.0,near,0.25,100000,16,torch,cuda,0.05757656832463458,0.0003050068777216122,103.44071164955848,0.014283626666165894,2.0103157691977276,0.008405060204716638,0.000138085154658996,0.004180965166517552,,,,
log_cosh,log_cosh,2,100.0,1.0,near,0.25,100000,17,torch,cuda,0.02744859589097442,0.00015144590972979502,102.1941498445448,0.014275832307229841,1.9917138687970282,0.00840046333456261,0.0001396932439767431,0.004217705899510753,,,,
log_cosh,log_cosh,2,100.0,1.0,near,0.25,100000,18,torch,cuda,0.004597714333251715,0.00010153804607588658,103.08977176772905,0.01401439932949522,1.9990849033866078,0.00824663150935663,0.00013594364493376684,0.004125203234433008,,,,
log_cosh,log_cosh,2,100.0,1.0,near,0.25,100000,19,torch,cuda,0.030918148727437283,0.00016069917440772994,102.8738976555489,0.014301303766941942,2.0043128364228413,0.008415465441113226,0.00013901780814047483,0.004198678613530494,,,,
log_cosh,log_cosh,2,100.0,1.0,medium,1.0,100000,0,torch,cuda,0.031416204409625836,8.514119198681646e-05,101.78536256073969,0.0379918085537696,1.8441696754839796,0.022355205437652792,0.00037325414576283757,0.012122097947297579,,,,
log_cosh,log_cosh,2,100.0,1.0,medium,1.0,100000,1,torch,cuda,0.01134849920268453,9.543848555899745e-05,102.36960507334116,0.03770206394062825,1.848301322550066,0.02218467741270702,0.00036829353706715166,0.012002738483192365,,,,
log_cosh,log_cosh,2,100.0,1.0,medium,1.0,100000,2,torch,cuda,0.019797570250297405,0.000246439819878627,102.1704440425756,0.03781542880581412,1.8437031766535306,0.02225135786841781,0.0003701210184625996,0.012068839577966022,,,,
log_cosh,log_cosh,2,100.0,1.0,medium,1.0,100000,3,torch,cuda,0.0029484151002999188,9.303396892043285e-05,102.97297324643931,0.03807869561234156,1.852175928236916,0.02240627449125987,0.0003697931060144297,0.012097271187725874,,,,
log_cosh,log_cosh,2,100.0,1.0,medium,1.0,100000,4,torch,cuda,0.039504886807448715,0.0005766874227668941,103.56508209566064,0.03797936233125654,1.856063894793868,0.022347853688533537,0.00036671976271090956,0.012040454938656872,,,,
log_cosh,log_cosh,2,100.0,1.0,medium,1.0,100000,5,torch,cuda,0.02742010818833823,0.00044213192936967704,101.64986797371911,0.03833671647839765,1.8442761189765846,0.02255818807054988,0.0003771447739441172,0.01223145918251533,,,,
log_cosh,log_cosh,2,100.0,1.0,medium,1.0,100000,6,torch,cuda,0.0420408461913379,0.0010232042076788541,102.13968362210122,0.03720574244282204,1.837193963009039,0.021892545959103282,0.0003642633413715742,0.011916295393898794,,,,
log_cosh,log_cosh,2,100.0,1.0,medium,1.0,100000,7,torch,cuda,0.04333931799393049,0.00019135637966443642,101.80815366681021,0.03778722082860497,1.8448604955364583,0.022234761309963158,0.0003711610462190685,0.012052272442148867,,,,
log_cosh,log_cosh,2,100.0,1.0,medium,1.0,100000,8,torch,cuda,0.017715039754271845,0.0006161802478211685,102.01425162196183,0.03790368441070768,1.8445593963460079,0.022303348507296095,0.0003715528350996372,0.012091423323899496,,,,
log_cosh,log_cosh,2,100.0,1.0,medium,1.0,100000,9,torch,cuda,0.001394405749820027,0.00031730779584124204,102.62184782681932,0.037829626360931456,1.8450366896115573,0.022259670292840372,0.00036863131157773807,0.012064622030647416,,,,
log_cosh,log_cosh,2,100.0,1.0,medium,1.0,100000,10,torch,cuda,0.011592449276024512,0.00035410016601553226,103.11893601686039,0.03768974580763995,1.8570599524225226,0.022177354954981965,0.0003654978150810004,0.011942185779221478,,,,
log_cosh,log_cosh,2,100.0,1.0,medium,1.0,100000,11,torch,cuda,0.01483372508773888,0.0006383929512878703,102.05719698291108,0.03723850463207157,1.8419188547525756,0.02191193452789353,0.0003648787712473325,0.01189625399151308,,,,
log_cosh,log_cosh,2,100.0,1.0,medium,1.0,100000,12,torch,cuda,0.07104227674799611,0.0007867495084740161,103.4460962317903,0.037694336458272915,1.8499773674835864,0.022180040433727788,0.00036438626329418666,0.011989357720574696,,,,
log_cosh,log_cosh,2,100.0,1.0,medium,1.0,100000,13,torch,cuda,0.030636964297400208,0.0009735661486143356,102.16099448169906,0.037871602830577444,1.8424379946764065,0.02228445019648917,0.00037070511130705264,0.012095088280245253,,,,
log_cosh,log_cosh,2,100.0,1.0,medium,1.0,100000,14,torch,cuda,0.038226269809458535,0.000134680846719756,103.23963209937841,0.03789200878020438,1.8490878172573142,0.02229639301720665,0.0003670296765851466,0.012058049817384061,,,,
log_cosh,log_cosh,2,100.0,1.0,medium,1.0,100000,15,torch,cuda,0.03919283253459979,0.0008018121690281044,101.86087041892634,0.03797932806118354,1.8440987186464344,0.022347819727451146,0.00037285493344976127,0.012118559327373976,,,,
log_cosh,log_cosh,2,100.0,1.0,medium,1.0,100000,16,torch,cuda,0.05757361022963333,0.0005889312175554109,103.17097554391933,0.03807566844587029,1.862031856649141,0.022404471019695338,0.000369054070150395,0.012032270521952175,,,,
log_cosh,log_cosh,2,100.0,1.0,medium,1.0,100000,17,torch,cuda,0.027446041046606615,1.0841120115089274e-05,101.92363055588567,0.03800447699209997,1.8429228241904683,0.02236255774038609,0.000372872088492391,0.012134288775879251,,,,
log_cosh,log_cosh,2,100.0,1.0,medium,1.0,100000,18,torch,cuda,0.004261369058874183,0.0003413984750795797,102.81809322641108,0.03770317853016536,1.8494169155822118,0.022185326841353215,0.00036669789671299284,0.01199584942390834,,,,
log_cosh,log_cosh,2,100.0,1.0,medium,1.0,100000,19,torch,cuda,0.030795766591389228,0.0010341731523891787,102.60254407059456,0.038128243279658136,1.855003994687163,0.02243542662561282,0.0003716110903977626,0.012094543564256011,,,,
log_cosh,log_cosh,2,100.0,1.0,far,4.0,100000,0,torch,cuda,0.031333215440013155,0.0005770849100015733,100.70667834444771,0.2689801183198597,1.3570885272724986,0.15816711390624505,0.0026709263252618185,0.11654885494031271,,,,
log_cosh,log_cosh,2,100.0,1.0,far,4.0,100000,1,torch,cuda,0.011174685261167577,0.0008817345080235947,101.2900783294624,0.2685227208839933,1.361755870825455,0.15789693209377376,0.0026510268854821064,0.11595098319499915,,,,
log_cosh,log_cosh,2,100.0,1.0,far,4.0,100000,2,torch,cuda,0.019778123200566346,0.0001411092865046612,101.09507338023059,0.2679171522293018,1.3592709934786562,0.15754048990895342,0.0026501504303937102,0.11590072227302861,,,,
log_cosh,log_cosh,2,100.0,1.0,far,4.0,100000,3,torch,cuda,0.0017722177034733282,0.0011677965121218473,101.89509180954678,0.26814327484817113,1.3676268314242783,0.1576725745287284,0.002631562228231372,0.11528917896742676,,,,
log_cosh,log_cosh,2,100.0,1.0,far,4.0,100000,4,torch,cuda,0.03930829756280802,0.0021756005117122197,102.48788763357857,0.26801456141743074,1.3721615329008507,0.15759721662180226,0.002615085232077902,0.11485325367533815,,,,
log_cosh,log_cosh,2,100.0,1.0,far,4.0,100000,5,torch,cuda,0.027383153182704352,0.0009012256685897763,100.57142569119242,0.2696594241024286,1.3573910407605894,0.15856683249580072,0.002681272759624846,0.11681735604130014,,,,
log_cosh,log_cosh,2,100.0,1.0,far,4.0,100000,6,torch,cuda,0.04191019422624825,0.0006725541455075505,101.06899589454201,0.2656901374825793,1.3556375549874389,0.15622955574569986,0.002628799614867127,0.11524434032601542,,,,
log_cosh,log_cosh,2,100.0,1.0,far,4.0,100000,7,torch,cuda,0.04300556883048958,0.002388672659990716,100.7272751713956,0.2693066874178385,1.3571048292804555,0.15835803903439682,0.0026736222831362346,0.11668814053101494,,,,
log_cosh,log_cosh,2,100.0,1.0,far,4.0,100000,8,torch,cuda,0.017695505002400712,0.0006879699287306127,100.93568229062862,0.26898878829479145,1.35810245368015,0.15817161187932882,0.002664952395331118,0.11646515434142658,,,,
log_cosh,log_cosh,2,100.0,1.0,far,4.0,100000,9,torch,cuda,0.0008214785191615047,0.0003328093396463299,101.54739042895244,0.2671830674194098,1.3623066468834644,0.15710723938769533,0.002631117021233,0.11532443135846693,,,,
log_cosh,log_cosh,2,100.0,1.0,far,4.0,100000,10,torch,cuda,0.011468432999588841,0.001015870906410264,102.03608540917435,0.26847130304531674,1.3698120658789783,0.1578651407453151,0.002631140757396968,0.11524583895675974,,,,
log_cosh,log_cosh,2,100.0,1.0,far,4.0,100000,11,torch,cuda,0.014733106114163294,0.0005211246526517899,100.98213273753504,0.26694446437454644,1.357460210851908,0.15696888346501225,0.0026434821402353216,0.1156342426909902,,,,
log_cosh,log_cosh,2,100.0,1.0,far,4.0,100000,12,torch,cuda,0.07088873205294582,0.0006686442233194892,102.37264417404549,0.2662562759435332,1.3689921629894393,0.15656079695627056,0.002600853754357134,0.11436208415860619,,,,
log_cosh,log_cosh,2,100.0,1.0,far,4.0,100000,13,torch,cuda,0.030456537783734996,0.002152117618006902,101.08598769791979,0.2673468548562141,1.358548767324617,0.157204733413149,0.002644746922344369,0.1157151934433178,,,,
log_cosh,log_cosh,2,100.0,1.0,far,4.0,100000,14,torch,cuda,0.03800072831525902,0.0017355629835880053,102.165758708275,0.2671229829591084,1.3674688159947515,0.1570713052876549,0.0026146038196794845,0.1148628059744053,,,,
log_cosh,log_cosh,2,100.0,1.0,far,4.0,100000,15,torch,cuda,0.03902332314752851,0.002018494592940867,100.78289865784973,0.2691626942316816,1.3576401151452622,0.1582741732264381,0.0026707179275074085,0.11658035989125394,,,,
log_cosh,log_cosh,2,100.0,1.0,far,4.0,100000,16,torch,cuda,0.057477872721202666,0.00010847146560470332,102.08367704362286,0.2701844533455642,1.3724779882371116,0.15887297443582682,0.0026466959377855065,0.11575630049986613,,,,
log_cosh,log_cosh,2,100.0,1.0,far,4.0,100000,17,torch,cuda,0.02741832286565649,0.00031960373788411255,100.84612527900094,0.2684188261764575,1.3575607395833345,0.1578348568566703,0.002661667222551683,0.11626356910197133,,,,
log_cosh,log_cosh,2,100.0,1.0,far,4.0,100000,18,torch,cuda,0.0035968705506160084,0.0013171064206940323,101.7410758681392,0.26785454226160255,1.3647515975719706,0.15750349456315504,0.002632707979309689,0.1154081774612827,,,,
log_cosh,log_cosh,2,100.0,1.0,far,4.0,100000,19,torch,cuda,0.03072152231043252,0.0015321187007493152,101.51819835415654,0.27019223997876907,1.3663257122817818,0.15887841356389032,0.002661515318033679,0.11628150750274713,,,,
log_cosh,log_cosh,2,100.0,1.0,underdispersed,,100000,0,torch,cuda,0.015714102709369654,0.04712886913377042,25.617900253633714,229.36208496482905,0.13930694042182923,1.083623761627792,8.95319611263986,7.778677489768409,,,,
log_cosh,log_cosh,2,100.0,1.0,underdispersed,,100000,1,torch,cuda,0.005686939481861523,0.016971100379205736,25.76396930246595,230.6733554010241,0.13955522700277218,1.085403548197515,8.953331402197628,7.777591506307064,,,,
log_cosh,log_cosh,2,100.0,1.0,underdispersed,,100000,2,torch,cuda,0.009900619650619304,0.029697005618531475,25.71415739435604,230.22991404072135,0.1392605873570836,1.0834291355635217,8.953430225610044,7.779869065074801,,,,
log_cosh,log_cosh,2,100.0,1.0,underdispersed,,100000,3,torch,cuda,0.0016338857747642756,0.0040823965725912525,25.914857938544817,232.03838542567786,0.13979152616839957,1.0885956478215641,8.953874490685608,7.787279226855207,,,,
log_cosh,log_cosh,2,100.0,1.0,underdispersed,,100000,4,torch,cuda,0.019832848861231274,0.059330048743410906,26.063148418990114,233.36768535415763,0.14007868467104986,1.090420199131345,8.953933024611924,7.784340648914607,,,,
log_cosh,log_cosh,2,100.0,1.0,underdispersed,,100000,5,torch,cuda,0.013732428036830823,0.0411443383127115,25.584880159870764,229.0655400760419,0.1394402462290486,1.0849305618339273,8.953160563766307,7.780612779841115,,,,
log_cosh,log_cosh,2,100.0,1.0,underdispersed,,100000,6,torch,cuda,0.021004607296951475,0.06296271633354321,25.70503884271296,230.15243768641986,0.13863781249670293,1.0784912460353726,8.953592293507272,7.779199820114164,,,,
log_cosh,log_cosh,2,100.0,1.0,underdispersed,,100000,7,torch,cuda,0.021717690022499618,0.06491188535577541,25.624136375854892,229.41235032414681,0.13941307324206387,1.0837178316844747,8.952978822744537,7.773430471637391,,,,
log_cosh,log_cosh,2,100.0,1.0,underdispersed,,100000,8,torch,cuda,0.008892699103944407,0.0266377791613082,25.675630561347926,229.8764218046487,0.13939920177449144,1.083704812865987,8.953097422686259,7.7741106051605335,,,,
log_cosh,log_cosh,2,100.0,1.0,underdispersed,,100000,9,torch,cuda,0.0005579951426882212,0.0016580121668561586,25.826859609428226,231.2451796420838,0.13930882773306444,1.0840490532885745,8.953670060515858,7.781624976169973,,,,
log_cosh,log_cosh,2,100.0,1.0,underdispersed,,100000,10,torch,cuda,0.005836698820483575,0.017495281281775122,25.950967582500617,232.3599018794949,0.1400339634784799,1.0902602035636146,8.9538049454534,7.785684104636253,,,,
log_cosh,log_cosh,2,100.0,1.0,underdispersed,,100000,11,torch,cuda,0.007414120832911803,0.022132900876053217,25.68483684739491,229.96685702911913,0.13901336023392413,1.0813546593512773,8.953409297300777,7.7787822518039444,,,,
log_cosh,log_cosh,2,100.0,1.0,underdispersed,,100000,12,torch,cuda,0.035521081841340445,0.10654535882376505,26.03248317802098,233.09926342029874,0.13954010044006046,1.086676514649996,8.954169367027676,7.787557205584631,,,,
log_cosh,log_cosh,2,100.0,1.0,underdispersed,,100000,13,torch,cuda,0.015464943892777253,0.046127470002943496,25.71101624721274,230.20670650606579,0.13906760127149265,1.0824705334616982,8.953621447422245,7.783772234256499,,,,
log_cosh,log_cosh,2,100.0,1.0,underdispersed,,100000,14,torch,cuda,0.019147001623381964,0.05736357214484839,25.981756533591508,232.63720856263484,0.13962086253723296,1.086582211450941,8.953867620992481,7.782377158436333,,,,
log_cosh,log_cosh,2,100.0,1.0,underdispersed,,100000,15,torch,cuda,0.01969594153973196,0.058893217581173135,25.63755163906372,229.53446132598117,0.13941246524318868,1.0839162141837522,8.953057006279861,7.774887362424785,,,,
log_cosh,log_cosh,2,100.0,1.0,underdispersed,,100000,16,torch,cuda,0.028791693321156546,0.08636924696459794,25.965126817604652,232.48227665310665,0.1405110526403708,1.0938280650971977,8.95363532349401,7.784640742082986,,,,
log_cosh,log_cosh,2,100.0,1.0,underdispersed,,100000,17,torch,cuda,0.013726745786056038,0.04117203795369399,25.652645658832423,229.67619014279703,0.13923019559375746,1.0831422158304886,8.953313946537033,7.779506530256232,,,,
log_cosh,log_cosh,2,100.0,1.0,underdispersed,,100000,18,torch,cuda,0.0024299581892040806,0.006610584667179323,25.876084519736892,231.68261434291935,0.13962057635456182,1.086035040525088,8.95354218549581,7.778474125240238,,,,
log_cosh,log_cosh,2,100.0,1.0,underdispersed,,100000,19,torch,cuda,0.015485936482856743,0.04630469786587156,25.823344119478154,231.2048288099247,0.14013027534490838,1.0901696883545515,8.953326406533476,7.779687049577776,,,,
log_cosh,log_cosh,2,100.0,1.0,overdispersed,,100000,0,torch,cuda,0.06276153240589397,0.047055753815250574,406.26074545761963,228.20131654145956,27.757255902032984,14.952264285641348,0.5617114601717411,0.538679483966793,,,,
log_cosh,log_cosh,2,100.0,1.0,overdispersed,,100000,1,torch,cuda,0.022473819868895177,0.016818190324575252,408.6028753489584,229.5199823181828,27.836520393575622,15.000290958790355,0.5617189603038556,0.5388709057994283,,,,
log_cosh,log_cosh,2,100.0,1.0,overdispersed,,100000,2,torch,cuda,0.039602202196081265,0.029702804148973926,407.8119253759373,229.07507130785353,27.78098034986323,14.9702615586144,0.5617174414325501,0.5388672887020022,,,,
log_cosh,log_cosh,2,100.0,1.0,overdispersed,,100000,3,torch,cuda,0.0057416518795768996,0.004312946288137948,411.01978598260365,230.8786481976293,27.90863122148683,15.039727038391852,0.561721493883025,0.5388916037850248,,,,
log_cosh,log_cosh,2,100.0,1.0,overdispersed,,100000,4,torch,cuda,0.0789550070121637,0.05916756028439866,413.39747757033894,232.21765815625392,28.00209188308894,15.097392708540875,0.5617297413643324,0.5391523166045502,,,,
log_cosh,log_cosh,2,100.0,1.0,overdispersed,,100000,5,torch,cuda,0.05486721604904743,0.04114848577967037,405.72266726625855,227.8972235026346,27.7618586424931,14.950218941297324,0.5617069044680103,0.5385164996991264,,,,
log_cosh,log_cosh,2,100.0,1.0,overdispersed,,100000,6,torch,cuda,0.08396974285947847,0.06297859119727883,407.6984730380453,229.01519507962468,27.69969200661488,14.9341778134366,0.5617268894167617,0.5391459879723649,,,,
log_cosh,log_cosh,2,100.0,1.0,overdispersed,,100000,7,torch,cuda,0.08648306066050235,0.06482809684737736,406.3575018457778,228.25632096361957,27.778134402072364,14.965521784210633,0.5617130726683328,0.5387518674794137,,,,
log_cosh,log_cosh,2,100.0,1.0,overdispersed,,100000,8,torch,cuda,0.0354912701800359,0.026609572875469563,407.1874783013894,228.72391529547338,27.7882818305626,14.972763784857095,0.561716475785579,0.538815745289782,,,,
log_cosh,log_cosh,2,100.0,1.0,overdispersed,,100000,9,torch,cuda,0.0014648816792052681,0.0009407010617860161,409.62780261853015,230.0982090998313,27.82090275411309,14.996140019927378,0.5617250773237004,0.5390242060966308,,,,
log_cosh,log_cosh,2,100.0,1.0,overdispersed,,100000,10,torch,cuda,0.022895555693237275,0.01709894613827682,411.5859599016029,231.1958315455731,27.948807063015234,15.06032457793952,0.561719431831068,0.5388539319042674,,,,
log_cosh,log_cosh,2,100.0,1.0,overdispersed,,100000,11,torch,cuda,0.0296942634208811,0.022321430345808586,407.35767052898495,228.82180600014132,27.74265020571644,14.952006269077764,0.5617220996550741,0.5389537826489578,,,,
log_cosh,log_cosh,2,100.0,1.0,overdispersed,,100000,12,torch,cuda,0.14200064831049816,0.10648582358235097,412.92819082779084,231.9554892750084,27.91464876843677,15.052522658030062,0.561733236982466,0.5392338188775645,,,,
log_cosh,log_cosh,2,100.0,1.0,overdispersed,,100000,13,torch,cuda,0.06139411940511544,0.04600016562301186,407.7743190583205,229.0550620634741,27.752630386443958,14.955239933990839,0.5617201754942157,0.5388764857869426,,,,
log_cosh,log_cosh,2,100.0,1.0,overdispersed,,100000,14,torch,cuda,0.07621549182603818,0.05710108439719289,412.10870826843427,231.4943467557619,27.914493296074674,15.051603932171114,0.5617312668019963,0.539203910045097,,,,
log_cosh,log_cosh,2,100.0,1.0,overdispersed,,100000,15,torch,cuda,0.078462784605575,0.05881820384237962,406.5713893570683,228.37619052581869,27.776942906046596,14.963943318982109,0.5617123991114116,0.5387181508633442,,,,
log_cosh,log_cosh,2,100.0,1.0,overdispersed,,100000,16,torch,cuda,0.11512544494621371,0.08633768253008614,411.79048358846563,231.30855639646404,28.015402089700295,15.091558447847493,0.5617141862550392,0.5386879117253798,,,,
log_cosh,log_cosh,2,100.0,1.0,overdispersed,,100000,17,torch,cuda,0.05484399551892093,0.04111936610158899,406.823107886094,228.51827826539682,27.755239192944074,14.953069713236745,0.5617141058009404,0.5387476436174294,,,,
log_cosh,log_cosh,2,100.0,1.0,overdispersed,,100000,18,torch,cuda,0.0087446133097877,0.006487438887799898,410.4053498563819,230.53500287620224,27.88100536697291,15.02932156842055,0.5617251406612417,0.5390523537656888,,,,
log_cosh,log_cosh,2,100.0,1.0,overdispersed,,100000,19,torch,cuda,0.061855758555419346,0.04640944264153507,409.5292483052204,230.0381452664321,27.92855131275121,15.045191363101873,0.5617135924196205,0.5387028920555846,,,,
log_cosh,log_cosh,8,10.0,0.1,optimum,0.0,100000,0,torch,cuda,0.014785378061505636,8.754049194598019e-05,33.6928926749107,0.0006327649501519395,7.998566997511474,0.00043598269075440475,1.878036879341992e-05,5.4507600035112334e-05,,,,
log_cosh,log_cosh,8,10.0,0.1,optimum,0.0,100000,1,torch,cuda,0.01253158665354885,4.7143579962363384e-05,33.77298670473944,0.0006234681525912883,8.005075049160439,0.00042965419816069886,1.8460557191520038e-05,5.367272580483307e-05,,,,
log_cosh,log_cosh,8,10.0,0.1,optimum,0.0,100000,2,torch,cuda,0.01667576849780634,8.698388316069718e-05,33.7367826648928,0.0006342511746878623,8.001670643913362,0.00043630979488319444,1.8799989939404546e-05,5.452733738985903e-05,,,,
log_cosh,log_cosh,8,10.0,0.1,optimum,0.0,100000,3,torch,cuda,0.011717628154914474,0.00012129213427058843,33.78927567930153,0.0006275903646993226,8.015170552311933,0.0004308808637117139,1.8573655459675e-05,5.375816533154477e-05,,,,
log_cosh,log_cosh,8,10.0,0.1,optimum,0.0,100000,4,torch,cuda,0.02302448889601628,6.770204589881318e-05,33.77585655645909,0.0006273428667416422,7.995286416877214,0.00043237033889462656,1.8573707100306625e-05,5.407815509672524e-05,,,,
log_cosh,log_cosh,8,10.0,0.1,optimum,0.0,100000,5,torch,cuda,0.024116897449535834,0.00010636711029501313,33.64994585969059,0.0006327787811852758,7.982643890803061,0.0004369319659491707,1.880474886419607e-05,5.4735244603929705e-05,,,,
log_cosh,log_cosh,8,10.0,0.1,optimum,0.0,100000,6,torch,cuda,0.017450617231913067,6.563361296454033e-05,33.702082333692985,0.0006323566420148368,7.991901572008593,0.0004368082054504074,1.8763132667996922e-05,5.4656354500200015e-05,,,,
log_cosh,log_cosh,8,10.0,0.1,optimum,0.0,100000,7,torch,cuda,0.011417804154043863,6.471978215353632e-05,33.73561295081066,0.0006330867408582407,8.000514675879792,0.00043668473812479914,1.876612533411899e-05,5.4582080755545677e-05,,,,
log_cosh,log_cosh,8,10.0,0.1,optimum,0.0,100000,8,torch,cuda,0.024963318599460233,2.8503642247524594e-05,33.7675979197135,0.0006247678282352582,7.9978699439539245,0.00043031967398835696,1.85019920493225e-05,5.3804285016370106e-05,,,,
log_cosh,log_cosh,8,10.0,0.1,optimum,0.0,100000,9,torch,cuda,0.020663598293308667,0.00010232019221267668,33.7606380240513,0.00062978314658371,8.002293587309543,0.0004333343178056231,1.8654361512215743e-05,5.415126464402998e-05,,,,
log_cosh,log_cosh,8,10.0,0.1,optimum,0.0,100000,10,torch,cuda,0.01898778722476077,9.135614080414513e-05,33.75680854967418,0.0006222608922173664,7.996377188548787,0.0004273702230623537,1.8433641062415315e-05,5.3445480745251646e-05,,,,
log_cosh,log_cosh,8,10.0,0.1,optimum,0.0,100000,11,torch,cuda,0.020908131354832514,9.302482666490432e-05,33.73664183997263,0.0006323720952582477,7.9996829751226715,0.0004361539784871171,1.8744369942268112e-05,5.45214078912207e-05,,,,
log_cosh,log_cosh,8,10.0,0.1,optimum,0.0,100000,12,torch,cuda,0.03890649672051569,7.638663182411734e-05,33.76314627142693,0.0006253129282430576,7.997555468419411,0.0004298143016415735,1.852057634724188e-05,5.37432098269047e-05,,,,
log_cosh,log_cosh,8,10.0,0.1,optimum,0.0,100000,13,torch,cuda,0.01935237829594511,9.986605059480835e-05,33.71389290303679,0.0006283438039726431,7.993082112227515,0.0004336037889731368,1.863753336880431e-05,5.4247383285331964e-05,,,,
log_cosh,log_cosh,8,10.0,0.1,optimum,0.0,100000,14,torch,cuda,0.01148367550509212,5.983258433321297e-05,33.8443384904221,0.0006244112911985763,8.006140526251658,0.0004304075715051174,1.8449504970389175e-05,5.375968234554922e-05,,,,
log_cosh,log_cosh,8,10.0,0.1,optimum,0.0,100000,15,torch,cuda,0.0186926586289083,9.2752569305137e-05,33.63629181772251,0.0006239872078527545,7.988007085769532,0.00042927529426116894,1.8551010653439037e-05,5.373997414523003e-05,,,,
log_cosh,log_cosh,8,10.0,0.1,optimum,0.0,100000,16,torch,cuda,0.02594266620049866,0.00011774970735635167,33.92495594206669,0.0006266758524181883,8.038262175620941,0.0004309588061603369,1.8472414628580695e-05,5.361342996094129e-05,,,,
log_cosh,log_cosh,8,10.0,0.1,optimum,0.0,100000,17,torch,cuda,0.016242597079378543,5.8788398339665676e-05,33.75415308515149,0.0006279837890031165,8.002875920679891,0.0004333142822533774,1.8604637699512228e-05,5.414482075545722e-05,,,,
log_cosh,log_cosh,8,10.0,0.1,optimum,0.0,100000,18,torch,cuda,0.007846963702431254,0.0001233158579386946,33.79115068056335,0.0006260318609809681,8.006045328557096,0.00043103135323744663,1.8526503193070052e-05,5.383823542691957e-05,,,,
log_cosh,log_cosh,8,10.0,0.1,optimum,0.0,100000,19,torch,cuda,0.020201252577014744,6.443785213088755e-05,33.81897838372556,0.000627397131920608,8.019226556430183,0.0004322662606109276,1.8551628757139672e-05,5.3903734676795815e-05,,,,
log_cosh,log_cosh,8,10.0,0.1,near,0.25,100000,0,torch,cuda,0.01477722439610934,7.060482381509798e-05,33.67987729612211,0.0006938023245441904,7.992438335490943,0.0004752855770069342,2.059990653897289e-05,5.946690572467699e-05,,,,
log_cosh,log_cosh,8,10.0,0.1,near,0.25,100000,1,torch,cuda,0.012539636016828554,3.245295080896309e-05,33.76003898254578,0.0006848507750545352,7.999076669378815,0.0004695106404523641,2.0285840766019515e-05,5.869560448766457e-05,,,,
log_cosh,log_cosh,8,10.0,0.1,near,0.25,100000,2,torch,cuda,0.016669249742831675,5.921875577081484e-05,33.72377988754392,0.0006967969729227974,7.9955292810891265,0.0004774623362456265,2.0661888295035504e-05,5.971616380355349e-05,,,,
log_cosh,log_cosh,8,10.0,0.1,near,0.25,100000,3,torch,cuda,0.011714418358282686,0.00012224509729188483,33.776130002474964,0.0006897384986173094,8.009007460981717,0.0004710516865825132,2.042088595013012e-05,5.88152388267064e-05,,,,
log_cosh,log_cosh,8,10.0,0.1,near,0.25,100000,4,torch,cuda,0.023019910015420825,8.539772301504427e-05,33.7627233661246,0.0006891822462060659,7.989147229075033,0.0004723621878824358,2.0412519414756344e-05,5.91254829005229e-05,,,,
log_cosh,log_cosh,8,10.0,0.1,near,0.25,100000,5,torch,cuda,0.024130901843641056,8.708886167878748e-05,33.6368688837013,0.0006940231553915766,7.976502148234846,0.0004765185457615839,2.0632810913261448e-05,5.974028927793052e-05,,,,
log_cosh,log_cosh,8,10.0,0.1,near,0.25,100000,6,torch,cuda,0.01744399549760018,9.217617150467166e-05,33.688964940665386,0.0006926438894692133,7.985821051601862,0.00047519729150086176,2.0559963498110754e-05,5.950512645228167e-05,,,,
log_cosh,log_cosh,8,10.0,0.1,near,0.25,100000,7,torch,cuda,0.011421175207715364,6.518487233572395e-05,33.72245177021837,0.0006950645491032859,7.994361146461688,0.00047702400429744385,2.0611329029081e-05,5.967005937786225e-05,,,,
log_cosh,log_cosh,8,10.0,0.1,near,0.25,100000,8,torch,cuda,0.024965884956656283,4.4658391946991795e-05,33.754490939955666,0.0006869313191240067,7.99172275287678,0.0004709161964269737,2.0350812588048142e-05,5.892549216093089e-05,,,,
log_cosh,log_cosh,8,10.0,0.1,near,0.25,100000,9,torch,cuda,0.0206638578412935,9.593805935643555e-05,33.74734979405368,0.0006931983678346576,7.996073118588386,0.00047438959732593045,2.0540823859205676e-05,5.932782133058813e-05,,,,
log_cosh,log_cosh,8,10.0,0.1,near,0.25,100000,10,torch,cuda,0.018981988910692013,6.714344100125262e-05,33.743790739345144,0.0006847157651996838,7.990305006310001,0.00046831334250307943,2.0291607735739885e-05,5.8610195997931124e-05,,,,
log_cosh,log_cosh,8,10.0,0.1,near,0.25,100000,11,torch,cuda,0.02088481520307401,9.361080298143462e-05,33.723771274628845,0.0006904925622728264,7.993651168951218,0.0004740650286759185,2.0474950937420798e-05,5.930519341615412e-05,,,,
log_cosh,log_cosh,8,10.0,0.1,near,0.25,100000,12,torch,cuda,0.03890024094986608,0.0001274526780734713,33.750170154645666,0.0006866008305350668,7.991554990991743,0.0004694954140019858,2.034362574733737e-05,5.874894367006313e-05,,,,
log_cosh,log_cosh,8,10.0,0.1,near,0.25,100000,13,torch,cuda,0.019355299281534944,0.00010775684049599282,33.70083167420313,0.0006896422732678431,7.98695337038861,0.00047370054952372564,2.046365739382454e-05,5.930929198609775e-05,,,,
log_cosh,log_cosh,8,10.0,0.1,near,0.25,100000,14,torch,cuda,0.011481186095813375,8.695177800502958e-05,33.831029549451955,0.0006875846869212054,7.999901536515785,0.00047203899390885207,2.0324084016306384e-05,5.9005600475732887e-05,,,,
log_cosh,log_cosh,8,10.0,0.1,near,0.25,100000,15,torch,cuda,0.018691161835945127,0.00010763648343136422,33.62337460330971,0.0006826139801154874,7.9819377890565715,0.0004667383420057236,2.0301768878615006e-05,5.8474314676522926e-05,,,,
log_cosh,log_cosh,8,10.0,0.1,near,0.25,100000,16,torch,cuda,0.025934722067853612,0.0001618406139969687,33.911941054650875,0.0006898982998926328,8.032177221510956,0.0004721209912305069,2.0343816320653115e-05,5.87787069695276e-05,,,,
log_cosh,log_cosh,8,10.0,0.1,near,0.25,100000,17,torch,cuda,0.016220509480357654,8.357389010449842e-05,33.740918086046186,0.0006915148157493611,7.996653229169927,0.00047524318828001677,2.0494842908122953e-05,5.943026096798101e-05,,,,
log_cosh,log_cosh,8,10.0,0.1,near,0.25,100000,18,torch,cuda,0.00783633946230998,8.809082176667855e-05,33.77789466148285,0.0006887315514498837,7.99985294925164,0.00047129735376416626,2.0390008268787954e-05,5.8913252125247454e-05,,,,
log_cosh,log_cosh,8,10.0,0.1,near,0.25,100000,19,torch,cuda,0.02019971002821183,5.370659253879295e-05,33.805951544367396,0.0006879168553837189,8.013212332491106,0.0004712595462285085,2.0348986612043368e-05,5.881031559811492e-05,,,,
log_cosh,log_cosh,8,10.0,0.1,medium,1.0,100000,0,torch,cuda,0.014737080721747918,7.680664637199076e-05,33.50373228487499,0.001824476368462058,7.9115027572089,0.0011990362251994569,5.445591413365323e-05,0.00015155606488374213,,,,
log_cosh,log_cosh,8,10.0,0.1,medium,1.0,100000,1,torch,cuda,0.012519211061503104,8.600897200215926e-05,33.58379306695077,0.0018143612338761272,7.918343548150431,0.001193319577448726,5.4024905115962285e-05,0.00015070318308271202,,,,
log_cosh,log_cosh,8,10.0,0.1,medium,1.0,100000,2,torch,cuda,0.016608620057046816,8.737030930398615e-05,33.54775754826696,0.0018322068049485551,7.914655650823611,0.0012070394254983796,5.461488155542024e-05,0.00015250687822063026,,,,
log_cosh,log_cosh,8,10.0,0.1,medium,1.0,100000,3,torch,cuda,0.011678156318802268,0.00014431632367011246,33.59937312749673,0.001825974637831962,7.927892422934848,0.0011989256466042875,5.434549718838767e-05,0.0001512287986067871,,,,
log_cosh,log_cosh,8,10.0,0.1,medium,1.0,100000,4,torch,cuda,0.02294762426443813,0.00012776441172613395,33.586136906934534,0.0018180561290108699,7.90823923871462,0.0011958702006422683,5.413114744481065e-05,0.0001512182629463093,,,,
log_cosh,log_cosh,8,10.0,0.1,medium,1.0,100000,5,torch,cuda,0.024123754739286206,0.00010222481136672847,33.46074530272447,0.0018269081054143044,7.895676281500678,0.0012038771165601148,5.459854790698737e-05,0.00015247295781119612,,,,
log_cosh,log_cosh,8,10.0,0.1,medium,1.0,100000,6,torch,cuda,0.017384427269649123,0.0001963767949262476,33.512708912262326,0.0018219705131485853,7.905129511128051,0.0011973747446685223,5.436655442920417e-05,0.00015146807436652087,,,,
log_cosh,log_cosh,8,10.0,0.1,medium,1.0,100000,7,torch,cuda,0.011388170395653586,4.499054944018573e-05,33.54578462427668,0.0018271875772271073,7.913328607655141,0.0012028600744979911,5.446847041117631e-05,0.0001520043124879683,,,,
log_cosh,log_cosh,8,10.0,0.1,medium,1.0,100000,8,torch,cuda,0.024922410740836367,0.00014149832305646037,33.57802372698406,0.0018187441088102219,7.910739884176901,0.0011968657675307526,5.416471569613664e-05,0.00015129631172992164,,,,
log_cosh,log_cosh,8,10.0,0.1,medium,1.0,100000,9,torch,cuda,0.02061387728478848,8.222400111343434e-05,33.57048302567984,0.0018339497828492313,7.914951269040194,0.0012063705940299485,5.462983006370048e-05,0.00015241667990411253,,,,
log_cosh,log_cosh,8,10.0,0.1,medium,1.0,100000,10,torch,cuda,0.01891363159247869,0.0001602451372521969,33.56742092241119,0.0018147307714855287,7.909490810970994,0.0011934292161770443,5.406226399341658e-05,0.0001508857200417602,,,,
log_cosh,log_cosh,8,10.0,0.1,medium,1.0,100000,11,torch,cuda,0.020774597191629527,0.00023623511586801628,33.54810538258524,0.0018162118752584888,7.913151044273649,0.0011970051219423183,5.4137539349726766e-05,0.00015126782178744472,,,,
log_cosh,log_cosh,8,10.0,0.1,medium,1.0,100000,12,torch,cuda,0.03886598761510869,0.0002075086799715854,33.57402508703092,0.0018121072494636792,7.910980674985786,0.001188499658647757,5.397348827750968e-05,0.000150234175442464,,,,
log_cosh,log_cosh,8,10.0,0.1,medium,1.0,100000,13,torch,cuda,0.019347444614408314,0.00020766088040894247,33.524587803447716,0.0018224501210042376,7.906054989553011,0.00120166495111107,5.436159667910411e-05,0.0001519929917890704,,,,
log_cosh,log_cosh,8,10.0,0.1,medium,1.0,100000,14,torch,cuda,0.011470918220138425,0.0001561138014134118,33.653826884436164,0.001822078371930047,7.9185734343819805,0.00119955309170372,5.414178833767939e-05,0.00015148600965109838,,,,
log_cosh,log_cosh,8,10.0,0.1,medium,1.0,100000,15,torch,cuda,0.01865909361579201,0.00010036468233177464,33.44739465416715,0.001809089838857858,7.9011735376597425,0.0011883109794386115,5.4087616018022704e-05,0.00015039677002089727,,,,
log_cosh,log_cosh,8,10.0,0.1,medium,1.0,100000,16,torch,cuda,0.025882323384386962,0.00022793827651211858,33.73537809888198,0.001831006527126533,7.951245156624774,0.001203935720073268,5.427555967387288e-05,0.00015141474025237163,,,,
log_cosh,log_cosh,8,10.0,0.1,medium,1.0,100000,17,torch,cuda,0.016134796759484808,0.0002218268214161598,33.56397404517935,0.0018279292320428908,7.915442276545811,0.0012055512341557773,5.446104890864163e-05,0.0001523037111555898,,,,
log_cosh,log_cosh,8,10.0,0.1,medium,1.0,100000,18,torch,cuda,0.007803082799815134,0.00012322129033287473,33.60085158392669,0.0018232179627162282,7.918654220678563,0.0011968356683267345,5.426106413292165e-05,0.00015114129686346825,,,,
log_cosh,log_cosh,8,10.0,0.1,medium,1.0,100000,19,torch,cuda,0.020139201813468673,0.00010645798217358113,33.62923722417047,0.0018149280849115712,7.932314090920622,0.0011920229612298883,5.3968755604338276e-05,0.00015027430174434033,,,,
log_cosh,log_cosh,8,10.0,0.1,far,4.0,100000,0,torch,cuda,0.014615106065281972,0.00021158250948998593,32.6316907881494,0.014038613530829025,7.5857160382423245,0.007838252219144692,0.0004302141014380818,0.0010332910142733056,,,,
log_cosh,log_cosh,8,10.0,0.1,far,4.0,100000,1,torch,cuda,0.012252816539888625,0.0003256891445721219,32.709926035500985,0.014047691907194348,7.591704518853319,0.00784725509018358,0.0004294626619439005,0.0010336618174081492,,,,
log_cosh,log_cosh,8,10.0,0.1,far,4.0,100000,2,torch,cuda,0.01637707978367329,0.00036373389218426677,32.6758590944886,0.01403053265357812,7.589260199278613,0.007832518546052825,0.000429385272258829,0.0010320529722775001,,,,
log_cosh,log_cosh,8,10.0,0.1,far,4.0,100000,3,torch,cuda,0.011446088661911555,0.0003306088214919475,32.72543027739414,0.014057023959594517,7.601760538333139,0.007835795010535662,0.00042954435863612575,0.001030786877726859,,,,
log_cosh,log_cosh,8,10.0,0.1,far,4.0,100000,4,torch,cuda,0.022586920234736574,0.00047985509428313144,32.713775619466674,0.014009773896873412,7.583014217774206,0.007814009549548473,0.0004282530411603346,0.001030462204756629,,,,
log_cosh,log_cosh,8,10.0,0.1,far,4.0,100000,5,torch,cuda,0.023765038374240013,0.0004291059085815331,32.59028732413469,0.014017068791076781,7.5704374869267355,0.00783329355699891,0.00043009957695882173,0.001034721384401641,,,,
log_cosh,log_cosh,8,10.0,0.1,far,4.0,100000,6,torch,cuda,0.017075569869255,0.00045166504028423067,32.641314765035986,0.014021800169530252,7.579639229337076,0.007829772973195759,0.0004295721624715258,0.0010330007453244658,,,,
log_cosh,log_cosh,8,10.0,0.1,far,4.0,100000,7,torch,cuda,0.011222531376231368,0.0002263500555793372,32.67344938453664,0.014035640824545226,7.587738804981953,0.007835848050802952,0.00042957328010760545,0.0010326987067159053,,,,
log_cosh,log_cosh,8,10.0,0.1,far,4.0,100000,8,torch,cuda,0.024613001160844007,0.0003994737731329824,32.705790967800226,0.014017414226714209,7.585313893370255,0.007823053092678833,0.00042859120088288794,0.001031342038398222,,,,
log_cosh,log_cosh,8,10.0,0.1,far,4.0,100000,9,torch,cuda,0.020345772762849833,0.000420791222237993,32.698352854150016,0.014042354176694971,7.589457323815395,0.007836911674985458,0.00042945142341971944,0.001032605012534106,,,,
log_cosh,log_cosh,8,10.0,0.1,far,4.0,100000,10,torch,cuda,0.018549830090796905,0.0005678044488302842,32.694275209869716,0.014008554603719858,7.584052381603641,0.007803361380894103,0.00042847117771526463,0.0010289171261293542,,,,
log_cosh,log_cosh,8,10.0,0.1,far,4.0,100000,11,torch,cuda,0.02049624429951562,0.000502311800171996,32.67520069381544,0.014021036017425104,7.587391390481599,0.007825674214018363,0.0004291032868875054,0.0010314051050319731,,,,
log_cosh,log_cosh,8,10.0,0.1,far,4.0,100000,12,torch,cuda,0.03864064682183231,0.00032505898868988433,32.701102523516965,0.014009691278602077,7.585412154438615,0.007802584016815217,0.00042841648132588257,0.00102863019938205,,,,
log_cosh,log_cosh,8,10.0,0.1,far,4.0,100000,13,torch,cuda,0.0191875115789458,0.00021763250174270003,32.652661960476166,0.014023860760403295,7.580479207667395,0.007837685758531165,0.0004294859873102606,0.0010339301175846,,,,
log_cosh,log_cosh,8,10.0,0.1,far,4.0,100000,14,torch,cuda,0.011359230542755415,0.0002442696895095288,32.78066125230771,0.014032993337536936,7.593049025447726,0.00782921761684463,0.00042808756142919584,0.001031103261760249,,,,
log_cosh,log_cosh,8,10.0,0.1,far,4.0,100000,15,torch,cuda,0.01845704131406044,0.0002433895706681873,32.575036980902155,0.014018990395243236,7.5752915751278636,0.007818377027490442,0.00043035992264451407,0.0010320892535886945,,,,
log_cosh,log_cosh,8,10.0,0.1,far,4.0,100000,16,torch,cuda,0.025646999724405588,0.00035789192421126394,32.85861402827834,0.014098470140652353,7.623839652437695,0.007869322235436016,0.0004290646625727767,0.0010321993371043459,,,,
log_cosh,log_cosh,8,10.0,0.1,far,4.0,100000,17,torch,cuda,0.015957559533186408,0.0004535619653522658,32.690948969817214,0.014039641587714868,7.589839210796697,0.007833607081636274,0.00042946570932148037,0.0010321176594219298,,,,
log_cosh,log_cosh,8,10.0,0.1,far,4.0,100000,18,torch,cuda,0.007736769313734059,0.00012758638806062818,32.72776033760272,0.014040923324728283,7.592851132500087,0.007834754262873389,0.00042902182061617877,0.0010318593274320723,,,,
log_cosh,log_cosh,8,10.0,0.1,far,4.0,100000,19,torch,cuda,0.019849141656947077,0.0004623133538574174,32.75407530349321,0.014065120640111672,7.605369375476343,0.007850573274410522,0.000429415897404731,0.0010322408928256455,,,,
log_cosh,log_cosh,8,10.0,0.1,underdispersed,,100000,0,torch,cuda,0.007402824843871547,0.022145917108019195,8.4778544972779,75.64571313649083,0.5067638344390912,4.47869760312767,8.922742559544922,8.837839835364123,,,,
log_cosh,log_cosh,8,10.0,0.1,underdispersed,,100000,1,torch,cuda,0.006297870594221749,0.018771429736255632,8.49786113123095,75.82402863220295,0.507172719604983,4.482120563238223,8.922719195014608,8.83746382638477,,,,
log_cosh,log_cosh,8,10.0,0.1,underdispersed,,100000,2,torch,cuda,0.008366820283229113,0.024966817942273185,8.488878251712247,75.74592496195353,0.5069556156276065,4.480601900967432,8.922960456721738,8.83825282302177,,,,
log_cosh,log_cosh,8,10.0,0.1,underdispersed,,100000,3,torch,cuda,0.005904310307104246,0.017610114764010903,8.502091193518515,75.86254174045999,0.5078026408822139,4.487904469497421,8.922809696312484,8.837891157282108,,,,
log_cosh,log_cosh,8,10.0,0.1,underdispersed,,100000,4,torch,cuda,0.011552493578366966,0.03447995508067442,8.498389579605742,75.83049488376918,0.5065239981701676,4.476643999965561,8.922925240535644,8.837970197142813,,,,
log_cosh,log_cosh,8,10.0,0.1,underdispersed,,100000,5,torch,cuda,0.012094223062415881,0.0361666557783818,8.466905157944401,75.54808538918013,0.5057545783197573,4.469782604500455,8.922750872943725,8.837849020270239,,,,
log_cosh,log_cosh,8,10.0,0.1,underdispersed,,100000,6,torch,cuda,0.008774607006099559,0.026174701462795644,8.480046789364483,75.6662399804592,0.5063386412226218,4.475048176609646,8.92285642519784,8.838053848317893,,,,
log_cosh,log_cosh,8,10.0,0.1,underdispersed,,100000,7,torch,cuda,0.005718601134254358,0.017070792213952822,8.488469799323815,75.74126872695274,0.5068757207985498,4.479769741016271,8.922841279707,8.838004183665937,,,,
log_cosh,log_cosh,8,10.0,0.1,underdispersed,,100000,8,torch,cuda,0.012504323270937959,0.03738557497280958,8.496427080789987,75.81243251473825,0.5066969518553285,4.478063728202516,8.922860373408785,8.837755411406318,,,,
log_cosh,log_cosh,8,10.0,0.1,underdispersed,,100000,9,torch,cuda,0.010361871824107026,0.030935405357139793,8.494803399534486,75.79826491632548,0.5069939899346176,4.48078880167668,8.922898076779411,8.837952501674676,,,,
log_cosh,log_cosh,8,10.0,0.1,underdispersed,,100000,10,torch,cuda,0.009561142325558157,0.028467059252786853,8.493685046017784,75.78765913271911,0.5065878274246705,4.477153922693054,8.922824277343757,8.837863210123828,,,,
log_cosh,log_cosh,8,10.0,0.1,underdispersed,,100000,11,torch,cuda,0.010497462719844239,0.03130239576495249,8.488747330830286,75.74410215603578,0.506830982439509,4.479474106665693,8.92288334239149,8.838201021383544,,,,
log_cosh,log_cosh,8,10.0,0.1,underdispersed,,100000,12,torch,cuda,0.019470221537625346,0.058351845175354494,8.495325124404824,75.80306188189093,0.5066671428910207,4.477981383467613,8.922914752741924,8.838112844492828,,,,
log_cosh,log_cosh,8,10.0,0.1,underdispersed,,100000,13,torch,cuda,0.009694433322165737,0.02904218907813803,8.482990866255363,75.69186665533101,0.5064140474618634,4.475528071384608,8.922780638185879,8.83768547459507,,,,
log_cosh,log_cosh,8,10.0,0.1,underdispersed,,100000,14,torch,cuda,0.0057681687430899764,0.017254616710371772,8.515603513536508,75.98394517587346,0.5072132206322317,4.4825974564875795,8.922907819168476,8.837698376434483,,,,
log_cosh,log_cosh,8,10.0,0.1,underdispersed,,100000,15,torch,cuda,0.009357925815161577,0.027999088954841857,8.463529736846334,75.5158005505261,0.5060772209750211,4.472423585493022,8.9224948571711,8.837433103344068,,,,
log_cosh,log_cosh,8,10.0,0.1,underdispersed,,100000,16,torch,cuda,0.012992049801555895,0.038878277620581,8.536201190286,76.16794006071049,0.509281216224646,4.501008118770598,8.922931683872195,8.837962161921137,,,,
log_cosh,log_cosh,8,10.0,0.1,underdispersed,,100000,17,torch,cuda,0.00816763026123212,0.024367813167535543,8.49309813355352,75.78190799412658,0.5070181715005658,4.480946105551216,8.922763731498222,8.8378412400673,,,,
log_cosh,log_cosh,8,10.0,0.1,underdispersed,,100000,18,torch,cuda,0.003929256957695546,0.011750812319030373,8.502357513367427,75.86490450529077,0.5072162374396918,4.482616525425088,8.922808101872425,8.83768340708547,,,,
log_cosh,log_cosh,8,10.0,0.1,underdispersed,,100000,19,torch,cuda,0.01013349376806295,0.030242105060723005,8.509468942464013,75.92796902857795,0.5080624161958525,4.490097801053194,8.922762341805099,8.83768934272499,,,,
log_cosh,log_cosh,8,10.0,0.1,overdispersed,,100000,0,torch,cuda,0.029491842319759792,0.02210481797944121,133.39243479918323,74.77743678395849,125.61180271947984,70.22020681446502,0.5605822916159587,0.5590255477129243,,,,
log_cosh,log_cosh,8,10.0,0.1,overdispersed,,100000,1,torch,cuda,0.02488903997765722,0.01862215338463729,133.71083775927846,74.95664492024994,125.7133466936894,70.27775079608197,0.5605876544966045,0.5590317388281717,,,,
log_cosh,log_cosh,8,10.0,0.1,overdispersed,,100000,2,torch,cuda,0.03315954377559902,0.024826429050005313,133.56742579685297,74.8753626392106,125.66379516476125,70.24928632650035,0.5605810113694261,0.559025662358793,,,,
log_cosh,log_cosh,8,10.0,0.1,overdispersed,,100000,3,torch,cuda,0.023198069209825534,0.017320080418410034,133.77363634969905,74.99095138192689,125.87384069584476,70.36741553445557,0.5605809442593925,0.5590312899444124,,,,
log_cosh,log_cosh,8,10.0,0.1,overdispersed,,100000,4,torch,cuda,0.045767970765186496,0.034259946319233,133.72585418931956,74.96588394210363,125.5669055654391,70.19757774182706,0.5605937938969697,0.5590452151840569,,,,
log_cosh,log_cosh,8,10.0,0.1,overdispersed,,100000,5,torch,cuda,0.04801506921802054,0.03595034381260911,133.22497996812322,74.68445664783607,125.3630060998473,70.08138244086052,0.5605889876335942,0.5590276160500102,,,,
log_cosh,log_cosh,8,10.0,0.1,overdispersed,,100000,6,torch,cuda,0.034626216328408524,0.0258892425734517,133.43072087583525,74.79937144241369,125.50918192517386,70.16294745549493,0.5605858302453353,0.5590264104926181,,,,
log_cosh,log_cosh,8,10.0,0.1,overdispersed,,100000,7,torch,cuda,0.022750321324651712,0.017053219359772262,133.56350776437802,74.87388601759149,125.6453215763148,70.239709488442,0.5605864002140313,0.5590316345028383,,,,
log_cosh,log_cosh,8,10.0,0.1,overdispersed,,100000,8,torch,cuda,0.04975184202670343,0.037279428557721234,133.69090020896158,74.94565924045295,125.60408366344217,70.21771089254166,0.5605890836497576,0.5590400315382338,,,,
log_cosh,log_cosh,8,10.0,0.1,overdispersed,,100000,9,torch,cuda,0.04112741326452777,0.030803500036655652,133.6622560679149,74.92895060892266,125.67180666683034,70.25407540100166,0.5605842128749543,0.5590281325966203,,,,
log_cosh,log_cosh,8,10.0,0.1,overdispersed,,100000,10,torch,cuda,0.03761369770775602,0.028107401120134587,133.64783183432255,74.92160119072297,125.58210489898275,70.20613745550595,0.5605897242208916,0.5590457136546582,,,,
log_cosh,log_cosh,8,10.0,0.1,overdispersed,,100000,11,torch,cuda,0.04153691485519832,0.031087266150823637,133.5679550729545,74.87630982610763,125.63261325598528,70.23191328464647,0.5605858814354863,0.5590261275672425,,,,
log_cosh,log_cosh,8,10.0,0.1,overdispersed,,100000,12,torch,cuda,0.07768040245871269,0.058225134572665545,133.67301051070507,74.93541116169476,125.60158872617434,70.21650788708688,0.5605874430103722,0.5590415583051803,,,,
log_cosh,log_cosh,8,10.0,0.1,overdispersed,,100000,13,torch,cuda,0.0385759239512262,0.028892196941208377,133.47769406588944,74.82598133637339,125.5264534390247,70.1730655714911,0.5605879084143944,0.5590300980309152,,,,
log_cosh,log_cosh,8,10.0,0.1,overdispersed,,100000,14,torch,cuda,0.022849450537351827,0.0170940320738748,133.99625836980536,75.1174144783198,125.73442437566321,70.29112938567381,0.5605933732194922,0.5590444282439421,,,,
log_cosh,log_cosh,8,10.0,0.1,overdispersed,,100000,15,torch,cuda,0.037266960990148965,0.027927857291934054,133.16750447141544,74.65194063791222,125.44554841745175,70.12879215662976,0.5605867657746515,0.5590377103160209,,,,
log_cosh,log_cosh,8,10.0,0.1,overdispersed,,100000,16,torch,cuda,0.051720375420907884,0.038753162395063906,134.31173180917736,75.29260367099876,126.23465749419663,70.56791947197274,0.5605809906313345,0.5590217526055945,,,,
log_cosh,log_cosh,8,10.0,0.1,overdispersed,,100000,17,torch,cuda,0.032262744772740055,0.02412947119143619,133.6359261161312,74.91456191900916,125.68166299789803,70.26053036418897,0.5605869925569829,0.5590356515680736,,,,
log_cosh,log_cosh,8,10.0,0.1,overdispersed,,100000,18,torch,cuda,0.01564909261713336,0.011729943938022796,133.78361465730896,74.99763234257831,125.73152803868712,70.28885856052622,0.5605890716489248,0.5590392454221872,,,,
log_cosh,log_cosh,8,10.0,0.1,overdispersed,,100000,19,torch,cuda,0.040202674973503216,0.03010932967961684,133.8922025621341,75.05798354352474,125.9367185235899,70.40270187074566,0.5605851730513828,0.5590323671769972,,,,
log_cosh,log_cosh,8,10.0,1.0,optimum,0.0,100000,0,torch,cuda,0.015755426924212584,0.0006565487785863963,39.64882833236514,0.03563573757367857,8.012514673693397,0.015857324934929435,0.0008987841273632113,0.0019790696904421323,,,,
log_cosh,log_cosh,8,10.0,1.0,optimum,0.0,100000,1,torch,cuda,0.013929583470999636,0.00035664671284755037,39.73983714748539,0.03500690825877142,8.021017066573398,0.015573301830145287,0.0008809021569175339,0.0019415619865771271,,,,
log_cosh,log_cosh,8,10.0,1.0,optimum,0.0,100000,2,torch,cuda,0.01827344084111004,0.0006581937111565651,39.691373219512975,0.035758855725679405,8.014457238924068,0.015883416377167937,0.0009009226142898912,0.0019818455453260698,,,,
log_cosh,log_cosh,8,10.0,1.0,optimum,0.0,100000,3,torch,cuda,0.01296288696304671,0.0008535097116148025,39.75747889738455,0.03532266993182045,8.029878178062052,0.015662537391158016,0.0008884534661513498,0.001950532379675285,,,,
log_cosh,log_cosh,8,10.0,1.0,optimum,0.0,100000,4,torch,cuda,0.02530615617813343,0.0004891342188945226,39.73766988369307,0.0352846876564091,8.011561035533282,0.01569170083697941,0.0008879405299727623,0.0019586321276693496,,,,
log_cosh,log_cosh,8,10.0,1.0,optimum,0.0,100000,5,torch,cuda,0.026046710659397742,0.0008056811478670988,39.598318313235126,0.03564832735615781,7.996937929680938,0.01589821891142301,0.0009002485174791605,0.001988038303062997,,,,
log_cosh,log_cosh,8,10.0,1.0,optimum,0.0,100000,6,torch,cuda,0.01928693116637753,0.0005220314620419149,39.654829482757194,0.035626630283619426,8.00559389379451,0.01589438918928026,0.0008984184460838668,0.0019854103768117324,,,,
log_cosh,log_cosh,8,10.0,1.0,optimum,0.0,100000,7,torch,cuda,0.012474844436897914,0.0005204023219202195,39.695569679980935,0.0356754407973692,8.014949333873483,0.015889332708533325,0.0008987260060752032,0.0019824620277236727,,,,
log_cosh,log_cosh,8,10.0,1.0,optimum,0.0,100000,8,torch,cuda,0.026910699510408084,0.00022803006342967142,39.72891519632482,0.03513815495930622,8.014117278344171,0.015618134498250575,0.000884447883504172,0.0019488277942293227,,,,
log_cosh,log_cosh,8,10.0,1.0,optimum,0.0,100000,9,torch,cuda,0.022427792146880173,0.0007468979545267062,39.71975141608934,0.03547203382181337,8.01639989575394,0.015761783563711385,0.0008930578001413337,0.0019661922769172173,,,,
log_cosh,log_cosh,8,10.0,1.0,optimum,0.0,100000,10,torch,cuda,0.021154529961918363,0.0006709533056138214,39.71921158893778,0.03500717680458872,8.013232317796337,0.015529080893734655,0.0008813663565854512,0.001937929699011297,,,,
log_cosh,log_cosh,8,10.0,1.0,optimum,0.0,100000,11,torch,cuda,0.02307540276327267,0.0007232757180434419,39.694613731053096,0.03561034960213276,8.012904238250622,0.015861988632248875,0.0008971078505362753,0.00197955549706056,,,,
log_cosh,log_cosh,8,10.0,1.0,optimum,0.0,100000,12,torch,cuda,0.04059621057159208,0.0005429960915495683,39.7227749115499,0.035182065642602615,8.013117569352202,0.015613419715028335,0.0008856900284771643,0.0019484825450140698,,,,
log_cosh,log_cosh,8,10.0,1.0,optimum,0.0,100000,13,torch,cuda,0.020297963849864917,0.0007654709921355772,39.67017554464088,0.035347008398877465,8.008087997735034,0.015745676337054065,0.0008910222330400694,0.001966221692557261,,,,
log_cosh,log_cosh,8,10.0,1.0,optimum,0.0,100000,14,torch,cuda,0.012267610624697651,0.0005077086699963226,39.81530283144976,0.03509913174763638,8.023266970331726,0.015619193642299562,0.0008815487827939332,0.0019467373702079093,,,,
log_cosh,log_cosh,8,10.0,1.0,optimum,0.0,100000,15,torch,cuda,0.0199880506042777,0.0007266630225145996,39.59273211512044,0.03509372854959627,8.004963149891925,0.015590631482088568,0.000886367943681108,0.0019476206436127139,,,,
log_cosh,log_cosh,8,10.0,1.0,optimum,0.0,100000,16,torch,cuda,0.027602459051586457,0.000841221953112315,39.909045626116495,0.03525466064803275,8.051788330758889,0.015656575400168325,0.0008833751871270529,0.0019444842259896662,,,,
log_cosh,log_cosh,8,10.0,1.0,optimum,0.0,100000,17,torch,cuda,0.017665163319028353,0.00048217364164980205,39.719077551010734,0.035340187817910526,8.018571550976247,0.015744387861515028,0.0008897534886736367,0.001963490350048467,,,,
log_cosh,log_cosh,8,10.0,1.0,optimum,0.0,100000,18,torch,cuda,0.008449716483278457,0.0009071946837585954,39.75943755964865,0.03521904143534784,8.022427571220197,0.01565723497035651,0.0008858033110380615,0.001951682932797743,,,,
log_cosh,log_cosh,8,10.0,1.0,optimum,0.0,100000,19,torch,cuda,0.022057369436857613,0.0005088095126138485,39.79421296843178,0.03529513587373684,8.03478220301606,0.015693832871217624,0.0008869414229083007,0.001953236873717192,,,,
log_cosh,log_cosh,8,10.0,1.0,near,0.25,100000,0,torch,cuda,0.015688690976230837,0.0005719975939078345,39.53236920300761,0.039580413664485725,7.973844362545094,0.017537804974091964,0.001001215319558294,0.0021994165143818085,,,,
log_cosh,log_cosh,8,10.0,1.0,near,0.25,100000,1,torch,cuda,0.01399119588757461,0.0002680520548544057,39.62388863410946,0.038965878658655306,7.983033449286068,0.017267732129567337,0.0009833936042590297,0.002163053961788374,,,,
log_cosh,log_cosh,8,10.0,1.0,near,0.25,100000,2,torch,cuda,0.01821173940262703,0.0004841002012501221,39.574979511138466,0.03980752340625715,7.975717748230709,0.017641959993558054,0.0010058760332409833,0.0022119589171108334,,,,
log_cosh,log_cosh,8,10.0,1.0,near,0.25,100000,3,torch,cuda,0.012937047117649971,0.0008952378745715909,39.63963717557762,0.03932562239528048,7.990918370792993,0.017368239873197244,0.000992078263004622,0.002173497346272313,,,,
log_cosh,log_cosh,8,10.0,1.0,near,0.25,100000,4,torch,cuda,0.02527535011289283,0.0006192927298381637,39.62014595554811,0.03929407394428619,7.972802665170627,0.01740588180070729,0.0009917700451778306,0.002183157232367645,,,,
log_cosh,log_cosh,8,10.0,1.0,near,0.25,100000,5,torch,cuda,0.026163389593826095,0.0006579865096366743,39.48137135714312,0.03963589568245496,7.958180990597897,0.017610036272155127,0.0010039138540531946,0.0022128217859031236,,,,
log_cosh,log_cosh,8,10.0,1.0,near,0.25,100000,6,torch,cuda,0.01924376816864122,0.0006920938693234127,39.53745988912334,0.03951931284571586,7.967097516942131,0.01753716834837099,0.0009995410164573453,0.002201199158297986,,,,
log_cosh,log_cosh,8,10.0,1.0,near,0.25,100000,7,torch,cuda,0.012490597796338045,0.000498423067550979,39.57772356710676,0.03969314213048536,7.976052411221073,0.017615108950729153,0.0010029162506828596,0.0022084996490177792,,,,
log_cosh,log_cosh,8,10.0,1.0,near,0.25,100000,8,torch,cuda,0.026931472346361212,0.0003675948345975481,39.61157405969003,0.03913825529528747,7.9752744568192275,0.017339591055363535,0.0009880509983347463,0.0021741685692756797,,,,
log_cosh,log_cosh,8,10.0,1.0,near,0.25,100000,9,torch,cuda,0.0224313786011306,0.0007363729687583561,39.600634248874826,0.0395757464459745,7.977071593820031,0.017516546018693013,0.0009993715301945946,0.002195861703468146,,,,
log_cosh,log_cosh,8,10.0,1.0,near,0.25,100000,10,torch,cuda,0.021107468797068905,0.0005065255864337991,39.60255040590141,0.039034913299024865,7.974878815467804,0.017267403799743453,0.0009856666527519409,0.0021652246008117618,,,,
log_cosh,log_cosh,8,10.0,1.0,near,0.25,100000,11,torch,cuda,0.022889904074520278,0.0007272838080127215,39.57949211813712,0.039342430598593214,7.9748825483681705,0.017462910939824328,0.0009940104961722014,0.0021897389502491932,,,,
log_cosh,log_cosh,8,10.0,1.0,near,0.25,100000,12,torch,cuda,0.040547052839693794,0.0008859476890566638,39.60660336473216,0.03913113484789399,7.975146485603873,0.017300005020536913,0.0009879952210882705,0.002169239781584647,,,,
log_cosh,log_cosh,8,10.0,1.0,near,0.25,100000,13,torch,cuda,0.02032594249952695,0.0008362713033041191,39.553214555728104,0.03930433877996364,7.969372678982239,0.01745101787454978,0.0009937078242929203,0.002189760546720778,,,,
log_cosh,log_cosh,8,10.0,1.0,near,0.25,100000,14,torch,cuda,0.012271799609500504,0.0006754820317158962,39.69608664776572,0.03916590667294839,7.983837309652628,0.017379005931640212,0.0009866440241447032,0.0021767735560729207,,,,
log_cosh,log_cosh,8,10.0,1.0,near,0.25,100000,15,torch,cuda,0.019977559890100437,0.0008417432610213813,39.47720639514974,0.03889386953204621,7.966712192046835,0.017200570469662446,0.0009852234512932707,0.0021590550850868907,,,,
log_cosh,log_cosh,8,10.0,1.0,near,0.25,100000,16,torch,cuda,0.027544387128183526,0.0011663467629738713,39.792481552395614,0.039332513957927695,8.01333801764843,0.017409134601542753,0.0009884408416735138,0.002172519686952078,,,,
log_cosh,log_cosh,8,10.0,1.0,near,0.25,100000,17,torch,cuda,0.01748864619694365,0.0006483211118219922,39.60052684241083,0.039443443307617176,7.979316002132682,0.01752541791223433,0.000996033296844288,0.002196355916666316,,,,
log_cosh,log_cosh,8,10.0,1.0,near,0.25,100000,18,torch,cuda,0.008349937559160144,0.0006878246975566549,39.64072519531605,0.03927416616895263,7.983243568489176,0.017381216545063805,0.0009907529687068707,0.002177212356850737,,,,
log_cosh,log_cosh,8,10.0,1.0,near,0.25,100000,19,torch,cuda,0.02204027677266415,0.00043049730253647765,39.677501859205975,0.03918985410684872,7.996658794245695,0.017349135632651003,0.0009877097163503979,0.002169548067392252,,,,
log_cosh,log_cosh,8,10.0,1.0,medium,1.0,100000,0,torch,cuda,0.015340113444746223,0.0006294268303911041,37.95265471916956,0.11428771750022548,7.460221405792,0.04921517134017872,0.00301132340664696,0.006597012161323902,,,,
log_cosh,log_cosh,8,10.0,1.0,medium,1.0,100000,1,torch,cuda,0.01381529859413469,0.000660808669343967,38.042708377030635,0.11356989445088317,7.470223080022262,0.04892085962909665,0.002985326210881826,0.00654878162339308,,,,
log_cosh,log_cosh,8,10.0,1.0,medium,1.0,100000,2,torch,cuda,0.01769194312386907,0.000667366850559548,37.99637164880952,0.1148189731719853,7.462523481641477,0.04954972005994396,0.00302184045974776,0.006639807590802363,,,,
log_cosh,log_cosh,8,10.0,1.0,medium,1.0,100000,3,torch,cuda,0.012622373595476001,0.0011959145741746802,38.05398920112859,0.11435617820044541,7.475996930850437,0.049180350369186776,0.003005103554216962,0.0065784337291845615,,,,
log_cosh,log_cosh,8,10.0,1.0,medium,1.0,100000,4,torch,cuda,0.024682112646420628,0.0010325190274226004,38.03632770058137,0.1138561828663569,7.459125879271709,0.04904492346077216,0.002993353716021767,0.006575156962703087,,,,
log_cosh,log_cosh,8,10.0,1.0,medium,1.0,100000,5,torch,cuda,0.026100610950505438,0.0008336172544647803,37.90192298255363,0.11442727680349662,7.445091651634268,0.049409101878057804,0.0030190361807280294,0.0066364665728744976,,,,
log_cosh,log_cosh,8,10.0,1.0,medium,1.0,100000,6,torch,cuda,0.018775599680359505,0.0015163304501640584,37.95677677651905,0.11411098228180094,7.45465837016386,0.049131065343499536,0.003006340157744708,0.006590652837981037,,,,
log_cosh,log_cosh,8,10.0,1.0,medium,1.0,100000,7,torch,cuda,0.012212258153658654,0.0003622982334724982,37.99319241942724,0.11449235155157567,7.461654346907107,0.049368184291334494,0.0030134964782014937,0.00661625183854809,,,,
log_cosh,log_cosh,8,10.0,1.0,medium,1.0,100000,8,torch,cuda,0.026581518976425425,0.0011157790418606821,38.02871814142103,0.11385817120209651,7.461137946084368,0.04906085897157908,0.0029940049722076154,0.00657551962262357,,,,
log_cosh,log_cosh,8,10.0,1.0,medium,1.0,100000,9,torch,cuda,0.022000580409723743,0.00067705298574774,38.01399092403177,0.11490456170797358,7.462041949137888,0.049504216786766975,0.003022691354285902,0.006634138098417732,,,,
log_cosh,log_cosh,8,10.0,1.0,medium,1.0,100000,10,torch,cuda,0.020525253765032742,0.001269061731966326,38.020200998165144,0.11361028534417272,7.461775073850124,0.04892245932562744,0.0029881558319393305,0.0065564103502766735,,,,
log_cosh,log_cosh,8,10.0,1.0,medium,1.0,100000,11,torch,cuda,0.02198624717242907,0.0017781927959656437,38.00419644234134,0.11361956559633768,7.464005292785724,0.049034127173177566,0.0029896584122944786,0.006569412165418897,,,,
log_cosh,log_cosh,8,10.0,1.0,medium,1.0,100000,12,torch,cuda,0.04024549369398343,0.001632383901104926,38.02656817544799,0.11347580901667698,7.463372529346676,0.048762519324692555,0.0029841191162220918,0.006533577030083087,,,,
log_cosh,log_cosh,8,10.0,1.0,medium,1.0,100000,13,torch,cuda,0.020288765175100358,0.0016074416470996944,37.97239137977311,0.11408066933751826,7.4558818276197805,0.0492475157642156,0.003004305633442039,0.006605189956442403,,,,
log_cosh,log_cosh,8,10.0,1.0,medium,1.0,100000,14,torch,cuda,0.012224679663530379,0.0012037533524323688,38.10644902283838,0.11408430394544666,7.467561124108331,0.04918498794029258,0.002993831933200398,0.00658648615295607,,,,
log_cosh,log_cosh,8,10.0,1.0,medium,1.0,100000,15,torch,cuda,0.019693830183807305,0.0008278572716585538,37.89877539166809,0.11316614821763693,7.453985411183877,0.04869588339011077,0.0029860106836728057,0.006532865400708729,,,,
log_cosh,log_cosh,8,10.0,1.0,medium,1.0,100000,16,torch,cuda,0.02711313455478534,0.0018023797847455264,38.208119060702046,0.11468687757640339,7.499210005298206,0.04940223522285958,0.0030016363117534766,0.006587658591765907,,,,
log_cosh,log_cosh,8,10.0,1.0,medium,1.0,100000,17,torch,cuda,0.016783296132531645,0.0017189398314638696,38.01320493158038,0.11448731250997213,7.463826055113702,0.049435150641135905,0.003011777426187473,0.006623298865233647,,,,
log_cosh,log_cosh,8,10.0,1.0,medium,1.0,100000,18,torch,cuda,0.008078876337988499,0.0008921460486412922,38.0525041964648,0.11419880154668505,7.46754540335945,0.04911603837157319,0.0030010850523024047,0.006577266788291262,,,,
log_cosh,log_cosh,8,10.0,1.0,medium,1.0,100000,19,torch,cuda,0.021531251530330357,0.0008242242930604259,38.09211213050176,0.11362078257776886,7.482767940181084,0.04887218147294714,0.00298279030022041,0.006531297223653368,,,,
log_cosh,log_cosh,8,10.0,1.0,far,4.0,100000,0,torch,cuda,0.01418127254598452,0.0019358720036138193,29.811761787266164,1.1208881033060152,5.219581715473282,0.4276274937211184,0.03759885481792602,0.08192754075550354,,,,
log_cosh,log_cosh,8,10.0,1.0,far,4.0,100000,1,torch,cuda,0.011412469296821536,0.0028766193883953284,29.88505887417182,1.121594390617588,5.22456856523074,0.42798841580233216,0.03753027207809608,0.081918422633129,,,,
log_cosh,log_cosh,8,10.0,1.0,far,4.0,100000,2,torch,cuda,0.01555576072886718,0.0032661152384733973,29.85665170487698,1.1203730771168239,5.224118595920373,0.42737285840220807,0.03752507441863666,0.08180764861195011,,,,
log_cosh,log_cosh,8,10.0,1.0,far,4.0,100000,3,torch,cuda,0.010477864545422256,0.0029479929515338183,29.895408394763876,1.1225592623808325,5.232254652319114,0.4277280093369882,0.03754955435154539,0.0817483165020274,,,,
log_cosh,log_cosh,8,10.0,1.0,far,4.0,100000,4,torch,cuda,0.021357023896653202,0.004314205282873567,29.891962597281804,1.118800127081272,5.22159733690637,0.4263904645836476,0.03742812548490908,0.0816590091254088,,,,
log_cosh,log_cosh,8,10.0,1.0,far,4.0,100000,5,torch,cuda,0.022869403578180104,0.003790540601203386,29.775526897624786,1.1192000592648128,5.208486204947874,0.4272609399727543,0.03758791785995539,0.08203169273384496,,,,
log_cosh,log_cosh,8,10.0,1.0,far,4.0,100000,6,torch,cuda,0.01591199164184398,0.004002559541996599,29.821470290400953,1.1195454903019026,5.216340473854814,0.42706784506556517,0.03754159266460669,0.081871159907238,,,,
log_cosh,log_cosh,8,10.0,1.0,far,4.0,100000,7,torch,cuda,0.010707498010858225,0.002034595284181882,29.84921853440062,1.1208199134368897,5.222128293336169,0.42750529310579566,0.03754938884397149,0.08186418814170551,,,,
log_cosh,log_cosh,8,10.0,1.0,far,4.0,100000,8,torch,cuda,0.023745376166754636,0.0035919652952867373,29.88563611811128,1.119409355481821,5.222602736897684,0.4268401400138515,0.03745643395569007,0.08172939078789705,,,,
log_cosh,log_cosh,8,10.0,1.0,far,4.0,100000,9,torch,cuda,0.019537065684582508,0.0037358082974707427,29.8717721933308,1.1214523310744653,5.222998572071091,0.4276817887004114,0.03754220954205194,0.0818843395798252,,,,
log_cosh,log_cosh,8,10.0,1.0,far,4.0,100000,10,torch,cuda,0.017191543307890533,0.005014029660140675,29.869171912864203,1.1187742501092544,5.222427355639752,0.42602954206815014,0.0374558174352137,0.0815769206646937,,,,
log_cosh,log_cosh,8,10.0,1.0,far,4.0,100000,11,torch,cuda,0.01934911432937157,0.004525867748080978,29.855413256397128,1.1192880335822792,5.22321230434666,0.4268510505190335,0.03749028774011189,0.08172194152702084,,,,
log_cosh,log_cosh,8,10.0,1.0,far,4.0,100000,12,torch,cuda,0.03811040148417061,0.002976813191100589,29.877567317580997,1.1187227354405422,5.223509990402647,0.42592802542151276,0.03744356839863087,0.08154057830923775,,,,
log_cosh,log_cosh,8,10.0,1.0,far,4.0,100000,13,torch,cuda,0.018752811184689886,0.0019479416955048585,29.83244381837619,1.1197682075808189,5.216918471434212,0.427418317796878,0.0375352490194271,0.08192926919162186,,,,
log_cosh,log_cosh,8,10.0,1.0,far,4.0,100000,14,torch,cuda,0.011168227331035908,0.002149449000619798,29.954405098846223,1.1207535430012285,5.22796698198421,0.42726753576791054,0.03741531635506917,0.08172728275451856,,,,
log_cosh,log_cosh,8,10.0,1.0,far,4.0,100000,15,torch,cuda,0.01780934463668073,0.0022100778128465014,29.755368220228775,1.1193216187172084,5.21244229190566,0.4266763288647297,0.03761746823069906,0.08185727629585662,,,,
log_cosh,log_cosh,8,10.0,1.0,far,4.0,100000,16,torch,cuda,0.024871393366868933,0.0032454922400705012,30.023557239586125,1.1257125415241944,5.24768140816019,0.42935684261824747,0.0374943093032274,0.08181838972743159,,,,
log_cosh,log_cosh,8,10.0,1.0,far,4.0,100000,17,torch,cuda,0.015074418346850329,0.004025455870579242,29.862946919644514,1.121235347730817,5.223587227860747,0.42749086627172517,0.03754603826433631,0.08183856182043667,,,,
log_cosh,log_cosh,8,10.0,1.0,far,4.0,100000,18,torch,cuda,0.007402554548581739,0.0011661210950087845,29.901301787656166,1.1213706662811092,5.226550789215651,0.42753123178843566,0.03750240288013255,0.08179988084504873,,,,
log_cosh,log_cosh,8,10.0,1.0,far,4.0,100000,19,torch,cuda,0.01886948483892696,0.004099533028892209,29.922351702736933,1.123029691645911,5.234661720329214,0.4282372378849004,0.03753146486621872,0.0818080060879212,,,,
log_cosh,log_cosh,8,10.0,1.0,underdispersed,,100000,0,torch,cuda,0.007957345934027983,0.023353015575624893,10.39486289654132,87.72641884787038,0.5429506557289379,4.376661920210202,8.439401242806152,8.06088338604973,,,,
log_cosh,log_cosh,8,10.0,1.0,underdispersed,,100000,1,torch,cuda,0.007213572444334547,0.020664445489752065,10.417369365533876,87.91333632569108,0.5434677378417253,4.37976821593942,8.439110992507814,8.0589295573143,,,,
log_cosh,log_cosh,8,10.0,1.0,underdispersed,,100000,2,torch,cuda,0.009360590466177593,0.0270104713122486,10.40604925380722,87.83566019731859,0.5430727431063865,4.378757683432214,8.44082687434739,8.062930314612434,,,,
log_cosh,log_cosh,8,10.0,1.0,underdispersed,,100000,3,torch,cuda,0.006833262075119977,0.019689929726912407,10.423225428400745,87.97027441782795,0.5440532355214837,4.385680378718701,8.43983227860835,8.061123604043924,,,,
log_cosh,log_cosh,8,10.0,1.0,underdispersed,,100000,4,torch,cuda,0.012974059084445553,0.03750051540267013,10.415221260178981,87.90953071221256,0.542671132609682,4.374711770410846,8.440486141981575,8.06144183379176,,,,
log_cosh,log_cosh,8,10.0,1.0,underdispersed,,100000,5,torch,cuda,0.013320476778102573,0.03898444551629216,10.380360328402944,87.60390786109816,0.5418748803878837,4.3679326528074816,8.439389875647635,8.0607771478184,,,,
log_cosh,log_cosh,8,10.0,1.0,underdispersed,,100000,6,torch,cuda,0.01004414857075002,0.028943625065437236,10.395469160331109,87.73860180964117,0.542457245950173,4.373201555458361,8.440081006103103,8.06183637163556,,,,
log_cosh,log_cosh,8,10.0,1.0,underdispersed,,100000,7,torch,cuda,0.006309472867521163,0.01824148054524776,10.405995305734049,87.82680699861719,0.5430386607155345,4.377802667478147,8.440019855690469,8.061677711324897,,,,
log_cosh,log_cosh,8,10.0,1.0,underdispersed,,100000,8,torch,cuda,0.013642500299715405,0.039874519671452995,10.413898366874554,87.89422404033604,0.5428950915328792,4.37599247884916,8.440088518620245,8.060475305631195,,,,
log_cosh,log_cosh,8,10.0,1.0,underdispersed,,100000,9,torch,cuda,0.01144894736069546,0.03313517634919498,10.412699014401111,87.88701854986242,0.543174269426752,4.378769277646091,8.440368671783533,8.06144459358743,,,,
log_cosh,log_cosh,8,10.0,1.0,underdispersed,,100000,10,torch,cuda,0.011097064640313056,0.03159974150984441,10.411002990728692,87.86751097079944,0.542758644249244,4.375156632027141,8.439869919262158,8.060961678609388,,,,
log_cosh,log_cosh,8,10.0,1.0,underdispersed,,100000,11,torch,cuda,0.011876370306515708,0.03413600993286459,10.405968900893855,87.82885411839325,0.542961683379536,4.3775811533188875,8.440237997525527,8.062412666160297,,,,
log_cosh,log_cosh,8,10.0,1.0,underdispersed,,100000,12,torch,cuda,0.020445853086962312,0.060809346115669995,10.412477459750395,87.88615858691958,0.5427984927794257,4.376087010578918,8.440465674633629,8.062083938684049,,,,
log_cosh,log_cosh,8,10.0,1.0,underdispersed,,100000,13,torch,cuda,0.010299279333226968,0.03053965660514175,10.399171058624974,87.76431544340296,0.5426064757848854,4.373474409167094,8.439549166816722,8.060122030133941,,,,
log_cosh,log_cosh,8,10.0,1.0,underdispersed,,100000,14,torch,cuda,0.006363129576988596,0.018667981251828246,10.435371953184557,88.07808078546866,0.5434597877584777,4.380390737570578,8.440339374639148,8.060192927314237,,,,
log_cosh,log_cosh,8,10.0,1.0,underdispersed,,100000,15,torch,cuda,0.010082074288374284,0.029613520083896543,10.379113807814315,87.57667909586235,0.5423051496314845,4.370266738734715,8.437780018360225,8.058685671165886,,,,
log_cosh,log_cosh,8,10.0,1.0,underdispersed,,100000,16,torch,cuda,0.01396711568721473,0.04107650043705283,10.462810207921512,88.31155618894994,0.545626468825269,4.39850839949725,8.440519748899607,8.061391172915815,,,,
log_cosh,log_cosh,8,10.0,1.0,underdispersed,,100000,17,torch,cuda,0.009215813099090071,0.02656634266166662,10.41172720612218,87.86960633251964,0.5432294603633231,4.378836876191037,8.43948411180535,8.060750006566986,,,,
log_cosh,log_cosh,8,10.0,1.0,underdispersed,,100000,18,torch,cuda,0.004256573745478982,0.012457627735050594,10.421870778806671,87.9580234283236,0.5434628174134667,4.3804153278756175,8.439753792302826,8.0601932414136,,,,
log_cosh,log_cosh,8,10.0,1.0,underdispersed,,100000,19,torch,cuda,0.011289791313971667,0.03259654223374455,10.43196550305827,88.04027999179833,0.5443736778620271,4.387705926940666,8.439471925591409,8.060099349720472,,,,
log_cosh,log_cosh,8,10.0,1.0,overdispersed,,100000,0,torch,cuda,0.030811905890782178,0.022994562176573113,145.72322938742343,79.76573437921621,112.26061377999105,60.50475753093276,0.5473783055352762,0.5389669225353632,,,,
log_cosh,log_cosh,8,10.0,1.0,overdispersed,,100000,1,torch,cuda,0.026342133649827997,0.019397295805820263,146.06811791103758,79.95988865486237,112.37960446084787,60.574152032240875,0.5474150676984949,0.5390137500737014,,,,
log_cosh,log_cosh,8,10.0,1.0,overdispersed,,100000,2,torch,cuda,0.03488727314327316,0.025811104715203502,145.8872794721468,79.85340481185582,112.3030238118283,60.52702019536623,0.5473637256159929,0.5389616249049852,,,,
log_cosh,log_cosh,8,10.0,1.0,overdispersed,,100000,3,torch,cuda,0.02389999718476597,0.0173134781290427,146.1166777165954,79.97843780558443,112.50790851607255,60.63977738917886,0.5473600895902437,0.5389823541206087,,,,
log_cosh,log_cosh,8,10.0,1.0,overdispersed,,100000,4,torch,cuda,0.048170561624157074,0.035555634219377186,146.09445377144263,79.98158171166851,112.29453749857113,60.538816909398015,0.5474648739013436,0.5391074068065718,,,,
log_cosh,log_cosh,8,10.0,1.0,overdispersed,,100000,5,torch,cuda,0.05015967431159184,0.037117797914919023,145.56249690902405,79.6860790495908,112.05507873575898,60.39828227936876,0.5474355053100955,0.539005308467955,,,,
log_cosh,log_cosh,8,10.0,1.0,overdispersed,,100000,6,torch,cuda,0.036169704279681365,0.026445953702193565,145.76135087355394,79.79052594744817,112.17710560528462,60.461998991096515,0.5474052310112398,0.5389869765747296,,,,
log_cosh,log_cosh,8,10.0,1.0,overdispersed,,100000,7,torch,cuda,0.02425320032260766,0.018131566695765648,145.91269330847183,79.87402434941507,112.31567043213239,60.54005070087276,0.547409704655061,0.5390169552293644,,,,
log_cosh,log_cosh,8,10.0,1.0,overdispersed,,100000,8,torch,cuda,0.05227943784878374,0.038903887892698184,146.04028421599077,79.9459747856887,112.30745839983776,60.54078167329278,0.5474241248904319,0.5390628773536579,,,,
log_cosh,log_cosh,8,10.0,1.0,overdispersed,,100000,9,torch,cuda,0.04310992138114651,0.03198705682099033,145.99530267070276,79.91605220740638,112.32250232789316,60.539617467551466,0.5473878319747019,0.5389803130527088,,,,
log_cosh,log_cosh,8,10.0,1.0,overdispersed,,100000,10,torch,cuda,0.039183703403971884,0.028553528650734888,146.0030974708849,79.92646892577883,112.30202875678654,60.540225632182775,0.5474299539550338,0.5390839889749032,,,,
log_cosh,log_cosh,8,10.0,1.0,overdispersed,,100000,11,torch,cuda,0.043740565196179165,0.03225629825128167,145.91097542266144,79.87259302840273,112.28363072442264,60.518669717958105,0.5474063400442303,0.5389803422592282,,,,
log_cosh,log_cosh,8,10.0,1.0,overdispersed,,100000,12,torch,cuda,0.07998141479502666,0.05968382468066402,146.0153186781068,79.930420317821,112.30234943687202,60.53729007539556,0.5474111965884138,0.5390563098541861,,,,
log_cosh,log_cosh,8,10.0,1.0,overdispersed,,100000,13,torch,cuda,0.03944990364299437,0.02927064461202087,145.82015180197155,79.82497309002592,112.20821935223799,60.481642249657725,0.5474207241152156,0.539012583915952,,,,
log_cosh,log_cosh,8,10.0,1.0,overdispersed,,100000,14,torch,cuda,0.023431803314832512,0.0171953970744058,146.37172429096617,80.13222497326466,112.44146148297989,60.616587794157226,0.547456999372182,0.5390946275038649,,,,
log_cosh,log_cosh,8,10.0,1.0,overdispersed,,100000,15,torch,cuda,0.03894086861231488,0.02902664888608631,145.5141253518434,79.65658944403134,112.15730475145479,60.457649444474505,0.5474148248592846,0.5390433514647232,,,,
log_cosh,log_cosh,8,10.0,1.0,overdispersed,,100000,16,torch,cuda,0.053761116994959945,0.0400235888778054,146.6780863649559,80.28531314924537,112.799905014113,60.79062327669798,0.5473572442817676,0.5389244190329073,,,,
log_cosh,log_cosh,8,10.0,1.0,overdispersed,,100000,17,torch,cuda,0.0333347745150138,0.024424994356159385,145.9907111750353,79.91696960538648,112.36168759613636,60.56704760072051,0.5474113315988315,0.5390364713853154,,,,
log_cosh,log_cosh,8,10.0,1.0,overdispersed,,100000,18,torch,cuda,0.016575719421933123,0.012456799858040279,146.14887528745692,80.00568586748848,112.41888339778548,60.60021563234056,0.5474259429648508,0.5390572633417058,,,,
log_cosh,log_cosh,8,10.0,1.0,overdispersed,,100000,19,torch,cuda,0.0423984744551918,0.031459828333726354,146.26203710698553,80.0631401099118,112.57785232353274,60.680694073968084,0.5473952208893988,0.5390109406207217,,,,
log_cosh,log_cosh,8,100.0,0.1,optimum,0.0,100000,0,torch,cuda,0.04144043409769597,7.767251512416043e-05,206.6179490717896,0.00039508264075306107,7.998544711008651,0.00029951912920021096,1.9121409467470284e-06,3.744670312187832e-05,,,,
log_cosh,log_cosh,8,100.0,0.1,optimum,0.0,100000,1,torch,cuda,0.024516852064096727,4.124670186759111e-05,207.4142581676933,0.0003888756847217747,8.004871385960517,0.0002951007622987558,1.874874409103403e-06,3.686514724225594e-05,,,,
log_cosh,log_cosh,8,100.0,0.1,optimum,0.0,100000,2,torch,cuda,0.039145333537651275,8.500596758679282e-05,206.98155215010812,0.0003951696801292439,8.001701093464925,0.0002995659339756504,1.9092024193666165e-06,3.74377811013597e-05,,,,
log_cosh,log_cosh,8,100.0,0.1,optimum,0.0,100000,3,torch,cuda,0.020803257022531517,0.000102289982956082,207.26126683059664,0.000389601072980268,8.01522725364518,0.0002943755559382303,1.879758234319321e-06,3.672703800186746e-05,,,,
log_cosh,log_cosh,8,100.0,0.1,optimum,0.0,100000,4,torch,cuda,0.046711794087930476,6.545214192431374e-05,207.53257279155562,0.00039170084427739385,7.995030368494567,0.0002977526444221547,1.887418630283236e-06,3.7242215563744054e-05,,,,
log_cosh,log_cosh,8,100.0,0.1,optimum,0.0,100000,5,torch,cuda,0.05514418427687078,9.055757496528829e-05,206.6460660064006,0.00039658107743140045,7.9824085111238645,0.0003009834285229408,1.919131997504936e-06,3.7705841301344845e-05,,,,
log_cosh,log_cosh,8,100.0,0.1,optimum,0.0,100000,6,torch,cuda,0.033128021977859023,5.3577533557079526e-05,206.8719846042524,0.00039646639167056463,7.991744210291099,0.000301172357730488,1.9164817915243946e-06,3.76854350947148e-05,,,,
log_cosh,log_cosh,8,100.0,0.1,optimum,0.0,100000,7,torch,cuda,0.03083744057343527,3.389775172538054e-05,206.9931232482141,0.00039602216471123694,8.000366674546031,0.0003008602310596969,1.9132141130908502e-06,3.760580524601627e-05,,,,
log_cosh,log_cosh,8,100.0,0.1,optimum,0.0,100000,8,torch,cuda,0.06354929148753877,1.2989937095097157e-05,207.38946568835274,0.0003896001826049808,7.997674108471488,0.00029623924815991396,1.8785919589109644e-06,3.704067509404069e-05,,,,
log_cosh,log_cosh,8,100.0,0.1,optimum,0.0,100000,9,torch,cuda,0.055296111326749935,8.43506322982536e-05,207.35065232437782,0.00039259323958318126,8.002251911939092,0.00029709193079384644,1.8933783674285785e-06,3.712604077742107e-05,,,,
log_cosh,log_cosh,8,100.0,0.1,optimum,0.0,100000,10,torch,cuda,0.040361052316738394,8.183841593653681e-05,207.18495223535083,0.0003862363654657651,7.99628841951758,0.0002922304258923244,1.8642105099747863e-06,3.6545758552060185e-05,,,,
log_cosh,log_cosh,8,100.0,0.1,optimum,0.0,100000,11,torch,cuda,0.046170116380673705,6.308038758722674e-05,207.1085819977396,0.00039545972171527047,7.99956791303665,0.0002999882113121157,1.909431844401245e-06,3.7500551851461145e-05,,,,
log_cosh,log_cosh,8,100.0,0.1,optimum,0.0,100000,12,torch,cuda,0.12066712866922566,6.001055670667131e-05,207.31729479217287,0.00038872104850655356,7.99749878343103,0.000294578812206346,1.87500540606721e-06,3.6833867710820444e-05,,,,
log_cosh,log_cosh,8,100.0,0.1,optimum,0.0,100000,13,torch,cuda,0.056249889883941376,5.479806342013598e-05,207.02887632796688,0.0003929937630659348,7.992859489977993,0.0002989720043634178,1.8982557894163988e-06,3.740488679155312e-05,,,,
log_cosh,log_cosh,8,100.0,0.1,optimum,0.0,100000,14,torch,cuda,0.029251090254129242,4.69897571524384e-05,208.27930130933694,0.0003898810890095091,8.005905981892077,0.0002958499963485599,1.871914715281557e-06,3.6953968360073114e-05,,,,
log_cosh,log_cosh,8,100.0,0.1,optimum,0.0,100000,15,torch,cuda,0.04885137575486494,8.621770979493716e-05,206.16275342199012,0.00038836082701618695,7.9878336472013665,0.00029428912938239487,1.8837584411829208e-06,3.684217052836379e-05,,,,
log_cosh,log_cosh,8,100.0,0.1,optimum,0.0,100000,16,torch,cuda,0.07202262807854556,9.988484491503549e-05,208.45727987775345,0.0003898917075740114,8.03831134004255,0.00029521827733846673,1.8703674335703573e-06,3.6726404943765715e-05,,,,
log_cosh,log_cosh,8,100.0,0.1,optimum,0.0,100000,17,torch,cuda,0.04317235015994008,3.765381186807736e-05,207.21594870038757,0.0003928325015186249,8.002664018944001,0.0002985093694629448,1.8957638346970063e-06,3.730124977836254e-05,,,,
log_cosh,log_cosh,8,100.0,0.1,optimum,0.0,100000,18,torch,cuda,0.020533796584228558,0.0001017934472494508,207.53219793124586,0.00039032072962476007,8.00587610042169,0.0002958512026661047,1.88077191643328e-06,3.695425696764424e-05,,,,
log_cosh,log_cosh,8,100.0,0.1,optimum,0.0,100000,19,torch,cuda,0.051742195361002115,3.620949401679446e-05,207.53150997241988,0.00039157362751667847,8.019066032926847,0.0002975992676393825,1.8868152964757836e-06,3.71114624093902e-05,,,,
log_cosh,log_cosh,8,100.0,0.1,near,0.25,100000,0,torch,cuda,0.041438772417668766,5.730353179393734e-05,206.60958270607676,0.0004314791556048192,7.994805768992383,0.00032512552587532495,2.088379202714147e-06,4.0667095020158546e-05,,,,
log_cosh,log_cosh,8,100.0,0.1,near,0.25,100000,1,torch,cuda,0.02452185072854798,1.7870033529090372e-05,207.40606131748518,0.0004260130242297322,8.00125619415196,0.00032164177179655473,2.0540046974693576e-06,4.019890927022679e-05,,,,
log_cosh,log_cosh,8,100.0,0.1,near,0.25,100000,2,torch,cuda,0.03914379378769778,5.591929077639449e-05,206.97320526078425,0.00043367816419959127,7.99793699577218,0.00032725987209381024,2.0953348219793036e-06,4.0918035771825196e-05,,,,
log_cosh,log_cosh,8,100.0,0.1,near,0.25,100000,3,torch,cuda,0.0208018386391498,9.599375833477251e-05,207.2528739933951,0.0004269181392455579,8.01144460225883,0.000320923792288097,2.0598900802657303e-06,4.0058167811284916e-05,,,,
log_cosh,log_cosh,8,100.0,0.1,near,0.25,100000,4,torch,cuda,0.04671100147063948,7.586263070294892e-05,207.5242003745832,0.00042887479313158394,7.991294270716053,0.00032415224953558086,2.066625445887568e-06,4.0563172691991916e-05,,,,
log_cosh,log_cosh,8,100.0,0.1,near,0.25,100000,5,torch,cuda,0.05514863867110123,7.115419530368e-05,206.637680061052,0.0004334523818698699,7.978682345612696,0.0003266606439790709,2.0976444457845467e-06,4.0941678065262806e-05,,,,
log_cosh,log_cosh,8,100.0,0.1,near,0.25,100000,6,torch,cuda,0.03312508478374473,7.924114229684321e-05,206.86364647894436,0.0004317849182147171,7.988103403758968,0.0003257321327481133,2.087292405234993e-06,4.077715526251617e-05,,,,
log_cosh,log_cosh,8,100.0,0.1,near,0.25,100000,7,torch,cuda,0.030838596611633434,4.1913246430739906e-05,206.98472873383224,0.0004336294661424489,7.996632227066454,0.00032781361140654663,2.094982894607968e-06,4.099395871889488e-05,,,,
log_cosh,log_cosh,8,100.0,0.1,near,0.25,100000,8,torch,cuda,0.06354964116468209,2.5028449492789464e-05,207.38108987150002,0.0004273068488611642,7.99393402752103,0.0003234727263394799,2.060490901682199e-06,4.046477306740932e-05,,,,
log_cosh,log_cosh,8,100.0,0.1,near,0.25,100000,9,torch,cuda,0.05529683004104682,7.407827980849132e-05,207.3421627505504,0.00043069043079668745,7.998442014552688,0.000324256410546897,2.0771965773060995e-06,4.053994639917772e-05,,,,
log_cosh,log_cosh,8,100.0,0.1,near,0.25,100000,10,torch,cuda,0.040360209295928304,4.568672382296062e-05,207.17671354665777,0.0004244058930957806,7.992553412511086,0.00031991604364034476,2.0485212156828677e-06,4.002676330439863e-05,,,,
log_cosh,log_cosh,8,100.0,0.1,near,0.25,100000,11,torch,cuda,0.04616019145497133,6.172231108081955e-05,207.10041442976387,0.000430790092590172,7.995889024127088,0.0003253455684817941,2.080102513441712e-06,4.068910505136883e-05,,,,
log_cosh,log_cosh,8,100.0,0.1,near,0.25,100000,12,torch,cuda,0.12066596742994819,0.00011529703281142151,207.30908777165794,0.00042555053557968847,7.9938839419490035,0.0003208152794827446,2.0527345913962734e-06,4.013259159283291e-05,,,,
log_cosh,log_cosh,8,100.0,0.1,near,0.25,100000,13,torch,cuda,0.05625214810013747,8.530497687107617e-05,207.02053504458632,0.0004304267012340546,7.989124460457978,0.0003259005954510119,2.0791497864757857e-06,4.079303020800975e-05,,,,
log_cosh,log_cosh,8,100.0,0.1,near,0.25,100000,14,torch,cuda,0.029248022064203835,7.312784075851995e-05,208.27081931435293,0.0004288329218766762,8.002100102402068,0.00032435861873408856,2.059015868321997e-06,4.053418659893079e-05,,,,
log_cosh,log_cosh,8,100.0,0.1,near,0.25,100000,15,torch,cuda,0.04885192397359926,0.00010289280080382408,206.1544887347274,0.0004229498820773614,7.984130210108889,0.000318440831610034,2.0516161674345057e-06,3.9884223231586183e-05,,,,
log_cosh,log_cosh,8,100.0,0.1,near,0.25,100000,16,torch,cuda,0.07202163823857727,0.00012899789262797143,208.44897184668082,0.00042825745518904057,8.034599376111682,0.0003225026886601312,2.05449540669375e-06,4.0139237012736446e-05,,,,
log_cosh,log_cosh,8,100.0,0.1,near,0.25,100000,17,torch,cuda,0.04316588109216112,6.199471172402041e-05,207.20750567374813,0.00043211759394168325,7.998834283508383,0.00032712912134286176,2.085434079893129e-06,4.0897099470771767e-05,,,,
log_cosh,log_cosh,8,100.0,0.1,near,0.25,100000,18,torch,cuda,0.02053105340547494,6.070262004126343e-05,207.52370290013272,0.00042755965121621387,8.002133247352157,0.0003220488105599162,2.0602930905775606e-06,4.0245369653958165e-05,,,,
log_cosh,log_cosh,8,100.0,0.1,near,0.25,100000,19,torch,cuda,0.051743553083912285,1.999290892696857e-05,207.52327870797285,0.0004276428247411701,8.015454261680032,0.0003232270471798526,2.060698093262828e-06,4.032548083083996e-05,,,,
log_cosh,log_cosh,8,100.0,0.1,medium,1.0,100000,0,torch,cuda,0.04143106301157617,5.5696459758960514e-05,206.49594197167346,0.0011084074681093625,7.94570109482851,0.0008011485665129214,5.367696127710881e-06,0.0001008279265670278,,,,
log_cosh,log_cosh,8,100.0,0.1,medium,1.0,100000,1,torch,cuda,0.024521752949314555,5.9347497311288625e-05,207.29270665425202,0.0011029385732967967,7.952375153889955,0.0007992981636952834,5.320682001303653e-06,0.00010051062081802084,,,,
log_cosh,log_cosh,8,100.0,0.1,medium,1.0,100000,2,torch,cuda,0.03912671521488189,6.043286717244729e-05,206.85973074756623,0.0011172097208600462,7.948857478069462,0.000809672085522628,5.400808155471267e-06,0.00010186018402726137,,,,
log_cosh,log_cosh,8,100.0,0.1,medium,1.0,100000,3,torch,cuda,0.02078301709241699,0.00010240793441853007,207.13898005031862,0.0011080957609124198,7.962202952258723,0.0008008987751075836,5.349527938407532e-06,0.00010058758611275842,,,,
log_cosh,log_cosh,8,100.0,0.1,medium,1.0,100000,4,torch,cuda,0.046689859594783896,7.136367933816636e-05,207.41062780440006,0.0011055722751507346,7.942304465057697,0.0008016516325470846,5.3303549912271214e-06,0.00010093438699988958,,,,
log_cosh,log_cosh,8,100.0,0.1,medium,1.0,100000,5,torch,cuda,0.055152253915624554,5.988511408680381e-05,206.52421607611026,0.0011146649989939306,7.929749013846028,0.0008062886233579647,5.397260525531513e-06,0.0001016789588106906,,,,
log_cosh,log_cosh,8,100.0,0.1,medium,1.0,100000,6,torch,cuda,0.03310465561197669,0.00016319245386637346,206.75024846271396,0.0011069350130696876,7.939344234354745,0.0008002947892595813,5.353971863638732e-06,0.00010080111979482948,,,,
log_cosh,log_cosh,8,100.0,0.1,medium,1.0,100000,7,torch,cuda,0.03083208805950748,2.7803184082201635e-05,206.87099785950093,0.0011127433859314806,7.947528389618062,0.0008066364531904568,5.3789240514381544e-06,0.00010149525911026305,,,,
log_cosh,log_cosh,8,100.0,0.1,medium,1.0,100000,8,torch,cuda,0.06354173058699498,0.00011846860684029864,207.26742761473116,0.0011059681742722205,7.94485068049245,0.0008032866666365379,5.335947799419767e-06,0.00010110783687966648,,,,
log_cosh,log_cosh,8,100.0,0.1,medium,1.0,100000,9,torch,cuda,0.05528482880677515,4.1045855367699445e-05,207.2282442454088,0.0011159328639109845,7.9492348153453145,0.0008080805346866171,5.3850423139687835e-06,0.00010165513454536368,,,,
log_cosh,log_cosh,8,100.0,0.1,medium,1.0,100000,10,torch,cuda,0.040335061230060386,0.00011700683597644878,207.06334994190368,0.001103013191965374,7.943504255720622,0.0008000235176002235,5.326935897998605e-06,0.00010071418001999252,,,,
log_cosh,log_cosh,8,100.0,0.1,medium,1.0,100000,11,torch,cuda,0.04611838023911949,0.0002000947671366581,206.98750878924204,0.0011076171236936716,7.947122654557208,0.0008028739743295432,5.351130269515272e-06,0.00010102700175001605,,,,
log_cosh,log_cosh,8,100.0,0.1,medium,1.0,100000,12,torch,cuda,0.12066267679271482,0.00019269514728703974,207.19584283497917,0.0010970322410628341,7.94516345219868,0.0007927627005468452,5.2946633776651774e-06,9.977928148570215e-05,,,,
log_cosh,log_cosh,8,100.0,0.1,medium,1.0,100000,13,torch,cuda,0.056254459342113344,0.00017269829893756667,206.90707304463183,0.0011119218998771885,7.940055476333134,0.0008080432889387978,5.374015897645685e-06,0.00010176796514172056,,,,
log_cosh,log_cosh,8,100.0,0.1,medium,1.0,100000,14,torch,cuda,0.029239910228113203,0.00012660485677992015,208.15673714160368,0.0011089706154052692,7.952745267326566,0.0008049538585561677,5.327574935279971e-06,0.00010121710572866934,,,,
log_cosh,log_cosh,8,100.0,0.1,medium,1.0,100000,15,torch,cuda,0.04884879049343469,8.715276158005677e-05,206.04109743414529,0.001097578961974932,7.935187816344546,0.0007931740525481956,5.326990467645609e-06,9.995655690901873e-05,,,,
log_cosh,log_cosh,8,100.0,0.1,medium,1.0,100000,16,torch,cuda,0.07201205707339896,0.00017510364476703988,208.33524392105656,0.0011134009466502448,7.985534365584757,0.0008051209765902456,5.344275532526509e-06,0.00010082242962475674,,,,
log_cosh,log_cosh,8,100.0,0.1,medium,1.0,100000,17,torch,cuda,0.04313918945707799,0.00018995069860088342,207.0935951731714,0.0011156832748611123,7.949540236639142,0.000811550129661498,5.3873383864343045e-06,0.00010208768123734917,,,,
log_cosh,log_cosh,8,100.0,0.1,medium,1.0,100000,18,torch,cuda,0.020523084286096893,9.547709908060736e-05,207.40961334159402,0.001105619353580778,7.952962170800026,0.0007991152676245505,5.330608045442301e-06,0.00010048020479194154,,,,
log_cosh,log_cosh,8,100.0,0.1,medium,1.0,100000,19,torch,cuda,0.05172983815095889,7.047802174375728e-05,207.40964173829647,0.0011008762860171828,7.966509734200441,0.000797395482622143,5.30773920050562e-06,0.00010009345487885399,,,,
log_cosh,log_cosh,8,100.0,0.1,far,4.0,100000,0,torch,cuda,0.041405772741222396,0.00015391174283206817,205.82842703269534,0.008174290725492028,7.751676508972778,0.00493693149910257,3.9714099958571625e-05,0.0006368856457552037,,,,
log_cosh,log_cosh,8,100.0,0.1,far,4.0,100000,1,torch,cuda,0.024404797581525157,0.00025494997909396815,206.62405090347966,0.008181524151950725,7.757648354459164,0.004949993284100174,3.959618503352527e-05,0.0006380791005118033,,,,
log_cosh,log_cosh,8,100.0,0.1,far,4.0,100000,2,torch,cuda,0.03904386550124351,0.0002797268410119323,206.19266896964473,0.008167479881649342,7.755231348959782,0.0049339110298234345,3.9610913047794836e-05,0.000636204235285028,,,,
log_cosh,log_cosh,8,100.0,0.1,far,4.0,100000,3,torch,cuda,0.020654659951224643,0.00023498668407063387,206.46970339217796,0.008169264216121519,7.768316472634908,0.0049250067842336875,3.956640650858323e-05,0.0006339863729268475,,,,
log_cosh,log_cosh,8,100.0,0.1,far,4.0,100000,4,torch,cuda,0.04654803125767899,0.0003159587040487052,206.74361475166006,0.008145642758790927,7.748865523761381,0.004921381459681129,3.9399730765931776e-05,0.0006351099324914131,,,,
log_cosh,log_cosh,8,100.0,0.1,far,4.0,100000,5,torch,cuda,0.055049723939911706,0.0002816216163795453,205.85818844251253,0.008169746247403964,7.735903828678076,0.004941995256928067,3.96862826259905e-05,0.0006388387661448685,,,,
log_cosh,log_cosh,8,100.0,0.1,far,4.0,100000,6,torch,cuda,0.03296490355409047,0.00034741532912548897,206.08337938776958,0.008165566522166046,7.745325088276459,0.004935576061754432,3.962263500542464e-05,0.0006372329121762827,,,,
log_cosh,log_cosh,8,100.0,0.1,far,4.0,100000,7,torch,cuda,0.030785741298243904,0.00016751908992927565,206.20352144868002,0.008170086514837749,7.753676545438395,0.004939637869128433,3.9621469397995325e-05,0.0006370704065588725,,,,
log_cosh,log_cosh,8,100.0,0.1,far,4.0,100000,8,torch,cuda,0.06346230561968663,0.0002257961290356268,206.60023561890512,0.008154838973041478,7.751153624707996,0.004931578763887501,3.947158602511905e-05,0.0006362380366410664,,,,
log_cosh,log_cosh,8,100.0,0.1,far,4.0,100000,9,torch,cuda,0.055208609537908696,0.00035212367349688183,206.56073090948667,0.008174188625616807,7.755490396205204,0.004934229377354882,3.957281032859374e-05,0.000636224032946933,,,,
log_cosh,log_cosh,8,100.0,0.1,far,4.0,100000,10,torch,cuda,0.04017523403976733,0.000494579477798984,206.3954800624465,0.008132865852076065,7.750248448775537,0.004902873066583879,3.940428273727412e-05,0.0006326085026807734,,,,
log_cosh,log_cosh,8,100.0,0.1,far,4.0,100000,11,torch,cuda,0.046012218086889795,0.0004047717825243661,206.32008725445212,0.008158282311796938,7.753337201112316,0.004927247892666742,3.954187117871575e-05,0.0006355002710265026,,,,
log_cosh,log_cosh,8,100.0,0.1,far,4.0,100000,12,torch,cuda,0.1206410959692193,0.00018343716209038086,206.5278124227325,0.008133061922762863,7.75163881843541,0.004900572407947834,3.937998387411214e-05,0.0006321982386863795,,,,
log_cosh,log_cosh,8,100.0,0.1,far,4.0,100000,13,torch,cuda,0.05622287082579498,0.00012389868200669477,206.2403062909375,0.00816863925092548,7.746090227944919,0.004952440433442007,3.960738518009281e-05,0.0006393471141835534,,,,
log_cosh,log_cosh,8,100.0,0.1,far,4.0,100000,14,torch,cuda,0.02921212736260833,0.00021961282892229845,207.48896553756913,0.008161361958627822,7.759106693399602,0.004932051183303088,3.933395656719913e-05,0.000635646779738009,,,,
log_cosh,log_cosh,8,100.0,0.1,far,4.0,100000,15,torch,cuda,0.04880786091044221,0.00011578132404466081,205.37320207131324,0.008152257932124485,7.741294880202233,0.004915158002432918,3.9694847477197715e-05,0.0006349271121299173,,,,
log_cosh,log_cosh,8,100.0,0.1,far,4.0,100000,16,torch,cuda,0.07196210422825927,0.00021917209208107723,207.66448536906,0.008206531645100767,7.790592443772354,0.004954497609119812,3.951822397804888e-05,0.0006359590294163494,,,,
log_cosh,log_cosh,8,100.0,0.1,far,4.0,100000,17,torch,cuda,0.043082600057044985,0.0004290421208334538,206.42556292569952,0.008164507459241577,7.7559775120633105,0.004935963267200805,3.955182363814261e-05,0.0006364076300535454,,,,
log_cosh,log_cosh,8,100.0,0.1,far,4.0,100000,18,torch,cuda,0.020510548615157956,9.220777263291306e-05,206.74159729839357,0.008168876732270292,7.758928518748931,0.004937431314843366,3.9512496947965516e-05,0.0006363547882819637,,,,
log_cosh,log_cosh,8,100.0,0.1,far,4.0,100000,19,torch,cuda,0.05164036398644366,0.00039554045195792144,206.7398135642693,0.008183874037968053,7.771722499821379,0.004948423703112326,3.9585379791512334e-05,0.000636721615217998,,,,
log_cosh,log_cosh,8,100.0,0.1,underdispersed,,100000,0,torch,cuda,0.020721614071253287,0.062150745784067526,51.688669114068276,464.7885463997987,0.5041547325297524,4.486462123010629,8.992078038884845,8.89897849515052,,,,
log_cosh,log_cosh,8,100.0,0.1,underdispersed,,100000,1,torch,cuda,0.012270410832149107,0.036771081475045285,51.887699209339615,466.5786754346734,0.504559065796224,4.489898709173702,8.992086420179733,8.898658281143708,,,,
log_cosh,log_cosh,8,100.0,0.1,underdispersed,,100000,2,torch,cuda,0.01958013724465241,0.05870228704240852,51.779576103582464,465.6075284240327,0.5043487697053003,4.488359676896372,8.99210776644073,8.899317191789716,,,,
log_cosh,log_cosh,8,100.0,0.1,underdispersed,,100000,3,torch,cuda,0.010419212249549907,0.031217176768123054,51.84952480903375,466.235436459718,0.5051867100797369,4.4956893951243355,8.99208697045736,8.899065049464092,,,,
log_cosh,log_cosh,8,100.0,0.1,underdispersed,,100000,4,torch,cuda,0.023365542062409372,0.0700468461333748,51.917117647032626,466.84514125314524,0.5039136208248284,4.484412362695186,8.992123646521971,8.899168780861487,,,,
log_cosh,log_cosh,8,100.0,0.1,underdispersed,,100000,5,torch,cuda,0.027581960801751147,0.08272543020837803,51.69558646904601,464.85169989757935,0.50314847680092,4.477538180009488,8.992096456356494,8.89903952105396,,,,
log_cosh,log_cosh,8,100.0,0.1,underdispersed,,100000,6,torch,cuda,0.01658135079936531,0.049695310606380175,51.752097597519956,465.36029497266327,0.5037321423995081,4.482804926775327,8.992104988512853,8.899183811105766,,,,
log_cosh,log_cosh,8,100.0,0.1,underdispersed,,100000,7,torch,cuda,0.015421105261266329,0.046244503307201285,51.78239094883417,465.6323979603157,0.5042662944366716,4.487535260180159,8.992099233509784,8.899137835879545,,,,
log_cosh,log_cosh,8,100.0,0.1,underdispersed,,100000,8,torch,cuda,0.03177847693397965,0.09531316470736358,51.88138997008745,466.522965177655,0.504086196549228,4.485833188283121,8.992106137607953,8.89894073472223,,,,
log_cosh,log_cosh,8,100.0,0.1,underdispersed,,100000,9,torch,cuda,0.02765535380962366,0.08292516831713098,51.87182665646213,466.43705184810267,0.5043839173835307,4.4885561317332945,8.992107699179984,8.899086543079092,,,,
log_cosh,log_cosh,8,100.0,0.1,underdispersed,,100000,10,torch,cuda,0.02020537629426393,0.06053533331625793,51.83023194583868,466.0627161587317,0.5039746291533903,4.484930718370968,8.992101687790164,8.89912003289739,,,,
log_cosh,log_cosh,8,100.0,0.1,underdispersed,,100000,11,torch,cuda,0.023097417319016475,0.0692316867715478,51.81129880165081,465.89293996531325,0.5042199385551427,4.487244396774782,8.992110808665329,8.899379127356834,,,,
log_cosh,log_cosh,8,100.0,0.1,underdispersed,,100000,12,torch,cuda,0.06033575270318741,0.18100263643854586,51.86335123868676,466.36126100889913,0.5040538597025728,4.485758426681696,8.992115817248294,8.899363312739256,,,,
log_cosh,log_cosh,8,100.0,0.1,underdispersed,,100000,13,torch,cuda,0.0281275345526811,0.08437604411670235,51.79130312484576,465.7123808047498,0.5038088320277574,4.483281108502355,8.992096215114046,8.898774343549714,,,,
log_cosh,log_cosh,8,100.0,0.1,underdispersed,,100000,14,torch,cuda,0.014632783969885942,0.04388463529564272,52.103843535521364,468.52448281655626,0.5045986860984552,4.490378223293288,8.992129006704536,8.898909860453232,,,,
log_cosh,log_cosh,8,100.0,0.1,underdispersed,,100000,15,torch,cuda,0.024427175969606325,0.07326980825749345,51.57472656391722,463.7625107113306,0.5034603839332696,4.48021114036877,8.992049819916812,8.898835505918559,,,,
log_cosh,log_cosh,8,100.0,0.1,underdispersed,,100000,16,torch,cuda,0.03601434983506417,0.10802617656940602,52.14867532162511,468.92679634748447,0.5066601089920924,4.50880838977779,8.992113288696117,8.899079106005088,,,,
log_cosh,log_cosh,8,100.0,0.1,underdispersed,,100000,17,torch,cuda,0.021600663153219395,0.06475715033228226,51.83805240168653,466.1327978988898,0.504403302753052,4.488727908610382,8.99209704652647,8.899085085507446,,,,
log_cosh,log_cosh,8,100.0,0.1,underdispersed,,100000,18,torch,cuda,0.010268218058269713,0.03079540930007433,51.91712193518601,466.84402224097005,0.5046044293775653,4.49038913304672,8.992101349989778,8.898830195735025,,,,
log_cosh,log_cosh,8,100.0,0.1,underdispersed,,100000,19,torch,cuda,0.025881122835617474,0.07759954465549956,51.917054227692844,466.8426727464154,0.5054445404874556,4.497888481652089,8.992087083735173,8.898876377840153,,,,
log_cosh,log_cosh,8,100.0,0.1,overdispersed,,100000,0,torch,cuda,0.08286582247653604,0.062147763134125,825.533469342961,464.18821724385543,126.55341655333886,70.92415876127502,0.5622887920138491,0.5604286371153195,,,,
log_cosh,log_cosh,8,100.0,0.1,overdispersed,,100000,1,torch,cuda,0.04896036771264722,0.03670025391902137,828.7193282615209,465.9808022976142,126.65233551518278,70.97975129858825,0.5622902548624563,0.5604298650306324,,,,
log_cosh,log_cosh,8,100.0,0.1,overdispersed,,100000,2,torch,cuda,0.0782290062169498,0.058658506627582846,826.9879012101143,465.0061162068155,126.60653112181534,70.95407956411168,0.562288898696561,0.5604298525156078,,,,
log_cosh,log_cosh,8,100.0,0.1,overdispersed,,100000,3,torch,cuda,0.04148467987693958,0.031075888831730143,828.1040580825445,465.6337865073723,126.8203789365763,71.07505000627756,0.5622889804278177,0.56043871341705,,,,
log_cosh,log_cosh,8,100.0,0.1,overdispersed,,100000,4,torch,cuda,0.09333506609666363,0.06998202025916221,829.1957424312214,466.2494240853425,126.5038165979179,70.89802879317648,0.5622911457773387,0.5604418166964883,,,,
log_cosh,log_cosh,8,100.0,0.1,overdispersed,,100000,5,torch,cuda,0.11023202094378685,0.08265537129325369,825.6499132033546,464.2545752757137,126.29806819415845,70.78044048320066,0.562289861418988,0.5604237776177989,,,,
log_cosh,log_cosh,8,100.0,0.1,overdispersed,,100000,6,torch,cuda,0.06615502315521103,0.04958611651206295,826.5523888121714,464.7619008566717,126.44677347946116,70.86389656030397,0.5622897074008526,0.5604247116025816,,,,
log_cosh,log_cosh,8,100.0,0.1,overdispersed,,100000,7,torch,cuda,0.06165524770473644,0.04623888259649701,827.0357023736423,465.0336366048635,126.58447478412693,70.94182957602688,0.5622896753673257,0.5604307297321317,,,,
log_cosh,log_cosh,8,100.0,0.1,overdispersed,,100000,8,torch,cuda,0.1270613730295556,0.09528847576232276,828.6212805610894,465.92591730731016,126.54287872210703,70.91957424545136,0.5622905520744228,0.560439077738965,,,,
log_cosh,log_cosh,8,100.0,0.1,overdispersed,,100000,9,torch,cuda,0.11053854877130122,0.08289356732519629,828.4645785534361,465.8370528515598,126.61361185967921,70.95817157960826,0.5622896438915321,0.5604308299667524,,,,
log_cosh,log_cosh,8,100.0,0.1,overdispersed,,100000,10,torch,cuda,0.08057825405322405,0.06039353639294663,827.8030840643553,465.46569120495747,126.52396515333028,70.91028138298942,0.5622903564451701,0.560449408118498,,,,
log_cosh,log_cosh,8,100.0,0.1,overdispersed,,100000,11,torch,cuda,0.0922426993011214,0.06916053747143429,827.4977401039857,465.29335311041353,126.57241343430637,70.93450923540864,0.5622895756210082,0.5604262991494989,,,,
log_cosh,log_cosh,8,100.0,0.1,overdispersed,,100000,12,torch,cuda,0.241318659305519,0.18098412058223895,828.3321277456281,465.7630030165494,126.54443305594184,70.9213882562081,0.5622901580361981,0.5604465288872541,,,,
log_cosh,log_cosh,8,100.0,0.1,overdispersed,,100000,13,torch,cuda,0.11247618865148776,0.08435035536281589,827.1796232020806,465.1148969092121,126.46272298243963,70.873038936759,0.5622900804890647,0.5604263237839683,,,,
log_cosh,log_cosh,8,100.0,0.1,overdispersed,,100000,14,torch,cuda,0.05846975344643506,0.043840509630169805,832.1806332331561,467.9282112682251,126.67367818832238,70.99333157325387,0.5622916378746384,0.5604426475065323,,,,
log_cosh,log_cosh,8,100.0,0.1,overdispersed,,100000,15,torch,cuda,0.0976838631879311,0.07325965042798425,823.7141071575809,463.16564532775607,126.38549865428111,70.83150560817413,0.5622893201696132,0.5604401324706474,,,,
log_cosh,log_cosh,8,100.0,0.1,overdispersed,,100000,16,torch,cuda,0.1440121689035299,0.10800210809147685,832.8856870506223,468.3228179584596,127.18298079630391,71.27689155092568,0.5622894296777551,0.5604279055629515,,,,
log_cosh,log_cosh,8,100.0,0.1,overdispersed,,100000,17,torch,cuda,0.08627954088547239,0.06469037912600327,827.9265684488801,465.53493364510877,126.62189866943457,70.96346828815476,0.5622901249772527,0.5604359833002941,,,,
log_cosh,log_cosh,8,100.0,0.1,overdispersed,,100000,18,torch,cuda,0.04105626229628644,0.030790551374693415,829.1913053936006,466.2463752195941,126.67165548303528,70.99171262422,0.5622904777061986,0.5604388160359023,,,,
log_cosh,log_cosh,8,100.0,0.1,overdispersed,,100000,19,torch,cuda,0.10342505030400297,0.07755508112899773,829.1860693928866,466.24284347217855,126.87907930864924,71.10722851240901,0.5622897690666128,0.5604330430191078,,,,
log_cosh,log_cosh,8,100.0,1.0,optimum,0.0,100000,0,torch,cuda,0.04182440969892785,0.0005719772670186199,213.03422670583348,0.02175359184449134,8.007760591461999,0.010371504171565652,0.00010211313074367907,0.0012951815995378177,,,,
log_cosh,log_cosh,8,100.0,1.0,optimum,0.0,100000,1,torch,cuda,0.025300497451767608,0.00029888428911492327,213.84106422974102,0.02133208025103745,8.01512397358771,0.010179262353218917,9.975670635514255e-05,0.0012700068503946674,,,,
log_cosh,log_cosh,8,100.0,1.0,optimum,0.0,100000,2,torch,cuda,0.03990762246083826,0.0006389675766116305,213.39891099739287,0.021766512411478308,8.010174875913254,0.010376084557910234,0.0001019991728624343,0.001295363049951795,,,,
log_cosh,log_cosh,8,100.0,1.0,optimum,0.0,100000,3,torch,cuda,0.021657037785732754,0.0007062494325215357,213.69368680448025,0.02141711626291071,8.025660888731258,0.010179024956052612,0.00010022343936864346,0.001268309874685195,,,,
log_cosh,log_cosh,8,100.0,1.0,optimum,0.0,100000,4,torch,cuda,0.04799841112012598,0.00046920203414423323,213.95352323376807,0.021513593665409392,8.005406843894475,0.010280557081154794,0.0001005526496607555,0.0012842017003789781,,,,
log_cosh,log_cosh,8,100.0,1.0,optimum,0.0,100000,5,torch,cuda,0.05606938596189782,0.0006821469253434797,213.05045136951935,0.02185960035996519,7.990779183481341,0.01043641224161044,0.00010260292911584319,0.0013060568940742037,,,,
log_cosh,log_cosh,8,100.0,1.0,optimum,0.0,100000,6,torch,cuda,0.0342362721095601,0.00042990929137128693,213.28359230492765,0.02185782943647199,7.999965664445123,0.010448402924614377,0.00010248247040598534,0.0013060559710963556,,,,
log_cosh,log_cosh,8,100.0,1.0,optimum,0.0,100000,7,torch,cuda,0.031238704110439167,0.0002821764254585685,213.41304603787103,0.021820799469223825,8.009458870408336,0.010428620345261827,0.00010224679266023706,0.0013020380669899311,,,,
log_cosh,log_cosh,8,100.0,1.0,optimum,0.0,100000,8,torch,cuda,0.0643784259232374,0.00010045600292346169,213.81219350453367,0.021397915290805633,8.008465838539893,0.010227389146110828,0.00010007808694199619,0.001277072207374926,,,,
log_cosh,log_cosh,8,100.0,1.0,optimum,0.0,100000,9,torch,cuda,0.05602178971719525,0.0006123495505548889,213.77116771616724,0.021607993797304357,8.011523500465456,0.010282768416973861,0.00010108001948136513,0.0012834972544705698,,,,
log_cosh,log_cosh,8,100.0,1.0,optimum,0.0,100000,10,torch,cuda,0.041512136401736,0.0005992546270080112,213.60795829247752,0.021226071705835303,8.008058930992245,0.01009824423471227,9.936929258399642e-05,0.001261010230035987,,,,
log_cosh,log_cosh,8,100.0,1.0,optimum,0.0,100000,11,torch,cuda,0.04727888813873985,0.0004985207787472709,213.52555382978284,0.02177782060064714,8.007485180049276,0.010392106605083998,0.00010199163617675412,0.0012977990431972362,,,,
log_cosh,log_cosh,8,100.0,1.0,optimum,0.0,100000,12,torch,cuda,0.12125808127825735,0.0003966816742097991,213.73880095841295,0.021357282450860396,8.008198343345091,0.01017274807492528,9.992234613038683e-05,0.0012702917234035489,,,,
log_cosh,log_cosh,8,100.0,1.0,optimum,0.0,100000,13,torch,cuda,0.056636324190165024,0.0004363236276022447,213.44400906180454,0.021609231076620904,8.00222090142806,0.010338075070225354,0.00010124074773334944,0.0012919007357545505,,,,
log_cosh,log_cosh,8,100.0,1.0,optimum,0.0,100000,14,torch,cuda,0.029615988554698568,0.0004097286871889626,214.71060554156628,0.021416782020819983,8.017189105149496,0.010219650014914558,9.974720143329792e-05,0.0012747173455532445,,,,
log_cosh,log_cosh,8,100.0,1.0,optimum,0.0,100000,15,torch,cuda,0.049381973681845416,0.0006755785970969,212.57710615858647,0.021338906539308616,7.999178508095516,0.010166684133716214,0.0001003819598681967,0.0012709660277523608,,,,
log_cosh,log_cosh,8,100.0,1.0,optimum,0.0,100000,16,torch,cuda,0.07268067472601857,0.0007192333018862401,214.906138478196,0.021427473261795508,8.047473994554638,0.010203451038965031,9.970619459047933e-05,0.001267907301827784,,,,
log_cosh,log_cosh,8,100.0,1.0,optimum,0.0,100000,17,torch,cuda,0.043772473424794164,0.0003163408155352127,213.64111435475033,0.021614481575815508,8.012678521678158,0.010330468300065414,0.00010117191927732008,0.0012892652902667338,,,,
log_cosh,log_cosh,8,100.0,1.0,optimum,0.0,100000,18,torch,cuda,0.02077480851800647,0.0007302967502415017,213.96112729705516,0.021458087880296687,8.016815130551684,0.010227772738458561,0.00010028965612293268,0.0012757900203387536,,,,
log_cosh,log_cosh,8,100.0,1.0,optimum,0.0,100000,19,torch,cuda,0.05250994853159579,0.0002728598481591916,213.969079029501,0.021514071801286887,8.029273359703026,0.010278296345478737,0.00010054757397128692,0.0012801029289976613,,,,
log_cosh,log_cosh,8,100.0,1.0,near,0.25,100000,0,torch,cuda,0.04181021594227121,0.0004606511436648329,212.958481326726,0.024084618788300816,7.984600896118608,0.011425354301039359,0.00011309537257334972,0.0014309236553818657,,,,
log_cosh,log_cosh,8,100.0,1.0,near,0.25,100000,1,torch,cuda,0.02534277363027994,0.00016049255619771352,213.76673915441773,0.023696981522903116,7.992672582872168,0.011263021763236347,0.00011085439024162328,0.001409168416002971,,,,
log_cosh,log_cosh,8,100.0,1.0,near,0.25,100000,2,torch,cuda,0.039890701722408654,0.00045708096433797,213.3233129201377,0.024243785186707,7.986849132741755,0.011521416705254306,0.00011364808119112231,0.0014425484335271513,,,,
log_cosh,log_cosh,8,100.0,1.0,near,0.25,100000,3,torch,cuda,0.021643217837935144,0.0006885872005316816,213.61753236942312,0.023788412595108,8.002224526260028,0.011261184879270691,0.00011135983236604897,0.0014072567999455763,,,,
log_cosh,log_cosh,8,100.0,1.0,near,0.25,100000,4,torch,cuda,0.047992509201678135,0.0005478324219265193,213.87769850315158,0.023902863158149046,7.982300095387118,0.011371407348108431,0.00011175949304409046,0.0014245777798657106,,,,
log_cosh,log_cosh,8,100.0,1.0,near,0.25,100000,5,torch,cuda,0.05610818887054309,0.0005076158523707982,212.97459461869641,0.02425389359897956,7.9676573168335505,0.011515044563647492,0.00011388162819327362,0.0014452233706536614,,,,
log_cosh,log_cosh,8,100.0,1.0,near,0.25,100000,6,torch,cuda,0.034217163577505774,0.0005927583396733522,213.20806639568423,0.024118986119978203,7.977334786698943,0.011462035422602213,0.00011312417268123784,0.001436825171448678,,,,
log_cosh,log_cosh,8,100.0,1.0,near,0.25,100000,7,torch,cuda,0.031246049205344444,0.00031358699843502804,213.33697814403249,0.02423652465703441,7.986287187410717,0.011540612276653761,0.00011360676835251385,0.0014450535030653478,,,,
log_cosh,log_cosh,8,100.0,1.0,near,0.25,100000,8,torch,cuda,0.06438174604035726,0.00022181225840915347,213.73629024639496,0.023800320293295485,7.985287253870825,0.011339035573654954,0.00011135366982302585,0.001419990942487187,,,,
log_cosh,log_cosh,8,100.0,1.0,near,0.25,100000,9,torch,cuda,0.05602803284497236,0.0005726671261572286,213.69416567187517,0.024051118673520833,7.987927230443801,0.011402540834739072,0.00011254925279734139,0.0014274717965984222,,,,
log_cosh,log_cosh,8,100.0,1.0,near,0.25,100000,10,torch,cuda,0.041503230718072,0.00034354492373578116,213.53322880907592,0.023663514424418608,7.9850024273026134,0.011230604409491363,0.0001108188854558866,0.0014064622411498922,,,,
log_cosh,log_cosh,8,100.0,1.0,near,0.25,100000,11,torch,cuda,0.04719468182120575,0.0004822814332104161,213.45164922467933,0.024015434281654535,7.984729534307775,0.011421137890262334,0.00011250994953136143,0.0014303725431386793,,,,
log_cosh,log_cosh,8,100.0,1.0,near,0.25,100000,12,torch,cuda,0.12124930805942036,0.000782092756373725,213.66444237082976,0.023702748809009577,7.985774279969112,0.011244644134085324,0.00011093445659934272,0.0014080843935559892,,,,
log_cosh,log_cosh,8,100.0,1.0,near,0.25,100000,13,torch,cuda,0.05665874677733734,0.0006534255288166435,213.3684316749079,0.024001166821461695,7.979036608782392,0.01144031199312473,0.00011248696272947406,0.0014337961528504042,,,,
log_cosh,log_cosh,8,100.0,1.0,near,0.25,100000,14,torch,cuda,0.029597979705009676,0.000557438663418314,214.63368884384482,0.023891008715231976,7.993603262183497,0.01137699465285158,0.00011131061877529256,0.001423262361127476,,,,
log_cosh,log_cosh,8,100.0,1.0,near,0.25,100000,15,torch,cuda,0.049388412692594856,0.0008015067549272357,212.50234878066132,0.023565591310763523,7.976295851203557,0.011169427805070353,0.00011089567454657752,0.0014003276725731003,,,,
log_cosh,log_cosh,8,100.0,1.0,near,0.25,100000,16,torch,cuda,0.07267308936735731,0.0009486522997720656,214.83085919663696,0.02387918634639341,8.024472793559415,0.011323806698977423,0.00011115342756478266,0.0014111589621272208,,,,
log_cosh,log_cosh,8,100.0,1.0,near,0.25,100000,17,torch,cuda,0.04371703909126614,0.0004852236494745717,213.56459437881344,0.02412600036664081,7.989014875825189,0.011502344567386302,0.0001129681651437361,0.001439770077558933,,,,
log_cosh,log_cosh,8,100.0,1.0,near,0.25,100000,18,torch,cuda,0.020747053048792118,0.00047109614601843574,213.88414730151388,0.023845117750491696,7.993561730204991,0.011308024769635605,0.00011148613888095725,0.0014146415767212217,,,,
log_cosh,log_cosh,8,100.0,1.0,near,0.25,100000,19,torch,cuda,0.05251891664513733,0.00015299668754869695,213.89442543881617,0.023807000174777215,8.00680729997494,0.011322802172640312,0.00011130257427670612,0.0014141469562625481,,,,
log_cosh,log_cosh,8,100.0,1.0,medium,1.0,100000,0,torch,cuda,0.041738627279383565,0.00041976146626358617,211.92656239441033,0.06844582962847312,7.678630407959704,0.03151012970811795,0.0003229695648112792,0.004103613279192914,,,,
log_cosh,log_cosh,8,100.0,1.0,medium,1.0,100000,1,torch,cuda,0.025331857191045366,0.000429844320711513,212.73693334189878,0.06803447550424835,7.687873108760314,0.03140321858950035,0.00031980566061327577,0.00408477327151985,,,,
log_cosh,log_cosh,8,100.0,1.0,medium,1.0,100000,2,torch,cuda,0.039732638854632435,0.0004144013661403505,212.29292981054928,0.06904516893493451,7.681061912996494,0.03188362734978778,0.00032523536698349107,0.00415094002768551,,,,
log_cosh,log_cosh,8,100.0,1.0,medium,1.0,100000,3,torch,cuda,0.021476409290316852,0.0008444765281942603,212.5830176365407,0.0683561216055466,7.695456745336715,0.03147556066850399,0.00032155024594870057,0.004090148474627905,,,,
log_cosh,log_cosh,8,100.0,1.0,medium,1.0,100000,4,torch,cuda,0.04780216893386271,0.0005962941766677913,212.8462778541447,0.06822657886564798,7.677074820950901,0.03150417496084579,0.0003205439134453693,0.004103669131225636,,,,
log_cosh,log_cosh,8,100.0,1.0,medium,1.0,100000,5,torch,cuda,0.056134856638545234,0.0004920301381133753,211.94433357424936,0.06887907829718642,7.662523845256463,0.03174772669677317,0.00032498664689733906,0.0041432467079925385,,,,
log_cosh,log_cosh,8,100.0,1.0,medium,1.0,100000,6,torch,cuda,0.03404441652731355,0.0012432450825453421,212.1782552443417,0.06833034961147177,7.6733159133327264,0.031476781932862075,0.0003220421882194452,0.0041021094776209814,,,,
log_cosh,log_cosh,8,100.0,1.0,medium,1.0,100000,7,torch,cuda,0.031185886725016716,0.00022490129993326836,212.30410919124844,0.06874460250185166,7.680303279133788,0.031751484165323696,0.000323802505583747,0.004134144578845946,,,,
log_cosh,log_cosh,8,100.0,1.0,medium,1.0,100000,8,torch,cuda,0.06431463966843894,0.000936807104500239,212.70393237780095,0.06822409093928172,7.679389253231647,0.03154981123636169,0.00032074673080375075,0.00410837505379544,,,,
log_cosh,log_cosh,8,100.0,1.0,medium,1.0,100000,9,torch,cuda,0.055917241912202036,0.00035536763096691076,212.6594519839083,0.06890790106351119,7.681293118197438,0.03178453792468705,0.00032402933620239636,0.004137914988478646,,,,
log_cosh,log_cosh,8,100.0,1.0,medium,1.0,100000,10,torch,cuda,0.041276743160067894,0.000931638774992149,212.50342023394046,0.06802981584215217,7.679510487686281,0.03141590234339198,0.00032013515720010345,0.004090873030744061,,,,
log_cosh,log_cosh,8,100.0,1.0,medium,1.0,100000,11,torch,cuda,0.04683228509882373,0.0014658973168770214,212.42660300706868,0.06830276638135047,7.680970647373943,0.031545625288305956,0.0003215358406831824,0.004106984225892223,,,,
log_cosh,log_cosh,8,100.0,1.0,medium,1.0,100000,12,torch,cuda,0.1212206152611672,0.0015083391545272326,212.63590464295348,0.06768485583990014,7.68204911820397,0.031153567314839314,0.00031831339092780605,0.00405537205444514,,,,
log_cosh,log_cosh,8,100.0,1.0,medium,1.0,100000,13,torch,cuda,0.05669093691525293,0.0013512819594054934,212.33793827127897,0.06860965338944425,7.67322019721272,0.031746957385276,0.0003231153789474486,0.004137370825980989,,,,
log_cosh,log_cosh,8,100.0,1.0,medium,1.0,100000,14,torch,cuda,0.029535737238365795,0.0009319053720421781,213.59745144766157,0.06844176638412591,7.686141756204172,0.031646546772074124,0.00032042407772312024,0.0041173514327301295,,,,
log_cosh,log_cosh,8,100.0,1.0,medium,1.0,100000,15,torch,cuda,0.04935745089145645,0.0007142393314455409,211.47260392351603,0.06765005951831427,7.671251661373492,0.0311355553202457,0.00031989987479787916,0.004058732094140562,,,,
log_cosh,log_cosh,8,100.0,1.0,medium,1.0,100000,16,torch,cuda,0.07259358579208082,0.0014012010599957973,213.79755275899655,0.06873921934692362,7.718422167108562,0.03167293201259902,0.00032151546385757727,0.004103550094418349,,,,
log_cosh,log_cosh,8,100.0,1.0,medium,1.0,100000,17,torch,cuda,0.04348560062727777,0.0014640379221366015,212.52997200776784,0.06888952349856936,7.681967815380606,0.03190952265725677,0.0003241402746528922,0.004153821445771809,,,,
log_cosh,log_cosh,8,100.0,1.0,medium,1.0,100000,18,torch,cuda,0.020681140258772074,0.000635538532079396,212.84774039337907,0.06824071547438848,7.68691349001884,0.03141680996505869,0.0003206081274260556,0.004087051325067233,,,,
log_cosh,log_cosh,8,100.0,1.0,medium,1.0,100000,19,torch,cuda,0.05239497070144917,0.0005430326430451263,212.8621240700147,0.06789328590414812,7.701610689561597,0.0313156547017881,0.0003189542817951804,0.004066117590730972,,,,
log_cosh,log_cosh,8,100.0,1.0,far,4.0,100000,0,torch,cuda,0.04149281477905242,0.001397683098084372,205.60735459626767,0.6523571087896016,6.351747670454159,0.26129565240529473,0.003172829639633152,0.0411375995965236,,,,
log_cosh,log_cosh,8,100.0,1.0,far,4.0,100000,1,torch,cuda,0.024258536586376608,0.0022386742417786704,206.40741091688005,0.6528050200622602,6.357213431223585,0.2618684460186529,0.003162701460971979,0.041192331963007665,,,,
log_cosh,log_cosh,8,100.0,1.0,far,4.0,100000,2,torch,cuda,0.038960019767784966,0.0025151618759062717,205.97778828085484,0.6518995274805093,6.356674597250816,0.26119713123092936,0.003164902065030581,0.04109021584082563,,,,
log_cosh,log_cosh,8,100.0,1.0,far,4.0,100000,3,torch,cuda,0.020279458138374243,0.002137063085888706,206.24705456975562,0.652110934776374,6.36863667828419,0.2608631508612831,0.003161795139992271,0.04096059549931237,,,,
log_cosh,log_cosh,8,100.0,1.0,far,4.0,100000,4,torch,cuda,0.04646189867009476,0.002849104090719926,206.53139659085718,0.6500893282382094,6.3540115513728495,0.26045750604664875,0.003147653765814838,0.0409910343947005,,,,
log_cosh,log_cosh,8,100.0,1.0,far,4.0,100000,5,torch,cuda,0.055181603293917095,0.0024582805816379216,205.6390929689951,0.6519689397341608,6.337498321407992,0.2614555836718466,0.00317045232169187,0.04125532984973785,,,,
log_cosh,log_cosh,8,100.0,1.0,far,4.0,100000,6,torch,cuda,0.03272577927374035,0.003062315456863094,205.86502218595388,0.6515071971125508,6.347145525268374,0.2611379072170621,0.0031647299293226074,0.041142574434043795,,,,
log_cosh,log_cosh,8,100.0,1.0,far,4.0,100000,7,torch,cuda,0.030757847699832273,0.0015088749626160185,205.98496640690018,0.6520399831192663,6.354815963140325,0.2614117309739612,0.0031654736483595334,0.04113600338549864,,,,
log_cosh,log_cosh,8,100.0,1.0,far,4.0,100000,8,torch,cuda,0.0635620703639581,0.002066945034814801,206.38743860378008,0.6508578577181652,6.354904736861457,0.26095255772341375,0.003153573018402896,0.041063173804914074,,,,
log_cosh,log_cosh,8,100.0,1.0,far,4.0,100000,9,torch,cuda,0.055209741018815976,0.003114183345478487,206.34002699399161,0.6524777848389931,6.355898377015009,0.26128887583259086,0.0031621483933313263,0.041109668583987465,,,,
log_cosh,log_cosh,8,100.0,1.0,far,4.0,100000,10,torch,cuda,0.039808042539467695,0.0043714640541424,206.18081832881307,0.6492537303820427,6.356805807177224,0.2597199935476482,0.003148953116223575,0.04085699664671341,,,,
log_cosh,log_cosh,8,100.0,1.0,far,4.0,100000,11,torch,cuda,0.04581666501978211,0.003660133123890489,206.108315958993,0.6508918032204747,6.355553553443073,0.2607694383804784,0.0031580084490621676,0.04103016931376631,,,,
log_cosh,log_cosh,8,100.0,1.0,far,4.0,100000,12,torch,cuda,0.12100416094130387,0.0016612684842097426,206.31186497165345,0.6491426012453303,6.357949955189767,0.25949843821280183,0.00314641429534128,0.040814797228937376,,,,
log_cosh,log_cosh,8,100.0,1.0,far,4.0,100000,13,torch,cuda,0.05637667419835772,0.0010593814857292054,206.0254802270183,0.6518402586548291,6.347802829347415,0.26186979128573284,0.0031638817583949813,0.04125361141890639,,,,
log_cosh,log_cosh,8,100.0,1.0,far,4.0,100000,14,torch,cuda,0.029262787720661494,0.0019192505855796691,207.27538103793313,0.6514771573429243,6.361625924876137,0.26109550573451656,0.0031430513073026196,0.04104226007906936,,,,
log_cosh,log_cosh,8,100.0,1.0,far,4.0,100000,15,torch,cuda,0.048958285879474504,0.0010250771516677655,205.15003017567506,0.6506213363149982,6.344775071141399,0.26026559813753636,0.0031714415823280895,0.0410204609650119,,,,
log_cosh,log_cosh,8,100.0,1.0,far,4.0,100000,16,torch,cuda,0.07210547874359273,0.0019939623225614786,207.44803686769637,0.6549328471237459,6.385433915601254,0.26231207642251775,0.0031570934920027265,0.04107975744320554,,,,
log_cosh,log_cosh,8,100.0,1.0,far,4.0,100000,17,torch,cuda,0.042947915842924914,0.003789951032004064,206.20549930362904,0.6517279965860325,6.357739787293653,0.26124859287021707,0.003160575245504923,0.04109142582279617,,,,
log_cosh,log_cosh,8,100.0,1.0,far,4.0,100000,18,torch,cuda,0.020547110518623662,0.0008340751174273291,206.52326758284562,0.6520202191559292,6.360393256016394,0.2613015022775471,0.003157127169191118,0.04108260161907096,,,,
log_cosh,log_cosh,8,100.0,1.0,far,4.0,100000,19,torch,cuda,0.0515698749147704,0.0034895563183775765,206.52132753041087,0.6530036079184356,6.370289941956813,0.2617729757700289,0.0031619185085001882,0.041092788264770565,,,,
log_cosh,log_cosh,8,100.0,1.0,underdispersed,,100000,0,torch,cuda,0.02092240425874034,0.06264468267976198,53.56361105331305,478.39412632495913,0.5260327469292588,4.425184037347189,8.931327013199368,8.412373684298956,,,,
log_cosh,log_cosh,8,100.0,1.0,underdispersed,,100000,1,torch,cuda,0.012751853757296512,0.03790162294504152,53.7648044295283,480.19445516480954,0.5265212030615732,4.428374963563575,8.931390344667204,8.41062988121621,,,,
log_cosh,log_cosh,8,100.0,1.0,underdispersed,,100000,2,torch,cuda,0.020016119444086072,0.05971598067658465,53.654906948235116,479.22282846007795,0.5261700962052186,4.427234446483948,8.931575054680831,8.414074608978202,,,,
log_cosh,log_cosh,8,100.0,1.0,underdispersed,,100000,3,torch,cuda,0.010977471674226446,0.03258588302431884,53.72865761509697,479.8724691577692,0.5270909254948076,4.43433175991168,8.931406263590178,8.412840262330342,,,,
log_cosh,log_cosh,8,100.0,1.0,underdispersed,,100000,4,torch,cuda,0.02408329478389691,0.07181431779896262,53.79157010782903,480.4506471286767,0.5257433719251996,4.423263189438074,8.93170893070381,8.413350363772908,,,,
log_cosh,log_cosh,8,100.0,1.0,underdispersed,,100000,5,torch,cuda,0.028123825495593658,0.08417824925035247,53.56669680029012,478.4294266023114,0.5249745413760744,4.416403742769148,8.931471514587031,8.412605554533707,,,,
log_cosh,log_cosh,8,100.0,1.0,underdispersed,,100000,6,torch,cuda,0.01727535919971544,0.05139428506007379,53.625258671753365,478.9565337438474,0.525555383875741,4.421677185146895,8.931547289600926,8.413342001253913,,,,
log_cosh,log_cosh,8,100.0,1.0,underdispersed,,100000,7,torch,cuda,0.015639252001835358,0.046751934628212685,53.6576967902541,479.24392842990267,0.5261168147019776,4.426336471416554,8.931503905269155,8.41321993087007,,,,
log_cosh,log_cosh,8,100.0,1.0,underdispersed,,100000,8,torch,cuda,0.03222436179099418,0.09647095258881573,53.75664274783096,480.1308936793759,0.5259678644964944,4.4245418022868845,8.931563973063568,8.412190365513053,,,,
log_cosh,log_cosh,8,100.0,1.0,underdispersed,,100000,9,torch,cuda,0.028071997621451936,0.08386051597745986,53.74765893560575,480.05133391748933,0.526252854695174,4.427298113028663,8.931576619786018,8.412872393049772,,,,
log_cosh,log_cosh,8,100.0,1.0,underdispersed,,100000,10,torch,cuda,0.02096844851482441,0.06220915754555745,53.705252026880416,479.6703785425252,0.525813017444174,4.423760754719581,8.93153575189335,8.41318226814203,,,,
log_cosh,log_cosh,8,100.0,1.0,underdispersed,,100000,11,torch,cuda,0.023745583370012903,0.07071952538821036,53.686232874277636,479.5035464321125,0.526031767672815,4.426137053579528,8.931592342398346,8.414201053219525,,,,
log_cosh,log_cosh,8,100.0,1.0,underdispersed,,100000,12,torch,cuda,0.060648678658348255,0.18190165262880453,53.73834849168831,479.9719748424159,0.5258528641311349,4.424690784128641,8.93164729311793,8.414313367750777,,,,
log_cosh,log_cosh,8,100.0,1.0,underdispersed,,100000,13,torch,cuda,0.02834081650894319,0.08496430958180848,53.66518369175622,479.3089912966388,0.525709135087952,4.4219409123910784,8.931470244278096,8.411383058145415,,,,
log_cosh,log_cosh,8,100.0,1.0,underdispersed,,100000,14,torch,cuda,0.014877805229542006,0.04450840223740706,53.98114860492874,482.1465640047061,0.5265050486562742,4.4290205226800685,8.9317581501162,8.412114060413368,,,,
log_cosh,log_cosh,8,100.0,1.0,underdispersed,,100000,15,torch,cuda,0.024701272483666756,0.0739982591102671,53.447929796785026,477.34852460505107,0.5253416189163039,4.418919182258327,8.931094738748222,8.411515522744711,,,,
log_cosh,log_cosh,8,100.0,1.0,underdispersed,,100000,16,torch,cuda,0.03636599135994717,0.10894770309741202,54.033088700150614,482.60290279008274,0.5286333486827698,4.447247395265117,8.931617910429345,8.412725769849013,,,,
log_cosh,log_cosh,8,100.0,1.0,underdispersed,,100000,17,torch,cuda,0.02201772760858641,0.06566231717063935,53.71427581631388,479.7481299899931,0.5262705104023796,4.427479925608762,8.931482789241775,8.412935625489576,,,,
log_cosh,log_cosh,8,100.0,1.0,underdispersed,,100000,18,torch,cuda,0.010394643015803801,0.031104877879134442,53.7942829532253,480.46503908838883,0.5265235846557295,4.429000143967576,8.931526041645695,8.411779211872348,,,,
log_cosh,log_cosh,8,100.0,1.0,underdispersed,,100000,19,torch,cuda,0.02634200093009331,0.07864512751374632,53.7972392783276,480.4846694987253,0.5273995809330294,4.436389857812472,8.931400122836603,8.411819080257889,,,,
log_cosh,log_cosh,8,100.0,1.0,overdispersed,,100000,0,torch,cuda,0.08350702384431583,0.0626169570494104,843.286598180515,472.8126792275281,118.65480000217893,65.186658029124,0.5606785169450982,0.5493807079690577,,,,
log_cosh,log_cosh,8,100.0,1.0,overdispersed,,100000,1,torch,cuda,0.04992926529691325,0.03728130772226447,846.5191002949163,474.6356222447004,118.75988305471662,65.2465780033152,0.5606909780055093,0.5493991432549149,,,,
log_cosh,log_cosh,8,100.0,1.0,overdispersed,,100000,2,torch,cuda,0.07925146933186113,0.05932507624959898,844.744495663264,473.63054805968466,118.70841965831006,65.21724962511965,0.5606790579769406,0.5493902607147898,,,,
log_cosh,log_cosh,8,100.0,1.0,overdispersed,,100000,3,torch,cuda,0.04222940533554079,0.03136036286526157,845.8987328969725,474.27780196235597,118.93716404794033,65.34747027479702,0.5606791729526344,0.5494285221771156,,,,
log_cosh,log_cosh,8,100.0,1.0,overdispersed,,100000,4,torch,cuda,0.09517260125540948,0.07120069911224201,846.9994956704488,474.9112724630958,118.66316636705288,65.2028793879468,0.5606984123257077,0.5494786746736477,,,,
log_cosh,log_cosh,8,100.0,1.0,overdispersed,,100000,5,torch,cuda,0.11160308537541665,0.08354220266744396,843.3890406253668,472.8784720506381,118.40465423445934,65.04777653920354,0.5606884240516122,0.5493684092045823,,,,
log_cosh,log_cosh,8,100.0,1.0,overdispersed,,100000,6,torch,cuda,0.06752248962673443,0.050372749419783536,844.3096844473225,473.3933217537884,118.54662228025022,65.12622351741966,0.5606868314718756,0.5493722407666578,,,,
log_cosh,log_cosh,8,100.0,1.0,overdispersed,,100000,7,torch,cuda,0.06230225073831035,0.046706778239006305,844.8161689446446,473.6767411566939,118.6972809389108,65.21322468462745,0.5606861688601641,0.5494079069780069,,,,
log_cosh,log_cosh,8,100.0,1.0,overdispersed,,100000,8,torch,cuda,0.12840707281569747,0.0962342521472384,846.4147003013245,474.57874530364074,118.6912689928207,65.21609684085813,0.5606929382661835,0.5494599341153128,,,,
log_cosh,log_cosh,8,100.0,1.0,overdispersed,,100000,9,torch,cuda,0.11155396613137644,0.08358008260264946,846.2366326037304,474.4727085067422,118.71873801902305,65.22318933319178,0.5606856170322809,0.5493925425886911,,,,
log_cosh,log_cosh,8,100.0,1.0,overdispersed,,100000,10,torch,cuda,0.08171469530016544,0.06095005706431482,845.5972010568279,474.118662090921,118.70053268507718,65.22574568307127,0.5606909075602039,0.549498340130628,,,,
log_cosh,log_cosh,8,100.0,1.0,overdispersed,,100000,11,torch,cuda,0.09367270928440022,0.07006377943862842,845.2676376023759,473.9294113795933,118.66512988928636,65.19140399507337,0.5606856222768763,0.5493728785861225,,,,
log_cosh,log_cosh,8,100.0,1.0,overdispersed,,100000,12,torch,cuda,0.2423678545469628,0.18173407165506986,846.1171796719334,474.40882224172475,118.70818541330486,65.22817237622502,0.5606892681527494,0.5494833582799777,,,,
log_cosh,log_cosh,8,100.0,1.0,overdispersed,,100000,13,torch,cuda,0.11305360525172427,0.08473173072624779,844.9476865567681,473.7533701117423,118.57446305524485,65.14397617145323,0.5606895878280069,0.549392967869499,,,,
log_cosh,log_cosh,8,100.0,1.0,overdispersed,,100000,14,torch,cuda,0.05890696716742036,0.0440696043468406,850.009221325105,476.6022655877237,118.82506617479109,65.2916490760499,0.5607024649035384,0.549477068920847,,,,
log_cosh,log_cosh,8,100.0,1.0,overdispersed,,100000,15,torch,cuda,0.09858664198572457,0.07391387703131498,841.4726735189081,471.7991696224689,118.53841052343277,65.1302907693488,0.5606826988801408,0.5494446102470203,,,,
log_cosh,log_cosh,8,100.0,1.0,overdispersed,,100000,16,torch,cuda,0.14506025622026,0.10873664426354253,850.724754488909,476.9872350413538,119.24099780085115,65.50717616253422,0.5606833849896775,0.5493678967022753,,,,
log_cosh,log_cosh,8,100.0,1.0,overdispersed,,100000,17,torch,cuda,0.08692746029824687,0.06502680037883135,845.724692473193,474.18913889359686,118.75231020493449,65.24724157587066,0.560689717485844,0.5494397663781994,,,,
log_cosh,log_cosh,8,100.0,1.0,overdispersed,,100000,18,torch,cuda,0.04146160063268665,0.031100403177314107,847.0019839650456,474.9076217513613,118.80931586726801,65.28014096253263,0.5606924549670949,0.549453049922976,,,,
log_cosh,log_cosh,8,100.0,1.0,overdispersed,,100000,19,torch,cuda,0.1044769954419222,0.07824225853081983,847.0100914601384,474.90707898079455,118.98363511393603,65.37199355842142,0.5606864472678416,0.5494200399561056,,,,
log_cosh,log_cosh,32,10.0,0.1,optimum,0.0,100000,0,torch,cuda,0.03384980046107055,0.00014232541544095857,129.28347306776274,0.002309471354822105,32.014020497886136,0.001447564825151889,1.786362401953432e-05,4.5216589564171444e-05,,,,
log_cosh,log_cosh,32,10.0,0.1,optimum,0.0,100000,1,torch,cuda,0.04134228580165082,0.00015379950948051413,129.38290880252367,0.002309773667129187,32.02305974554618,0.00145034424890061,1.7852231709016375e-05,4.529062058482174e-05,,,,
log_cosh,log_cosh,32,10.0,0.1,optimum,0.0,100000,2,torch,cuda,0.029067683976184623,0.00014555229658206123,129.23619356875685,0.0023117735110012717,32.000678640469374,0.0014503177423735548,1.788797276647854e-05,4.532146829346998e-05,,,,
log_cosh,log_cosh,32,10.0,0.1,optimum,0.0,100000,3,torch,cuda,0.03778533634955525,0.00016942241457731813,129.40443696674396,0.0023145072187058815,32.03357490500793,0.0014516346808521837,1.7885841266020065e-05,4.531603747495707e-05,,,,
log_cosh,log_cosh,32,10.0,0.1,optimum,0.0,100000,4,torch,cuda,0.03540901130191794,0.00017815277709985907,129.13813633045703,0.0023002749850683383,31.967581296904125,0.001441325379667238,1.781251495826196e-05,4.5087095150574374e-05,,,,
log_cosh,log_cosh,32,10.0,0.1,optimum,0.0,100000,5,torch,cuda,0.050416463674335,0.00014067609283492769,129.10049705355718,0.0023148803750644175,31.961902028517464,0.0014535413746985472,1.793084014311806e-05,4.5477311500474834e-05,,,,
log_cosh,log_cosh,32,10.0,0.1,optimum,0.0,100000,6,torch,cuda,0.031802971929550596,0.00011839680215812237,129.24225965607036,0.0023076700929734162,32.00415146735788,0.0014467777019326526,1.7855383363881226e-05,4.52059384673351e-05,,,,
log_cosh,log_cosh,32,10.0,0.1,optimum,0.0,100000,7,torch,cuda,0.03291690840341555,0.0001606257244070399,129.23782898912586,0.002308139703777194,32.01267841020914,0.0014462510471130142,1.7859629195499734e-05,4.517744590380139e-05,,,,
log_cosh,log_cosh,32,10.0,0.1,optimum,0.0,100000,8,torch,cuda,0.028109616496082103,9.467797102065975e-05,129.15871739325766,0.0023112103909018037,32.00344166563662,0.0014495924371103212,1.7894343003304347e-05,4.529489210114569e-05,,,,
log_cosh,log_cosh,32,10.0,0.1,optimum,0.0,100000,9,torch,cuda,0.04070567283426534,0.0001899272358191096,129.2922210582871,0.002311758772017222,32.009779346425404,0.0014474746646780268,1.7880107195119204e-05,4.521976390442283e-05,,,,
log_cosh,log_cosh,32,10.0,0.1,optimum,0.0,100000,10,torch,cuda,0.04603037905354284,0.00014402953510330487,129.36988601387483,0.0023049748408063217,32.01242926068193,0.0014451647200346453,1.7816934928420008e-05,4.51438629747982e-05,,,,
log_cosh,log_cosh,32,10.0,0.1,optimum,0.0,100000,11,torch,cuda,0.03558823861289575,0.00013868697041008807,129.26346374729704,0.002305690349513656,32.01377894130428,0.0014434190024551806,1.783713883778601e-05,4.508742954406038e-05,,,,
log_cosh,log_cosh,32,10.0,0.1,optimum,0.0,100000,12,torch,cuda,0.04055908922547558,0.0001594858838459057,129.30216715913573,0.00230740400608216,32.01429037418804,0.0014450735140694813,1.7845052846193787e-05,4.5138389674712e-05,,,,
log_cosh,log_cosh,32,10.0,0.1,optimum,0.0,100000,13,torch,cuda,0.03513681457851436,0.00018172083008006,129.12016202771147,0.002298589753770779,31.982566537886118,0.001441334198069602,1.7801942916377855e-05,4.5066245586082556e-05,,,,
log_cosh,log_cosh,32,10.0,0.1,optimum,0.0,100000,14,torch,cuda,0.03395161589304523,0.00016628492384806722,129.1780901256177,0.0023048637239583246,31.97762724679581,0.0014456808025769593,1.7842528262470727e-05,4.5209132979740325e-05,,,,
log_cosh,log_cosh,32,10.0,0.1,optimum,0.0,100000,15,torch,cuda,0.03609837383096909,0.00013020553856380967,129.087456675004,0.0022992631467378677,31.9838682294265,0.0014417444610051453,1.7811669746709697e-05,4.50772386461585e-05,,,,
log_cosh,log_cosh,32,10.0,0.1,optimum,0.0,100000,16,torch,cuda,0.033983891778441404,0.0001382236093695657,129.55412036154567,0.0023049306162931677,32.06602535105273,0.001442704419506453,1.7791256733948838e-05,4.4991682121871984e-05,,,,
log_cosh,log_cosh,32,10.0,0.1,optimum,0.0,100000,17,torch,cuda,0.04213890172147078,0.00018112770955928958,129.12126227935028,0.002306207519145592,31.97166314131718,0.0014465057476902648,1.786078821128759e-05,4.524336883247517e-05,,,,
log_cosh,log_cosh,32,10.0,0.1,optimum,0.0,100000,18,torch,cuda,0.02872846735012465,0.00015590500529492825,129.2562549399558,0.0023094249557014833,31.990879485461218,0.0014482191138556863,1.7867026681024408e-05,4.526974991462343e-05,,,,
log_cosh,log_cosh,32,10.0,0.1,optimum,0.0,100000,19,torch,cuda,0.047633120321922635,0.00014394779680913054,129.2251345095989,0.0023090005430881945,32.007118240430025,0.0014488016802466737,1.7868045189898263e-05,4.526498353783719e-05,,,,
log_cosh,log_cosh,32,10.0,0.1,near,0.25,100000,0,torch,cuda,0.03383843377574691,0.00014778720162146236,129.23048029503818,0.002542856957207462,31.990681209337403,0.0015855765210439632,1.9676913305607326e-05,4.956369983710028e-05,,,,
log_cosh,log_cosh,32,10.0,0.1,near,0.25,100000,1,torch,cuda,0.04134003429656335,0.0001554326705805534,129.330765618315,0.0025387837808157343,32.00013906022087,0.0015862664410255523,1.9630161227903593e-05,4.957061086642052e-05,,,,
log_cosh,log_cosh,32,10.0,0.1,near,0.25,100000,2,torch,cuda,0.02907343213858153,0.00012209796652774255,129.18354411045522,0.002540919285465293,31.977532918449093,0.0015858909732717752,1.96690631377379e-05,4.959391261721796e-05,,,,
log_cosh,log_cosh,32,10.0,0.1,near,0.25,100000,3,torch,cuda,0.037780820981904044,0.0001933959154148414,129.35154072229514,0.002548048624975152,32.01033962445016,0.0015900638658901123,1.9698633744499096e-05,4.9673445659901354e-05,,,,
log_cosh,log_cosh,32,10.0,0.1,near,0.25,100000,4,torch,cuda,0.035408281360831774,0.00015634923334965068,129.08536571216172,0.0025312127873053925,31.944339539527398,0.0015778955708520837,1.9608828416302153e-05,4.939515399589407e-05,,,,
log_cosh,log_cosh,32,10.0,0.1,near,0.25,100000,5,torch,cuda,0.05041446057154071,0.0001429718494445266,129.04783070170114,0.0025451551954329688,31.938701204990956,0.0015906372536369506,1.972257248799625e-05,4.980281581983637e-05,,,,
log_cosh,log_cosh,32,10.0,0.1,near,0.25,100000,6,torch,cuda,0.03179675305078015,0.00014804307303330476,129.18919598305632,0.0025453637552441677,31.9808090305143,0.0015876761172002318,1.9702605437516634e-05,4.9644651443475364e-05,,,,
log_cosh,log_cosh,32,10.0,0.1,near,0.25,100000,7,torch,cuda,0.032913639412987,0.00020130824021254048,129.18473475166385,0.002545447895636599,31.989249624656733,0.0015874518760896628,1.9703937160453198e-05,4.962454245460274e-05,,,,
log_cosh,log_cosh,32,10.0,0.1,near,0.25,100000,8,torch,cuda,0.028079446015244924,0.00012183907523698481,129.1057239277361,0.002543816921379616,31.980079232341822,0.0015876141900810214,1.970336282536518e-05,4.9643847926288095e-05,,,,
log_cosh,log_cosh,32,10.0,0.1,near,0.25,100000,9,torch,cuda,0.04069555607932616,0.000176583779930821,129.23942761396628,0.0025465352098930083,31.986467499692296,0.0015869563018902078,1.970401182446754e-05,4.96133654616745e-05,,,,
log_cosh,log_cosh,32,10.0,0.1,near,0.25,100000,10,torch,cuda,0.04602520275311655,0.00015494599325864629,129.31704839478084,0.0025379217477183857,31.98933183667188,0.0015823577843880887,1.9625577441039204e-05,4.946517146613572e-05,,,,
log_cosh,log_cosh,32,10.0,0.1,near,0.25,100000,11,torch,cuda,0.035587123516686,0.0001426813523280474,129.2110197599803,0.002534600849816826,31.990714464019284,0.001579212589664536,1.9615980545042115e-05,4.9364717735226385e-05,,,,
log_cosh,log_cosh,32,10.0,0.1,near,0.25,100000,12,torch,cuda,0.04053644494516277,0.0001875306407033838,129.24991879162533,0.0025384909055414795,31.991239805907227,0.0015828498654300027,1.9640174085014275e-05,4.947760308863451e-05,,,,
log_cosh,log_cosh,32,10.0,0.1,near,0.25,100000,13,torch,cuda,0.03512002886310618,0.0001670797244067536,129.06713060629826,0.0025362947688805093,31.959156804077317,0.0015833702829710639,1.9650973543505292e-05,4.95435562545586e-05,,,,
log_cosh,log_cosh,32,10.0,0.1,near,0.25,100000,14,torch,cuda,0.033939587776249044,0.00016586913267157988,129.12515316305027,0.0025356303567640737,31.954361491414474,0.0015823825345293585,1.9636997863323004e-05,4.9520079910046537e-05,,,,
log_cosh,log_cosh,32,10.0,0.1,near,0.25,100000,15,torch,cuda,0.03609415364642199,0.00010597022562654184,129.03490522735768,0.002530606892253928,31.9606928743349,0.0015787464631387138,1.9611801068827343e-05,4.9396503052863416e-05,,,,
log_cosh,log_cosh,32,10.0,0.1,near,0.25,100000,16,torch,cuda,0.03397213021400566,0.00014576046663114143,129.50126612268195,0.002540067613601593,32.04287687988111,0.001581743088771237,1.9614229958147907e-05,4.9363329475711716e-05,,,,
log_cosh,log_cosh,32,10.0,0.1,near,0.25,100000,17,torch,cuda,0.04212179469796077,0.00017121384592626816,129.06839573568766,0.002537165118891238,31.948558444577046,0.0015829029142411244,1.9657524248515216e-05,4.9545362648742817e-05,,,,
log_cosh,log_cosh,32,10.0,0.1,near,0.25,100000,18,torch,cuda,0.028698479191119293,0.00017092505988733326,129.2034981307528,0.0025416328065031024,31.967631539792063,0.001585825783648298,1.96715479323245e-05,4.960723416979841e-05,,,,
log_cosh,log_cosh,32,10.0,0.1,near,0.25,100000,19,torch,cuda,0.047625111598862194,0.00014611768585179278,129.17272136361004,0.002540590572813528,31.98416485248985,0.001585785964021813,1.966816635891711e-05,4.958034612863638e-05,,,,
log_cosh,log_cosh,32,10.0,0.1,medium,1.0,100000,0,torch,cuda,0.033725045060956166,0.00022457661766262603,128.51782025827626,0.006855553638899892,31.682654134541025,0.004110166091539469,5.334321438943336e-05,0.0001297292226240127,,,,
log_cosh,log_cosh,32,10.0,0.1,medium,1.0,100000,1,torch,cuda,0.04124295086175713,0.00019533303774419789,128.62023935109232,0.006830899819590286,31.69334164747498,0.004101330148849058,5.31090585280603e-05,0.00012940668088799696,,,,
log_cosh,log_cosh,32,10.0,0.1,medium,1.0,100000,2,torch,cuda,0.029014469540792474,0.00015538414325063076,128.47214533880327,0.0068423637693797446,31.67024402548242,0.004104968738655401,5.3259512023678345e-05,0.00012961594913359282,,,,
log_cosh,log_cosh,32,10.0,0.1,medium,1.0,100000,3,torch,cuda,0.037723693054940076,0.0002814337776552925,128.63920330761502,0.006864088929802392,31.702753290224237,0.004118090466484148,5.335923072679711e-05,0.00012989693446448984,,,,
log_cosh,log_cosh,32,10.0,0.1,medium,1.0,100000,4,torch,cuda,0.03532244271917347,0.00022321656776267082,128.37375598789367,0.006829340994585209,31.636812304668098,0.004095047677441954,5.319888743637954e-05,0.0001294393265037552,,,,
log_cosh,log_cosh,32,10.0,0.1,medium,1.0,100000,5,torch,cuda,0.05029968801996143,0.00023951372599721187,128.33666758141607,0.006843085065526111,31.631338996906848,0.004110427325173305,5.332135541999247e-05,0.00012994793946520105,,,,
log_cosh,log_cosh,32,10.0,0.1,medium,1.0,100000,6,torch,cuda,0.031713117138061166,0.0002661651222189905,128.47650622188695,0.006864474001218923,31.67282498703736,0.004116692348606676,5.342979975937038e-05,0.00012997553424083587,,,,
log_cosh,log_cosh,32,10.0,0.1,medium,1.0,100000,7,torch,cuda,0.03279252030820456,0.00029936860136574724,128.47178224613714,0.006871125200888173,31.680882983457902,0.004124645854634679,5.348353607894914e-05,0.00013019352575458054,,,,
log_cosh,log_cosh,32,10.0,0.1,medium,1.0,100000,8,torch,cuda,0.027938106990098625,0.00032648190049054725,128.3935757520131,0.006861738707328868,31.672235992297097,0.004119579486349778,5.3443006530031015e-05,0.0001300691080778663,,,,
log_cosh,log_cosh,32,10.0,0.1,medium,1.0,100000,9,torch,cuda,0.04059417622779546,0.00020002841940753376,128.52752064234966,0.006862481779819518,31.678690853898964,0.00411619154623466,5.339309235502625e-05,0.00012993565817534552,,,,
log_cosh,log_cosh,32,10.0,0.1,medium,1.0,100000,10,torch,cuda,0.04593679459441722,0.00022327611006497854,128.60520644347707,0.006852517213872034,31.682254434293963,0.004108842913591815,5.328335767559897e-05,0.00012968909526666326,,,,
log_cosh,log_cosh,32,10.0,0.1,medium,1.0,100000,11,torch,cuda,0.035499035175113026,0.00022102050259159835,128.49980911645213,0.006836062407927557,31.683417638856927,0.004098789678362635,5.319900827037353e-05,0.00012936703120486063,,,,
log_cosh,log_cosh,32,10.0,0.1,medium,1.0,100000,12,torch,cuda,0.04041589528780279,0.0002834910048256338,128.5392889910858,0.006842857683039938,31.684056441311316,0.004106968263002386,5.3235533950358863e-05,0.0001296225522956558,,,,
log_cosh,log_cosh,32,10.0,0.1,medium,1.0,100000,13,torch,cuda,0.034988849124753314,0.00033479342492835905,128.35487188989165,0.0068631348504766265,31.651246184309517,0.004123300172356181,5.346999883544833e-05,0.00013027291716558782,,,,
log_cosh,log_cosh,32,10.0,0.1,medium,1.0,100000,14,torch,cuda,0.033818162120781356,0.00024427295984214773,128.41311010229532,0.006836310682530211,31.646774122898506,0.004101837565901434,5.3236859360265704e-05,0.00012961313371063267,,,,
log_cosh,log_cosh,32,10.0,0.1,medium,1.0,100000,15,torch,cuda,0.03597805144302211,0.00022017747300926525,128.32347359385642,0.0068390245823479745,31.65310371293568,0.004105767328294263,5.329519526562596e-05,0.00012971136623851387,,,,
log_cosh,log_cosh,32,10.0,0.1,medium,1.0,100000,16,torch,cuda,0.033870780576293,0.000224202795535768,128.78870937021995,0.006859313821735213,31.73539842962441,0.004107632730555366,5.326021089331069e-05,0.00012943378478969927,,,,
log_cosh,log_cosh,32,10.0,0.1,medium,1.0,100000,17,torch,cuda,0.041982577767094464,0.00028237189623860786,128.35642826501868,0.006835430189966019,31.64133906418866,0.004099064785208384,5.3253508860910684e-05,0.00012954776587972104,,,,
log_cosh,log_cosh,32,10.0,0.1,medium,1.0,100000,18,torch,cuda,0.02852803524796375,0.0003127137367618396,128.4917033302391,0.006846773163232456,31.660078093801104,0.004109281354800487,5.3285721846455936e-05,0.0001297937845454988,,,,
log_cosh,log_cosh,32,10.0,0.1,medium,1.0,100000,19,torch,cuda,0.04750143103431008,0.00024876335845512007,128.46127284240157,0.006840554682582933,31.67684323630769,0.004103677587977472,5.324993697497486e-05,0.00012954818626856974,,,,
log_cosh,log_cosh,32,10.0,0.1,far,4.0,100000,0,torch,cuda,0.033216977956977804,0.0007300167111242057,124.9811500794192,0.0554768974043327,30.40295376100312,0.028515282928140095,0.00044388211637578904,0.0009379115974157657,,,,
log_cosh,log_cosh,32,10.0,0.1,far,4.0,100000,1,torch,cuda,0.04064917618692555,0.0007771574340800061,125.08045499273067,0.05543794752043141,30.413073956416838,0.028499168466851188,0.0004432183071580073,0.0009370696466819384,,,,
log_cosh,log_cosh,32,10.0,0.1,far,4.0,100000,2,torch,cuda,0.02856263377096502,0.000572788764501542,124.93599640717684,0.05542745696243401,30.391113223208436,0.0284883407608163,0.00044364681562062623,0.0009373904980572061,,,,
log_cosh,log_cosh,32,10.0,0.1,far,4.0,100000,3,torch,cuda,0.037319743626271,0.000572929367894598,125.10018650749862,0.05548694031062951,30.422851110001602,0.02851584666348117,0.00044354002867376673,0.0009373167084299505,,,,
log_cosh,log_cosh,32,10.0,0.1,far,4.0,100000,4,torch,cuda,0.03479126818975729,0.0007308033143554484,124.84119770135544,0.05536666617672381,30.358990080349372,0.028459544919314794,0.00044349675584795094,0.0009374338488860325,,,,
log_cosh,log_cosh,32,10.0,0.1,far,4.0,100000,5,torch,cuda,0.049622384185026215,0.0009316387869296664,124.80504114333962,0.05537161111874411,30.353787896579206,0.028466817042385628,0.00044366486010087813,0.0009378340897477829,,,,
log_cosh,log_cosh,32,10.0,0.1,far,4.0,100000,6,torch,cuda,0.031306463184897416,0.0006228642728767867,124.94138410536698,0.0554590688798271,30.393814726213122,0.028508837061224312,0.0004438806987527586,0.000937981537297353,,,,
log_cosh,log_cosh,32,10.0,0.1,far,4.0,100000,7,torch,cuda,0.032225038375694987,0.0008081577016355976,124.9356777822984,0.05550921721828672,30.400780260249576,0.02855768085589716,0.0004443023658543083,0.0009393732861928432,,,,
log_cosh,log_cosh,32,10.0,0.1,far,4.0,100000,8,torch,cuda,0.02754517228663438,0.0006661739270432925,124.85867795147328,0.055483956835360004,30.392478571514175,0.028544820704155427,0.00044437405349529666,0.0009392067394894705,,,,
log_cosh,log_cosh,32,10.0,0.1,far,4.0,100000,9,torch,cuda,0.040141223557458285,0.0006485825153708385,124.9915141304607,0.05543912715052102,30.40007548119422,0.028488146867914566,0.00044354312799712203,0.000937107767562538,,,,
log_cosh,log_cosh,32,10.0,0.1,far,4.0,100000,10,torch,cuda,0.045403324085931764,0.0007639392509155461,125.06752588892186,0.05545675493658564,30.402417581945656,0.028507237623045967,0.00044341450382443236,0.0009376635113378242,,,,
log_cosh,log_cosh,32,10.0,0.1,far,4.0,100000,11,torch,cuda,0.034979568820519724,0.000684564608463384,124.96143165365129,0.05545551686168437,30.40311331342116,0.028503665907976483,0.0004437810621071258,0.0009375245756622503,,,,
log_cosh,log_cosh,32,10.0,0.1,far,4.0,100000,12,torch,cuda,0.039962721673459066,0.0007670282345831102,125.0012887590367,0.055452891556342365,30.40389430011271,0.028511070154650042,0.00044361855871132786,0.000937744022960386,,,,
log_cosh,log_cosh,32,10.0,0.1,far,4.0,100000,13,torch,cuda,0.034525043627971604,0.0007651251824889251,124.82024366404539,0.05544604579654333,30.37237012759607,0.028511786155206664,0.000444207158782487,0.0009387409028477861,,,,
log_cosh,log_cosh,32,10.0,0.1,far,4.0,100000,14,torch,cuda,0.033320202358604105,0.0007355181475448297,124.8795494097244,0.05539865781861408,30.368394765062817,0.028480963383969993,0.0004436167337283824,0.0009378488261992626,,,,
log_cosh,log_cosh,32,10.0,0.1,far,4.0,100000,15,torch,cuda,0.0354168361555583,0.000834406489118452,124.78783840240749,0.05545263555904967,30.373010004656805,0.028522141286487113,0.0004443753194941138,0.0009390620581270702,,,,
log_cosh,log_cosh,32,10.0,0.1,far,4.0,100000,16,torch,cuda,0.033459029891055994,0.0005982701811321908,125.24570606833413,0.05552364036020663,30.454227241159458,0.028516055759098435,0.00044331771605737045,0.00093635788336663,,,,
log_cosh,log_cosh,32,10.0,0.1,far,4.0,100000,17,torch,cuda,0.04138950030860775,0.0009200487381828274,124.8226311797066,0.05539839068433139,30.362687105292082,0.02847728497800972,0.00044381687968566023,0.0009379039766558164,,,,
log_cosh,log_cosh,32,10.0,0.1,far,4.0,100000,18,torch,cuda,0.02807987847666951,0.0007232522105326461,124.9564609529009,0.055419129932033684,30.38137780109912,0.02848961184821519,0.0004435075186142035,0.0009377327135961724,,,,
log_cosh,log_cosh,32,10.0,0.1,far,4.0,100000,19,torch,cuda,0.04690645459706454,0.000871336007855903,124.92364887216354,0.05548075932301799,30.395877765710054,0.02853606605896175,0.0004441173454658884,0.000938813686478027,,,,
log_cosh,log_cosh,32,10.0,0.1,underdispersed,,100000,0,torch,cuda,0.016984268493327456,0.05070799324083169,32.53873327663891,290.23194981382517,2.0262963373604492,17.931196131918295,8.919583542061128,8.849246677944615,,,,
log_cosh,log_cosh,32,10.0,0.1,underdispersed,,100000,1,torch,cuda,0.020730133606832353,0.06193142423932821,32.56361965173305,290.4565914483316,2.0268680670681705,17.936606539555964,8.919665398219125,8.849419866533767,,,,
log_cosh,log_cosh,32,10.0,0.1,underdispersed,,100000,2,torch,cuda,0.014575952922783391,0.043533982053458806,32.526847132167454,290.12729507814356,2.025453806513947,17.92396639750036,8.919625498876647,8.849358272134427,,,,
log_cosh,log_cosh,32,10.0,0.1,underdispersed,,100000,3,torch,cuda,0.018941328552236795,0.05668657130725931,32.569193481713164,290.50699520746633,2.0275439460078193,17.94270097396112,8.91968649363636,8.849475745909146,,,,
log_cosh,log_cosh,32,10.0,0.1,underdispersed,,100000,4,torch,cuda,0.017764463637237726,0.053040793741925725,32.50191527130335,289.90318770588794,2.0233360132809994,17.904823509209265,8.919572440146313,8.849159700456859,,,,
log_cosh,log_cosh,32,10.0,0.1,underdispersed,,100000,5,torch,cuda,0.025280606411993926,0.07555537562019857,32.49251175236905,289.8208478136801,2.0229927596176567,17.9021261710739,8.919619696453571,8.849327851503226,,,,
log_cosh,log_cosh,32,10.0,0.1,underdispersed,,100000,6,torch,cuda,0.015956498199561756,0.04768689989990235,32.52841858064507,290.14060108003025,2.025677221391235,17.92577515345558,8.919603649366115,8.849275177781857,,,,
log_cosh,log_cosh,32,10.0,0.1,underdispersed,,100000,7,torch,cuda,0.01652831469794151,0.04927491216601269,32.52740229225518,290.1293742267071,2.0262521023785145,17.930482294352746,8.919537183446934,8.84908757074456,,,,
log_cosh,log_cosh,32,10.0,0.1,underdispersed,,100000,8,torch,cuda,0.014113335314890044,0.042103119630641915,32.507619320481034,289.95283346125274,2.025680665969765,17.925605313266217,8.919534543662245,8.84917628647287,,,,
log_cosh,log_cosh,32,10.0,0.1,underdispersed,,100000,9,torch,cuda,0.020393542500868528,0.060976613381070716,32.540954842740945,290.25461344051354,2.0260184665121423,17.929075999511518,8.919671068142057,8.849413910020777,,,,
log_cosh,log_cosh,32,10.0,0.1,underdispersed,,100000,10,torch,cuda,0.023071475653176847,0.06900036986771162,32.56036631084042,290.4281527531375,2.0262149503504485,17.930689710971457,8.919683211808474,8.84935219132117,,,,
log_cosh,log_cosh,32,10.0,0.1,underdispersed,,100000,11,torch,cuda,0.017844867787612493,0.05330007033742728,32.533755386797054,290.18721806190234,2.0262848256258224,17.931064800319486,8.919573366549225,8.849232138320653,,,,
log_cosh,log_cosh,32,10.0,0.1,underdispersed,,100000,12,torch,cuda,0.020337685864060637,0.060790436606212604,32.54348303626236,290.27538420997877,2.02633090115723,17.931567038545815,8.919616375620656,8.849278776879514,,,,
log_cosh,log_cosh,32,10.0,0.1,underdispersed,,100000,13,torch,cuda,0.017627171979614647,0.0526170417526077,32.49767958935846,289.8632754967962,2.024322280385986,17.91346775854915,8.919506843550561,8.849118508508196,,,,
log_cosh,log_cosh,32,10.0,0.1,underdispersed,,100000,14,torch,cuda,0.01703292098740437,0.05082166012393795,32.51199802681908,289.99366247417834,2.0239832323776317,17.910620410392852,8.919589077083579,8.849194066372144,,,,
log_cosh,log_cosh,32,10.0,0.1,underdispersed,,100000,15,torch,cuda,0.018114522542545836,0.05402900708309458,32.48946669176469,289.7880151313451,2.024410906886022,17.913977631155902,8.919445119879407,8.84898296596882,,,,
log_cosh,log_cosh,32,10.0,0.1,underdispersed,,100000,16,torch,cuda,0.017025002524549804,0.050869012951987716,32.60693091470629,290.8442010622306,2.029580618309026,17.960743996502412,8.91970488798916,8.849485373715611,,,,
log_cosh,log_cosh,32,10.0,0.1,underdispersed,,100000,17,torch,cuda,0.021148942796322723,0.06314962171577487,32.497736969007384,289.86570476091504,2.023612912369757,17.90741133979642,8.91956584661128,8.849227651362384,,,,
log_cosh,log_cosh,32,10.0,0.1,underdispersed,,100000,18,torch,cuda,0.014417495621154689,0.04297049496438222,32.53165854451507,290.170669673482,2.02482548380204,17.918274748657126,8.919639595885455,8.849293379601168,,,,
log_cosh,log_cosh,32,10.0,0.1,underdispersed,,100000,19,torch,cuda,0.023869211874272073,0.07132282174776712,32.5241677907901,290.1007530337635,2.0258923490534353,17.92740858790757,8.919544226306433,8.849141760313106,,,,
log_cosh,log_cosh,32,10.0,0.1,overdispersed,,100000,0,torch,cuda,0.06732015538271877,0.05039765084081156,511.55021140836357,286.71180183124187,503.13373648958395,281.33543211230256,0.5604763627052121,0.5591663045201638,,,,
log_cosh,log_cosh,32,10.0,0.1,overdispersed,,100000,1,torch,cuda,0.0822652422620652,0.061600422311922254,511.94733511462994,286.9348246127123,503.28170114866134,281.4179440061118,0.5604772306285467,0.5591658575382724,,,,
log_cosh,log_cosh,32,10.0,0.1,overdispersed,,100000,2,torch,cuda,0.05784045940349697,0.043313545997649666,511.3647205929729,286.60776464275585,502.9278841444062,281.2200848790605,0.5604762180511957,0.5591658242562535,,,,
log_cosh,log_cosh,32,10.0,0.1,overdispersed,,100000,3,torch,cuda,0.07523768692297127,0.056331360752982576,512.0314501388485,286.9811457480193,503.44648253674575,281.509059663863,0.560475622484123,0.5591638226279912,,,,
log_cosh,log_cosh,32,10.0,0.1,overdispersed,,100000,4,torch,cuda,0.07041450188567079,0.05271384447247413,510.97840512386506,286.39271635455003,502.40740813666343,280.93162442255317,0.560479099474128,0.5591709434868344,,,,
log_cosh,log_cosh,32,10.0,0.1,overdispersed,,100000,5,torch,cuda,0.10033017957056756,0.07512158570246835,510.8303204983467,286.30931108750275,502.3188353621506,280.8801709635628,0.5604783028701003,0.559167108995744,,,,
log_cosh,log_cosh,32,10.0,0.1,overdispersed,,100000,6,torch,cuda,0.06327634319098539,0.04736599897039019,511.3875095535412,286.620348918627,502.9793924654469,281.2487945260571,0.5604758496523632,0.5591656412551296,,,,
log_cosh,log_cosh,32,10.0,0.1,overdispersed,,100000,7,torch,cuda,0.06538067570981554,0.048930636521201526,511.36905938946796,286.610090961006,503.1053366963905,281.31756797569864,0.5604760117931158,0.5591623611527413,,,,
log_cosh,log_cosh,32,10.0,0.1,overdispersed,,100000,8,torch,cuda,0.05584492317429493,0.04179123469886603,511.05430225398726,286.43300382557203,502.96005383303793,281.2350045766334,0.5604746942981778,0.559159723388275,,,,
log_cosh,log_cosh,32,10.0,0.1,overdispersed,,100000,9,torch,cuda,0.08109558888853867,0.06075345580975196,511.5862199042567,286.73147865759734,503.07269000092344,281.30145078365877,0.5604753754142539,0.5591666102629074,,,,
log_cosh,log_cosh,32,10.0,0.1,overdispersed,,100000,10,torch,cuda,0.09166163638913402,0.06864416552964386,511.89740290771573,286.9069281672165,503.11058105153705,281.3211053960193,0.5604774053111181,0.559163563620622,,,,
log_cosh,log_cosh,32,10.0,0.1,overdispersed,,100000,11,torch,cuda,0.07081607496430936,0.05303020695482421,511.47037167165996,286.6668381004264,503.1292519390011,281.33272075305507,0.560475941477316,0.5591658995552967,,,,
log_cosh,log_cosh,32,10.0,0.1,overdispersed,,100000,12,torch,cuda,0.08074968981359018,0.06046848103384801,511.6260500287955,286.7542680186887,503.1378897805601,281.33667097213396,0.5604762853700462,0.5591641509941477,,,,
log_cosh,log_cosh,32,10.0,0.1,overdispersed,,100000,13,torch,cuda,0.06987807377163252,0.05231768041471826,510.90292409411273,286.34928212163544,502.6362255588424,281.05689215340817,0.5604768902612259,0.5591656109563586,,,,
log_cosh,log_cosh,32,10.0,0.1,overdispersed,,100000,14,torch,cuda,0.06749894986667229,0.050535847570258495,511.1369441069248,286.4814517456526,502.5639821160035,281.01814080692463,0.5604788600170594,0.5591688835792038,,,,
log_cosh,log_cosh,32,10.0,0.1,overdispersed,,100000,15,torch,cuda,0.07178235350268707,0.05374717263980886,510.77276109230894,286.27663287034966,502.6522981417712,281.06584472759,0.5604774856398668,0.559165541999206,,,,
log_cosh,log_cosh,32,10.0,0.1,overdispersed,,100000,16,torch,cuda,0.06768056177434585,0.05070744711500572,512.6210376041876,287.310731487467,503.95611606377804,281.79462811320207,0.5604739376874922,0.5591650128471496,,,,
log_cosh,log_cosh,32,10.0,0.1,overdispersed,,100000,17,torch,cuda,0.08377321904030562,0.06269937189195093,510.9115462388364,286.35509197751105,502.4709488755538,280.9656623435246,0.5604788032009914,0.5591679737351561,,,,
log_cosh,log_cosh,32,10.0,0.1,overdispersed,,100000,18,torch,cuda,0.05709979430185392,0.042753489131191036,511.4479501833078,286.65572116198956,502.7748079518597,281.13556601303696,0.5604787761085941,0.5591679645968965,,,,
log_cosh,log_cosh,32,10.0,0.1,overdispersed,,100000,19,torch,cuda,0.09487309465817961,0.07107565332403587,511.318650540745,286.58186288292814,503.0193221156161,281.2696682192399,0.5604760604367814,0.5591627515147255,,,,
log_cosh,log_cosh,32,10.0,1.0,optimum,0.0,100000,0,torch,cuda,0.03706401475464801,0.0010176226627510814,153.15620498110184,0.13283207651490958,32.06781021253256,0.05524756842609447,0.0008672980407897932,0.0017228357053361545,,,,
log_cosh,log_cosh,32,10.0,1.0,optimum,0.0,100000,1,torch,cuda,0.04501710235786054,0.0011485051010763382,153.26137259368693,0.13278884061280377,32.074830754488914,0.055305372862250034,0.0008664207971361568,0.0017242607852111574,,,,
log_cosh,log_cosh,32,10.0,1.0,optimum,0.0,100000,2,torch,cuda,0.03176929043713028,0.0011259658311418104,153.09551924846548,0.13293051946443296,32.05262482437741,0.05532459145931324,0.0008682848467217002,0.0017260549412863213,,,,
log_cosh,log_cosh,32,10.0,1.0,optimum,0.0,100000,3,torch,cuda,0.04030881906787343,0.0012448046739683928,153.28368298426108,0.13309421785178127,32.0832973307476,0.05538832081629003,0.0008682869256569675,0.0017263911575325411,,,,
log_cosh,log_cosh,32,10.0,1.0,optimum,0.0,100000,4,torch,cuda,0.038675682416326476,0.001309422160288629,152.9855928698329,0.1322203539064752,32.02444537276345,0.05495823420971909,0.0008642667026755538,0.0017161338337013216,,,,
log_cosh,log_cosh,32,10.0,1.0,optimum,0.0,100000,5,torch,cuda,0.054594700615057314,0.0010544226896481454,152.93643720594372,0.13318396155767237,32.015000372533144,0.055487671573135,0.000870845195499927,0.0017331772896288932,,,,
log_cosh,log_cosh,32,10.0,1.0,optimum,0.0,100000,6,torch,cuda,0.03443672477374241,0.0008558741567195653,153.10442242120556,0.13272226519938526,32.05707886907101,0.055193169787186934,0.0008668741444597404,0.0017217155066626439,,,,
log_cosh,log_cosh,32,10.0,1.0,optimum,0.0,100000,7,torch,cuda,0.03646945187275512,0.0012233167816588478,153.10740446151155,0.13272481305838313,32.06570120003009,0.0551792013968119,0.0008668739015280463,0.0017208169268651489,,,,
log_cosh,log_cosh,32,10.0,1.0,optimum,0.0,100000,8,torch,cuda,0.030926835490824093,0.0007583860161642489,153.01714996153171,0.13291168394613023,32.05423925172898,0.05529954202489195,0.0008686064534566487,0.001725186537437763,,,,
log_cosh,log_cosh,32,10.0,1.0,optimum,0.0,100000,9,torch,cuda,0.04385215827523185,0.001370490696027685,153.15485571578083,0.13302167719288505,32.06152129389153,0.05526729933980931,0.0008685436486567673,0.0017237890502201161,,,,
log_cosh,log_cosh,32,10.0,1.0,optimum,0.0,100000,10,torch,cuda,0.0494075725484415,0.0010331417321746007,153.23847233646376,0.1325088437511335,32.06339441803729,0.05512518377425543,0.0008647230798554656,0.0017192560168627908,,,,
log_cosh,log_cosh,32,10.0,1.0,optimum,0.0,100000,11,torch,cuda,0.038824996464795605,0.0010924982118478807,153.1355672190482,0.13259958474567907,32.06734073678089,0.05508503693637387,0.0008658967159210372,0.0017177924851496005,,,,
log_cosh,log_cosh,32,10.0,1.0,optimum,0.0,100000,12,torch,cuda,0.043675953367769006,0.0011819446788327035,153.17133341832843,0.13268004355832166,32.06625780205463,0.055134916006519395,0.0008662198114836364,0.0017194059982573538,,,,
log_cosh,log_cosh,32,10.0,1.0,optimum,0.0,100000,13,torch,cuda,0.03838802699162789,0.0013675852162658827,152.97440080463116,0.1320644608039195,32.037287716054024,0.05494184983011428,0.0008633108553409766,0.001714934494987935,,,,
log_cosh,log_cosh,32,10.0,1.0,optimum,0.0,100000,14,torch,cuda,0.037292058033599376,0.0012339060231154522,153.0305358213309,0.13253955607787682,32.03315561886503,0.05515294854576531,0.0008660987519028354,0.0017217457187790929,,,,
log_cosh,log_cosh,32,10.0,1.0,optimum,0.0,100000,15,torch,cuda,0.03967312390001559,0.0010329277792295699,152.94631266436738,0.13214544691554725,32.04009978836227,0.054975838011691036,0.0008639989066329011,0.0017158447812219229,,,,
log_cosh,log_cosh,32,10.0,1.0,optimum,0.0,100000,16,torch,cuda,0.03683305005340606,0.0010474617273747479,153.45555061319013,0.13252464505673975,32.116641378628195,0.0550346529265544,0.0008636028121966721,0.0017135868062211773,,,,
log_cosh,log_cosh,32,10.0,1.0,optimum,0.0,100000,17,torch,cuda,0.04597103529343306,0.0013756108067524248,152.9696075168068,0.1325981536786198,32.02627680827352,0.05518149144780629,0.0008668267888707971,0.0017230067602972492,,,,
log_cosh,log_cosh,32,10.0,1.0,optimum,0.0,100000,18,torch,cuda,0.0319475903751917,0.001166290891230939,153.11475791295862,0.1328331248623617,32.04473790446777,0.05526820530500458,0.0008675396589652942,0.0017247201543595374,,,,
log_cosh,log_cosh,32,10.0,1.0,optimum,0.0,100000,19,torch,cuda,0.051606487459341294,0.001094005535627449,153.09133276002552,0.1327566005784506,32.060071582757615,0.055262859322987114,0.0008671725445525376,0.0017237285069790144,,,,
log_cosh,log_cosh,32,10.0,1.0,near,0.25,100000,0,torch,cuda,0.03697246967846849,0.0010906185178672328,152.6822758118563,0.14807276033615757,31.917330331469667,0.061358204069935196,0.0009698097539404061,0.0019224102840906334,,,,
log_cosh,log_cosh,32,10.0,1.0,near,0.25,100000,1,torch,cuda,0.045003158343262184,0.0011592950352418102,152.79507032876225,0.14768185392106048,31.927085260740505,0.06128937209577523,0.0009665354621932508,0.001919667003587715,,,,
log_cosh,log_cosh,32,10.0,1.0,near,0.25,100000,2,torch,cuda,0.031808901270925234,0.0009620875000013949,152.62462337403497,0.14789978363547007,31.903438028938552,0.06132723343166946,0.0009690427426838866,0.0019222766328833136,,,,
log_cosh,log_cosh,32,10.0,1.0,near,0.25,100000,3,torch,cuda,0.04027324607407011,0.001446371542907049,152.81042284600412,0.14834344078380646,31.933401361231816,0.06151095924486527,0.0009707678181958878,0.0019262263530605785,,,,
log_cosh,log_cosh,32,10.0,1.0,near,0.25,100000,4,torch,cuda,0.03866643812632927,0.0011783704858454324,152.51366221201704,0.14725456893214073,31.874620805389245,0.06098463628915196,0.0009655172316787897,0.001913266252216588,,,,
log_cosh,log_cosh,32,10.0,1.0,near,0.25,100000,5,torch,cuda,0.05457272652579296,0.0010871830410563443,152.46533179948352,0.14821660860884123,31.865510445953998,0.06154549262433262,0.0009721331850296955,0.0019314139884474102,,,,
log_cosh,log_cosh,32,10.0,1.0,near,0.25,100000,6,torch,cuda,0.03439245338643643,0.0010971642436096835,152.62960176652075,0.14822076336277412,31.90642416300042,0.06141780804787045,0.000971114132824045,0.001924935484280694,,,,
log_cosh,log_cosh,32,10.0,1.0,near,0.25,100000,7,torch,cuda,0.036438492696404735,0.001516953680571333,152.6322683255711,0.14819052194979498,31.914592537456446,0.06141035800088401,0.0009708990344931409,0.0019242093700181184,,,,
log_cosh,log_cosh,32,10.0,1.0,near,0.25,100000,8,torch,cuda,0.030678537748157514,0.0009424680959760256,152.54316659570574,0.1480299002714318,31.903652543484654,0.0613739379849747,0.0009704131858214553,0.0019237276327944606,,,,
log_cosh,log_cosh,32,10.0,1.0,near,0.25,100000,9,torch,cuda,0.04377101660106841,0.0012725236054814215,152.68246695945263,0.14834885156471067,31.911231690367124,0.061431487149997466,0.0009716168104888375,0.0019250741477503505,,,,
log_cosh,log_cosh,32,10.0,1.0,near,0.25,100000,10,torch,cuda,0.04936526063715968,0.0011099429448151793,152.76568415264666,0.14771301166110717,31.914308479703468,0.061196237258710706,0.0009669253437408708,0.0019175172571146155,,,,
log_cosh,log_cosh,32,10.0,1.0,near,0.25,100000,11,torch,cuda,0.03881854274071705,0.001143501670310974,152.66653815823074,0.1475324482089455,31.918652962424613,0.06107901697256324,0.0009663705615439841,0.00191358379203743,,,,
log_cosh,log_cosh,32,10.0,1.0,near,0.25,100000,12,torch,cuda,0.04349315997368993,0.0013686685751829878,152.70398629729502,0.14771651123812468,31.917698135678236,0.061200036130356406,0.0009673389334482705,0.0019174326378488364,,,,
log_cosh,log_cosh,32,10.0,1.0,near,0.25,100000,13,torch,cuda,0.0382450927053217,0.0013093377178010897,152.4999978759668,0.14759075922748366,31.88647913081168,0.06122033757690959,0.0009678082707091183,0.0019199466120344661,,,,
log_cosh,log_cosh,32,10.0,1.0,near,0.25,100000,14,torch,cuda,0.03719664679576592,0.0012486572446819388,152.5571473047335,0.1475818192845484,31.883225100975306,0.06118763343000033,0.000967387119462539,0.0019191168156990682,,,,
log_cosh,log_cosh,32,10.0,1.0,near,0.25,100000,15,torch,cuda,0.03962849610158509,0.000845793893193288,152.47622183035688,0.14724858852123646,31.890772987052763,0.06103554471808503,0.0009657150915312119,0.001913893549800899,,,,
log_cosh,log_cosh,32,10.0,1.0,near,0.25,100000,16,torch,cuda,0.036732857542617355,0.0010975315514833329,152.98272021158596,0.14787081547833125,31.967252198231233,0.06118665288206504,0.0009665850840788778,0.0019140416731047824,,,,
log_cosh,log_cosh,32,10.0,1.0,near,0.25,100000,17,torch,cuda,0.045819606291782895,0.0013120075528407925,152.4966626408137,0.14766855524868205,31.877138167350765,0.06121290083576736,0.0009683395865291582,0.0019202759204545814,,,,
log_cosh,log_cosh,32,10.0,1.0,near,0.25,100000,18,torch,cuda,0.03170308064131333,0.0012705426065076158,152.64283893799228,0.14798193383254699,31.8949366071843,0.06134180715998361,0.0009694652881335712,0.0019232459344711923,,,,
log_cosh,log_cosh,32,10.0,1.0,near,0.25,100000,19,torch,cuda,0.051535017200596604,0.001112730529003369,152.62219003891343,0.14784459246598303,31.911820511466715,0.06130606884209944,0.0009686965730755647,0.0019211084751517274,,,,
log_cosh,log_cosh,32,10.0,1.0,medium,1.0,100000,0,torch,cuda,0.036032095628144384,0.0018188950351003899,146.29541342031985,0.4353644982422793,29.921835892671908,0.175624426959061,0.0029759271877610955,0.005869440217138307,,,,
log_cosh,log_cosh,32,10.0,1.0,medium,1.0,100000,1,torch,cuda,0.04419567038836908,0.00158804464461304,146.42748756034314,0.4335671080920349,29.939546235868264,0.1750771148803132,0.002960968021208182,0.005847687653681498,,,,
log_cosh,log_cosh,32,10.0,1.0,medium,1.0,100000,2,torch,cuda,0.03131868584566752,0.001219432418189149,146.24926756746248,0.4343995729317953,29.912964153773252,0.1752967809108874,0.002970268365490539,0.005860227692907368,,,,
log_cosh,log_cosh,32,10.0,1.0,medium,1.0,100000,3,torch,cuda,0.03978335716474854,0.0022793917066572457,146.42639024894038,0.43593532564608495,29.940709051925,0.17594140078835352,0.0029771636445107244,0.005876327126496076,,,,
log_cosh,log_cosh,32,10.0,1.0,medium,1.0,100000,4,torch,cuda,0.03794811931148664,0.0017989355532586353,146.13651745371885,0.43344597070512236,29.88249694592226,0.17483697711780977,0.0029660346247295365,0.0058508155270360655,,,,
log_cosh,log_cosh,32,10.0,1.0,medium,1.0,100000,5,torch,cuda,0.05361252497737405,0.0019629095318115805,146.0924205932655,0.4344749503996468,29.874917651386188,0.17552417293861922,0.0029739732467659245,0.005875302318380615,,,,
log_cosh,log_cosh,32,10.0,1.0,medium,1.0,100000,6,torch,cuda,0.03373058871098948,0.002142162246419312,146.24216151174716,0.4360085974641663,29.9109911088081,0.1758923913072188,0.0029814151606966173,0.005880527016552872,,,,
log_cosh,log_cosh,32,10.0,1.0,medium,1.0,100000,7,torch,cuda,0.035455946931826604,0.002399162774150437,146.24229691245338,0.4363397077989646,29.917048044231286,0.17620370997326518,0.0029836765218490473,0.005889742521145612,,,,
log_cosh,log_cosh,32,10.0,1.0,medium,1.0,100000,8,torch,cuda,0.029517091580688725,0.0025826221138671346,146.16094350099303,0.4355837364497859,29.909533240750697,0.17590576980093076,0.0029801650565209063,0.0058812609473044295,,,,
log_cosh,log_cosh,32,10.0,1.0,medium,1.0,100000,9,torch,cuda,0.04293469901721295,0.0016060487204033979,146.30244600681272,0.4358724108549836,29.9177028766267,0.175866167831348,0.0029792558002392304,0.005878331252789599,,,,
log_cosh,log_cosh,32,10.0,1.0,medium,1.0,100000,10,torch,cuda,0.04860801066866258,0.0017950344075965293,146.3853243976251,0.4350871659686959,29.92440359310104,0.17548450580696695,0.0029722048146498116,0.005864260761655556,,,,
log_cosh,log_cosh,32,10.0,1.0,medium,1.0,100000,11,torch,cuda,0.038103345026238335,0.0018151929824799533,146.29251105444928,0.4339672967008994,29.927940209829273,0.1750302639156729,0.0029664354899163574,0.005848389922210132,,,,
log_cosh,log_cosh,32,10.0,1.0,medium,1.0,100000,12,torch,cuda,0.04245271007197478,0.002293360877221559,146.33533373694453,0.4343729110179595,29.92786941595965,0.1753724546579818,0.0029683392242012946,0.005859837605561752,,,,
log_cosh,log_cosh,32,10.0,1.0,medium,1.0,100000,13,torch,cuda,0.03717744400032316,0.0025966190540928605,146.1161847381838,0.4357652797835385,29.8918628070004,0.17608114885070236,0.0029823204086827093,0.005890604743758752,,,,
log_cosh,log_cosh,32,10.0,1.0,medium,1.0,100000,14,torch,cuda,0.03619722327983084,0.001931869246633273,146.1758506218772,0.4339707033163904,29.890711716063734,0.17513402464293648,0.0029688262559796645,0.005859145352795889,,,,
log_cosh,log_cosh,32,10.0,1.0,medium,1.0,100000,15,torch,cuda,0.03865963916475182,0.001707614608396674,146.099879162511,0.4340665980807614,29.89820933226546,0.17526141658825978,0.00297102640035682,0.00586193690199104,,,,
log_cosh,log_cosh,32,10.0,1.0,medium,1.0,100000,16,torch,cuda,0.03588548451420762,0.0018017774472950205,146.59590080896163,0.4356819705147643,29.974630269726433,0.17555574167387888,0.0029719928600358955,0.0058568109129000815,,,,
log_cosh,log_cosh,32,10.0,1.0,medium,1.0,100000,17,torch,cuda,0.044626604939702365,0.0022829823355470947,146.11587093453815,0.4339683659377158,29.88648997204504,0.17506183739360992,0.002970028944577413,0.005857557630800998,,,,
log_cosh,log_cosh,32,10.0,1.0,medium,1.0,100000,18,torch,cuda,0.030327427767023005,0.00247929453971991,146.26381156227652,0.43472964114707224,29.902754868038325,0.17548758803638975,0.0029722296752944396,0.005868609391035083,,,,
log_cosh,log_cosh,32,10.0,1.0,medium,1.0,100000,19,torch,cuda,0.05049723929821055,0.0020000451992405748,146.24572655952213,0.4343128311552107,29.920710158022995,0.17526064701795363,0.0029697471602935697,0.005857502916619742,,,,
log_cosh,log_cosh,32,10.0,1.0,far,4.0,100000,0,torch,cuda,0.03133654996941057,0.006551821969687607,113.32389204318997,4.442271251166858,20.98977812265821,1.5994600456466515,0.039199776596746436,0.07620185579379965,,,,
log_cosh,log_cosh,32,10.0,1.0,far,4.0,100000,1,torch,cuda,0.0387388276924651,0.006958649049774584,113.42825011168316,4.4386223477199565,21.00373637814704,1.5980756150541424,0.0391315421277294,0.07608530150458523,,,,
log_cosh,log_cosh,32,10.0,1.0,far,4.0,100000,2,torch,cuda,0.027203746849972676,0.005118250055466016,113.2831407228673,4.438054191704396,20.984633301027145,1.597735251684469,0.039176652089489,0.07613834508160139,,,,
log_cosh,log_cosh,32,10.0,1.0,far,4.0,100000,3,torch,cuda,0.036029157542086354,0.005187243391994601,113.43317515414265,4.442993625936197,21.006680282678246,1.5994255739204277,0.03916837926734114,0.07613890212054529,,,,
log_cosh,log_cosh,32,10.0,1.0,far,4.0,100000,4,torch,cuda,0.03308323716664287,0.00654303325936021,113.20300139547908,4.4334310170957,20.963347495782614,1.596169850535773,0.0391635465707074,0.07614098134169121,,,,
log_cosh,log_cosh,32,10.0,1.0,far,4.0,100000,5,torch,cuda,0.04739692907636853,0.0083812901449185,113.16812795182204,4.4336621048350935,20.95749300363775,1.5965396863085743,0.039177657040704895,0.07617989833189737,,,,
log_cosh,log_cosh,32,10.0,1.0,far,4.0,100000,6,torch,cuda,0.029941291229905624,0.005577139023192087,113.28488543441063,4.441097799562158,20.983784992102187,1.5990368894299536,0.03920291557458874,0.07620345376355096,,,,
log_cosh,log_cosh,32,10.0,1.0,far,4.0,100000,7,torch,cuda,0.030241715215711614,0.007220102392924159,113.27617489518707,4.444835802870784,20.983550486187937,1.6015019823212242,0.03923892916567435,0.07632178278768341,,,,
log_cosh,log_cosh,32,10.0,1.0,far,4.0,100000,8,torch,cuda,0.02579160265518812,0.006020135151369055,113.2059699018996,4.442452071977186,20.978398122290912,1.6005704240004661,0.039242206712480465,0.07629612207138714,,,,
log_cosh,log_cosh,32,10.0,1.0,far,4.0,100000,9,torch,cuda,0.03871581189454667,0.005872838041744841,113.33726722537858,4.439442031517046,20.992004112601933,1.5980349668228087,0.03917018770788716,0.07612588861220142,,,,
log_cosh,log_cosh,32,10.0,1.0,far,4.0,100000,10,torch,cuda,0.043692663830753924,0.006870915100616243,113.40469216407155,4.440447545217012,20.992152941015945,1.598708218028321,0.03915576560794032,0.07615742046660932,,,,
log_cosh,log_cosh,32,10.0,1.0,far,4.0,100000,11,torch,cuda,0.03332610417713993,0.006148589249591115,113.30616792706769,4.440250045245193,20.99211993754585,1.5986392899875455,0.039188070044900554,0.0761542566803017,,,,
log_cosh,log_cosh,32,10.0,1.0,far,4.0,100000,12,torch,cuda,0.038207210536479616,0.00688824905780786,113.35274129895106,4.439932721980767,20.993207004431724,1.5989545505805154,0.0391691693654863,0.07616533053968227,,,,
log_cosh,log_cosh,32,10.0,1.0,far,4.0,100000,13,torch,cuda,0.03284503002253499,0.00686393972290671,113.16402884522768,4.439871069093897,20.96552747934527,1.599081635139953,0.03923394310365377,0.07627194864118395,,,,
log_cosh,log_cosh,32,10.0,1.0,far,4.0,100000,14,torch,cuda,0.03157515723050059,0.006592655056456209,113.23303690488956,4.435883510361236,20.968019636487725,1.597238269072875,0.03917481709942276,0.07617497010988218,,,,
log_cosh,log_cosh,32,10.0,1.0,far,4.0,100000,15,torch,cuda,0.03350913067532615,0.007426523706501691,113.13947613905475,4.439964428489475,20.964938860032362,1.5994380936337507,0.03924328253944282,0.07629109268154964,,,,
log_cosh,log_cosh,32,10.0,1.0,far,4.0,100000,16,torch,cuda,0.0320525187788776,0.005414399692967041,113.56589172347412,4.44611067800588,21.031446377579186,1.5997022904418259,0.03915005298273783,0.0760624001660298,,,,
log_cosh,log_cosh,32,10.0,1.0,far,4.0,100000,17,torch,cuda,0.0391533205793674,0.008256135649137394,113.17124439943746,4.435871190609305,20.962415466851553,1.5970626268178307,0.03919609803841085,0.0761869560949839,,,,
log_cosh,log_cosh,32,10.0,1.0,far,4.0,100000,18,torch,cuda,0.026087197877806233,0.006521556364940091,113.30588537809899,4.437521322412522,20.977415710049286,1.5977935952987536,0.039164084968795934,0.07616732286681654,,,,
log_cosh,log_cosh,32,10.0,1.0,far,4.0,100000,19,torch,cuda,0.045005813437954255,0.00782386079995779,113.26697758020964,4.44213458377817,20.98215150266617,1.600137577157966,0.03921826713026298,0.07626184459466127,,,,
log_cosh,log_cosh,32,10.0,1.0,underdispersed,,100000,0,torch,cuda,0.019007473144473673,0.055051232241604776,40.21316759707957,338.65091997722817,2.1642288505212774,17.539856229803778,8.421393792460712,8.104436934004978,,,,
log_cosh,log_cosh,32,10.0,1.0,underdispersed,,100000,1,torch,cuda,0.022983007202699055,0.0668388437444566,40.23987802899169,338.89545364121767,2.164710678974099,17.54549505003907,8.421880737239142,8.105237905674416,,,,
log_cosh,log_cosh,32,10.0,1.0,underdispersed,,100000,2,torch,cuda,0.01621999687387141,0.04707407933853727,40.19754377179973,338.5299359787975,2.1632382877558505,17.533036272798892,8.421657251015683,8.104995354435832,,,,
log_cosh,log_cosh,32,10.0,1.0,underdispersed,,100000,3,torch,cuda,0.02055720631621233,0.06051086496928769,40.247211993997276,338.9633093941005,2.1653805234678907,17.551607546388315,8.422032051428944,8.105553437914525,,,,
log_cosh,log_cosh,32,10.0,1.0,underdispersed,,100000,4,torch,cuda,0.01981057733435124,0.057388720745259046,40.16617877920044,338.25138066755295,2.161134468966681,17.513859038311104,8.421298489133655,8.104011707649608,,,,
log_cosh,log_cosh,32,10.0,1.0,underdispersed,,100000,5,torch,cuda,0.02789011286676149,0.08133276347534116,40.15410975034758,338.1627639015027,2.160635617078334,17.511617432338383,8.421622743076142,8.104845302891949,,,,
log_cosh,log_cosh,32,10.0,1.0,underdispersed,,100000,6,torch,cuda,0.017674633313739897,0.05154467272083438,40.20018171750964,338.54676977161563,2.1635401758354322,17.53462972011332,8.421523368989094,8.104600929512424,,,,
log_cosh,log_cosh,32,10.0,1.0,underdispersed,,100000,7,torch,cuda,0.01878178631439657,0.05389028192910877,40.201662058559535,338.5414691228893,2.1643028029750138,17.538808790122417,8.42108141274743,8.10367605032617,,,,
log_cosh,log_cosh,32,10.0,1.0,underdispersed,,100000,8,torch,cuda,0.015923632163085056,0.045876650703856194,40.17914215642727,338.3514971856292,2.163631409997508,17.53420539504,8.421073199331726,8.104063064540275,,,,
log_cosh,log_cosh,32,10.0,1.0,underdispersed,,100000,9,torch,cuda,0.022257578720267766,0.06509518392532952,40.213296645394855,338.6751138318274,2.1637833313553547,17.53820960919057,8.42196840558238,8.105344631805142,,,,
log_cosh,log_cosh,32,10.0,1.0,underdispersed,,100000,10,torch,cuda,0.025167533835434273,0.07373076724868736,40.234083666692,338.8503567079168,2.1640535411028585,17.53959602449362,8.421972761080571,8.104973232573062,,,,
log_cosh,log_cosh,32,10.0,1.0,underdispersed,,100000,11,torch,cuda,0.019819550537952174,0.0575543139937634,40.208188602540226,338.6062063636995,2.1642211738683392,17.539708919516872,8.42132456427812,8.104397614854822,,,,
log_cosh,log_cosh,32,10.0,1.0,underdispersed,,100000,12,torch,cuda,0.022307489819550132,0.06508601827184576,40.217689238643814,338.6965216534158,2.16424093487993,17.54027178167181,8.421580853232458,8.104583689821451,,,,
log_cosh,log_cosh,32,10.0,1.0,underdispersed,,100000,13,torch,cuda,0.01966022967167009,0.05686420505578133,40.16562722139976,338.2295246607415,2.162234709797303,17.522167160940725,8.42086998408771,8.103730405189605,,,,
log_cosh,log_cosh,32,10.0,1.0,underdispersed,,100000,14,torch,cuda,0.01909095918699757,0.055060469459509605,40.178275637097634,338.3576718432698,2.161794192630477,17.519632891196398,8.421408496955392,8.104209434422831,,,,
log_cosh,log_cosh,32,10.0,1.0,underdispersed,,100000,15,torch,cuda,0.020346775387570525,0.05852504447481997,40.1581670111281,338.15130257015215,2.162433306581725,17.522383696330724,8.420486484765307,8.103086297736183,,,,
log_cosh,log_cosh,32,10.0,1.0,underdispersed,,100000,16,torch,cuda,0.0186751703851367,0.05433502964284466,40.292858982085555,339.35274248432677,2.1675397009917954,17.569295773763653,8.422155961561453,8.105639664050683,,,,
log_cosh,log_cosh,32,10.0,1.0,underdispersed,,100000,17,torch,cuda,0.02362142036973164,0.06845958695667863,40.162591393603655,338.21941319325407,2.161382108941067,17.516531249584407,8.421254741224674,8.104319535691141,,,,
log_cosh,log_cosh,32,10.0,1.0,underdispersed,,100000,18,torch,cuda,0.01638645156709069,0.04693379085332936,40.20049575511508,338.5577644898908,2.162617598547645,17.527333719777424,8.421731078946035,8.104684680060084,,,,
log_cosh,log_cosh,32,10.0,1.0,underdispersed,,100000,19,torch,cuda,0.026226318141884565,0.07634640605729777,40.1971168143291,338.5049798734984,2.1638845771170327,17.53589736155086,8.421125859276337,8.103896828413154,,,,
log_cosh,log_cosh,32,10.0,1.0,overdispersed,,100000,0,torch,cuda,0.0708391553713174,0.05236015568302886,560.6157163499264,306.41540732056814,450.79830398272804,243.16852177409655,0.5465694206997741,0.5394175613034545,,,,
log_cosh,log_cosh,32,10.0,1.0,overdispersed,,100000,1,torch,cuda,0.08640706217588169,0.06398710459736315,561.0289875599315,306.64461691466744,450.92836409464724,243.2393713596471,0.5465753529926302,0.5394190978605031,,,,
log_cosh,log_cosh,32,10.0,1.0,overdispersed,,100000,2,torch,cuda,0.06099692354094434,0.04521135509133111,560.4055288428661,306.300019991476,450.6041278606425,243.06274604917812,0.5465685190935374,0.5394152672395174,,,,
log_cosh,log_cosh,32,10.0,1.0,overdispersed,,100000,3,torch,cuda,0.07767147379613146,0.057449037941111745,561.0982685969743,306.6753613767893,451.03642230234215,243.28935804519207,0.5465626585225984,0.5394006914193473,,,,
log_cosh,log_cosh,32,10.0,1.0,overdispersed,,100000,4,torch,cuda,0.07386082241307175,0.054603700926641616,560.0234577352809,306.1037670675851,450.2214670165244,242.87295934230642,0.5465909737164585,0.539452196608369,,,,
log_cosh,log_cosh,32,10.0,1.0,overdispersed,,100000,5,torch,cuda,0.10478284905346766,0.07750258646932573,559.8499541169431,306.00647001343515,450.0878788471402,242.79134590477952,0.5465865769268521,0.5394309807379568,,,,
log_cosh,log_cosh,32,10.0,1.0,overdispersed,,100000,6,torch,cuda,0.06596119056759346,0.04868816536295561,560.427151186704,306.3098102484244,450.6493202185668,243.08602737340215,0.5465649007186993,0.5394128349189663,,,,
log_cosh,log_cosh,32,10.0,1.0,overdispersed,,100000,7,torch,cuda,0.06908397424712004,0.050965136096232426,560.4317221448958,306.3140810596924,450.727337507164,243.1205548797823,0.5465680634339556,0.5393960708582892,,,,
log_cosh,log_cosh,32,10.0,1.0,overdispersed,,100000,8,torch,cuda,0.058589307376113085,0.043165541113579016,560.0858635156052,306.11972128666673,450.5581173917608,243.0217435401998,0.5465585568705174,0.5393793478786492,,,,
log_cosh,log_cosh,32,10.0,1.0,overdispersed,,100000,9,torch,cuda,0.0849516488383755,0.06313934486182755,560.6184118684567,306.4116566470883,450.736885153338,243.13417046904294,0.546560102487295,0.539414852605928,,,,
log_cosh,log_cosh,32,10.0,1.0,overdispersed,,100000,10,torch,cuda,0.09531806268970379,0.07062521759000225,560.9549519096466,306.60483877937105,450.73989998317796,243.12947378937346,0.5465765793413587,0.5394008247294,,,,
log_cosh,log_cosh,32,10.0,1.0,overdispersed,,100000,11,torch,cuda,0.07451844089954567,0.055199923511365524,560.5341574508598,306.3691116850366,450.7846183914842,243.15843128073388,0.5465663557031224,0.5394115534562512,,,,
log_cosh,log_cosh,32,10.0,1.0,overdispersed,,100000,12,torch,cuda,0.0841170241357531,0.06232205970344397,560.6837468521676,306.45224293542674,450.7703106003137,243.14680023215493,0.5465688004261471,0.5394028721819412,,,,
log_cosh,log_cosh,32,10.0,1.0,overdispersed,,100000,13,torch,cuda,0.07337112394155813,0.05428174878839683,559.9424248447929,306.05033581850046,450.3513627390895,242.92702577522368,0.5465746516766126,0.5394166552482781,,,,
log_cosh,log_cosh,32,10.0,1.0,overdispersed,,100000,14,torch,cuda,0.07111698455946934,0.05261097291390789,560.1906636200482,306.1943816058591,450.33551014099703,242.92937433356022,0.5465895836734915,0.5394408587888188,,,,
log_cosh,log_cosh,32,10.0,1.0,overdispersed,,100000,15,torch,cuda,0.07576665312660835,0.056089659411196965,559.8376457264461,305.99667383237204,450.37292292103496,242.9398142716264,0.5465810957305494,0.5394192277279104,,,,
log_cosh,log_cosh,32,10.0,1.0,overdispersed,,100000,16,torch,cuda,0.07119575160376718,0.05296742852660571,561.6992506633551,306.99447039165034,451.4936201753184,243.5336517568886,0.5465459852921226,0.5393955548304815,,,,
log_cosh,log_cosh,32,10.0,1.0,overdispersed,,100000,17,torch,cuda,0.08753275300089042,0.06456353411140638,559.9648418397444,306.0716041705792,450.23965979998064,242.8756878359681,0.5465907523140058,0.5394364591157204,,,,
log_cosh,log_cosh,32,10.0,1.0,overdispersed,,100000,18,torch,cuda,0.060887013106165594,0.04510192114794493,560.5112326850033,306.36907114559375,450.5093924190158,243.02074751945196,0.546588637801247,0.5394354737301902,,,,
log_cosh,log_cosh,32,10.0,1.0,overdispersed,,100000,19,torch,cuda,0.0998174384421085,0.07420830508994226,560.3715189735159,306.28128762957823,450.65474291847437,243.08271838355833,0.5465682627672118,0.5393990015712166,,,,
log_cosh,log_cosh,32,100.0,0.1,optimum,0.0,100000,0,torch,cuda,0.07538370532099133,0.0001100455612594432,721.2017924900732,0.001228736479761591,32.013430071775524,0.0007883469777832654,1.703734644806091e-06,2.4625507982610944e-05,,,,
log_cosh,log_cosh,32,100.0,0.1,optimum,0.0,100000,1,torch,cuda,0.0923309129055004,0.00010098513890030553,721.783073701737,0.0012326058537351226,32.0223295428963,0.0007933121488729487,1.707723412539421e-06,2.477371759634938e-05,,,,
log_cosh,log_cosh,32,100.0,0.1,optimum,0.0,100000,2,torch,cuda,0.064181776665935,0.00010807558654500173,720.7233941726878,0.0012318478417588448,32.00017201352207,0.000791514575372783,1.7091825403737205e-06,2.4734697520948286e-05,,,,
log_cosh,log_cosh,32,100.0,0.1,optimum,0.0,100000,3,torch,cuda,0.09333129233590323,0.00012279398067633777,721.8751845717418,0.001233115015138026,32.03318287146501,0.0007908121358659206,1.7082108396198454e-06,2.4687279407703564e-05,,,,
log_cosh,log_cosh,32,100.0,0.1,optimum,0.0,100000,4,torch,cuda,0.08070520930350604,0.00015161287607536904,720.3969607142363,0.0012229246812724965,31.96671368243552,0.0007847071762865084,1.697570572840882e-06,2.4547633644232716e-05,,,,
log_cosh,log_cosh,32,100.0,0.1,optimum,0.0,100000,5,torch,cuda,0.1179770123974782,0.00010165950239212395,720.3797071083895,0.0012361287019995572,31.961159459907254,0.0007940267941541868,1.7159404822234495e-06,2.4843491524462078e-05,,,,
log_cosh,log_cosh,32,100.0,0.1,optimum,0.0,100000,6,torch,cuda,0.07290079573666225,7.587568023529335e-05,720.8352452296598,0.0012278682914154525,32.00357905978239,0.0007899943920553288,1.7033965799275685e-06,2.46845638914206e-05,,,,
log_cosh,log_cosh,32,100.0,0.1,optimum,0.0,100000,7,torch,cuda,0.07110057311155857,0.00010470116566303535,720.9070268534473,0.001227282705181003,32.01210196044078,0.0007870371335880961,1.7024146796539636e-06,2.4585612483700187e-05,,,,
log_cosh,log_cosh,32,100.0,0.1,optimum,0.0,100000,8,torch,cuda,0.060975899749134636,5.4099325501826005e-05,720.1798454421689,0.001231236645245333,32.0028932046398,0.0007908575480458707,1.7096238572038772e-06,2.4712064093355524e-05,,,,
log_cosh,log_cosh,32,100.0,0.1,optimum,0.0,100000,9,torch,cuda,0.10056059569285207,0.00015256888049713701,720.9992926281024,0.0012282504178212103,32.00942260952232,0.0007872172735040631,1.7035390053492776e-06,2.4593298139338443e-05,,,,
log_cosh,log_cosh,32,100.0,0.1,optimum,0.0,100000,10,torch,cuda,0.1169057219997047,0.00011594420339310649,722.2439633195474,0.001226527532427467,32.01200522642017,0.0007872058242801727,1.698217769505684e-06,2.4590956383778026e-05,,,,
log_cosh,log_cosh,32,100.0,0.1,optimum,0.0,100000,11,torch,cuda,0.07972950882769056,9.804207427254186e-05,720.7475165458476,0.0012243820777031176,32.013323573618635,0.0007838839581585854,1.6987669740034868e-06,2.4486178586111074e-05,,,,
log_cosh,log_cosh,32,100.0,0.1,optimum,0.0,100000,12,torch,cuda,0.10519911244546061,0.0001107881013652128,721.4498945902436,0.0012257952215069885,32.01382773785192,0.0007858449260161595,1.6990718699920167e-06,2.454704674652218e-05,,,,
log_cosh,log_cosh,32,100.0,0.1,optimum,0.0,100000,13,torch,cuda,0.0842769888011951,0.0001454764694694613,719.952637073401,0.0012231415000363399,31.981808316489616,0.0007850129207841982,1.6989193969875515e-06,2.454560770972574e-05,,,,
log_cosh,log_cosh,32,100.0,0.1,optimum,0.0,100000,14,torch,cuda,0.07523213023412262,0.00013955170394573655,720.6609644586458,0.00122788533293017,31.976821547425473,0.0007886324259643651,1.7038321672557173e-06,2.4662627109286902e-05,,,,
log_cosh,log_cosh,32,100.0,0.1,optimum,0.0,100000,15,torch,cuda,0.0868329472368314,9.398145295729238e-05,719.6702159126673,0.0012237525346062961,31.983030336086347,0.000785408722202652,1.7004351542523744e-06,2.4557045218960316e-05,,,,
log_cosh,log_cosh,32,100.0,0.1,optimum,0.0,100000,16,torch,cuda,0.08446549617746466,9.645259152741419e-05,722.6203009514264,0.0012234041355744319,32.06589372775609,0.0007839365519745051,1.6930110238581126e-06,2.4447675110203873e-05,,,,
log_cosh,log_cosh,32,100.0,0.1,optimum,0.0,100000,17,torch,cuda,0.09687021965168016,0.00013058998135106464,720.2011252138493,0.0012281459202715807,31.970834067728912,0.0007887644580673364,1.7052818681821793e-06,2.4671375679357348e-05,,,,
log_cosh,log_cosh,32,100.0,0.1,optimum,0.0,100000,18,torch,cuda,0.06193314448182065,0.00011279459326601721,721.3451364798565,0.0012299466193065821,31.990117479467358,0.0007895495354110543,1.7050736978815527e-06,2.4681045198343562e-05,,,,
log_cosh,log_cosh,32,100.0,0.1,optimum,0.0,100000,19,torch,cuda,0.1174293212726434,9.014074847499223e-05,720.9442658356114,0.0012308168035309206,32.006445827112614,0.0007906899944781481,1.707228785715274e-06,2.4704086131561528e-05,,,,
log_cosh,log_cosh,32,100.0,0.1,near,0.25,100000,0,torch,cuda,0.07538127775707706,0.00010982220117122523,721.1685492282757,0.0013520274497196283,32.000918848819225,0.0008623789178594521,1.8747731735756313e-06,2.694856738125419e-05,,,,
log_cosh,log_cosh,32,100.0,0.1,near,0.25,100000,1,torch,cuda,0.09233114816222586,0.00010645620497906963,721.7504904176893,0.0013538764753562305,32.01005044485999,0.0008666011055940004,1.8758234228184853e-06,2.7072781627970058e-05,,,,
log_cosh,log_cosh,32,100.0,0.1,near,0.25,100000,2,torch,cuda,0.06418480490988193,8.596820552325669e-05,720.6904981235107,0.001352755932174432,31.987747835850097,0.0008647123623055641,1.8770275668912718e-06,2.7032611571873226e-05,,,,
log_cosh,log_cosh,32,100.0,0.1,near,0.25,100000,3,torch,cuda,0.09332940934632838,0.0001448302795884109,721.8421211383097,0.0013570463013792278,32.0207156159131,0.0008655083784763207,1.879976606573238e-06,2.7029638839370454e-05,,,,
log_cosh,log_cosh,32,100.0,0.1,near,0.25,100000,4,torch,cuda,0.080704756799037,0.0001271093427899529,720.3638865218252,0.001344458745926147,31.954260231388044,0.0008578464576580735,1.8663605589914776e-06,2.6846074715740963e-05,,,,
log_cosh,log_cosh,32,100.0,0.1,near,0.25,100000,5,torch,cuda,0.11797648070166424,9.527351768398858e-05,720.3467845295902,0.0013589470700452466,31.948652796363294,0.0008687364601829284,1.8865178539426438e-06,2.719164609913744e-05,,,,
log_cosh,log_cosh,32,100.0,0.1,near,0.25,100000,6,torch,cuda,0.07289929831335348,9.235995227696762e-05,720.8019389575617,0.0013536991443388047,31.99107542987599,0.0008659246178022162,1.8780459252045738e-06,2.7067693291534113e-05,,,,
log_cosh,log_cosh,32,100.0,0.1,near,0.25,100000,7,torch,cuda,0.07109967955382926,0.0001407006279521199,720.8736795031667,0.00135388106116352,31.999485246273395,0.0008632986274634824,1.8781113802027397e-06,2.697851608609925e-05,,,,
log_cosh,log_cosh,32,100.0,0.1,near,0.25,100000,8,torch,cuda,0.060965176472920816,7.94064670921997e-05,720.1466324330045,0.0013542444518890306,31.99034695895268,0.0008651486239648065,1.8805120942018938e-06,2.7044052541064727e-05,,,,
log_cosh,log_cosh,32,100.0,0.1,near,0.25,100000,9,torch,cuda,0.10055868724735804,0.00013793373194260838,720.9661365742547,0.001353312173492327,31.99684472882121,0.0008628250147064698,1.8770814672693643e-06,2.69659406113028e-05,,,,
log_cosh,log_cosh,32,100.0,0.1,near,0.25,100000,10,torch,cuda,0.11690460062377694,0.0001258139819753385,722.2110497129103,0.0013487048957046,31.99964997197433,0.0008606044447065919,1.8674664369102776e-06,2.6894183075762375e-05,,,,
log_cosh,log_cosh,32,100.0,0.1,near,0.25,100000,11,torch,cuda,0.07972944154846516,0.00010118114953286866,720.7147475560763,0.0013457160025680537,32.00095116829205,0.000857713513315872,1.8671964284501451e-06,2.6802750605917375e-05,,,,
log_cosh,log_cosh,32,100.0,0.1,near,0.25,100000,12,torch,cuda,0.10519479010859352,0.00013762257493648615,721.4171372714613,0.0013491232134086317,32.00142871559754,0.000860711992790586,1.8701014208108165e-06,2.6896048937061168e-05,,,,
log_cosh,log_cosh,32,100.0,0.1,near,0.25,100000,13,torch,cuda,0.0842708560014875,0.00012446530604872793,719.9193740999374,0.001350837249866288,31.96916487115942,0.0008626616907085882,1.876372964063012e-06,2.6984179730225848e-05,,,,
log_cosh,log_cosh,32,100.0,0.1,near,0.25,100000,14,torch,cuda,0.07522845273598254,0.00012800825279758922,720.6279113930411,0.0013498221129921717,31.964331388101392,0.0008624293994832222,1.8731193888713516e-06,2.698099293903136e-05,,,,
log_cosh,log_cosh,32,100.0,0.1,near,0.25,100000,15,torch,cuda,0.08683210406156362,6.387213743957785e-05,719.6372709053433,0.001346151138456264,31.970527450617524,0.0008593625626247547,1.8705967476680745e-06,2.687983687326234e-05,,,,
log_cosh,log_cosh,32,100.0,0.1,near,0.25,100000,16,torch,cuda,0.0844626926017773,0.00010371129579015738,722.5872922596587,0.0013474788802056992,32.05352248172346,0.0008584850355148888,1.8647973672383491e-06,2.6782860947790892e-05,,,,
log_cosh,log_cosh,32,100.0,0.1,near,0.25,100000,17,torch,cuda,0.09686569436157781,0.00012246022602012033,720.1682070839134,0.0013498634416109212,31.958515091042162,0.0008619223665187192,1.874372442900185e-06,2.6970038002807973e-05,,,,
log_cosh,log_cosh,32,100.0,0.1,near,0.25,100000,18,torch,cuda,0.06192425115276239,0.0001253149639905125,721.312069835754,0.0013529835534100698,31.977600757452585,0.0008641098585098206,1.8757256532781301e-06,2.7022348082460008e-05,,,,
log_cosh,log_cosh,32,100.0,0.1,near,0.25,100000,19,torch,cuda,0.11742774843638855,8.917666078574126e-05,720.9115418289517,0.0013530149667175806,31.994175370329103,0.0008643260323586421,1.8768113536994889e-06,2.7015105792043777e-05,,,,
log_cosh,log_cosh,32,100.0,0.1,medium,1.0,100000,0,torch,cuda,0.0753511213957527,0.00013281035803913374,720.716036889089,0.003632371915614385,31.835503444243933,0.002219026772824151,5.0399487866167335e-06,6.970289559612305e-05,,,,
log_cosh,log_cosh,32,100.0,0.1,medium,1.0,100000,1,torch,cuda,0.0923103633758746,0.00012620821370063696,721.2999741601052,0.0036258059092233452,31.845420202681854,0.0022218456257192543,5.026765616407098e-06,6.97697066510098e-05,,,,
log_cosh,log_cosh,32,100.0,0.1,medium,1.0,100000,2,torch,cuda,0.06417488444324106,9.988609005004432e-05,720.2392706214387,0.0036277142232847837,31.82269528432965,0.0022208678459278985,5.036818139831101e-06,6.97888040621598e-05,,,,
log_cosh,log_cosh,32,100.0,0.1,medium,1.0,100000,3,torch,cuda,0.09331647607785411,0.00023122254627636494,721.3902843651705,0.00364198783017855,31.85555994896776,0.0022267633413832755,5.048567896064098e-06,6.99018741139859e-05,,,,
log_cosh,log_cosh,32,100.0,0.1,medium,1.0,100000,4,torch,cuda,0.08068046239746121,0.0001316813275511702,719.9123282438129,0.003617454265622655,31.789160645608,0.0022119551458068543,5.024853893594569e-06,6.95820556719373e-05,,,,
log_cosh,log_cosh,32,100.0,0.1,medium,1.0,100000,5,torch,cuda,0.11794820622663924,0.0001269260654220155,719.895702404388,0.0036362417625923626,31.783458226392924,0.002228283187868385,5.051067467756283e-06,7.010826738853807e-05,,,,
log_cosh,log_cosh,32,100.0,0.1,medium,1.0,100000,6,torch,cuda,0.07287582397646072,0.00017454891879998093,720.3493833224838,0.0036381387777737473,31.825700033942393,0.00222757712728594,5.050519736677607e-06,6.999302843017464e-05,,,,
log_cosh,log_cosh,32,100.0,0.1,medium,1.0,100000,7,torch,cuda,0.07106160714900607,0.00024458804244267086,720.4208963586124,0.0036490675375944193,31.83364944117824,0.00223077089547985,5.065188358692444e-06,7.007587677315592e-05,,,,
log_cosh,log_cosh,32,100.0,0.1,medium,1.0,100000,8,torch,cuda,0.06091863930445667,0.00025339656604804115,719.6945768320884,0.003642426335318305,31.824950176637742,0.0022297326432259013,5.06107236676888e-06,7.006240798022418e-05,,,,
log_cosh,log_cosh,32,100.0,0.1,medium,1.0,100000,9,torch,cuda,0.10053625920316034,9.694443357007563e-05,720.514142004208,0.0036394592590340835,31.831403485041243,0.002226376845143818,5.051197536401483e-06,6.994277981459647e-05,,,,
log_cosh,log_cosh,32,100.0,0.1,medium,1.0,100000,10,torch,cuda,0.11688549298273287,0.0001471962370753556,721.7598649237664,0.0036310978584879194,31.834814616894043,0.0022210675187572804,5.030894671417401e-06,6.976850801507756e-05,,,,
log_cosh,log_cosh,32,100.0,0.1,medium,1.0,100000,11,torch,cuda,0.07970801576406236,0.00014932810903484355,720.2635174331608,0.0036211532058132434,31.835878106778708,0.0022150959526925362,5.02753939102473e-06,6.95786039028992e-05,,,,
log_cosh,log_cosh,32,100.0,0.1,medium,1.0,100000,12,torch,cuda,0.10516838012237485,0.0001936223038998461,720.9660987884356,0.0036307574886222937,31.836386046873596,0.0022210932855131205,5.03596146160504e-06,6.976587362155187e-05,,,,
log_cosh,log_cosh,32,100.0,0.1,medium,1.0,100000,13,torch,cuda,0.0842290479756327,0.000256068670544926,719.4672788337847,0.0036486565913946833,31.80360350697869,0.0022350457829389825,5.071330828705576e-06,7.027649500310695e-05,,,,
log_cosh,log_cosh,32,100.0,0.1,medium,1.0,100000,14,torch,cuda,0.07519166700229736,0.00017620536741429338,720.1763666227282,0.0036253863746651405,31.799104865951406,0.002219770894893003,5.034025750756601e-06,6.980608115386926e-05,,,,
log_cosh,log_cosh,32,100.0,0.1,medium,1.0,100000,15,torch,cuda,0.08680000460676364,0.00017100157162754282,719.1856931353457,0.0036302226665156923,31.805144291143698,0.0022228971924498353,5.047684765097948e-06,6.989112113755799e-05,,,,
log_cosh,log_cosh,32,100.0,0.1,medium,1.0,100000,16,torch,cuda,0.08444034092859255,0.00014909435693397124,722.1352847180733,0.0036279331645800994,31.888525612945525,0.0022146574626624727,5.023896825643231e-06,6.944997989381503e-05,,,,
log_cosh,log_cosh,32,100.0,0.1,medium,1.0,100000,17,torch,cuda,0.09682647344185777,0.0002003234079543972,719.7169785660633,0.0036222869197217733,31.793725233724768,0.0022154849729858483,5.032932427047476e-06,6.968308861887636e-05,,,,
log_cosh,log_cosh,32,100.0,0.1,medium,1.0,100000,18,torch,cuda,0.06186997299780904,0.00022453501732293523,720.8604868152851,0.0036336097956564117,31.812378420982363,0.002224462016073403,5.040656079943381e-06,6.992441705038387e-05,,,,
log_cosh,log_cosh,32,100.0,0.1,medium,1.0,100000,19,torch,cuda,0.11739917122377255,0.00015847595150484718,720.4601454706549,0.003627399179435997,31.829156349577406,0.002219079555960235,5.034836697408608e-06,6.971845347040427e-05,,,,
log_cosh,log_cosh,32,100.0,0.1,far,4.0,100000,0,torch,cuda,0.07515822110753567,0.0004930726318461648,717.9388792486079,0.029876814694944187,31.128848814146863,0.015187874969512904,4.1614705037583625e-05,0.0004879035219127859,,,,
log_cosh,log_cosh,32,100.0,0.1,far,4.0,100000,1,torch,cuda,0.09211422443372458,0.0004900639066167975,718.5228131028161,0.029845765171558014,31.138753462537238,0.015196268681393121,4.153767232897485e-05,0.00048801788741079886,,,,
log_cosh,log_cosh,32,100.0,0.1,far,4.0,100000,2,torch,cuda,0.06402125181892938,0.00037801376786923994,717.4634629174343,0.029838311127605266,31.116646663185577,0.015179974951024633,4.158861415224298e-05,0.000487840965491446,,,,
log_cosh,log_cosh,32,100.0,0.1,far,4.0,100000,3,torch,cuda,0.09321397208223879,0.00031502559571536,718.6122802226946,0.02987197409129294,31.149137672137613,0.015188131478623745,4.156897246737247e-05,0.0004875939629047669,,,,
log_cosh,log_cosh,32,100.0,0.1,far,4.0,100000,4,torch,cuda,0.08049532814081405,0.0005027042191716977,717.1396163074096,0.029811519647410023,31.083579713686618,0.015169465358610523,4.1570035972787476e-05,0.00048802182690467776,,,,
log_cosh,log_cosh,32,100.0,0.1,far,4.0,100000,5,torch,cuda,0.11772982116976988,0.0005820403800854752,717.1234266655574,0.029818920442266972,31.078302890762984,0.015170478192771952,4.1581294563081575e-05,0.0004881372784767113,,,,
log_cosh,log_cosh,32,100.0,0.1,far,4.0,100000,6,torch,cuda,0.07273939876897334,0.00044477674258672033,717.5731663826591,0.02986456076723698,31.119384926513817,0.015198495786762578,4.1618837167206936e-05,0.0004883931935882644,,,,
log_cosh,log_cosh,32,100.0,0.1,far,4.0,100000,7,torch,cuda,0.07083753249877776,0.0006200867128342923,717.6442561743061,0.029925144763183198,31.126275804802162,0.015233018951164468,4.169913505991301e-05,0.0004893942033635234,,,,
log_cosh,log_cosh,32,100.0,0.1,far,4.0,100000,8,torch,cuda,0.06075660594797,0.0004912404735080789,716.9187179700348,0.029907736430686782,31.117757406619262,0.015228453489498861,4.171705338559293e-05,0.0004893814580050527,,,,
log_cosh,log_cosh,32,100.0,0.1,far,4.0,100000,9,torch,cuda,0.1004122750125447,0.0004005949416388587,717.7383682141863,0.02983985284299706,31.125891915333,0.015175417418333836,4.1574833065204485e-05,0.00048754964065329283,,,,
log_cosh,log_cosh,32,100.0,0.1,far,4.0,100000,10,torch,cuda,0.11674127414436487,0.00046910344184645337,718.9830203944148,0.029861174485631636,31.12803667199381,0.015193741247230719,4.153251695603409e-05,0.00048810470789828746,,,,
log_cosh,log_cosh,32,100.0,0.1,far,4.0,100000,11,torch,cuda,0.07953478094979863,0.0004370239259187725,717.4857942018843,0.02985611556141521,31.129022284343932,0.015184257999692363,4.1612134766551726e-05,0.00048778461016198225,,,,
log_cosh,log_cosh,32,100.0,0.1,far,4.0,100000,12,torch,cuda,0.10503422876058534,0.0005609262920750486,718.1894810663453,0.02986796707227768,31.129558572603685,0.015192740652707926,4.158786484582127e-05,0.0004880487019201956,,,,
log_cosh,log_cosh,32,100.0,0.1,far,4.0,100000,13,torch,cuda,0.08407969053021523,0.0006068236594828261,716.6922753121908,0.029867195364204235,31.097531153985074,0.015204168947661856,4.1673667197255756e-05,0.0004889188428616938,,,,
log_cosh,log_cosh,32,100.0,0.1,far,4.0,100000,14,torch,cuda,0.07501489215070019,0.0005533807440682899,717.4023730513854,0.0298319756930141,31.093198649403064,0.015184911826395364,4.158332452418209e-05,0.0004883676329867365,,,,
log_cosh,log_cosh,32,100.0,0.1,far,4.0,100000,15,torch,cuda,0.08661633435425833,0.0006745179506479522,716.4095319854168,0.02988097291017766,31.098052014879727,0.015208284005950645,4.170934580862879e-05,0.0004890429792410733,,,,
log_cosh,log_cosh,32,100.0,0.1,far,4.0,100000,16,torch,cuda,0.08432458390424984,0.0004001411568541476,719.3536072338575,0.029865267522836803,31.18160723697781,0.015178128850095618,4.15168106790737e-05,0.0004867654426772491,,,,
log_cosh,log_cosh,32,100.0,0.1,far,4.0,100000,17,torch,cuda,0.09661518119624002,0.0006766475134713329,716.942679350499,0.029829849332600133,31.087526320424104,0.015180466266826897,4.160702130276849e-05,0.0004883137407061406,,,,
log_cosh,log_cosh,32,100.0,0.1,far,4.0,100000,18,torch,cuda,0.061680643860138384,0.000547944331097654,718.0859571905294,0.029842905058103497,31.10650448668747,0.015185698721950303,4.1558959285128164e-05,0.00048818403007799436,,,,
log_cosh,log_cosh,32,100.0,0.1,far,4.0,100000,19,torch,cuda,0.11723660104211675,0.000641023981127074,717.6823688370787,0.029894909377617296,31.121353094405322,0.015218093519365539,4.165479141707012e-05,0.0004889920265742331,,,,
log_cosh,log_cosh,32,100.0,0.1,underdispersed,,100000,0,torch,cuda,0.0377074268036769,0.11306029939100154,180.43159135245673,1622.3093142161606,2.0144608129966413,17.9663890434027,8.991270885856826,8.918708632845794,,,,
log_cosh,log_cosh,32,100.0,0.1,underdispersed,,100000,1,torch,cuda,0.046178731091427665,0.1384777732270756,180.57686390742265,1623.6181278799354,2.015037771461114,17.971784263360625,8.991285443479208,8.918832449641474,,,,
log_cosh,log_cosh,32,100.0,0.1,underdispersed,,100000,2,torch,cuda,0.03210174807349462,0.09626177828134734,180.31194031696472,1621.2342502205731,2.013632120021774,17.959118426740005,8.991275050175025,8.918768353052396,,,,
log_cosh,log_cosh,32,100.0,0.1,underdispersed,,100000,3,torch,cuda,0.04667439008684895,0.14000034328606523,180.6000780183439,1623.8269507944074,2.015715309704947,17.977873734147177,8.991285987315422,8.918855578260558,,,,
log_cosh,log_cosh,32,100.0,0.1,underdispersed,,100000,4,torch,cuda,0.04036670858784867,0.12103585587447017,180.2300333340188,1620.497009582268,2.011517483642638,17.939965952564137,8.991270653426637,8.918622929429787,,,,
log_cosh,log_cosh,32,100.0,0.1,underdispersed,,100000,5,torch,cuda,0.059003312653693483,0.17694754774900026,180.22580472368773,1620.4606901391846,2.011179896485136,17.93725165366914,8.991280092346297,8.918770362122952,,,,
log_cosh,log_cosh,32,100.0,0.1,underdispersed,,100000,6,torch,cuda,0.036464007954401786,0.10934527335465576,180.3399156416681,1621.4851360900127,2.01385199041467,17.960937700837974,8.99127145712917,8.918697990878494,,,,
log_cosh,log_cosh,32,100.0,0.1,underdispersed,,100000,7,torch,cuda,0.035571369038805326,0.10662035313490706,180.35807500552798,1621.6463734956915,2.0144219304834667,17.965659222005844,8.991260155365863,8.918518484205558,,,,
log_cosh,log_cosh,32,100.0,0.1,underdispersed,,100000,8,torch,cuda,0.03050395908030551,0.09144306171304534,180.17629646915927,1620.0116225269753,2.0138545542305435,17.960770312842524,8.991258307966566,8.918603518368288,,,,
log_cosh,log_cosh,32,100.0,0.1,underdispersed,,100000,9,torch,cuda,0.05028662910248946,0.15081882123766271,180.3809494694682,1621.8555554058419,2.014199820241051,17.96421883927618,8.991279623352698,8.918786834727399,,,,
log_cosh,log_cosh,32,100.0,0.1,underdispersed,,100000,10,torch,cuda,0.05846356510999024,0.1753495023433431,180.69220567744767,1624.6560771965765,2.014396047543276,17.965833653718512,8.991290305552736,8.918719670657289,,,,
log_cosh,log_cosh,32,100.0,0.1,underdispersed,,100000,11,torch,cuda,0.03987617480635116,0.119573979474497,180.3180620543461,1621.2875598148241,2.0144554430787913,17.9662394398718,8.991265441429734,8.91865814237773,,,,
log_cosh,log_cosh,32,100.0,0.1,underdispersed,,100000,12,torch,cuda,0.05261351515296069,0.15778943699783757,180.49371935061544,1622.8687650673062,2.014501191575046,17.966742780827698,8.991275546351982,8.918705462159755,,,,
log_cosh,log_cosh,32,100.0,0.1,underdispersed,,100000,13,torch,cuda,0.04215378446183619,0.12638770901380827,180.11917775279187,1619.4979719708535,2.012495747918268,17.94863429714509,8.991257855915629,8.918594891796028,,,,
log_cosh,log_cosh,32,100.0,0.1,underdispersed,,100000,14,torch,cuda,0.037630698751657914,0.11281047800352288,180.29612555886524,1621.0916765694706,2.0121648929629266,17.945762303847143,8.991272949125005,8.918634037701496,,,,
log_cosh,log_cosh,32,100.0,0.1,underdispersed,,100000,15,torch,cuda,0.04343557932213895,0.13021593163702772,180.04860705142474,1618.8614823927785,2.0125788148747654,17.949160406469804,8.991246913287176,8.91848819723699,,,,
log_cosh,log_cosh,32,100.0,0.1,underdispersed,,100000,16,torch,cuda,0.042238708422635766,0.12667252174522278,180.78644290237557,1625.5027458836198,2.01774265737736,17.995944757462087,8.991286734710462,8.918850325964275,,,,
log_cosh,log_cosh,32,100.0,0.1,underdispersed,,100000,17,torch,cuda,0.04845607454250604,0.14528972594537148,180.18118678888405,1620.057788477783,2.011795265768832,17.94255122578519,8.991270494715875,8.918676532886773,,,,
log_cosh,log_cosh,32,100.0,0.1,underdispersed,,100000,18,torch,cuda,0.030982578805824973,0.09286361445952684,180.46726244270874,1622.6321627016139,2.0130045048236265,17.95342446527958,8.99128263341799,8.918720461011887,,,,
log_cosh,log_cosh,32,100.0,0.1,underdispersed,,100000,19,torch,cuda,0.05872713037527562,0.17611715330457003,180.36728371863452,1621.7299534037406,2.0140594338917626,17.96259369997243,8.991264490812934,8.918601605148936,,,,
log_cosh,log_cosh,32,100.0,0.1,overdispersed,,100000,0,torch,cuda,0.15064835381987607,0.1129566233298293,2881.0096739889495,1619.862180939153,507.29904346483085,284.44888797560714,0.5622550300903176,0.5607124469086978,,,,
log_cosh,log_cosh,32,100.0,0.1,overdispersed,,100000,1,torch,cuda,0.18454710399354096,0.13838315980694874,2883.336612298354,1621.1712367540433,507.4439023253445,284.52909771197125,0.5622552808573335,0.5607104478113272,,,,
log_cosh,log_cosh,32,100.0,0.1,overdispersed,,100000,2,torch,cuda,0.1282851745054496,0.09619450539218127,2879.098278098905,1618.7871418820534,507.09089554647534,284.33182315695126,0.5622549095305469,0.5607117494202615,,,,
log_cosh,log_cosh,32,100.0,0.1,overdispersed,,100000,3,torch,cuda,0.18658704086324526,0.13991851958249446,2883.7021939812403,1621.3758133553185,507.6153094724871,284.625134210639,0.562254943225204,0.5607103034508965,,,,
log_cosh,log_cosh,32,100.0,0.1,overdispersed,,100000,4,torch,cuda,0.16128729144350032,0.12093685383809469,2877.7986371649,1618.0581288191659,506.5605846691381,284.03602871526317,0.5622555059700829,0.5607148232837388,,,,
log_cosh,log_cosh,32,100.0,0.1,overdispersed,,100000,5,torch,cuda,0.2358210730100157,0.17683346392945845,2877.7304770787723,1618.0192802452261,506.47210129958614,283.9846181571948,0.5622553234685487,0.5607112759587393,,,,
log_cosh,log_cosh,32,100.0,0.1,overdispersed,,100000,6,torch,cuda,0.1457044766583307,0.1092523357620342,2879.543928957098,1619.0376734038098,507.1427586615838,284.3608173136913,0.5622548963822152,0.5607115796430906,,,,
log_cosh,log_cosh,32,100.0,0.1,overdispersed,,100000,7,torch,cuda,0.14205327028085582,0.10650563427648346,2879.8295832273175,1619.1980001360619,507.2670442086026,284.4283199413312,0.5622547978417136,0.5607072708322172,,,,
log_cosh,log_cosh,32,100.0,0.1,overdispersed,,100000,8,torch,cuda,0.12183110350819518,0.09134452191560055,2876.921497350603,1617.5619657391278,507.1216773493067,284.3456962643298,0.5622544679195324,0.5607050713165861,,,,
log_cosh,log_cosh,32,100.0,0.1,overdispersed,,100000,9,torch,cuda,0.20105238508601814,0.15077612279916555,2880.2002558663053,1619.406535205801,507.2401015539162,284.41648314702894,0.562254840408212,0.5607137177753234,,,,
log_cosh,log_cosh,32,100.0,0.1,overdispersed,,100000,10,torch,cuda,0.23371702891796664,0.17526387486673084,2885.1797143217373,1622.2075706502421,507.2739843759888,284.43312883342145,0.5622552947387539,0.5607090794993365,,,,
log_cosh,log_cosh,32,100.0,0.1,overdispersed,,100000,11,torch,cuda,0.15936055409506805,0.11949811467850809,2879.1917036539376,1618.8392855278366,507.29644395084824,284.4475840541468,0.5622547756974268,0.5607127498053324,,,,
log_cosh,log_cosh,32,100.0,0.1,overdispersed,,100000,12,torch,cuda,0.21029962198159,0.1576991103208939,2882.001396891101,1620.4195203464765,507.30358302806,284.45040860664557,0.5622549392566119,0.5607104268981913,,,,
log_cosh,log_cosh,32,100.0,0.1,overdispersed,,100000,13,torch,cuda,0.16843886272902103,0.12630371195662987,2876.0170621143643,1617.054866005608,506.7933279921848,284.16421771631724,0.562254962707626,0.5607102580496074,,,,
log_cosh,log_cosh,32,100.0,0.1,overdispersed,,100000,14,torch,cuda,0.15034155107432126,0.11273144000221713,2878.8531988529753,1618.6508252394792,506.7179028352624,284.12309282178063,0.5622554237515133,0.5607125606417562,,,,
log_cosh,log_cosh,32,100.0,0.1,overdispersed,,100000,15,torch,cuda,0.1735356570241296,0.13012303767017241,2874.886582905155,1616.4190579984045,506.8076352022773,284.17184369444647,0.5622548964575036,0.5607094762513348,,,,
log_cosh,log_cosh,32,100.0,0.1,overdispersed,,100000,16,torch,cuda,0.16887235845268886,0.12664464638098624,2886.6756757113762,1623.0471859258275,508.13730932636514,284.919967772494,0.5622547761711585,0.5607145205499884,,,,
log_cosh,log_cosh,32,100.0,0.1,overdispersed,,100000,17,torch,cuda,0.19359006118038094,0.14515391805657388,2877.0153249926284,1617.6171010458615,506.6236459282251,284.0696946315522,0.5622552952685458,0.5607114806319111,,,,
log_cosh,log_cosh,32,100.0,0.1,overdispersed,,100000,18,torch,cuda,0.12374736936162609,0.09278601692241019,2881.5890795782097,1620.1892700557955,506.93050271978876,284.24183720002486,0.5622554865778953,0.5607116472080643,,,,
log_cosh,log_cosh,32,100.0,0.1,overdispersed,,100000,19,torch,cuda,0.2347639925631155,0.17605310128270946,2879.9792704632882,1619.2824620211293,507.1807927638303,284.3802561955262,0.5622549018419299,0.5607078585248169,,,,
log_cosh,log_cosh,32,100.0,1.0,optimum,0.0,100000,0,torch,cuda,0.07700280869997898,0.0007852467033966629,747.0233695450878,0.07044965251331882,32.04270208528943,0.02965825499512504,9.430716010426862e-05,0.0009255853303564224,,,,
log_cosh,log_cosh,32,100.0,1.0,optimum,0.0,100000,1,torch,cuda,0.09416587600754929,0.0007805288367350915,747.6116532096345,0.07062879090566265,32.049000798830505,0.029822644268030864,9.44725655391275e-05,0.0009305327319009308,,,,
log_cosh,log_cosh,32,100.0,1.0,optimum,0.0,100000,2,torch,cuda,0.06551416238115364,0.0008479747906366869,746.5319269006386,0.07060123674964257,32.028104395791274,0.029772555436943005,9.457229383712534e-05,0.0009295759458326024,,,,
log_cosh,log_cosh,32,100.0,1.0,optimum,0.0,100000,3,torch,cuda,0.09452773287680713,0.0009075461900245909,747.7064115379834,0.07068605720996925,32.059299942115025,0.02975851242483814,9.4537182133523e-05,0.0009282333824683916,,,,
log_cosh,log_cosh,32,100.0,1.0,optimum,0.0,100000,4,torch,cuda,0.08232528368532886,0.0010886211104338304,746.1888117474401,0.0700309522065888,31.99776541626926,0.02947845728579315,9.385151734262658e-05,0.0009212661228775942,,,,
log_cosh,log_cosh,32,100.0,1.0,optimum,0.0,100000,5,torch,cuda,0.12001335153384808,0.0007584715307908562,746.1581536840137,0.07092565524726087,31.988806327112684,0.029905803826130437,9.505445313045091e-05,0.0009348833939071755,,,,
log_cosh,log_cosh,32,100.0,1.0,optimum,0.0,100000,6,torch,cuda,0.07423006533215484,0.0005396986790608227,746.648210284864,0.07036408904353578,32.03245645341531,0.029696497962460443,9.423994871251376e-05,0.0009270752621063564,,,,
log_cosh,log_cosh,32,100.0,1.0,optimum,0.0,100000,7,torch,cuda,0.07292430837091314,0.0008110169417337986,746.7231198162012,0.07032770598739527,32.04055227309327,0.02959886052476661,9.418177115596174e-05,0.0009237937059412949,,,,
log_cosh,log_cosh,32,100.0,1.0,optimum,0.0,100000,8,torch,cuda,0.062450608371198965,0.00044910667579823037,745.9841536301435,0.07056045865466304,32.0292679875718,0.02973850428044841,9.458707441880419e-05,0.0009284790489744485,,,,
log_cosh,log_cosh,32,100.0,1.0,optimum,0.0,100000,9,torch,cuda,0.10198555250728646,0.0011184422808818751,746.8147151276173,0.07042461469906867,32.0381333640954,0.029619898788789456,9.429998267647199e-05,0.000924520116455473,,,,
log_cosh,log_cosh,32,100.0,1.0,optimum,0.0,100000,10,torch,cuda,0.11841069795026014,0.000808574131084995,748.060271458695,0.07028226899575117,32.03914693783466,0.029605920460079756,9.39526822600843e-05,0.0009240545797777926,,,,
log_cosh,log_cosh,32,100.0,1.0,optimum,0.0,100000,11,torch,cuda,0.08133856590878012,0.0007742485218823192,746.5682200175295,0.07016329544394065,32.04308676502023,0.02947529341693182,9.398109049202926e-05,0.0009198643574222838,,,,
log_cosh,log_cosh,32,100.0,1.0,optimum,0.0,100000,12,torch,cuda,0.1065325608874752,0.0008168724852363422,747.2678866085951,0.07023057635465425,32.0419447647359,0.029541546369808346,9.398313190385996e-05,0.0009219648366138064,,,,
log_cosh,log_cosh,32,100.0,1.0,optimum,0.0,100000,13,torch,cuda,0.08578356669047765,0.0011033372440182587,745.7514410614062,0.07004534607016322,32.01101579159145,0.029505549064257862,9.392586083436824e-05,0.0009217311083270368,,,,
log_cosh,log_cosh,32,100.0,1.0,optimum,0.0,100000,14,torch,cuda,0.07692000828231281,0.0010428117214560332,746.4577980371256,0.07037902713269341,32.00672186599031,0.02966812496270429,9.428400013739699e-05,0.0009269341948520206,,,,
log_cosh,log_cosh,32,100.0,1.0,optimum,0.0,100000,15,torch,cuda,0.08844873038806074,0.0007534864160915622,745.4708853843115,0.07010374471648713,32.01320810490433,0.029536380240060753,9.40395474738717e-05,0.0009226310635058118,,,,
log_cosh,log_cosh,32,100.0,1.0,optimum,0.0,100000,16,torch,cuda,0.08570232099262434,0.0007074090939567795,748.4814242608305,0.07006982563123072,32.0945537882726,0.02945466311702504,9.361598479271387e-05,0.0009177464597681312,,,,
log_cosh,log_cosh,32,100.0,1.0,optimum,0.0,100000,17,torch,cuda,0.0987549551152511,0.0010078426426520298,745.9907094147487,0.07039326990456984,31.999591042874556,0.029662422639129986,9.43621267881411e-05,0.0009269625539709828,,,,
log_cosh,log_cosh,32,100.0,1.0,optimum,0.0,100000,18,torch,cuda,0.06355664102688505,0.0008297061544821127,747.1492392058175,0.07052318553872802,32.01854353093813,0.02970860920875996,9.438969062417927e-05,0.0009278563586146202,,,,
log_cosh,log_cosh,32,100.0,1.0,optimum,0.0,100000,19,torch,cuda,0.11915685749534048,0.0006964218101412698,746.7573618736503,0.07053998152275137,32.034446760490496,0.02973795296116419,9.446171557755139e-05,0.0009283117384078357,,,,
log_cosh,log_cosh,32,100.0,1.0,near,0.25,100000,0,torch,cuda,0.07698050144839666,0.0008191043772978525,746.7217961304976,0.07850810180393353,31.96168948032941,0.032900250276197696,0.00010513701650435472,0.0010293651809753647,,,,
log_cosh,log_cosh,32,100.0,1.0,near,0.25,100000,1,torch,cuda,0.09417082625178025,0.0008035344418778576,747.3161481695408,0.0785181130431809,31.969525143689786,0.033018582751676684,0.000105066795673426,0.001032814300596328,,,,
log_cosh,log_cosh,32,100.0,1.0,near,0.25,100000,2,torch,cuda,0.06553738487649383,0.0006802230127193334,746.2335201546758,0.07850822947828107,31.947774728391,0.03298067573703056,0.00010520598091333158,0.001032330921869236,,,,
log_cosh,log_cosh,32,100.0,1.0,near,0.25,100000,3,torch,cuda,0.09451226567852002,0.0010944392586607948,747.4062877509458,0.07878157610102221,31.978588418525952,0.033030214884989695,0.0001054066274155753,0.0010328853310440217,,,,
log_cosh,log_cosh,32,100.0,1.0,near,0.25,100000,4,torch,cuda,0.0823203634558713,0.0009293346681167623,745.8888469493639,0.07795135350438187,31.917155630693102,0.032678630056855784,0.00010450800253040081,0.0010238578410612007,,,,
log_cosh,log_cosh,32,100.0,1.0,near,0.25,100000,5,torch,cuda,0.12000703757852241,0.0007096416571896776,745.8594704731622,0.07895400580657963,31.90802835437508,0.033181667724794695,0.00010585640986296302,0.001039915953322919,,,,
log_cosh,log_cosh,32,100.0,1.0,near,0.25,100000,6,torch,cuda,0.07421725512461974,0.0006863513969501488,746.3458636780633,0.07857451710647467,31.951419347205917,0.03301837592382961,0.0001052789610426083,0.001033393088583309,,,,
log_cosh,log_cosh,32,100.0,1.0,near,0.25,100000,7,torch,cuda,0.07291328972607866,0.0010761334651039,746.4204256374688,0.0785846989085286,31.95880584258378,0.03293614958875102,0.00010528208528245264,0.0010305813599851396,,,,
log_cosh,log_cosh,32,100.0,1.0,near,0.25,100000,8,torch,cuda,0.06235598756387734,0.000617708810179491,745.6828786048815,0.07855905696582255,31.948066950269354,0.0329762639397424,0.0001053518314820381,0.001032183386590292,,,,
log_cosh,log_cosh,32,100.0,1.0,near,0.25,100000,9,torch,cuda,0.10196763516496767,0.0009987041233620465,746.513742247741,0.0785889871297556,31.956770852826168,0.03292813184619936,0.00010527466901429758,0.0010303960934553338,,,,
log_cosh,log_cosh,32,100.0,1.0,near,0.25,100000,10,torch,cuda,0.11840136342233273,0.0008723276561526684,747.7614979877656,0.07825663022404683,31.95918495187911,0.032815127986803194,0.0001046545328084373,0.0010267823799703553,,,,
log_cosh,log_cosh,32,100.0,1.0,near,0.25,100000,11,torch,cuda,0.0813387918267695,0.0008234318328373799,746.2709119134726,0.07807726614383625,31.963070303006713,0.03269683850300309,0.0001046232204651292,0.001022956749556295,,,,
log_cosh,log_cosh,32,100.0,1.0,near,0.25,100000,12,torch,cuda,0.10649581000770551,0.000998827468018781,746.9707351175217,0.07826076821734773,31.961698023294087,0.03280793010256344,0.00010477086254930038,0.0010264764431055138,,,,
log_cosh,log_cosh,32,100.0,1.0,near,0.25,100000,13,torch,cuda,0.08572778141622456,0.0009852797136300038,745.4496606791377,0.07839872010440985,31.929272830188964,0.0329131127092841,0.00010516970392472262,0.0010308131000767709,,,,
log_cosh,log_cosh,32,100.0,1.0,near,0.25,100000,14,torch,cuda,0.0768882367272969,0.0009693243709313499,746.158012944903,0.07833229423857091,31.926023855976382,0.03289334005743472,0.00010498083901747904,0.0010302986743924662,,,,
log_cosh,log_cosh,32,100.0,1.0,near,0.25,100000,15,torch,cuda,0.08843903997429589,0.0005196470906665322,745.171973067077,0.07809790052192511,31.932452326228077,0.032771944685176635,0.00010480520382493651,0.0010262896300720077,,,,
log_cosh,log_cosh,32,100.0,1.0,near,0.25,100000,16,torch,cuda,0.08567697002512684,0.0007662344687737072,748.1818728469303,0.07817857057120392,32.014419895707405,0.03272448593732458,0.0001044913989612234,0.0010221795692044503,,,,
log_cosh,log_cosh,32,100.0,1.0,near,0.25,100000,17,torch,cuda,0.09871049789632497,0.0009456732153736735,745.6920033478486,0.07833636029002378,31.919789381167313,0.03286195596330277,0.00010505189801999475,0.0010295166916950691,,,,
log_cosh,log_cosh,32,100.0,1.0,near,0.25,100000,18,torch,cuda,0.0634769393583879,0.0009305764846601574,746.8492814532894,0.0785402981195773,31.93762287403276,0.03295633290811595,0.00010516217939815945,0.0010318968646508588,,,,
log_cosh,log_cosh,32,100.0,1.0,near,0.25,100000,19,torch,cuda,0.11914058139986748,0.000689222277570047,746.4602379291719,0.07849918538357059,31.954853804553796,0.032951453902044125,0.00010516191137165301,0.0010311877533092737,,,,
log_cosh,log_cosh,32,100.0,1.0,medium,1.0,100000,0,torch,cuda,0.07670672025751218,0.001097044942844178,742.6056132581429,0.23058309912062214,30.885129349798817,0.0937250221657635,0.0003105054621240351,0.0030346326578157595,,,,
log_cosh,log_cosh,32,100.0,1.0,medium,1.0,100000,1,torch,cuda,0.09398381189872515,0.0010156814139163793,743.2184273518981,0.2300068804760258,30.898236188903283,0.09376570522770322,0.0003094741357470708,0.0030346620646707987,,,,
log_cosh,log_cosh,32,100.0,1.0,medium,1.0,100000,2,torch,cuda,0.06544218610882506,0.0007794399438545358,742.1292224384572,0.23017710258056923,30.874088113053958,0.09375137687398549,0.0003101577132675936,0.0030365715266047395,,,,
log_cosh,log_cosh,32,100.0,1.0,medium,1.0,100000,3,torch,cuda,0.09439767652035916,0.0018475634015987985,743.2961655363323,0.231185089386031,30.903987877475725,0.09407360367838535,0.0003110268828296958,0.0030440603345871296,,,,
log_cosh,log_cosh,32,100.0,1.0,medium,1.0,100000,4,torch,cuda,0.08209908666719365,0.001054375681739211,741.7815405835026,0.22943811609798104,30.842760867089503,0.09334841995240595,0.0003093068559208142,0.0030265909188438626,,,,
log_cosh,log_cosh,32,100.0,1.0,medium,1.0,100000,5,torch,cuda,0.11975095199548734,0.0010531349627999152,741.7567426302323,0.23078168450831527,30.833696300717953,0.09409873565234861,0.0003111285294016674,0.0030518149603152686,,,,
log_cosh,log_cosh,32,100.0,1.0,medium,1.0,100000,6,torch,cuda,0.07401650438502216,0.0014077707248618758,742.2288562607363,0.230927971122469,30.87508979851237,0.09405445554351743,0.0003111277191321523,0.003046289295263821,,,,
log_cosh,log_cosh,32,100.0,1.0,medium,1.0,100000,7,torch,cuda,0.07257959956735448,0.001961434505808176,742.3014483680643,0.2316375473703829,30.879600386214634,0.09425174375691725,0.0003120532067930538,0.0030522332730378663,,,,
log_cosh,log_cosh,32,100.0,1.0,medium,1.0,100000,8,torch,cuda,0.06194591829665306,0.001994874753290389,741.5709585932116,0.23111360529787817,30.871801702317242,0.09413117099699164,0.00031165406711221473,0.003049098718132999,,,,
log_cosh,log_cosh,32,100.0,1.0,medium,1.0,100000,9,torch,cuda,0.10176777699474815,0.0007945242829495304,742.4022552928213,0.23102200042433196,30.880538418591435,0.09402853177338244,0.0003111817061132328,0.003044912316579725,,,,
log_cosh,log_cosh,32,100.0,1.0,medium,1.0,100000,10,torch,cuda,0.11822850607342285,0.0011882164788996497,743.6567214472616,0.23036627353064887,30.886544644438267,0.0937375778209173,0.0003097750170029034,0.003034900112654609,,,,
log_cosh,log_cosh,32,100.0,1.0,medium,1.0,100000,11,torch,cuda,0.08114923020458417,0.0012439941845444617,742.1662415491226,0.22972327999002573,30.889034690942808,0.09347966492592619,0.00030953075891800827,0.0030263058027299255,,,,
log_cosh,log_cosh,32,100.0,1.0,medium,1.0,100000,12,torch,cuda,0.10625317284152251,0.0015632720009703227,742.8680715335975,0.23037261174692958,30.887675979869663,0.09377617093471002,0.0003101124150770701,0.003036038418553293,,,,
log_cosh,log_cosh,32,100.0,1.0,medium,1.0,100000,13,torch,cuda,0.08536677073724487,0.00196233354562523,741.3369233515393,0.23157088522293634,30.851988127950484,0.09439506741219361,0.00031236928571696984,0.0030596105191248927,,,,
log_cosh,log_cosh,32,100.0,1.0,medium,1.0,100000,14,torch,cuda,0.07656254493025075,0.0013432298462528938,742.0506242847193,0.22999021227417416,30.851182709174473,0.09368940403225778,0.00030993870869102405,0.0030368172564222825,,,,
log_cosh,log_cosh,32,100.0,1.0,medium,1.0,100000,15,torch,cuda,0.0881517687193995,0.0012937200912041592,741.063893406895,0.23025180132617606,30.856497586855905,0.09379579235841717,0.00031070438510725286,0.0030397420217378084,,,,
log_cosh,log_cosh,32,100.0,1.0,medium,1.0,100000,16,torch,cuda,0.0854745088539204,0.0012049601120414394,744.0696228957166,0.23028304545016454,30.940438111470133,0.09354622170210192,0.00030949126044679196,0.003023429124212135,,,,
log_cosh,log_cosh,32,100.0,1.0,medium,1.0,100000,17,torch,cuda,0.09834862874190944,0.0016075944340187371,741.5872914533717,0.22983452903190482,30.8472730957524,0.09351277548082138,0.0003099224213800541,0.003031476240721514,,,,
log_cosh,log_cosh,32,100.0,1.0,medium,1.0,100000,18,torch,cuda,0.06300536670485618,0.0017782665858947972,742.7417003619206,0.23058133221877597,30.86269859731818,0.09390317294737471,0.0003104461915985316,0.003042610569236951,,,,
log_cosh,log_cosh,32,100.0,1.0,medium,1.0,100000,19,torch,cuda,0.11888290332469917,0.0012892464508297945,742.3539822779923,0.2301772719465589,30.880825775393582,0.09369507095216889,0.0003100640360818641,0.003034085669652878,,,,
log_cosh,log_cosh,32,100.0,1.0,far,4.0,100000,0,torch,cuda,0.07489695698959573,0.0044562755790190384,716.3301462749314,2.402977883204585,25.875688829332205,0.8471157737783415,0.0033545675771159142,0.03273790233626811,,,,
log_cosh,log_cosh,32,100.0,1.0,far,4.0,100000,1,torch,cuda,0.09213183902309838,0.004378306561888018,716.9429324494486,2.3999492882830964,25.89006937833392,0.8470382591382872,0.0033474760398064405,0.03271672419105723,,,,
log_cosh,log_cosh,32,100.0,1.0,far,4.0,100000,2,torch,cuda,0.06400663403116756,0.003367280405028289,715.8662231603685,2.3996316595857934,25.86921071202096,0.8464766858737676,0.0033520671627612574,0.03272139592107559,,,,
log_cosh,log_cosh,32,100.0,1.0,far,4.0,100000,3,torch,cuda,0.09340887180530826,0.0028891904245763873,717.0124350845545,2.402465981826026,25.896014666905785,0.8471436141439881,0.003350661528684245,0.03271328136937644,,,,
log_cosh,log_cosh,32,100.0,1.0,far,4.0,100000,4,torch,cuda,0.08036907721814529,0.004529377420954224,715.5473715585122,2.397569726139409,25.841852647692633,0.8458195257679222,0.003350679244222971,0.032730607100781677,,,,
log_cosh,log_cosh,32,100.0,1.0,far,4.0,100000,5,torch,cuda,0.11769850310035819,0.005283374581694714,715.5274280910835,2.398179183524917,25.83460424515846,0.8460427919738436,0.0033516243953399354,0.03274843244917895,,,,
log_cosh,log_cosh,32,100.0,1.0,far,4.0,100000,6,torch,cuda,0.07272190165141426,0.003975036530999925,715.961782743374,2.4020262899393856,25.8687876238468,0.8474314390333575,0.003354964395914351,0.032758838618790316,,,,
log_cosh,log_cosh,32,100.0,1.0,far,4.0,100000,7,torch,cuda,0.07049093563575141,0.005568186924931347,716.0310399907175,2.40679593555069,25.86651818909303,0.8495101737862569,0.0033613011184290154,0.032842076679050855,,,,
log_cosh,log_cosh,32,100.0,1.0,far,4.0,100000,8,torch,cuda,0.06040265027202044,0.004469103869428607,715.307880103679,2.4051057297092484,25.860053387630728,0.8489771807231818,0.0033623364101072737,0.03282967625771651,,,,
log_cosh,log_cosh,32,100.0,1.0,far,4.0,100000,9,torch,cuda,0.10058603565139361,0.003645292756207106,716.1390621395949,2.4001380108275043,25.87862268200496,0.8463979768341687,0.00335149712914229,0.03270645378753958,,,,
log_cosh,log_cosh,32,100.0,1.0,far,4.0,100000,10,torch,cuda,0.11686387360507014,0.004264006436267015,717.3845660939969,2.4013781276735244,25.877346647311583,0.8471716967768543,0.0033474070131568434,0.032737966079875024,,,,
log_cosh,log_cosh,32,100.0,1.0,far,4.0,100000,11,torch,cuda,0.07951503279879166,0.003949887393692165,715.8859601030399,2.401112511885003,25.878669821444873,0.8468061277317247,0.00335404330536026,0.03272216592175854,,,,
log_cosh,log_cosh,32,100.0,1.0,far,4.0,100000,12,torch,cuda,0.10498815370527209,0.005047613251828331,716.598377238759,2.402047433573898,25.877670700280305,0.8472627962700585,0.003352013498592636,0.032741076508902366,,,,
log_cosh,log_cosh,32,100.0,1.0,far,4.0,100000,13,torch,cuda,0.08395358475755627,0.005455631527906836,715.0814064868482,2.402234686544034,25.84720992082066,0.8478622702203893,0.003359386308680669,0.03280285465308239,,,,
log_cosh,log_cosh,32,100.0,1.0,far,4.0,100000,14,torch,cuda,0.07489245744706384,0.004955855836282626,715.804712544872,2.399112353945384,25.847872867273793,0.8466359360487559,0.0033516297279126803,0.03275456902763897,,,,
log_cosh,log_cosh,32,100.0,1.0,far,4.0,100000,15,torch,cuda,0.0864408041737737,0.005999479600422232,714.7989683771848,2.402998103745631,25.845014290661993,0.8480542937619475,0.0033617817177341225,0.032813071187519374,,,,
log_cosh,log_cosh,32,100.0,1.0,far,4.0,100000,16,torch,cuda,0.08437728415133794,0.0036283780408984953,717.7509076373826,2.4020749427600094,25.92892880120104,0.8465563404187719,0.0033466693210697685,0.03264910582729353,,,,
log_cosh,log_cosh,32,100.0,1.0,far,4.0,100000,17,torch,cuda,0.09636831488264674,0.006084803326042076,715.338789530957,2.398902014063424,25.842510431493793,0.8463589686209616,0.003353518709136923,0.03275064823383101,,,,
log_cosh,log_cosh,32,100.0,1.0,far,4.0,100000,18,torch,cuda,0.06121319742868147,0.004954312002346469,716.490721525337,2.4000768935438828,25.859141829559064,0.8467502129614104,0.0033497668866309385,0.03274471436610117,,,,
log_cosh,log_cosh,32,100.0,1.0,far,4.0,100000,19,torch,cuda,0.11735136078747033,0.00573181972801564,716.0741261398616,2.404044344988506,25.865312204369502,0.8484254166339724,0.0033572562633256697,0.032801669275449356,,,,
log_cosh,log_cosh,32,100.0,1.0,underdispersed,,100000,0,torch,cuda,0.03863840706454521,0.11536515602454059,187.92936672789213,1677.1870986395807,2.0884892495562988,17.75643340827246,8.924561008434749,8.502046832199317,,,,
log_cosh,log_cosh,32,100.0,1.0,underdispersed,,100000,1,torch,cuda,0.04720071834736175,0.14108077810296826,188.07619544271776,1678.5188996002416,2.0889892694947605,17.762032620619326,8.924674893859532,8.502692129632251,,,,
log_cosh,log_cosh,32,100.0,1.0,underdispersed,,100000,2,torch,cuda,0.03285184114441958,0.098163320940853,187.8061530080614,1676.093607616057,2.0875753520642153,17.7494046761535,8.924593687535426,8.502401917421908,,,,
log_cosh,log_cosh,32,100.0,1.0,underdispersed,,100000,3,torch,cuda,0.047342295650378355,0.1418168052197067,188.10151550715983,1678.7462507339742,2.08966788264306,17.768119738450185,8.924682218576145,8.5028438662591,,,,
log_cosh,log_cosh,32,100.0,1.0,underdispersed,,100000,4,torch,cuda,0.041284806292083476,0.1232843689846358,187.7175624492115,1675.2962459572493,2.085499889893342,17.730138666841928,8.924557852228206,8.501625319073353,,,,
log_cosh,log_cosh,32,100.0,1.0,underdispersed,,100000,5,torch,cuda,0.06014050293929774,0.1798633472150167,187.71077474147873,1675.2504865339242,2.08503451519052,17.727798390189122,8.924636792113466,8.502400445188432,,,,
log_cosh,log_cosh,32,100.0,1.0,underdispersed,,100000,6,torch,cuda,0.03723855480921065,0.11130615096175626,187.8353121549602,1676.3482581925166,2.0878614073440094,17.75104069667878,8.92456396489263,8.502020600716053,,,,
log_cosh,log_cosh,32,100.0,1.0,underdispersed,,100000,7,torch,cuda,0.036644931894378625,0.10911837354879392,187.8557841415945,1676.5132267669544,2.0886039400604033,17.75526815485581,8.9244695574734,8.501022053200915,,,,
log_cosh,log_cosh,32,100.0,1.0,underdispersed,,100000,8,torch,cuda,0.031363447540048904,0.09348538054367501,187.67132090806155,1674.863388502933,2.0879530091608958,17.75060868354165,8.924450365665797,8.501440696060131,,,,
log_cosh,log_cosh,32,100.0,1.0,underdispersed,,100000,9,torch,cuda,0.05104843581479895,0.15278054273983385,187.8771681923561,1676.7350486399591,2.0881384312281854,17.75452214496432,8.924634455439797,8.502559925838632,,,,
log_cosh,log_cosh,32,100.0,1.0,underdispersed,,100000,10,torch,cuda,0.05930172804230864,0.17753529803512566,188.18924075887386,1679.5360240004225,2.0884044920357807,17.755930709234118,8.924718635495243,8.502151176626517,,,,
log_cosh,log_cosh,32,100.0,1.0,underdispersed,,100000,11,torch,cuda,0.04076996953792604,0.12182510872403894,187.81591223509696,1676.1660775992805,2.0885166282807113,17.756187621344626,8.924515807271717,8.501817692474733,,,,
log_cosh,log_cosh,32,100.0,1.0,underdispersed,,100000,12,torch,cuda,0.05338797046221444,0.15970964604893423,187.9914425039789,1677.7478063657406,2.0885375214138655,17.756749057132406,8.92459669450236,8.502001460386367,,,,
log_cosh,log_cosh,32,100.0,1.0,underdispersed,,100000,13,torch,cuda,0.04302464143015035,0.12843531134293495,187.61019634054676,1674.3172826364364,2.0865449362655757,17.738613533433533,8.92444715316669,8.501428953253926,,,,
log_cosh,log_cosh,32,100.0,1.0,underdispersed,,100000,14,torch,cuda,0.0385834928431678,0.11504483272890985,187.7856276869489,1675.9074406554764,2.086158003841615,17.735918956446596,8.924577782115067,8.501714119345841,,,,
log_cosh,log_cosh,32,100.0,1.0,underdispersed,,100000,15,torch,cuda,0.04438777018702681,0.13237403334394923,187.54026205971934,1673.676673337266,2.086720171819175,17.738888102729124,8.92435925467732,8.500846611965512,,,,
log_cosh,log_cosh,32,100.0,1.0,underdispersed,,100000,16,torch,cuda,0.042901378325328886,0.1283161863049788,188.29599299681595,1680.4835090401855,2.091760597111864,17.786005516767144,8.92469076104345,8.502887730710983,,,,
log_cosh,log_cosh,32,100.0,1.0,underdispersed,,100000,17,torch,cuda,0.04956157844472067,0.14799166624475446,187.66908095364636,1674.8629667604034,2.085747340012874,17.732814334966015,8.924554637607509,8.501899532498774,,,,
log_cosh,log_cosh,32,100.0,1.0,underdispersed,,100000,18,torch,cuda,0.03191696381472747,0.09502237196742605,187.95939340002488,1677.4730855237824,2.086964009182875,17.74366736948124,8.92465683773355,8.502143444451903,,,,
log_cosh,log_cosh,32,100.0,1.0,underdispersed,,100000,19,torch,cuda,0.05968761688234064,0.17849680239405347,187.86353788106433,1676.5888284977075,2.088166289286026,17.7524128482487,8.924503644550489,8.501436374743175,,,,
log_cosh,log_cosh,32,100.0,1.0,overdispersed,,100000,0,torch,cuda,0.15290199080594413,0.11441457857447508,2952.3418562701554,1654.4262637314664,478.74873901667434,263.6123577064907,0.5603776067523522,0.5506277849377466,,,,
log_cosh,log_cosh,32,100.0,1.0,overdispersed,,100000,1,torch,cuda,0.18727307918214994,0.14021467512324473,2954.7096678338557,1655.7597415396601,478.8703468037209,263.6781654400735,0.5603798435984825,0.5506253774117063,,,,
log_cosh,log_cosh,32,100.0,1.0,overdispersed,,100000,2,torch,cuda,0.130300798206911,0.0975617710937043,2950.395190933794,1653.3323309762754,478.54420162273914,263.4990394547789,0.5603765678769966,0.5506263341218136,,,,
log_cosh,log_cosh,32,100.0,1.0,overdispersed,,100000,3,torch,cuda,0.18834966319185417,0.1410713791533067,2955.061246759589,1655.9481857612695,479.01194605548227,263.75115334669016,0.5603769422975992,0.5506149805210511,,,,
log_cosh,log_cosh,32,100.0,1.0,overdispersed,,100000,4,torch,cuda,0.16352062755206426,0.12239203287615806,2949.0812777400843,1652.6108983771246,478.09918134871646,263.26454254115646,0.5603816045529745,0.5506483859656232,,,,
log_cosh,log_cosh,32,100.0,1.0,overdispersed,,100000,5,torch,cuda,0.23878587724523048,0.17879214163083537,2948.967618115266,1652.5438272379652,477.95557217899625,263.1744532321744,0.5603804589397741,0.5506253479426212,,,,
log_cosh,log_cosh,32,100.0,1.0,overdispersed,,100000,6,torch,cuda,0.14755242285994846,0.11042817975226953,2950.8432476441644,1653.5824623486167,478.59870832910116,263.5299486946314,0.5603762462369938,0.5506282071146315,,,,
log_cosh,log_cosh,32,100.0,1.0,overdispersed,,100000,7,torch,cuda,0.14450007779664265,0.10807888695274662,2951.1295912820106,1653.7416644411562,478.6478081357884,263.54195782704284,0.5603758199323089,0.5505968132466161,,,,
log_cosh,log_cosh,32,100.0,1.0,overdispersed,,100000,8,torch,cuda,0.12377779850499215,0.0925770108511597,2948.179137110064,1652.0802939569646,478.4787072412936,263.4433094489239,0.5603731039140338,0.550585230778245,,,,
log_cosh,log_cosh,32,100.0,1.0,overdispersed,,100000,9,torch,cuda,0.2033352577429165,0.15238461796443248,2951.5104729954815,1653.9547094450945,478.7103180774408,263.5948990572473,0.5603756871533305,0.5506355077448021,,,,
log_cosh,log_cosh,32,100.0,1.0,overdispersed,,100000,10,torch,cuda,0.23594606976015334,0.17674483616317307,2956.4990785815935,1656.762775837557,478.6777340598801,263.56378065278227,0.5603799398552167,0.5506079809005944,,,,
log_cosh,log_cosh,32,100.0,1.0,overdispersed,,100000,11,torch,cuda,0.16175867997686286,0.12111684732946873,2950.5120345389287,1653.3939760878802,478.74821523809504,263.61175724760034,0.5603752693543083,0.5506271331298828,,,,
log_cosh,log_cosh,32,100.0,1.0,overdispersed,,100000,12,torch,cuda,0.2121547336592244,0.15889599318036057,2953.311635003353,1654.9672844346085,478.7215935504304,263.5908792028454,0.5603767867974182,0.5506141414009095,,,,
log_cosh,log_cosh,32,100.0,1.0,overdispersed,,100000,13,torch,cuda,0.17051729160152762,0.12766732705439687,2947.2901293881105,1651.594011341987,478.2485657944711,263.33229154991835,0.5603771392824757,0.5506180475679383,,,,
log_cosh,log_cosh,32,100.0,1.0,overdispersed,,100000,14,torch,cuda,0.152718148782415,0.11432215031944515,2950.1438296093124,1653.204769762393,478.21422203246516,263.32131681134126,0.5603810747021534,0.5506346417139071,,,,
log_cosh,log_cosh,32,100.0,1.0,overdispersed,,100000,15,torch,cuda,0.17569965240388116,0.13152519330635334,2946.1620565779604,1650.9605727565345,478.2514772977407,263.33118016340086,0.560376700619845,0.5506123716570585,,,,
log_cosh,log_cosh,32,100.0,1.0,overdispersed,,100000,16,torch,cuda,0.17086550070078443,0.1280669833163245,2958.0948944790707,1657.642012365283,479.56166268262734,264.0638825593805,0.5603748600016426,0.5506359309087167,,,,
log_cosh,log_cosh,32,100.0,1.0,overdispersed,,100000,17,torch,cuda,0.19611280057498204,0.14674522987514538,2948.2885643233744,1652.1622672757137,478.10777439990034,263.25953807556846,0.5603801090802932,0.5506280219057307,,,,
log_cosh,log_cosh,32,100.0,1.0,overdispersed,,100000,18,torch,cuda,0.1260263609221464,0.09430456608712515,2952.9011762502123,1654.751739044948,478.39829951507687,263.4197130502756,0.5603816857651364,0.5506284477124774,,,,
log_cosh,log_cosh,32,100.0,1.0,overdispersed,,100000,19,torch,cuda,0.23744210254478187,0.17790735023956392,2951.274440127138,1653.8254753661017,478.5783146456896,263.50700665937023,0.5603767148455555,0.5506037331726049,,,,
