target_name,kind,method,scheme,stl,seed,d,kappa,tau,dt,batch_size,n_steps,tail_mean_gap,tail_median_gap,tail_std_gap,final_gap,tail_steps,spd_fail
gaussian,gaussian,riemannian,riemannian,0,0,2,10.0,0.0,0.1,1,2000,0.0486996181067457,0.0321739594303273,0.0491766069792064,0.0271871028949508,400,0
gaussian,gaussian,riemannian,riemannian,0,1,2,10.0,0.0,0.1,1,2000,0.0492999729212302,0.0330194657192304,0.0488909881621593,0.0171846921985234,400,0
gaussian,gaussian,riemannian,riemannian,0,2,2,10.0,0.0,0.1,1,2000,0.0480274455026577,0.030507267082207,0.0492414779348484,0.0793307202092865,400,0
gaussian,gaussian,riemannian,riemannian,0,3,2,10.0,0.0,0.1,1,2000,0.0616155897698763,0.0426650334100602,0.0612988207216328,0.0383390942450365,400,0
gaussian,gaussian,riemannian,riemannian,0,4,2,10.0,0.0,0.1,1,2000,0.0612074941781704,0.0412429942629196,0.0659081063303912,0.0679304106659506,400,0
gaussian,gaussian,riemannian,riemannian,0,5,2,10.0,0.0,0.1,1,2000,0.073180706638193,0.0501870422652634,0.0700332290287966,0.0362054046903514,400,0
gaussian,gaussian,riemannian,riemannian,0,6,2,10.0,0.0,0.1,1,2000,0.0542623336635488,0.044984637566678,0.0452072144224912,0.1658196429621254,400,0
gaussian,gaussian,riemannian,riemannian,0,7,2,10.0,0.0,0.1,1,2000,0.0576781142429754,0.0446132046505812,0.0526338986016952,0.0473072401793335,400,0
gaussian,gaussian,riemannian,riemannian,0,8,2,10.0,0.0,0.1,1,2000,0.0565388578711411,0.0393613638973521,0.0582664908880759,0.0004308032081692,400,0
gaussian,gaussian,riemannian,riemannian,0,9,2,10.0,0.0,0.1,1,2000,0.0511121191981869,0.0360786282415462,0.0515587109784637,0.0083767978677893,400,0
gaussian,gaussian,riemannian,riemannian,0,10,2,10.0,0.0,0.1,1,2000,0.0672683461684897,0.0450675113640742,0.0657605317217371,0.0060731658961434,400,0
gaussian,gaussian,riemannian,riemannian,0,11,2,10.0,0.0,0.1,1,2000,0.0582586497615103,0.0411003328477885,0.0560205120799965,0.1031504770811801,400,0
gaussian,gaussian,riemannian,riemannian,0,12,2,10.0,0.0,0.1,1,2000,0.048911304200855,0.035968886512218,0.0456140321426214,0.0361546972588202,400,0
gaussian,gaussian,riemannian,riemannian,0,13,2,10.0,0.0,0.1,1,2000,0.0526398637781936,0.0385892263767252,0.0464846494234024,0.004024612219464,400,0
gaussian,gaussian,riemannian,riemannian,0,14,2,10.0,0.0,0.1,1,2000,0.0595685588411636,0.0414369078072582,0.0557231460137069,0.0669845429717848,400,0
gaussian,gaussian,riemannian,riemannian,0,15,2,10.0,0.0,0.1,1,2000,0.0704239982269008,0.0478916218059404,0.0779804688670839,0.0414332977468547,400,0
gaussian,gaussian,riemannian,riemannian,0,16,2,10.0,0.0,0.1,1,2000,0.052242830398001,0.0407527171842063,0.0484799735878637,0.0289806877429934,400,0
gaussian,gaussian,riemannian,riemannian,0,17,2,10.0,0.0,0.1,1,2000,0.0430709444827746,0.0313921733734687,0.0384405851341298,0.013861015678483,400,0
gaussian,gaussian,riemannian,riemannian,0,18,2,10.0,0.0,0.1,1,2000,0.0513468890981702,0.0309272442237154,0.0593471145867239,0.098067197189646,400,0
gaussian,gaussian,riemannian,riemannian,0,19,2,10.0,0.0,0.1,1,2000,0.0496082336781218,0.0370049889712816,0.0470371321170678,0.0612313424687409,400,0
gaussian,gaussian,kl,kl,0,0,2,10.0,0.0,0.1,1,2000,0.0486996181067455,0.032173959430327,0.0491766069792063,0.0271871028949508,400,0
gaussian,gaussian,kl,kl,0,1,2,10.0,0.0,0.1,1,2000,0.04929997292123,0.0330194657192304,0.0488909881621593,0.0171846921985234,400,0
gaussian,gaussian,kl,kl,0,2,2,10.0,0.0,0.1,1,2000,0.0480274455026576,0.0305072670822068,0.0492414779348483,0.0793307202092863,400,0
gaussian,gaussian,kl,kl,0,3,2,10.0,0.0,0.1,1,2000,0.0616155897698761,0.0426650334100601,0.0612988207216328,0.0383390942450365,400,0
gaussian,gaussian,kl,kl,0,4,2,10.0,0.0,0.1,1,2000,0.0612074941781702,0.0412429942629194,0.0659081063303911,0.0679304106659504,400,0
gaussian,gaussian,kl,kl,0,5,2,10.0,0.0,0.1,1,2000,0.0731807066381928,0.0501870422652633,0.0700332290287965,0.0362054046903512,400,0
gaussian,gaussian,kl,kl,0,6,2,10.0,0.0,0.1,1,2000,0.0542623336635486,0.0449846375666778,0.0452072144224912,0.165819642962125,400,0
gaussian,gaussian,kl,kl,0,7,2,10.0,0.0,0.1,1,2000,0.0576781142429752,0.044613204650581,0.0526338986016951,0.0473072401793333,400,0
gaussian,gaussian,kl,kl,0,8,2,10.0,0.0,0.1,1,2000,0.0565388578711409,0.0393613638973519,0.0582664908880758,0.0004308032081692,400,0
gaussian,gaussian,kl,kl,0,9,2,10.0,0.0,0.1,1,2000,0.0511121191981867,0.0360786282415461,0.0515587109784637,0.0083767978677893,400,0
gaussian,gaussian,kl,kl,0,10,2,10.0,0.0,0.1,1,2000,0.0672683461684895,0.0450675113640742,0.065760531721737,0.0060731658961434,400,0
gaussian,gaussian,kl,kl,0,11,2,10.0,0.0,0.1,1,2000,0.0582586497615101,0.0411003328477884,0.0560205120799964,0.1031504770811799,400,0
gaussian,gaussian,kl,kl,0,12,2,10.0,0.0,0.1,1,2000,0.0489113042008548,0.0359688865122179,0.0456140321426213,0.03615469725882,400,0
gaussian,gaussian,kl,kl,0,13,2,10.0,0.0,0.1,1,2000,0.0526398637781934,0.0385892263767251,0.0464846494234024,0.0040246122194638,400,0
gaussian,gaussian,kl,kl,0,14,2,10.0,0.0,0.1,1,2000,0.0595685588411634,0.041436907807258,0.0557231460137068,0.0669845429717845,400,0
gaussian,gaussian,kl,kl,0,15,2,10.0,0.0,0.1,1,2000,0.0704239982269006,0.0478916218059403,0.0779804688670838,0.0414332977468545,400,0
gaussian,gaussian,kl,kl,0,16,2,10.0,0.0,0.1,1,2000,0.0522428303980008,0.0407527171842062,0.0484799735878636,0.0289806877429934,400,0
gaussian,gaussian,kl,kl,0,17,2,10.0,0.0,0.1,1,2000,0.0430709444827744,0.0313921733734686,0.0384405851341297,0.013861015678483,400,0
gaussian,gaussian,kl,kl,0,18,2,10.0,0.0,0.1,1,2000,0.05134688909817,0.0309272442237152,0.0593471145867238,0.0980671971896458,400,0
gaussian,gaussian,kl,kl,0,19,2,10.0,0.0,0.1,1,2000,0.0496082336781216,0.0370049889712814,0.0470371321170677,0.0612313424687407,400,0
gaussian,gaussian,riemannian,riemannian,0,0,2,10.0,0.0,0.1,4,2000,0.0135685132978695,0.0119773354866784,0.0109416391083226,0.0119799327788872,400,0
gaussian,gaussian,riemannian,riemannian,0,1,2,10.0,0.0,0.1,4,2000,0.0114637325215662,0.0080340950575995,0.0119635273619242,0.0221684122099812,400,0
gaussian,gaussian,riemannian,riemannian,0,2,2,10.0,0.0,0.1,4,2000,0.0140779816799944,0.0111352905823866,0.0116499379194486,0.0096405929720797,400,0
gaussian,gaussian,riemannian,riemannian,0,3,2,10.0,0.0,0.1,4,2000,0.0143319925197528,0.0084387688252774,0.0169844935068836,0.0035015553809125,400,0
gaussian,gaussian,riemannian,riemannian,0,4,2,10.0,0.0,0.1,4,2000,0.0165087437862753,0.0107719734456176,0.0168275799953366,0.0733829678590223,400,0
gaussian,gaussian,riemannian,riemannian,0,5,2,10.0,0.0,0.1,4,2000,0.0121346893322117,0.0083542073456247,0.012147563350083,0.0053089607877085,400,0
gaussian,gaussian,riemannian,riemannian,0,6,2,10.0,0.0,0.1,4,2000,0.0154425534988679,0.01165192699616,0.0138864704658839,0.0351100346427195,400,0
gaussian,gaussian,riemannian,riemannian,0,7,2,10.0,0.0,0.1,4,2000,0.0163714212863733,0.009783776611401,0.016107798865674,0.0137555047048529,400,0
gaussian,gaussian,riemannian,riemannian,0,8,2,10.0,0.0,0.1,4,2000,0.0086617505790767,0.005950802224961,0.0081200943839064,0.002113039421437,400,0
gaussian,gaussian,riemannian,riemannian,0,9,2,10.0,0.0,0.1,4,2000,0.0159744643678367,0.0124818881101654,0.0140029407230907,0.0296250049454671,400,0
gaussian,gaussian,riemannian,riemannian,0,10,2,10.0,0.0,0.1,4,2000,0.0111822849838936,0.0079007966073125,0.0106131786862041,0.0021010728824482,400,0
gaussian,gaussian,riemannian,riemannian,0,11,2,10.0,0.0,0.1,4,2000,0.0123357169748177,0.009760397726365,0.0108014970037694,0.032973004581859,400,0
gaussian,gaussian,riemannian,riemannian,0,12,2,10.0,0.0,0.1,4,2000,0.0127587703073778,0.0078403827164775,0.0142277631103705,0.0021733860436781,400,0
gaussian,gaussian,riemannian,riemannian,0,13,2,10.0,0.0,0.1,4,2000,0.0128608954040586,0.0084027232000689,0.0132804036562991,0.0069631372169847,400,0
gaussian,gaussian,riemannian,riemannian,0,14,2,10.0,0.0,0.1,4,2000,0.0120880386085883,0.0094868867707553,0.0107865003599185,0.0046513870347952,400,0
gaussian,gaussian,riemannian,riemannian,0,15,2,10.0,0.0,0.1,4,2000,0.0150719384372664,0.0097089878109917,0.01499226158504,0.0031447805662434,400,0
gaussian,gaussian,riemannian,riemannian,0,16,2,10.0,0.0,0.1,4,2000,0.0131125000045154,0.0092087193272863,0.0134294037915529,0.0015994019684821,400,0
gaussian,gaussian,riemannian,riemannian,0,17,2,10.0,0.0,0.1,4,2000,0.0129427525399997,0.009582981990034,0.0117706803875229,0.0024994702940877,400,0
gaussian,gaussian,riemannian,riemannian,0,18,2,10.0,0.0,0.1,4,2000,0.0111044519506977,0.0078509056677715,0.0111067357118506,0.0209122793479503,400,0
gaussian,gaussian,riemannian,riemannian,0,19,2,10.0,0.0,0.1,4,2000,0.0098319649385077,0.0072449075094919,0.0087393266490825,0.0200060018510523,400,0
gaussian,gaussian,kl,kl,0,0,2,10.0,0.0,0.1,4,2000,0.0135685132978694,0.0119773354866782,0.0109416391083226,0.0119799327788869,400,0
gaussian,gaussian,kl,kl,0,1,2,10.0,0.0,0.1,4,2000,0.0114637325215661,0.0080340950575994,0.0119635273619241,0.022168412209981,400,0
gaussian,gaussian,kl,kl,0,2,2,10.0,0.0,0.1,4,2000,0.0140779816799943,0.0111352905823866,0.0116499379194486,0.0096405929720797,400,0
gaussian,gaussian,kl,kl,0,3,2,10.0,0.0,0.1,4,2000,0.0143319925197527,0.0084387688252774,0.0169844935068836,0.0035015553809125,400,0
gaussian,gaussian,kl,kl,0,4,2,10.0,0.0,0.1,4,2000,0.0165087437862751,0.0107719734456175,0.0168275799953366,0.0733829678590221,400,0
gaussian,gaussian,kl,kl,0,5,2,10.0,0.0,0.1,4,2000,0.0121346893322116,0.0083542073456247,0.0121475633500829,0.0053089607877085,400,0
gaussian,gaussian,kl,kl,0,6,2,10.0,0.0,0.1,4,2000,0.0154425534988678,0.0116519269961599,0.0138864704658838,0.0351100346427193,400,0
gaussian,gaussian,kl,kl,0,7,2,10.0,0.0,0.1,4,2000,0.0163714212863731,0.0097837766114009,0.0161077988656739,0.0137555047048527,400,0
gaussian,gaussian,kl,kl,0,8,2,10.0,0.0,0.1,4,2000,0.0086617505790765,0.0059508022249608,0.0081200943839064,0.0021130394214368,400,0
gaussian,gaussian,kl,kl,0,9,2,10.0,0.0,0.1,4,2000,0.0159744643678366,0.0124818881101653,0.0140029407230907,0.0296250049454669,400,0
gaussian,gaussian,kl,kl,0,10,2,10.0,0.0,0.1,4,2000,0.0111822849838935,0.0079007966073124,0.0106131786862041,0.0021010728824482,400,0
gaussian,gaussian,kl,kl,0,11,2,10.0,0.0,0.1,4,2000,0.0123357169748176,0.0097603977263649,0.0108014970037693,0.032973004581859,400,0
gaussian,gaussian,kl,kl,0,12,2,10.0,0.0,0.1,4,2000,0.0127587703073776,0.0078403827164774,0.0142277631103704,0.0021733860436781,400,0
gaussian,gaussian,kl,kl,0,13,2,10.0,0.0,0.1,4,2000,0.0128608954040585,0.0084027232000688,0.013280403656299,0.0069631372169844,400,0
gaussian,gaussian,kl,kl,0,14,2,10.0,0.0,0.1,4,2000,0.0120880386085882,0.0094868867707552,0.0107865003599185,0.004651387034795,400,0
gaussian,gaussian,kl,kl,0,15,2,10.0,0.0,0.1,4,2000,0.0150719384372663,0.0097089878109916,0.0149922615850399,0.0031447805662434,400,0
gaussian,gaussian,kl,kl,0,16,2,10.0,0.0,0.1,4,2000,0.0131125000045153,0.0092087193272861,0.0134294037915529,0.0015994019684819,400,0
gaussian,gaussian,kl,kl,0,17,2,10.0,0.0,0.1,4,2000,0.0129427525399996,0.0095829819900339,0.0117706803875229,0.0024994702940877,400,0
gaussian,gaussian,kl,kl,0,18,2,10.0,0.0,0.1,4,2000,0.0111044519506976,0.0078509056677715,0.0111067357118506,0.0209122793479503,400,0
gaussian,gaussian,kl,kl,0,19,2,10.0,0.0,0.1,4,2000,0.0098319649385076,0.0072449075094919,0.0087393266490825,0.0200060018510523,400,0
gaussian,gaussian,riemannian,riemannian,0,0,2,10.0,0.0,0.1,16,2000,0.0028229468230363,0.0020241991194248,0.0027511384176912,0.0021739787352905,400,0
gaussian,gaussian,riemannian,riemannian,0,1,2,10.0,0.0,0.1,16,2000,0.0037291416581639,0.002534011174508,0.0038801131480824,0.0036549235648501,400,0
gaussian,gaussian,riemannian,riemannian,0,2,2,10.0,0.0,0.1,16,2000,0.0029072491164386,0.002023861596065,0.0031604047023952,0.0020256925551846,400,0
gaussian,gaussian,riemannian,riemannian,0,3,2,10.0,0.0,0.1,16,2000,0.003064671692878,0.002272984853624,0.0028757994659535,0.0004010043081279,400,0
gaussian,gaussian,riemannian,riemannian,0,4,2,10.0,0.0,0.1,16,2000,0.0031939414073552,0.0020074120454156,0.0047774290738863,0.0012892753586757,400,0
gaussian,gaussian,riemannian,riemannian,0,5,2,10.0,0.0,0.1,16,2000,0.0040838714125892,0.0025534394284935,0.0040842316654281,0.0001491211772481,400,0
gaussian,gaussian,riemannian,riemannian,0,6,2,10.0,0.0,0.1,16,2000,0.0030278896465685,0.0023954434447095,0.0025821328874648,0.0020116964624055,400,0
gaussian,gaussian,riemannian,riemannian,0,7,2,10.0,0.0,0.1,16,2000,0.0030495800260309,0.0023039067527884,0.0027657910581899,0.000659480391334,400,0
gaussian,gaussian,riemannian,riemannian,0,8,2,10.0,0.0,0.1,16,2000,0.0034380808886475,0.0021601442766615,0.004006208900815,0.0032727263684793,400,0
gaussian,gaussian,riemannian,riemannian,0,9,2,10.0,0.0,0.1,16,2000,0.0029571183729835,0.0020311431215064,0.0028989903422167,0.0009160940299659,400,0
gaussian,gaussian,riemannian,riemannian,0,10,2,10.0,0.0,0.1,16,2000,0.002873265963237,0.0022172640656279,0.0025375594986946,0.0020851395985028,400,0
gaussian,gaussian,riemannian,riemannian,0,11,2,10.0,0.0,0.1,16,2000,0.0036917844522061,0.0024639749127817,0.0034332613182462,0.004638308872527,400,0
gaussian,gaussian,riemannian,riemannian,0,12,2,10.0,0.0,0.1,16,2000,0.0037273839308219,0.0024272799126693,0.0036359629317755,0.0024752855245391,400,0
gaussian,gaussian,riemannian,riemannian,0,13,2,10.0,0.0,0.1,16,2000,0.0032021601956159,0.0024671247047609,0.0029376252929005,0.0020137472200281,400,0
gaussian,gaussian,riemannian,riemannian,0,14,2,10.0,0.0,0.1,16,2000,0.0040969434715822,0.0030431334158106,0.0036562775060726,0.0006419340206818,400,0
gaussian,gaussian,riemannian,riemannian,0,15,2,10.0,0.0,0.1,16,2000,0.0036241674310706,0.0027025907249461,0.0033313727767427,0.0151268874741041,400,0
gaussian,gaussian,riemannian,riemannian,0,16,2,10.0,0.0,0.1,16,2000,0.003138154406232,0.002237549216509,0.0029272141392863,0.0012469033580329,400,0
gaussian,gaussian,riemannian,riemannian,0,17,2,10.0,0.0,0.1,16,2000,0.0028760377320082,0.0020986486178441,0.0026898724158235,0.0012409206474934,400,0
gaussian,gaussian,riemannian,riemannian,0,18,2,10.0,0.0,0.1,16,2000,0.0033018656131933,0.0020396778104225,0.0038244923511446,0.0006532237580423,400,0
gaussian,gaussian,riemannian,riemannian,0,19,2,10.0,0.0,0.1,16,2000,0.0033620569361766,0.0026489459033721,0.0029551543392851,0.0068174279796726,400,0
gaussian,gaussian,kl,kl,0,0,2,10.0,0.0,0.1,16,2000,0.0028229468230362,0.0020241991194246,0.0027511384176912,0.0021739787352905,400,0
gaussian,gaussian,kl,kl,0,1,2,10.0,0.0,0.1,16,2000,0.0037291416581637,0.0025340111745079,0.0038801131480823,0.0036549235648499,400,0
gaussian,gaussian,kl,kl,0,2,2,10.0,0.0,0.1,16,2000,0.0029072491164385,0.0020238615960648,0.0031604047023952,0.0020256925551844,400,0
gaussian,gaussian,kl,kl,0,3,2,10.0,0.0,0.1,16,2000,0.0030646716928778,0.0022729848536239,0.0028757994659535,0.0004010043081277,400,0
gaussian,gaussian,kl,kl,0,4,2,10.0,0.0,0.1,16,2000,0.0031939414073551,0.0020074120454155,0.0047774290738862,0.0012892753586757,400,0
gaussian,gaussian,kl,kl,0,5,2,10.0,0.0,0.1,16,2000,0.0040838714125891,0.0025534394284933,0.004084231665428,0.0001491211772481,400,0
gaussian,gaussian,kl,kl,0,6,2,10.0,0.0,0.1,16,2000,0.0030278896465684,0.0023954434447094,0.0025821328874648,0.0020116964624052,400,0
gaussian,gaussian,kl,kl,0,7,2,10.0,0.0,0.1,16,2000,0.0030495800260308,0.0023039067527883,0.0027657910581899,0.0006594803913337,400,0
gaussian,gaussian,kl,kl,0,8,2,10.0,0.0,0.1,16,2000,0.0034380808886474,0.0021601442766613,0.004006208900815,0.0032727263684793,400,0
gaussian,gaussian,kl,kl,0,9,2,10.0,0.0,0.1,16,2000,0.0029571183729834,0.0020311431215062,0.0028989903422167,0.0009160940299657,400,0
gaussian,gaussian,kl,kl,0,10,2,10.0,0.0,0.1,16,2000,0.0028732659632369,0.0022172640656278,0.0025375594986946,0.0020851395985028,400,0
gaussian,gaussian,kl,kl,0,11,2,10.0,0.0,0.1,16,2000,0.003691784452206,0.0024639749127816,0.0034332613182462,0.004638308872527,400,0
gaussian,gaussian,kl,kl,0,12,2,10.0,0.0,0.1,16,2000,0.0037273839308218,0.0024272799126692,0.0036359629317755,0.0024752855245389,400,0
gaussian,gaussian,kl,kl,0,13,2,10.0,0.0,0.1,16,2000,0.0032021601956158,0.0024671247047607,0.0029376252929005,0.0020137472200281,400,0
gaussian,gaussian,kl,kl,0,14,2,10.0,0.0,0.1,16,2000,0.0040969434715821,0.0030431334158105,0.0036562775060726,0.0006419340206818,400,0
gaussian,gaussian,kl,kl,0,15,2,10.0,0.0,0.1,16,2000,0.0036241674310705,0.0027025907249459,0.0033313727767427,0.0151268874741041,400,0
gaussian,gaussian,kl,kl,0,16,2,10.0,0.0,0.1,16,2000,0.0031381544062319,0.002237549216509,0.0029272141392863,0.0012469033580326,400,0
gaussian,gaussian,kl,kl,0,17,2,10.0,0.0,0.1,16,2000,0.0028760377320081,0.0020986486178441,0.0026898724158235,0.0012409206474934,400,0
gaussian,gaussian,kl,kl,0,18,2,10.0,0.0,0.1,16,2000,0.0033018656131932,0.0020396778104223,0.0038244923511446,0.0006532237580421,400,0
gaussian,gaussian,kl,kl,0,19,2,10.0,0.0,0.1,16,2000,0.0033620569361765,0.002648945903372,0.0029551543392851,0.0068174279796724,400,0
gaussian,gaussian,riemannian,riemannian,0,0,2,100.0,0.0,0.1,1,2000,0.0502731336917854,0.0368330718105457,0.045592645667956,0.002999196851307,400,0
gaussian,gaussian,riemannian,riemannian,0,1,2,100.0,0.0,0.1,1,2000,0.071488747683095,0.0518009855000839,0.0633198052822749,0.0511986006339961,400,0
gaussian,gaussian,riemannian,riemannian,0,2,2,100.0,0.0,0.1,1,2000,0.0373575846881987,0.0270738029069824,0.031660205981086,0.0026089856735671,400,0
gaussian,gaussian,riemannian,riemannian,0,3,2,100.0,0.0,0.1,1,2000,0.039812623928727,0.0248018155915209,0.0427461666602815,0.044053091590662,400,0
gaussian,gaussian,riemannian,riemannian,0,4,2,100.0,0.0,0.1,1,2000,0.0546632979494876,0.0342193472377549,0.0560636587809799,0.041070385688219,400,0
gaussian,gaussian,riemannian,riemannian,0,5,2,100.0,0.0,0.1,1,2000,0.063411524749812,0.0499789929046188,0.0555791220087152,0.0200832915844586,400,0
gaussian,gaussian,riemannian,riemannian,0,6,2,100.0,0.0,0.1,1,2000,0.0408501149536196,0.028311387467353,0.0418406437641472,0.0035704115927273,400,0
gaussian,gaussian,riemannian,riemannian,0,7,2,100.0,0.0,0.1,1,2000,0.0472000684812879,0.0346904870377292,0.0409907662162298,0.0013167229168826,400,0
gaussian,gaussian,riemannian,riemannian,0,8,2,100.0,0.0,0.1,1,2000,0.0619724744971593,0.0468260742969288,0.0564990606256112,0.0276097942648974,400,0
gaussian,gaussian,riemannian,riemannian,0,9,2,100.0,0.0,0.1,1,2000,0.0535034718071869,0.035957609383219,0.0540555722786024,0.0348300458785371,400,0
gaussian,gaussian,riemannian,riemannian,0,10,2,100.0,0.0,0.1,1,2000,0.0477301695050468,0.0322900573331595,0.0509240599179273,0.0714648318111808,400,0
gaussian,gaussian,riemannian,riemannian,0,11,2,100.0,0.0,0.1,1,2000,0.0504898388215538,0.0377344410485465,0.0458970534485578,0.1239987779243374,400,0
gaussian,gaussian,riemannian,riemannian,0,12,2,100.0,0.0,0.1,1,2000,0.0443226757024158,0.032005820269639,0.0405706297788604,0.0582535541482618,400,0
gaussian,gaussian,riemannian,riemannian,0,13,2,100.0,0.0,0.1,1,2000,0.0546808631230378,0.039549405439701,0.0502810785014917,0.0625461608070292,400,0
gaussian,gaussian,riemannian,riemannian,0,14,2,100.0,0.0,0.1,1,2000,0.05402715371746,0.0384999917226043,0.0521476175658056,0.0471866116475001,400,0
gaussian,gaussian,riemannian,riemannian,0,15,2,100.0,0.0,0.1,1,2000,0.0431598739305219,0.0305700425555467,0.0412481208674663,0.0456985886429264,400,0
gaussian,gaussian,riemannian,riemannian,0,16,2,100.0,0.0,0.1,1,2000,0.0438495813685644,0.0272221863249472,0.0509675195135311,0.0026724932006907,400,0
gaussian,gaussian,riemannian,riemannian,0,17,2,100.0,0.0,0.1,1,2000,0.0520555951349158,0.035546917900969,0.0530727996418596,0.0618622443930958,400,0
gaussian,gaussian,riemannian,riemannian,0,18,2,100.0,0.0,0.1,1,2000,0.0531141057854006,0.0395813107473231,0.0509618160422413,0.0418971561948919,400,0
gaussian,gaussian,riemannian,riemannian,0,19,2,100.0,0.0,0.1,1,2000,0.0508897321598918,0.0357097311260138,0.046786736688971,0.0595246286425215,400,0
gaussian,gaussian,kl,kl,0,0,2,100.0,0.0,0.1,1,2000,0.0502731336917855,0.0368330718105458,0.0455926456679559,0.0029991968513072,400,0
gaussian,gaussian,kl,kl,0,1,2,100.0,0.0,0.1,1,2000,0.0714887476830951,0.0518009855000841,0.0633198052822747,0.0511986006339963,400,0
gaussian,gaussian,kl,kl,0,2,2,100.0,0.0,0.1,1,2000,0.0373575846881989,0.0270738029069826,0.0316602059810859,0.0026089856735673,400,0
gaussian,gaussian,kl,kl,0,3,2,100.0,0.0,0.1,1,2000,0.0398126239287271,0.0248018155915211,0.0427461666602814,0.0440530915906622,400,0
gaussian,gaussian,kl,kl,0,4,2,100.0,0.0,0.1,1,2000,0.0546632979494877,0.0342193472377552,0.0560636587809798,0.041070385688219,400,0
gaussian,gaussian,kl,kl,0,5,2,100.0,0.0,0.1,1,2000,0.0634115247498121,0.049978992904619,0.0555791220087151,0.0200832915844588,400,0
gaussian,gaussian,kl,kl,0,6,2,100.0,0.0,0.1,1,2000,0.0408501149536197,0.0283113874673531,0.041840643764147,0.0035704115927273,400,0
gaussian,gaussian,kl,kl,0,7,2,100.0,0.0,0.1,1,2000,0.047200068481288,0.0346904870377294,0.0409907662162297,0.0013167229168828,400,0
gaussian,gaussian,kl,kl,0,8,2,100.0,0.0,0.1,1,2000,0.0619724744971594,0.0468260742969289,0.056499060625611,0.0276097942648976,400,0
gaussian,gaussian,kl,kl,0,9,2,100.0,0.0,0.1,1,2000,0.053503471807187,0.0359576093832192,0.0540555722786023,0.0348300458785373,400,0
gaussian,gaussian,kl,kl,0,10,2,100.0,0.0,0.1,1,2000,0.0477301695050469,0.0322900573331598,0.0509240599179272,0.071464831811181,400,0
gaussian,gaussian,kl,kl,0,11,2,100.0,0.0,0.1,1,2000,0.0504898388215539,0.0377344410485466,0.0458970534485577,0.1239987779243372,400,0
gaussian,gaussian,kl,kl,0,12,2,100.0,0.0,0.1,1,2000,0.0443226757024159,0.0320058202696391,0.0405706297788603,0.058253554148262,400,0
gaussian,gaussian,kl,kl,0,13,2,100.0,0.0,0.1,1,2000,0.0546808631230379,0.0395494054397012,0.0502810785014916,0.0625461608070294,400,0
gaussian,gaussian,kl,kl,0,14,2,100.0,0.0,0.1,1,2000,0.0540271537174601,0.0384999917226045,0.0521476175658054,0.0471866116475001,400,0
gaussian,gaussian,kl,kl,0,15,2,100.0,0.0,0.1,1,2000,0.0431598739305221,0.0305700425555469,0.0412481208674662,0.0456985886429266,400,0
gaussian,gaussian,kl,kl,0,16,2,100.0,0.0,0.1,1,2000,0.0438495813685645,0.0272221863249474,0.0509675195135309,0.0026724932006909,400,0
gaussian,gaussian,kl,kl,0,17,2,100.0,0.0,0.1,1,2000,0.0520555951349159,0.0355469179009692,0.0530727996418595,0.0618622443930958,400,0
gaussian,gaussian,kl,kl,0,18,2,100.0,0.0,0.1,1,2000,0.0531141057854007,0.0395813107473232,0.0509618160422412,0.0418971561948919,400,0
gaussian,gaussian,kl,kl,0,19,2,100.0,0.0,0.1,1,2000,0.0508897321598919,0.0357097311260139,0.0467867366889709,0.0595246286425215,400,0
gaussian,gaussian,riemannian,riemannian,0,0,2,100.0,0.0,0.1,4,2000,0.0115959350518332,0.0087159450462848,0.0116585516857613,0.0131090127330706,400,0
gaussian,gaussian,riemannian,riemannian,0,1,2,100.0,0.0,0.1,4,2000,0.0143437779424668,0.0101352364409431,0.0139335537299305,0.0058156034327008,400,0
gaussian,gaussian,riemannian,riemannian,0,2,2,100.0,0.0,0.1,4,2000,0.0133174977771738,0.0093389773950309,0.0122969704672334,0.000718154849068,400,0
gaussian,gaussian,riemannian,riemannian,0,3,2,100.0,0.0,0.1,4,2000,0.0125683711668718,0.008915227316332,0.012078610847134,0.0015344148211215,400,0
gaussian,gaussian,riemannian,riemannian,0,4,2,100.0,0.0,0.1,4,2000,0.0123346864230964,0.0085790641505534,0.0119515523170049,0.0019145099854702,400,0
gaussian,gaussian,riemannian,riemannian,0,5,2,100.0,0.0,0.1,4,2000,0.0112781659830687,0.0079852552303564,0.0110250455234589,0.0182490074572558,400,0
gaussian,gaussian,riemannian,riemannian,0,6,2,100.0,0.0,0.1,4,2000,0.0139841195169297,0.0093931577544146,0.0129480596121569,0.0019660591027392,400,0
gaussian,gaussian,riemannian,riemannian,0,7,2,100.0,0.0,0.1,4,2000,0.0179646824338778,0.0108270963819068,0.0210984479612761,0.0205236153120489,400,0
gaussian,gaussian,riemannian,riemannian,0,8,2,100.0,0.0,0.1,4,2000,0.0111096949936568,0.0071258660474871,0.0119075924762533,0.0021275280928065,400,0
gaussian,gaussian,riemannian,riemannian,0,9,2,100.0,0.0,0.1,4,2000,0.0110838656912922,0.0075202024130138,0.0106447947604354,0.0274721744621666,400,0
gaussian,gaussian,riemannian,riemannian,0,10,2,100.0,0.0,0.1,4,2000,0.0118053042521693,0.0089496591471783,0.0101196239776828,0.00780987566057,400,0
gaussian,gaussian,riemannian,riemannian,0,11,2,100.0,0.0,0.1,4,2000,0.017817029355947,0.0124904201798226,0.0195552423916436,0.0033199162372306,400,0
gaussian,gaussian,riemannian,riemannian,0,12,2,100.0,0.0,0.1,4,2000,0.0118988206737172,0.0083475393024152,0.0108561451219659,0.0106658032049569,400,0
gaussian,gaussian,riemannian,riemannian,0,13,2,100.0,0.0,0.1,4,2000,0.0129573244218824,0.0084295337673407,0.0149996313012017,0.0133002746529207,400,0
gaussian,gaussian,riemannian,riemannian,0,14,2,100.0,0.0,0.1,4,2000,0.0132947862652832,0.0102733850758217,0.0111212259008454,0.0364323877570518,400,0
gaussian,gaussian,riemannian,riemannian,0,15,2,100.0,0.0,0.1,4,2000,0.0118629489981052,0.0085221230799511,0.0121877815884031,0.0134833385746451,400,0
gaussian,gaussian,riemannian,riemannian,0,16,2,100.0,0.0,0.1,4,2000,0.0126361019055788,0.0103443299840135,0.0106329591805733,0.0263249039921629,400,0
gaussian,gaussian,riemannian,riemannian,0,17,2,100.0,0.0,0.1,4,2000,0.0102450733210903,0.0074803672024578,0.0099018418873294,0.0039619710555138,400,0
gaussian,gaussian,riemannian,riemannian,0,18,2,100.0,0.0,0.1,4,2000,0.0130125665657522,0.0104114543548335,0.0114704626794515,0.0036381617037781,400,0
gaussian,gaussian,riemannian,riemannian,0,19,2,100.0,0.0,0.1,4,2000,0.0128720569215685,0.009382717321074,0.012630921502973,0.0028509142744821,400,0
gaussian,gaussian,kl,kl,0,0,2,100.0,0.0,0.1,4,2000,0.0115959350518334,0.008715945046285,0.0116585516857612,0.0131090127330708,400,0
gaussian,gaussian,kl,kl,0,1,2,100.0,0.0,0.1,4,2000,0.014343777942467,0.0101352364409432,0.0139335537299305,0.0058156034327008,400,0
gaussian,gaussian,kl,kl,0,2,2,100.0,0.0,0.1,4,2000,0.013317497777174,0.0093389773950312,0.0122969704672334,0.0007181548490682,400,0
gaussian,gaussian,kl,kl,0,3,2,100.0,0.0,0.1,4,2000,0.012568371166872,0.0089152273163323,0.012078610847134,0.0015344148211218,400,0
gaussian,gaussian,kl,kl,0,4,2,100.0,0.0,0.1,4,2000,0.0123346864230966,0.0085790641505536,0.0119515523170049,0.0019145099854704,400,0
gaussian,gaussian,kl,kl,0,5,2,100.0,0.0,0.1,4,2000,0.0112781659830689,0.0079852552303566,0.0110250455234589,0.0182490074572561,400,0
gaussian,gaussian,kl,kl,0,6,2,100.0,0.0,0.1,4,2000,0.0139841195169298,0.0093931577544148,0.0129480596121569,0.0019660591027395,400,0
gaussian,gaussian,kl,kl,0,7,2,100.0,0.0,0.1,4,2000,0.017964682433878,0.010827096381907,0.0210984479612761,0.0205236153120491,400,0
gaussian,gaussian,kl,kl,0,8,2,100.0,0.0,0.1,4,2000,0.011109694993657,0.0071258660474873,0.0119075924762533,0.0021275280928068,400,0
gaussian,gaussian,kl,kl,0,9,2,100.0,0.0,0.1,4,2000,0.0110838656912924,0.007520202413014,0.0106447947604353,0.0274721744621666,400,0
gaussian,gaussian,kl,kl,0,10,2,100.0,0.0,0.1,4,2000,0.0118053042521695,0.0089496591471786,0.0101196239776827,0.0078098756605702,400,0
gaussian,gaussian,kl,kl,0,11,2,100.0,0.0,0.1,4,2000,0.0178170293559472,0.0124904201798227,0.0195552423916435,0.0033199162372308,400,0
gaussian,gaussian,kl,kl,0,12,2,100.0,0.0,0.1,4,2000,0.0118988206737174,0.0083475393024154,0.0108561451219659,0.0106658032049571,400,0
gaussian,gaussian,kl,kl,0,13,2,100.0,0.0,0.1,4,2000,0.0129573244218826,0.0084295337673409,0.0149996313012016,0.0133002746529209,400,0
gaussian,gaussian,kl,kl,0,14,2,100.0,0.0,0.1,4,2000,0.0132947862652834,0.0102733850758219,0.0111212259008454,0.0364323877570518,400,0
gaussian,gaussian,kl,kl,0,15,2,100.0,0.0,0.1,4,2000,0.0118629489981054,0.0085221230799513,0.0121877815884031,0.0134833385746453,400,0
gaussian,gaussian,kl,kl,0,16,2,100.0,0.0,0.1,4,2000,0.012636101905579,0.0103443299840138,0.0106329591805733,0.0263249039921631,400,0
gaussian,gaussian,kl,kl,0,17,2,100.0,0.0,0.1,4,2000,0.0102450733210905,0.007480367202458,0.0099018418873294,0.0039619710555141,400,0
gaussian,gaussian,kl,kl,0,18,2,100.0,0.0,0.1,4,2000,0.0130125665657524,0.0104114543548338,0.0114704626794515,0.0036381617037783,400,0
gaussian,gaussian,kl,kl,0,19,2,100.0,0.0,0.1,4,2000,0.0128720569215687,0.0093827173210742,0.012630921502973,0.0028509142744823,400,0
gaussian,gaussian,riemannian,riemannian,0,0,2,100.0,0.0,0.1,16,2000,0.0032618964521531,0.0021830908153872,0.0032413893278372,0.0021982207878192,400,0
gaussian,gaussian,riemannian,riemannian,0,1,2,100.0,0.0,0.1,16,2000,0.0032596079008683,0.0023694194272418,0.0028843237908624,0.0035185043179977,400,0
gaussian,gaussian,riemannian,riemannian,0,2,2,100.0,0.0,0.1,16,2000,0.0031795186129542,0.0023058709566515,0.0029456604670714,0.0052336583527961,400,0
gaussian,gaussian,riemannian,riemannian,0,3,2,100.0,0.0,0.1,16,2000,0.0047294098546245,0.002664370087261,0.0054716222712525,0.0016290170538495,400,0
gaussian,gaussian,riemannian,riemannian,0,4,2,100.0,0.0,0.1,16,2000,0.0037471182031086,0.0027057002666326,0.0035919135690834,0.0041007359691853,400,0
gaussian,gaussian,riemannian,riemannian,0,5,2,100.0,0.0,0.1,16,2000,0.0028050085551955,0.001902090494931,0.0029895542976996,0.0038725672816988,400,0
gaussian,gaussian,riemannian,riemannian,0,6,2,100.0,0.0,0.1,16,2000,0.0030270017050072,0.002188879223684,0.0027804284971729,0.0027621455822948,400,0
gaussian,gaussian,riemannian,riemannian,0,7,2,100.0,0.0,0.1,16,2000,0.0030198412238377,0.0023963815119483,0.0026212937859677,0.0009044825668029,400,0
gaussian,gaussian,riemannian,riemannian,0,8,2,100.0,0.0,0.1,16,2000,0.0041154787156287,0.0028558068486056,0.0037051516811474,0.0013253245365436,400,0
gaussian,gaussian,riemannian,riemannian,0,9,2,100.0,0.0,0.1,16,2000,0.0043933558998032,0.0029417921067754,0.0046781726990142,0.0020572211037555,400,0
gaussian,gaussian,riemannian,riemannian,0,10,2,100.0,0.0,0.1,16,2000,0.0038965529818991,0.0030106963786489,0.0036135165306064,0.000510902736114,400,0
gaussian,gaussian,riemannian,riemannian,0,11,2,100.0,0.0,0.1,16,2000,0.0034174885122882,0.0024643228262277,0.0031591224731417,0.0058505842714653,400,0
gaussian,gaussian,riemannian,riemannian,0,12,2,100.0,0.0,0.1,16,2000,0.0028078188644137,0.001566141499333,0.0035031244704277,0.0019653925603766,400,0
gaussian,gaussian,riemannian,riemannian,0,13,2,100.0,0.0,0.1,16,2000,0.0026269589901056,0.0019427390701622,0.0025541963829485,0.0001412801346465,400,0
gaussian,gaussian,riemannian,riemannian,0,14,2,100.0,0.0,0.1,16,2000,0.00346510616522,0.0024163229399137,0.0031983871888814,0.0042852795198657,400,0
gaussian,gaussian,riemannian,riemannian,0,15,2,100.0,0.0,0.1,16,2000,0.0030590445187842,0.0020820869470634,0.0029828068599119,0.0008313324411606,400,0
gaussian,gaussian,riemannian,riemannian,0,16,2,100.0,0.0,0.1,16,2000,0.0030634692489139,0.0018780319905864,0.0031133183036905,0.0011061306935591,400,0
gaussian,gaussian,riemannian,riemannian,0,17,2,100.0,0.0,0.1,16,2000,0.0034985124732344,0.0023751934654097,0.0036533909315289,0.003109313730669,400,0
gaussian,gaussian,riemannian,riemannian,0,18,2,100.0,0.0,0.1,16,2000,0.0033665375846529,0.0025743648561294,0.0028882340318003,0.000864077362874,400,0
gaussian,gaussian,riemannian,riemannian,0,19,2,100.0,0.0,0.1,16,2000,0.0039003506884611,0.0029410698933024,0.0034897907721086,0.0004634881473393,400,0
gaussian,gaussian,kl,kl,0,0,2,100.0,0.0,0.1,16,2000,0.0032618964521533,0.0021830908153874,0.0032413893278372,0.0021982207878195,400,0
gaussian,gaussian,kl,kl,0,1,2,100.0,0.0,0.1,16,2000,0.0032596079008685,0.0023694194272421,0.0028843237908623,0.0035185043179977,400,0
gaussian,gaussian,kl,kl,0,2,2,100.0,0.0,0.1,16,2000,0.0031795186129544,0.0023058709566518,0.0029456604670714,0.0052336583527963,400,0
gaussian,gaussian,kl,kl,0,3,2,100.0,0.0,0.1,16,2000,0.0047294098546247,0.0026643700872612,0.0054716222712524,0.0016290170538497,400,0
gaussian,gaussian,kl,kl,0,4,2,100.0,0.0,0.1,16,2000,0.0037471182031088,0.0027057002666328,0.0035919135690834,0.0041007359691855,400,0
gaussian,gaussian,kl,kl,0,5,2,100.0,0.0,0.1,16,2000,0.0028050085551957,0.0019020904949312,0.0029895542976996,0.003872567281699,400,0
gaussian,gaussian,kl,kl,0,6,2,100.0,0.0,0.1,16,2000,0.0030270017050075,0.0021888792236842,0.0027804284971729,0.002762145582295,400,0
gaussian,gaussian,kl,kl,0,7,2,100.0,0.0,0.1,16,2000,0.0030198412238379,0.0023963815119485,0.0026212937859677,0.0009044825668031,400,0
gaussian,gaussian,kl,kl,0,8,2,100.0,0.0,0.1,16,2000,0.0041154787156289,0.0028558068486058,0.0037051516811474,0.0013253245365438,400,0
gaussian,gaussian,kl,kl,0,9,2,100.0,0.0,0.1,16,2000,0.0043933558998034,0.0029417921067756,0.0046781726990142,0.0020572211037557,400,0
gaussian,gaussian,kl,kl,0,10,2,100.0,0.0,0.1,16,2000,0.0038965529818993,0.0030106963786491,0.0036135165306064,0.0005109027361143,400,0
gaussian,gaussian,kl,kl,0,11,2,100.0,0.0,0.1,16,2000,0.0034174885122884,0.0024643228262279,0.0031591224731417,0.0058505842714655,400,0
gaussian,gaussian,kl,kl,0,12,2,100.0,0.0,0.1,16,2000,0.002807818864414,0.0015661414993333,0.0035031244704277,0.0019653925603768,400,0
gaussian,gaussian,kl,kl,0,13,2,100.0,0.0,0.1,16,2000,0.0026269589901058,0.0019427390701625,0.0025541963829485,0.0001412801346467,400,0
gaussian,gaussian,kl,kl,0,14,2,100.0,0.0,0.1,16,2000,0.0034651061652203,0.002416322939914,0.0031983871888814,0.004285279519866,400,0
gaussian,gaussian,kl,kl,0,15,2,100.0,0.0,0.1,16,2000,0.0030590445187844,0.0020820869470636,0.0029828068599119,0.0008313324411608,400,0
gaussian,gaussian,kl,kl,0,16,2,100.0,0.0,0.1,16,2000,0.0030634692489141,0.0018780319905866,0.0031133183036905,0.0011061306935593,400,0
gaussian,gaussian,kl,kl,0,17,2,100.0,0.0,0.1,16,2000,0.0034985124732346,0.0023751934654099,0.0036533909315288,0.0031093137306692,400,0
gaussian,gaussian,kl,kl,0,18,2,100.0,0.0,0.1,16,2000,0.0033665375846531,0.0025743648561297,0.0028882340318003,0.0008640773628743,400,0
gaussian,gaussian,kl,kl,0,19,2,100.0,0.0,0.1,16,2000,0.0039003506884614,0.0029410698933026,0.0034897907721086,0.0004634881473395,400,0
gaussian,gaussian,riemannian,riemannian,0,0,2,10000.0,0.0,0.1,1,2000,0.0522106986549905,0.0353443681404274,0.0600075815107998,0.0008702336370243,400,0
gaussian,gaussian,riemannian,riemannian,0,1,2,10000.0,0.0,0.1,1,2000,0.0372792741148565,0.0287980952511036,0.0347537947913083,0.0988679081947745,400,0
gaussian,gaussian,riemannian,riemannian,0,2,2,10000.0,0.0,0.1,1,2000,0.0483111316770293,0.0349465181386081,0.0477821822417709,0.054470237414735,400,0
gaussian,gaussian,riemannian,riemannian,0,3,2,10000.0,0.0,0.1,1,2000,0.0589839423072416,0.0372220548412737,0.065795488780005,0.0651791362599276,400,0
gaussian,gaussian,riemannian,riemannian,0,4,2,10000.0,0.0,0.1,1,2000,0.0596286921558997,0.036801034160516,0.0619074725564123,0.0004215988038502,400,0
gaussian,gaussian,riemannian,riemannian,0,5,2,10000.0,0.0,0.1,1,2000,0.0427931652260823,0.0294743309401755,0.046859491929362,0.0559697467060298,400,0
gaussian,gaussian,riemannian,riemannian,0,6,2,10000.0,0.0,0.1,1,2000,0.0434291705370534,0.0335643192308672,0.0405299410927382,0.0162970292024688,400,0
gaussian,gaussian,riemannian,riemannian,0,7,2,10000.0,0.0,0.1,1,2000,0.0586889871923967,0.0433234823413285,0.0500649037379046,0.0659552293650476,400,0
gaussian,gaussian,riemannian,riemannian,0,8,2,10000.0,0.0,0.1,1,2000,0.0501050619222322,0.0400934430638151,0.0437596737064837,0.0106963091241067,400,0
gaussian,gaussian,riemannian,riemannian,0,9,2,10000.0,0.0,0.1,1,2000,0.0405212599108638,0.0287538173585359,0.0388046904217708,0.0520572203684175,400,0
gaussian,gaussian,riemannian,riemannian,0,10,2,10000.0,0.0,0.1,1,2000,0.0739110943639271,0.0522154896159628,0.0693560575426802,0.0587944110121807,400,0
gaussian,gaussian,riemannian,riemannian,0,11,2,10000.0,0.0,0.1,1,2000,0.0457590810332724,0.03247057524604,0.0447210077645717,0.0569559359213096,400,0
gaussian,gaussian,riemannian,riemannian,0,12,2,10000.0,0.0,0.1,1,2000,0.0391651427764062,0.0261926094654301,0.0391297916702071,0.0259304285214765,400,0
gaussian,gaussian,riemannian,riemannian,0,13,2,10000.0,0.0,0.1,1,2000,0.0537437613164217,0.0332118668971098,0.0555375444664328,0.1906752909190348,400,0
gaussian,gaussian,riemannian,riemannian,0,14,2,10000.0,0.0,0.1,1,2000,0.0495328743317066,0.0348575882372881,0.0484760357945258,0.0937148746549969,400,0
gaussian,gaussian,riemannian,riemannian,0,15,2,10000.0,0.0,0.1,1,2000,0.046494245876209,0.0353840338139102,0.0404624141452321,0.051001426656289,400,0
gaussian,gaussian,riemannian,riemannian,0,16,2,10000.0,0.0,0.1,1,2000,0.0549087721887702,0.0347125299935743,0.0583532875491117,0.0390896357655738,400,0
gaussian,gaussian,riemannian,riemannian,0,17,2,10000.0,0.0,0.1,1,2000,0.0544637520480039,0.0361594594094656,0.0543497330641515,0.0465568599561414,400,0
gaussian,gaussian,riemannian,riemannian,0,18,2,10000.0,0.0,0.1,1,2000,0.0597498597854716,0.0411548928098474,0.0610798303781947,0.0158700742246744,400,0
gaussian,gaussian,riemannian,riemannian,0,19,2,10000.0,0.0,0.1,1,2000,0.040494072100388,0.0287512057974217,0.0403279934506152,0.0046389665067476,400,0
gaussian,gaussian,kl,kl,0,0,2,10000.0,0.0,0.1,1,2000,0.0522106986549903,0.0353443681404271,0.0600075815107998,0.000870233637024,400,0
gaussian,gaussian,kl,kl,0,1,2,10000.0,0.0,0.1,1,2000,0.0372792741148564,0.0287980952511034,0.0347537947913083,0.0988679081947743,400,0
gaussian,gaussian,kl,kl,0,2,2,10000.0,0.0,0.1,1,2000,0.0483111316770292,0.0349465181386079,0.0477821822417709,0.054470237414735,400,0
gaussian,gaussian,kl,kl,0,3,2,10000.0,0.0,0.1,1,2000,0.0589839423072415,0.0372220548412736,0.065795488780005,0.0651791362599276,400,0
gaussian,gaussian,kl,kl,0,4,2,10000.0,0.0,0.1,1,2000,0.0596286921558996,0.036801034160516,0.0619074725564123,0.0004215988038502,400,0
gaussian,gaussian,kl,kl,0,5,2,10000.0,0.0,0.1,1,2000,0.0427931652260821,0.0294743309401754,0.046859491929362,0.0559697467060296,400,0
gaussian,gaussian,kl,kl,0,6,2,10000.0,0.0,0.1,1,2000,0.0434291705370533,0.0335643192308672,0.0405299410927382,0.0162970292024686,400,0
gaussian,gaussian,kl,kl,0,7,2,10000.0,0.0,0.1,1,2000,0.0586889871923966,0.0433234823413284,0.0500649037379045,0.0659552293650476,400,0
gaussian,gaussian,kl,kl,0,8,2,10000.0,0.0,0.1,1,2000,0.0501050619222321,0.0400934430638151,0.0437596737064837,0.0106963091241067,400,0
gaussian,gaussian,kl,kl,0,9,2,10000.0,0.0,0.1,1,2000,0.0405212599108636,0.0287538173585357,0.0388046904217707,0.0520572203684173,400,0
gaussian,gaussian,kl,kl,0,10,2,10000.0,0.0,0.1,1,2000,0.073911094363927,0.0522154896159627,0.0693560575426802,0.0587944110121807,400,0
gaussian,gaussian,kl,kl,0,11,2,10000.0,0.0,0.1,1,2000,0.0457590810332722,0.0324705752460398,0.0447210077645717,0.0569559359213096,400,0
gaussian,gaussian,kl,kl,0,12,2,10000.0,0.0,0.1,1,2000,0.0391651427764061,0.0261926094654301,0.0391297916702071,0.0259304285214763,400,0
gaussian,gaussian,kl,kl,0,13,2,10000.0,0.0,0.1,1,2000,0.0537437613164215,0.0332118668971097,0.0555375444664327,0.1906752909190343,400,0
gaussian,gaussian,kl,kl,0,14,2,10000.0,0.0,0.1,1,2000,0.0495328743317065,0.034857588237288,0.0484760357945258,0.0937148746549969,400,0
gaussian,gaussian,kl,kl,0,15,2,10000.0,0.0,0.1,1,2000,0.0464942458762089,0.03538403381391,0.0404624141452321,0.0510014266562888,400,0
gaussian,gaussian,kl,kl,0,16,2,10000.0,0.0,0.1,1,2000,0.0549087721887701,0.0347125299935742,0.0583532875491117,0.0390896357655738,400,0
gaussian,gaussian,kl,kl,0,17,2,10000.0,0.0,0.1,1,2000,0.0544637520480037,0.0361594594094654,0.0543497330641515,0.0465568599561414,400,0
gaussian,gaussian,kl,kl,0,18,2,10000.0,0.0,0.1,1,2000,0.0597498597854715,0.0411548928098474,0.0610798303781947,0.0158700742246744,400,0
gaussian,gaussian,kl,kl,0,19,2,10000.0,0.0,0.1,1,2000,0.0404940721003879,0.0287512057974216,0.0403279934506152,0.0046389665067474,400,0
gaussian,gaussian,riemannian,riemannian,0,0,2,10000.0,0.0,0.1,4,2000,0.0190461336003644,0.0139781685627154,0.0193139769697816,0.0227273253498216,400,0
gaussian,gaussian,riemannian,riemannian,0,1,2,10000.0,0.0,0.1,4,2000,0.0150055598051181,0.0112593418401673,0.0130905229161043,0.0111622960870445,400,0
gaussian,gaussian,riemannian,riemannian,0,2,2,10000.0,0.0,0.1,4,2000,0.0124298505262093,0.0079008177338552,0.0130222735936078,0.0021761118352177,400,0
gaussian,gaussian,riemannian,riemannian,0,3,2,10000.0,0.0,0.1,4,2000,0.0137823614121696,0.0087797331958904,0.0140687340518694,0.0093686537717543,400,0
gaussian,gaussian,riemannian,riemannian,0,4,2,10000.0,0.0,0.1,4,2000,0.0102656140936879,0.0082189003142696,0.0088799834824104,0.003086152406607,400,0
gaussian,gaussian,riemannian,riemannian,0,5,2,10000.0,0.0,0.1,4,2000,0.011966134732958,0.0093087604488202,0.0115668190731504,0.0108200289522735,400,0
gaussian,gaussian,riemannian,riemannian,0,6,2,10000.0,0.0,0.1,4,2000,0.0112350236703354,0.0075480348101649,0.0117158826801838,0.005608335756339,400,0
gaussian,gaussian,riemannian,riemannian,0,7,2,10000.0,0.0,0.1,4,2000,0.0167386863483239,0.0136400859326921,0.0155767881990327,0.0007342364195013,400,0
gaussian,gaussian,riemannian,riemannian,0,8,2,10000.0,0.0,0.1,4,2000,0.0157748816601702,0.0102484267029079,0.0155040436909824,0.0427497043158333,400,0
gaussian,gaussian,riemannian,riemannian,0,9,2,10000.0,0.0,0.1,4,2000,0.0162061361991448,0.0114883620299981,0.0142928143848829,0.012720883899711,400,0
gaussian,gaussian,riemannian,riemannian,0,10,2,10000.0,0.0,0.1,4,2000,0.0118145417477422,0.009497926616547,0.0103542767149171,0.0054653614458455,400,0
gaussian,gaussian,riemannian,riemannian,0,11,2,10000.0,0.0,0.1,4,2000,0.0112442185717164,0.0076895184177275,0.0112686779731918,0.0076832206929802,400,0
gaussian,gaussian,riemannian,riemannian,0,12,2,10000.0,0.0,0.1,4,2000,0.0119806882268452,0.0080548333823444,0.0122535007550566,0.0072989263728446,400,0
gaussian,gaussian,riemannian,riemannian,0,13,2,10000.0,0.0,0.1,4,2000,0.0151504261940889,0.0117102842025215,0.0133454352330106,0.0183956113092143,400,0
gaussian,gaussian,riemannian,riemannian,0,14,2,10000.0,0.0,0.1,4,2000,0.0135259398239119,0.0106765367196377,0.0117117344815138,0.0126831626962651,400,0
gaussian,gaussian,riemannian,riemannian,0,15,2,10000.0,0.0,0.1,4,2000,0.0128470673672028,0.0099442345418812,0.0116293202700975,0.0011412678243201,400,0
gaussian,gaussian,riemannian,riemannian,0,16,2,10000.0,0.0,0.1,4,2000,0.0125798194419992,0.0090608389016755,0.0112917930169577,0.007007383333675,400,0
gaussian,gaussian,riemannian,riemannian,0,17,2,10000.0,0.0,0.1,4,2000,0.0120006836845059,0.0074904859557921,0.0132423374643483,0.0243832034225643,400,0
gaussian,gaussian,riemannian,riemannian,0,18,2,10000.0,0.0,0.1,4,2000,0.0107840552606469,0.0067759406403595,0.0133508376985834,0.030356609646698,400,0
gaussian,gaussian,riemannian,riemannian,0,19,2,10000.0,0.0,0.1,4,2000,0.0162241899722435,0.0096544208351145,0.0168577317114111,0.0035051175748685,400,0
gaussian,gaussian,kl,kl,0,0,2,10000.0,0.0,0.1,4,2000,0.0190461336003643,0.0139781685627153,0.0193139769697815,0.0227273253498216,400,0
gaussian,gaussian,kl,kl,0,1,2,10000.0,0.0,0.1,4,2000,0.015005559805118,0.011259341840167,0.0130905229161043,0.0111622960870445,400,0
gaussian,gaussian,kl,kl,0,2,2,10000.0,0.0,0.1,4,2000,0.0124298505262091,0.007900817733855,0.0130222735936078,0.0021761118352177,400,0
gaussian,gaussian,kl,kl,0,3,2,10000.0,0.0,0.1,4,2000,0.0137823614121695,0.0087797331958903,0.0140687340518694,0.0093686537717541,400,0
gaussian,gaussian,kl,kl,0,4,2,10000.0,0.0,0.1,4,2000,0.0102656140936878,0.0082189003142694,0.0088799834824103,0.0030861524066068,400,0
gaussian,gaussian,kl,kl,0,5,2,10000.0,0.0,0.1,4,2000,0.0119661347329579,0.0093087604488201,0.0115668190731504,0.0108200289522732,400,0
gaussian,gaussian,kl,kl,0,6,2,10000.0,0.0,0.1,4,2000,0.0112350236703353,0.0075480348101648,0.0117158826801838,0.0056083357563387,400,0
gaussian,gaussian,kl,kl,0,7,2,10000.0,0.0,0.1,4,2000,0.0167386863483238,0.013640085932692,0.0155767881990326,0.000734236419501,400,0
gaussian,gaussian,kl,kl,0,8,2,10000.0,0.0,0.1,4,2000,0.0157748816601701,0.0102484267029078,0.0155040436909824,0.0427497043158331,400,0
gaussian,gaussian,kl,kl,0,9,2,10000.0,0.0,0.1,4,2000,0.0162061361991447,0.0114883620299979,0.0142928143848829,0.012720883899711,400,0
gaussian,gaussian,kl,kl,0,10,2,10000.0,0.0,0.1,4,2000,0.0118145417477421,0.0094979266165469,0.0103542767149171,0.0054653614458455,400,0
gaussian,gaussian,kl,kl,0,11,2,10000.0,0.0,0.1,4,2000,0.0112442185717163,0.0076895184177274,0.0112686779731918,0.0076832206929802,400,0
gaussian,gaussian,kl,kl,0,12,2,10000.0,0.0,0.1,4,2000,0.0119806882268451,0.0080548333823443,0.0122535007550566,0.0072989263728444,400,0
gaussian,gaussian,kl,kl,0,13,2,10000.0,0.0,0.1,4,2000,0.0151504261940888,0.0117102842025215,0.0133454352330106,0.018395611309214,400,0
gaussian,gaussian,kl,kl,0,14,2,10000.0,0.0,0.1,4,2000,0.0135259398239117,0.0106765367196377,0.0117117344815138,0.0126831626962649,400,0
gaussian,gaussian,kl,kl,0,15,2,10000.0,0.0,0.1,4,2000,0.0128470673672027,0.009944234541881,0.0116293202700975,0.0011412678243201,400,0
gaussian,gaussian,kl,kl,0,16,2,10000.0,0.0,0.1,4,2000,0.0125798194419991,0.0090608389016754,0.0112917930169577,0.0070073833336747,400,0
gaussian,gaussian,kl,kl,0,17,2,10000.0,0.0,0.1,4,2000,0.0120006836845058,0.007490485955792,0.0132423374643483,0.0243832034225643,400,0
gaussian,gaussian,kl,kl,0,18,2,10000.0,0.0,0.1,4,2000,0.0107840552606468,0.0067759406403594,0.0133508376985834,0.030356609646698,400,0
gaussian,gaussian,kl,kl,0,19,2,10000.0,0.0,0.1,4,2000,0.0162241899722434,0.0096544208351144,0.0168577317114111,0.0035051175748683,400,0
gaussian,gaussian,riemannian,riemannian,0,0,2,10000.0,0.0,0.1,16,2000,0.003099874294493,0.0020401654182923,0.0029995295806737,0.0016448479291579,400,0
gaussian,gaussian,riemannian,riemannian,0,1,2,10000.0,0.0,0.1,16,2000,0.0031625679253412,0.0019988476052206,0.0031493869910513,0.0019619262525507,400,0
gaussian,gaussian,riemannian,riemannian,0,2,2,10000.0,0.0,0.1,16,2000,0.0030629783595532,0.0023928567941554,0.0026622608923487,0.003972484916491,400,0
gaussian,gaussian,riemannian,riemannian,0,3,2,10000.0,0.0,0.1,16,2000,0.002885772160647,0.0020423018361495,0.0027483672892451,0.002741958660299,400,0
gaussian,gaussian,riemannian,riemannian,0,4,2,10000.0,0.0,0.1,16,2000,0.0029049599377686,0.0020921717637785,0.0028007633921645,0.0009976791636037,400,0
gaussian,gaussian,riemannian,riemannian,0,5,2,10000.0,0.0,0.1,16,2000,0.0031931399554944,0.0021888834798022,0.0033381266388782,0.001443497872396,400,0
gaussian,gaussian,riemannian,riemannian,0,6,2,10000.0,0.0,0.1,16,2000,0.0033524190792849,0.002352552549147,0.0031658424241553,0.0068484674339142,400,0
gaussian,gaussian,riemannian,riemannian,0,7,2,10000.0,0.0,0.1,16,2000,0.0034698456869153,0.0025774716438073,0.0031697946815989,0.0033485176703011,400,0
gaussian,gaussian,riemannian,riemannian,0,8,2,10000.0,0.0,0.1,16,2000,0.002382051826852,0.0016903990272908,0.0022322484406183,0.0005237556657415,400,0
gaussian,gaussian,riemannian,riemannian,0,9,2,10000.0,0.0,0.1,16,2000,0.0030992133963381,0.0019069538574344,0.0034264962338443,0.0040946199858333,400,0
gaussian,gaussian,riemannian,riemannian,0,10,2,10000.0,0.0,0.1,16,2000,0.0037827090953592,0.002657197702477,0.0035049509369099,0.0024536302174993,400,0
gaussian,gaussian,riemannian,riemannian,0,11,2,10000.0,0.0,0.1,16,2000,0.0035134867340921,0.0023051628662985,0.003667555227988,0.0022109353787191,400,0
gaussian,gaussian,riemannian,riemannian,0,12,2,10000.0,0.0,0.1,16,2000,0.0034306920185256,0.0024274118966562,0.0030659256998865,0.0018782007021391,400,0
gaussian,gaussian,riemannian,riemannian,0,13,2,10000.0,0.0,0.1,16,2000,0.0035356683335851,0.0026585521462613,0.0034202811148273,0.0002386165570409,400,0
gaussian,gaussian,riemannian,riemannian,0,14,2,10000.0,0.0,0.1,16,2000,0.0029857300589563,0.0023601423908395,0.0027079073353365,0.0017185345908603,400,0
gaussian,gaussian,riemannian,riemannian,0,15,2,10000.0,0.0,0.1,16,2000,0.0046730786850009,0.0034693405780708,0.0043136121908688,0.0100480177482531,400,0
gaussian,gaussian,riemannian,riemannian,0,16,2,10000.0,0.0,0.1,16,2000,0.0045896993852351,0.0029479464275974,0.0044378063391576,0.0040711368086236,400,0
gaussian,gaussian,riemannian,riemannian,0,17,2,10000.0,0.0,0.1,16,2000,0.0029223930565061,0.0017398658063667,0.0029475448233896,0.0059981060375573,400,0
gaussian,gaussian,riemannian,riemannian,0,18,2,10000.0,0.0,0.1,16,2000,0.0027249523160031,0.0020740058086857,0.002390425041151,0.0017312446473765,400,0
gaussian,gaussian,riemannian,riemannian,0,19,2,10000.0,0.0,0.1,16,2000,0.0040483290298893,0.0030630080884681,0.0035330057487708,0.0002396455136963,400,0
gaussian,gaussian,kl,kl,0,0,2,10000.0,0.0,0.1,16,2000,0.0030998742944929,0.0020401654182923,0.0029995295806737,0.0016448479291577,400,0
gaussian,gaussian,kl,kl,0,1,2,10000.0,0.0,0.1,16,2000,0.0031625679253411,0.0019988476052206,0.0031493869910513,0.0019619262525507,400,0
gaussian,gaussian,kl,kl,0,2,2,10000.0,0.0,0.1,16,2000,0.003062978359553,0.0023928567941553,0.0026622608923487,0.0039724849164908,400,0
gaussian,gaussian,kl,kl,0,3,2,10000.0,0.0,0.1,16,2000,0.0028857721606469,0.0020423018361492,0.0027483672892451,0.002741958660299,400,0
gaussian,gaussian,kl,kl,0,4,2,10000.0,0.0,0.1,16,2000,0.0029049599377685,0.0020921717637784,0.0028007633921645,0.0009976791636034,400,0
gaussian,gaussian,kl,kl,0,5,2,10000.0,0.0,0.1,16,2000,0.0031931399554943,0.0021888834798021,0.0033381266388782,0.001443497872396,400,0
gaussian,gaussian,kl,kl,0,6,2,10000.0,0.0,0.1,16,2000,0.0033524190792848,0.0023525525491467,0.0031658424241553,0.0068484674339139,400,0
gaussian,gaussian,kl,kl,0,7,2,10000.0,0.0,0.1,16,2000,0.0034698456869152,0.0025774716438072,0.0031697946815989,0.0033485176703011,400,0
gaussian,gaussian,kl,kl,0,8,2,10000.0,0.0,0.1,16,2000,0.0023820518268519,0.0016903990272908,0.0022322484406183,0.0005237556657413,400,0
gaussian,gaussian,kl,kl,0,9,2,10000.0,0.0,0.1,16,2000,0.003099213396338,0.0019069538574342,0.0034264962338443,0.0040946199858331,400,0
gaussian,gaussian,kl,kl,0,10,2,10000.0,0.0,0.1,16,2000,0.0037827090953591,0.002657197702477,0.0035049509369099,0.0024536302174993,400,0
gaussian,gaussian,kl,kl,0,11,2,10000.0,0.0,0.1,16,2000,0.003513486734092,0.0023051628662984,0.003667555227988,0.0022109353787189,400,0
gaussian,gaussian,kl,kl,0,12,2,10000.0,0.0,0.1,16,2000,0.0034306920185254,0.002427411896656,0.0030659256998865,0.0018782007021391,400,0
gaussian,gaussian,kl,kl,0,13,2,10000.0,0.0,0.1,16,2000,0.0035356683335849,0.002658552146261,0.0034202811148273,0.0002386165570409,400,0
gaussian,gaussian,kl,kl,0,14,2,10000.0,0.0,0.1,16,2000,0.0029857300589562,0.0023601423908393,0.0027079073353365,0.0017185345908601,400,0
gaussian,gaussian,kl,kl,0,15,2,10000.0,0.0,0.1,16,2000,0.0046730786850008,0.0034693405780706,0.0043136121908688,0.0100480177482531,400,0
gaussian,gaussian,kl,kl,0,16,2,10000.0,0.0,0.1,16,2000,0.004589699385235,0.0029479464275974,0.0044378063391576,0.0040711368086236,400,0
gaussian,gaussian,kl,kl,0,17,2,10000.0,0.0,0.1,16,2000,0.0029223930565059,0.0017398658063665,0.0029475448233896,0.0059981060375571,400,0
gaussian,gaussian,kl,kl,0,18,2,10000.0,0.0,0.1,16,2000,0.002724952316003,0.0020740058086856,0.002390425041151,0.0017312446473765,400,0
gaussian,gaussian,kl,kl,0,19,2,10000.0,0.0,0.1,16,2000,0.0040483290298892,0.003063008088468,0.0035330057487708,0.0002396455136961,400,0
gaussian,gaussian,riemannian,riemannian,0,0,8,10.0,0.0,0.1,1,2000,0.2094309828242678,0.1921695833798593,0.1036539722859405,0.2822524246745459,400,0
gaussian,gaussian,riemannian,riemannian,0,1,8,10.0,0.0,0.1,1,2000,0.259554676430448,0.2304748400845619,0.1404822433734297,0.1505487769935873,400,0
gaussian,gaussian,riemannian,riemannian,0,2,8,10.0,0.0,0.1,1,2000,0.2292205468938166,0.2124255963622943,0.1129969763149948,0.2561528626426037,400,0
gaussian,gaussian,riemannian,riemannian,0,3,8,10.0,0.0,0.1,1,2000,0.2117771600343376,0.1918066704791186,0.0959928004407903,0.1556629219030156,400,0
gaussian,gaussian,riemannian,riemannian,0,4,8,10.0,0.0,0.1,1,2000,0.1949008310456527,0.176390510163134,0.0947170501503511,0.115385980853472,400,0
gaussian,gaussian,riemannian,riemannian,0,5,8,10.0,0.0,0.1,1,2000,0.2126626905729544,0.1988826606664897,0.1067010446728804,0.2855367667460502,400,0
gaussian,gaussian,riemannian,riemannian,0,6,8,10.0,0.0,0.1,1,2000,0.1909163844953125,0.1750198612240137,0.0950771960212735,0.2036471263865067,400,0
gaussian,gaussian,riemannian,riemannian,0,7,8,10.0,0.0,0.1,1,2000,0.2057421337751218,0.1978078852656319,0.0989870087856134,0.3961144484445071,400,0
gaussian,gaussian,riemannian,riemannian,0,8,8,10.0,0.0,0.1,1,2000,0.2244436542457804,0.1965000653046802,0.1217327094708414,0.168845320377466,400,0
gaussian,gaussian,riemannian,riemannian,0,9,8,10.0,0.0,0.1,1,2000,0.1912885350121548,0.1765145260169318,0.092832255578893,0.3233743319369022,400,0
gaussian,gaussian,riemannian,riemannian,0,10,8,10.0,0.0,0.1,1,2000,0.2484380502462344,0.2318796904756288,0.1168829887639075,0.3442537558899365,400,0
gaussian,gaussian,riemannian,riemannian,0,11,8,10.0,0.0,0.1,1,2000,0.2121562109729699,0.205862566395941,0.097854749256023,0.2307994039896588,400,0
gaussian,gaussian,riemannian,riemannian,0,12,8,10.0,0.0,0.1,1,2000,0.2006002176307571,0.1815136874859315,0.1044261865322704,0.0412991346396838,400,0
gaussian,gaussian,riemannian,riemannian,0,13,8,10.0,0.0,0.1,1,2000,0.1684033090439272,0.147088069500783,0.0877351329605009,0.1268263053102334,400,0
gaussian,gaussian,riemannian,riemannian,0,14,8,10.0,0.0,0.1,1,2000,0.1824712118976201,0.1682609575161242,0.0879984384821686,0.3927244779820196,400,0
gaussian,gaussian,riemannian,riemannian,0,15,8,10.0,0.0,0.1,1,2000,0.2203973842111503,0.1972436527160819,0.1141507578521181,0.2973334597086499,400,0
gaussian,gaussian,riemannian,riemannian,0,16,8,10.0,0.0,0.1,1,2000,0.2110721362178642,0.1847184240217996,0.1128135453482705,0.091098241610549,400,0
gaussian,gaussian,riemannian,riemannian,0,17,8,10.0,0.0,0.1,1,2000,0.2193528589201466,0.195004235505424,0.1199964826368424,0.1480369851892584,400,0
gaussian,gaussian,riemannian,riemannian,0,18,8,10.0,0.0,0.1,1,2000,0.1893056377662837,0.1717360637280665,0.0943775808969736,0.151059536377895,400,0
gaussian,gaussian,riemannian,riemannian,0,19,8,10.0,0.0,0.1,1,2000,0.2039092340622748,0.1802799451341186,0.1152211317558625,0.2645146210616262,400,0
gaussian,gaussian,kl,kl,0,0,8,10.0,0.0,0.1,1,2000,0.209430982824267,0.1921695833798589,0.1036539722859405,0.2822524246745459,400,0
gaussian,gaussian,kl,kl,0,1,8,10.0,0.0,0.1,1,2000,0.2595546764304472,0.2304748400845611,0.1404822433734298,0.1505487769935865,400,0
gaussian,gaussian,kl,kl,0,2,8,10.0,0.0,0.1,1,2000,0.2292205468938158,0.2124255963622934,0.1129969763149949,0.2561528626426028,400,0
gaussian,gaussian,kl,kl,0,3,8,10.0,0.0,0.1,1,2000,0.2117771600343369,0.1918066704791177,0.0959928004407904,0.1556629219030147,400,0
gaussian,gaussian,kl,kl,0,4,8,10.0,0.0,0.1,1,2000,0.1949008310456519,0.1763905101631331,0.0947170501503511,0.1153859808534711,400,0
gaussian,gaussian,kl,kl,0,5,8,10.0,0.0,0.1,1,2000,0.2126626905729536,0.1988826606664888,0.1067010446728804,0.2855367667460493,400,0
gaussian,gaussian,kl,kl,0,6,8,10.0,0.0,0.1,1,2000,0.1909163844953117,0.1750198612240132,0.0950771960212735,0.2036471263865058,400,0
gaussian,gaussian,kl,kl,0,7,8,10.0,0.0,0.1,1,2000,0.205742133775121,0.1978078852656311,0.0989870087856134,0.3961144484445063,400,0
gaussian,gaussian,kl,kl,0,8,8,10.0,0.0,0.1,1,2000,0.2244436542457796,0.1965000653046793,0.1217327094708414,0.1688453203774651,400,0
gaussian,gaussian,kl,kl,0,9,8,10.0,0.0,0.1,1,2000,0.1912885350121541,0.1765145260169309,0.0928322555788931,0.3233743319369022,400,0
gaussian,gaussian,kl,kl,0,10,8,10.0,0.0,0.1,1,2000,0.2484380502462337,0.2318796904756279,0.1168829887639076,0.3442537558899357,400,0
gaussian,gaussian,kl,kl,0,11,8,10.0,0.0,0.1,1,2000,0.2121562109729692,0.2058625663959401,0.0978547492560232,0.2307994039896579,400,0
gaussian,gaussian,kl,kl,0,12,8,10.0,0.0,0.1,1,2000,0.2006002176307564,0.1815136874859306,0.1044261865322705,0.0412991346396829,400,0
gaussian,gaussian,kl,kl,0,13,8,10.0,0.0,0.1,1,2000,0.1684033090439264,0.1470880695007821,0.087735132960501,0.1268263053102334,400,0
gaussian,gaussian,kl,kl,0,14,8,10.0,0.0,0.1,1,2000,0.1824712118976193,0.1682609575161233,0.0879984384821686,0.3927244779820196,400,0
gaussian,gaussian,kl,kl,0,15,8,10.0,0.0,0.1,1,2000,0.2203973842111495,0.1972436527160805,0.1141507578521183,0.2973334597086499,400,0
gaussian,gaussian,kl,kl,0,16,8,10.0,0.0,0.1,1,2000,0.2110721362178634,0.1847184240217987,0.1128135453482706,0.0910982416105481,400,0
gaussian,gaussian,kl,kl,0,17,8,10.0,0.0,0.1,1,2000,0.2193528589201459,0.1950042355054231,0.1199964826368426,0.1480369851892575,400,0
gaussian,gaussian,kl,kl,0,18,8,10.0,0.0,0.1,1,2000,0.1893056377662829,0.1717360637280656,0.0943775808969736,0.1510595363778941,400,0
gaussian,gaussian,kl,kl,0,19,8,10.0,0.0,0.1,1,2000,0.2039092340622741,0.1802799451341177,0.1152211317558626,0.2645146210616254,400,0
gaussian,gaussian,riemannian,riemannian,0,0,8,10.0,0.0,0.1,4,2000,0.0571194703749098,0.0521387824311068,0.0272298112923053,0.0924001091424173,400,0
gaussian,gaussian,riemannian,riemannian,0,1,8,10.0,0.0,0.1,4,2000,0.0590595336014649,0.0555358742387253,0.029461840997117,0.0798309970032269,400,0
gaussian,gaussian,riemannian,riemannian,0,2,8,10.0,0.0,0.1,4,2000,0.055573566581186,0.0519259366675468,0.0263637314790686,0.0486286069721026,400,0
gaussian,gaussian,riemannian,riemannian,0,3,8,10.0,0.0,0.1,4,2000,0.0514022186458517,0.0469700838275461,0.0259079098091357,0.0985768309778878,400,0
gaussian,gaussian,riemannian,riemannian,0,4,8,10.0,0.0,0.1,4,2000,0.0580033908835728,0.0519100283054592,0.034040344387319,0.1663636759180065,400,0
gaussian,gaussian,riemannian,riemannian,0,5,8,10.0,0.0,0.1,4,2000,0.0536819233666272,0.0524885384809454,0.0229142693514976,0.0962712086533681,400,0
gaussian,gaussian,riemannian,riemannian,0,6,8,10.0,0.0,0.1,4,2000,0.0558904043607201,0.0502106210070243,0.0254672072760968,0.0666812713108484,400,0
gaussian,gaussian,riemannian,riemannian,0,7,8,10.0,0.0,0.1,4,2000,0.0580102220211446,0.0520810404477751,0.0289255356918807,0.0251741055225283,400,0
gaussian,gaussian,riemannian,riemannian,0,8,8,10.0,0.0,0.1,4,2000,0.0505403419247122,0.0483722061785818,0.0223101930310521,0.0316058103576892,400,0
gaussian,gaussian,riemannian,riemannian,0,9,8,10.0,0.0,0.1,4,2000,0.0579825578494661,0.0556809506923552,0.0259054396049054,0.0605415474241404,400,0
gaussian,gaussian,riemannian,riemannian,0,10,8,10.0,0.0,0.1,4,2000,0.0499112645902704,0.0462769480901408,0.0241838432775114,0.0358717192461046,400,0
gaussian,gaussian,riemannian,riemannian,0,11,8,10.0,0.0,0.1,4,2000,0.0583187954937124,0.0533589446481039,0.026721833496803,0.0720615394543058,400,0
gaussian,gaussian,riemannian,riemannian,0,12,8,10.0,0.0,0.1,4,2000,0.0592645181240661,0.0534300331537176,0.0294638416036705,0.042746315890076,400,0
gaussian,gaussian,riemannian,riemannian,0,13,8,10.0,0.0,0.1,4,2000,0.056257035758826,0.0529505963598513,0.0258804416398116,0.0198650239962443,400,0
gaussian,gaussian,riemannian,riemannian,0,14,8,10.0,0.0,0.1,4,2000,0.0568823760757423,0.053300000553802,0.0267000421117806,0.0476696579669457,400,0
gaussian,gaussian,riemannian,riemannian,0,15,8,10.0,0.0,0.1,4,2000,0.0510780109014049,0.0485590426539856,0.0230884704619936,0.0165997085983864,400,0
gaussian,gaussian,riemannian,riemannian,0,16,8,10.0,0.0,0.1,4,2000,0.0567333334097307,0.0514988092996504,0.0294059390479559,0.0538422777977514,400,0
gaussian,gaussian,riemannian,riemannian,0,17,8,10.0,0.0,0.1,4,2000,0.0564928012237327,0.0525487296710505,0.0272292212031831,0.051545127160967,400,0
gaussian,gaussian,riemannian,riemannian,0,18,8,10.0,0.0,0.1,4,2000,0.0564489303025113,0.0518178893091123,0.0304304650600593,0.0992290607139247,400,0
gaussian,gaussian,riemannian,riemannian,0,19,8,10.0,0.0,0.1,4,2000,0.0568344060765059,0.0522171590027138,0.0253133739676843,0.058061701460244,400,0
gaussian,gaussian,kl,kl,0,0,8,10.0,0.0,0.1,4,2000,0.057119470374909,0.0521387824311063,0.0272298112923053,0.0924001091424164,400,0
gaussian,gaussian,kl,kl,0,1,8,10.0,0.0,0.1,4,2000,0.059059533601464,0.0555358742387244,0.029461840997117,0.079830997003226,400,0
gaussian,gaussian,kl,kl,0,2,8,10.0,0.0,0.1,4,2000,0.0555735665811851,0.0519259366675459,0.0263637314790687,0.0486286069721018,400,0
gaussian,gaussian,kl,kl,0,3,8,10.0,0.0,0.1,4,2000,0.0514022186458509,0.0469700838275453,0.0259079098091357,0.0985768309778869,400,0
gaussian,gaussian,kl,kl,0,4,8,10.0,0.0,0.1,4,2000,0.058003390883572,0.0519100283054587,0.0340403443873191,0.1663636759180056,400,0
gaussian,gaussian,kl,kl,0,5,8,10.0,0.0,0.1,4,2000,0.0536819233666264,0.0524885384809445,0.0229142693514977,0.0962712086533672,400,0
gaussian,gaussian,kl,kl,0,6,8,10.0,0.0,0.1,4,2000,0.0558904043607193,0.0502106210070234,0.0254672072760968,0.0666812713108475,400,0
gaussian,gaussian,kl,kl,0,7,8,10.0,0.0,0.1,4,2000,0.0580102220211438,0.0520810404477742,0.0289255356918807,0.0251741055225274,400,0
gaussian,gaussian,kl,kl,0,8,8,10.0,0.0,0.1,4,2000,0.0505403419247113,0.0483722061785809,0.0223101930310521,0.0316058103576883,400,0
gaussian,gaussian,kl,kl,0,9,8,10.0,0.0,0.1,4,2000,0.0579825578494653,0.0556809506923543,0.0259054396049054,0.0605415474241395,400,0
gaussian,gaussian,kl,kl,0,10,8,10.0,0.0,0.1,4,2000,0.0499112645902696,0.0462769480901399,0.0241838432775115,0.0358717192461037,400,0
gaussian,gaussian,kl,kl,0,11,8,10.0,0.0,0.1,4,2000,0.0583187954937115,0.053358944648103,0.026721833496803,0.0720615394543049,400,0
gaussian,gaussian,kl,kl,0,12,8,10.0,0.0,0.1,4,2000,0.0592645181240653,0.0534300331537171,0.0294638416036705,0.0427463158900751,400,0
gaussian,gaussian,kl,kl,0,13,8,10.0,0.0,0.1,4,2000,0.0562570357588251,0.0529505963598504,0.0258804416398116,0.0198650239962434,400,0
gaussian,gaussian,kl,kl,0,14,8,10.0,0.0,0.1,4,2000,0.0568823760757415,0.0533000005538011,0.0267000421117806,0.0476696579669448,400,0
gaussian,gaussian,kl,kl,0,15,8,10.0,0.0,0.1,4,2000,0.051078010901404,0.0485590426539848,0.0230884704619936,0.0165997085983855,400,0
gaussian,gaussian,kl,kl,0,16,8,10.0,0.0,0.1,4,2000,0.0567333334097298,0.05149880929965,0.029405939047956,0.0538422777977514,400,0
gaussian,gaussian,kl,kl,0,17,8,10.0,0.0,0.1,4,2000,0.0564928012237318,0.0525487296710496,0.0272292212031831,0.0515451271609661,400,0
gaussian,gaussian,kl,kl,0,18,8,10.0,0.0,0.1,4,2000,0.0564489303025104,0.0518178893091114,0.0304304650600593,0.0992290607139239,400,0
gaussian,gaussian,kl,kl,0,19,8,10.0,0.0,0.1,4,2000,0.056834406076505,0.0522171590027129,0.0253133739676844,0.0580617014602431,400,0
gaussian,gaussian,riemannian,riemannian,0,0,8,10.0,0.0,0.1,16,2000,0.0121497483477513,0.0115466669176398,0.0052385950822261,0.0048562123563113,400,0
gaussian,gaussian,riemannian,riemannian,0,1,8,10.0,0.0,0.1,16,2000,0.0130189920148299,0.0122382682887605,0.0063951735819073,0.0081926970411698,400,0
gaussian,gaussian,riemannian,riemannian,0,2,8,10.0,0.0,0.1,16,2000,0.0143778415037426,0.013628611710172,0.0070162261089407,0.0108463665429843,400,0
gaussian,gaussian,riemannian,riemannian,0,3,8,10.0,0.0,0.1,16,2000,0.0141873293428677,0.0131500723337651,0.0061150187499039,0.0111859153200031,400,0
gaussian,gaussian,riemannian,riemannian,0,4,8,10.0,0.0,0.1,16,2000,0.0143959478064919,0.0126885602057309,0.0073309686553521,0.0120431892905816,400,0
gaussian,gaussian,riemannian,riemannian,0,5,8,10.0,0.0,0.1,16,2000,0.0119849234494423,0.0108236171345001,0.0058175077909568,0.0016490062292611,400,0
gaussian,gaussian,riemannian,riemannian,0,6,8,10.0,0.0,0.1,16,2000,0.0127449788798004,0.0117989947912438,0.0058334129269238,0.0028311081019234,400,0
gaussian,gaussian,riemannian,riemannian,0,7,8,10.0,0.0,0.1,16,2000,0.0132323195378721,0.0123857479399802,0.0069050373860062,0.0198928878566526,400,0
gaussian,gaussian,riemannian,riemannian,0,8,8,10.0,0.0,0.1,16,2000,0.0143846161672655,0.0134628895504054,0.0070513812255768,0.0101911567061696,400,0
gaussian,gaussian,riemannian,riemannian,0,9,8,10.0,0.0,0.1,16,2000,0.0136674909644528,0.0127618404333924,0.0056406615774565,0.0247859220678812,400,0
gaussian,gaussian,riemannian,riemannian,0,10,8,10.0,0.0,0.1,16,2000,0.0115544246314103,0.010797049606209,0.0054736052770556,0.0102414156622403,400,0
gaussian,gaussian,riemannian,riemannian,0,11,8,10.0,0.0,0.1,16,2000,0.0119013312545593,0.0111189594542433,0.0060133264309938,0.0055550560010173,400,0
gaussian,gaussian,riemannian,riemannian,0,12,8,10.0,0.0,0.1,16,2000,0.0135423567828569,0.0117765585232629,0.0075947278059226,0.0168528951206399,400,0
gaussian,gaussian,riemannian,riemannian,0,13,8,10.0,0.0,0.1,16,2000,0.0142183616518217,0.0139084243477087,0.0063924514188058,0.0199999088553202,400,0
gaussian,gaussian,riemannian,riemannian,0,14,8,10.0,0.0,0.1,16,2000,0.0130232344645886,0.0121876040481385,0.005862328578975,0.0046827039014321,400,0
gaussian,gaussian,riemannian,riemannian,0,15,8,10.0,0.0,0.1,16,2000,0.0128173758104186,0.0111311301114147,0.0071572488913308,0.0143614523364705,400,0
gaussian,gaussian,riemannian,riemannian,0,16,8,10.0,0.0,0.1,16,2000,0.0136771452838072,0.0125157787888037,0.0061095122912426,0.0067743381298539,400,0
gaussian,gaussian,riemannian,riemannian,0,17,8,10.0,0.0,0.1,16,2000,0.0123371889371472,0.0109159423594387,0.0062905588185561,0.0269276221364807,400,0
gaussian,gaussian,riemannian,riemannian,0,18,8,10.0,0.0,0.1,16,2000,0.0117080952388737,0.0109671272929361,0.0053432023663384,0.0090613445856,400,0
gaussian,gaussian,riemannian,riemannian,0,19,8,10.0,0.0,0.1,16,2000,0.013294798281793,0.0121150344568921,0.0062535884168211,0.0147928015110982,400,0
gaussian,gaussian,kl,kl,0,0,8,10.0,0.0,0.1,16,2000,0.0121497483477504,0.0115466669176389,0.0052385950822262,0.0048562123563105,400,0
gaussian,gaussian,kl,kl,0,1,8,10.0,0.0,0.1,16,2000,0.013018992014829,0.0122382682887596,0.0063951735819074,0.0081926970411689,400,0
gaussian,gaussian,kl,kl,0,2,8,10.0,0.0,0.1,16,2000,0.0143778415037417,0.0136286117101711,0.0070162261089407,0.0108463665429834,400,0
gaussian,gaussian,kl,kl,0,3,8,10.0,0.0,0.1,16,2000,0.0141873293428668,0.0131500723337643,0.0061150187499039,0.0111859153200022,400,0
gaussian,gaussian,kl,kl,0,4,8,10.0,0.0,0.1,16,2000,0.014395947806491,0.01268856020573,0.0073309686553521,0.0120431892905807,400,0
gaussian,gaussian,kl,kl,0,5,8,10.0,0.0,0.1,16,2000,0.0119849234494415,0.0108236171344993,0.0058175077909568,0.0016490062292602,400,0
gaussian,gaussian,kl,kl,0,6,8,10.0,0.0,0.1,16,2000,0.0127449788797995,0.0117989947912429,0.0058334129269239,0.0028311081019225,400,0
gaussian,gaussian,kl,kl,0,7,8,10.0,0.0,0.1,16,2000,0.0132323195378712,0.0123857479399793,0.0069050373860062,0.0198928878566517,400,0
gaussian,gaussian,kl,kl,0,8,8,10.0,0.0,0.1,16,2000,0.0143846161672646,0.0134628895504045,0.0070513812255768,0.0101911567061687,400,0
gaussian,gaussian,kl,kl,0,9,8,10.0,0.0,0.1,16,2000,0.0136674909644519,0.0127618404333915,0.0056406615774565,0.0247859220678803,400,0
gaussian,gaussian,kl,kl,0,10,8,10.0,0.0,0.1,16,2000,0.0115544246314094,0.0107970496062081,0.0054736052770556,0.0102414156622394,400,0
gaussian,gaussian,kl,kl,0,11,8,10.0,0.0,0.1,16,2000,0.0119013312545584,0.0111189594542424,0.0060133264309938,0.0055550560010164,400,0
gaussian,gaussian,kl,kl,0,12,8,10.0,0.0,0.1,16,2000,0.013542356782856,0.011776558523262,0.0075947278059226,0.016852895120639,400,0
gaussian,gaussian,kl,kl,0,13,8,10.0,0.0,0.1,16,2000,0.0142183616518208,0.0139084243477083,0.0063924514188058,0.0199999088553193,400,0
gaussian,gaussian,kl,kl,0,14,8,10.0,0.0,0.1,16,2000,0.0130232344645877,0.0121876040481376,0.005862328578975,0.0046827039014312,400,0
gaussian,gaussian,kl,kl,0,15,8,10.0,0.0,0.1,16,2000,0.0128173758104177,0.0111311301114138,0.0071572488913308,0.0143614523364696,400,0
gaussian,gaussian,kl,kl,0,16,8,10.0,0.0,0.1,16,2000,0.0136771452838063,0.0125157787888028,0.0061095122912426,0.006774338129853,400,0
gaussian,gaussian,kl,kl,0,17,8,10.0,0.0,0.1,16,2000,0.0123371889371464,0.0109159423594378,0.0062905588185561,0.0269276221364798,400,0
gaussian,gaussian,kl,kl,0,18,8,10.0,0.0,0.1,16,2000,0.0117080952388728,0.0109671272929352,0.0053432023663384,0.0090613445855991,400,0
gaussian,gaussian,kl,kl,0,19,8,10.0,0.0,0.1,16,2000,0.0132947982817921,0.0121150344568912,0.0062535884168211,0.0147928015110974,400,0
gaussian,gaussian,riemannian,riemannian,0,0,8,100.0,0.0,0.1,1,2000,0.2396877988140003,0.2395476761311012,0.1070550697925132,0.3943715491877855,400,0
gaussian,gaussian,riemannian,riemannian,0,1,8,100.0,0.0,0.1,1,2000,0.2081365231310354,0.192969450521093,0.1050329298124433,0.1751426987622268,400,0
gaussian,gaussian,riemannian,riemannian,0,2,8,100.0,0.0,0.1,1,2000,0.1973872735203153,0.1878222451909534,0.090560568450774,0.1332946232808716,400,0
gaussian,gaussian,riemannian,riemannian,0,3,8,100.0,0.0,0.1,1,2000,0.1926125337519756,0.1758312712494714,0.104133144328346,0.1504196083425411,400,0
gaussian,gaussian,riemannian,riemannian,0,4,8,100.0,0.0,0.1,1,2000,0.2142913309948072,0.1905393690804189,0.1058937752520209,0.2187123260013797,400,0
gaussian,gaussian,riemannian,riemannian,0,5,8,100.0,0.0,0.1,1,2000,0.1920397226851773,0.174446503712498,0.092748955646928,0.1943826676159687,400,0
gaussian,gaussian,riemannian,riemannian,0,6,8,100.0,0.0,0.1,1,2000,0.2106018689885961,0.1998104831067397,0.1013937283380519,0.135168756193531,400,0
gaussian,gaussian,riemannian,riemannian,0,7,8,100.0,0.0,0.1,1,2000,0.2146934721166753,0.1928281054461731,0.1153942324543586,0.2878871072213824,400,0
gaussian,gaussian,riemannian,riemannian,0,8,8,100.0,0.0,0.1,1,2000,0.2325237569967551,0.2106909846975435,0.1136048581219697,0.1293311015290745,400,0
gaussian,gaussian,riemannian,riemannian,0,9,8,100.0,0.0,0.1,1,2000,0.2195516001635231,0.203151883058434,0.1034942608251952,0.1766177411092533,400,0
gaussian,gaussian,riemannian,riemannian,0,10,8,100.0,0.0,0.1,1,2000,0.2179835223270136,0.2007905756663905,0.1001523828223906,0.4026295272351508,400,0
gaussian,gaussian,riemannian,riemannian,0,11,8,100.0,0.0,0.1,1,2000,0.1873485523737844,0.1693049018471981,0.0953988254458824,0.3610330003454907,400,0
gaussian,gaussian,riemannian,riemannian,0,12,8,100.0,0.0,0.1,1,2000,0.2278669122197308,0.2168447825949973,0.1080218824641211,0.3540440033066314,400,0
gaussian,gaussian,riemannian,riemannian,0,13,8,100.0,0.0,0.1,1,2000,0.2188660587681241,0.2051204770085855,0.1195783815631432,0.298392117207082,400,0
gaussian,gaussian,riemannian,riemannian,0,14,8,100.0,0.0,0.1,1,2000,0.2231499715471648,0.2061594719570907,0.1134891513953713,0.5775793435001875,400,0
gaussian,gaussian,riemannian,riemannian,0,15,8,100.0,0.0,0.1,1,2000,0.2181022096052955,0.1997831031207666,0.104042715635486,0.1253250066794313,400,0
gaussian,gaussian,riemannian,riemannian,0,16,8,100.0,0.0,0.1,1,2000,0.2121064123077329,0.1960051404020277,0.10366562325976,0.2108627064542121,400,0
gaussian,gaussian,riemannian,riemannian,0,17,8,100.0,0.0,0.1,1,2000,0.2072060807991182,0.1955060890367241,0.0954065123783812,0.4088769571664494,400,0
gaussian,gaussian,riemannian,riemannian,0,18,8,100.0,0.0,0.1,1,2000,0.1961959821216677,0.1760812742921635,0.1007583922034204,0.1721674619153095,400,0
gaussian,gaussian,riemannian,riemannian,0,19,8,100.0,0.0,0.1,1,2000,0.2472519109607072,0.2402147638885132,0.1028023338531327,0.4252702437062083,400,0
gaussian,gaussian,kl,kl,0,0,8,100.0,0.0,0.1,1,2000,0.2396877988140017,0.2395476761311026,0.1070550697925132,0.3943715491877864,400,0
gaussian,gaussian,kl,kl,0,1,8,100.0,0.0,0.1,1,2000,0.2081365231310369,0.1929694505210943,0.1050329298124434,0.1751426987622286,400,0
gaussian,gaussian,kl,kl,0,2,8,100.0,0.0,0.1,1,2000,0.1973872735203168,0.1878222451909543,0.0905605684507741,0.1332946232808725,400,0
gaussian,gaussian,kl,kl,0,3,8,100.0,0.0,0.1,1,2000,0.1926125337519771,0.1758312712494727,0.104133144328346,0.1504196083425428,400,0
gaussian,gaussian,kl,kl,0,4,8,100.0,0.0,0.1,1,2000,0.2142913309948086,0.1905393690804206,0.105893775252021,0.2187123260013805,400,0
gaussian,gaussian,kl,kl,0,5,8,100.0,0.0,0.1,1,2000,0.1920397226851787,0.1744465037124989,0.0927489556469281,0.1943826676159705,400,0
gaussian,gaussian,kl,kl,0,6,8,100.0,0.0,0.1,1,2000,0.2106018689885975,0.1998104831067415,0.1013937283380519,0.1351687561935328,400,0
gaussian,gaussian,kl,kl,0,7,8,100.0,0.0,0.1,1,2000,0.2146934721166768,0.1928281054461749,0.1153942324543586,0.2878871072213842,400,0
gaussian,gaussian,kl,kl,0,8,8,100.0,0.0,0.1,1,2000,0.2325237569967565,0.2106909846975448,0.1136048581219698,0.1293311015290754,400,0
gaussian,gaussian,kl,kl,0,9,8,100.0,0.0,0.1,1,2000,0.2195516001635246,0.2031518830584358,0.1034942608251952,0.1766177411092551,400,0
gaussian,gaussian,kl,kl,0,10,8,100.0,0.0,0.1,1,2000,0.2179835223270151,0.2007905756663923,0.1001523828223907,0.4026295272351525,400,0
gaussian,gaussian,kl,kl,0,11,8,100.0,0.0,0.1,1,2000,0.1873485523737859,0.1693049018471999,0.0953988254458825,0.3610330003454924,400,0
gaussian,gaussian,kl,kl,0,12,8,100.0,0.0,0.1,1,2000,0.2278669122197323,0.2168447825949986,0.1080218824641212,0.3540440033066332,400,0
gaussian,gaussian,kl,kl,0,13,8,100.0,0.0,0.1,1,2000,0.2188660587681256,0.2051204770085872,0.1195783815631433,0.2983921172070829,400,0
gaussian,gaussian,kl,kl,0,14,8,100.0,0.0,0.1,1,2000,0.2231499715471663,0.206159471957092,0.1134891513953713,0.5775793435001892,400,0
gaussian,gaussian,kl,kl,0,15,8,100.0,0.0,0.1,1,2000,0.218102209605297,0.1997831031207684,0.104042715635486,0.1253250066794331,400,0
gaussian,gaussian,kl,kl,0,16,8,100.0,0.0,0.1,1,2000,0.2121064123077344,0.1960051404020295,0.10366562325976,0.210862706454213,400,0
gaussian,gaussian,kl,kl,0,17,8,100.0,0.0,0.1,1,2000,0.2072060807991197,0.1955060890367255,0.0954065123783812,0.4088769571664503,400,0
gaussian,gaussian,kl,kl,0,18,8,100.0,0.0,0.1,1,2000,0.1961959821216692,0.1760812742921653,0.1007583922034205,0.1721674619153113,400,0
gaussian,gaussian,kl,kl,0,19,8,100.0,0.0,0.1,1,2000,0.2472519109607087,0.240214763888515,0.1028023338531328,0.4252702437062101,400,0
gaussian,gaussian,riemannian,riemannian,0,0,8,100.0,0.0,0.1,4,2000,0.0546338399678272,0.0500569729438158,0.0262058773088166,0.0861887059128028,400,0
gaussian,gaussian,riemannian,riemannian,0,1,8,100.0,0.0,0.1,4,2000,0.0573716866756768,0.0534679611410089,0.0285552883489793,0.0750327312937217,400,0
gaussian,gaussian,riemannian,riemannian,0,2,8,100.0,0.0,0.1,4,2000,0.054058293181112,0.048864154220471,0.0289853852753095,0.167680392618303,400,0
gaussian,gaussian,riemannian,riemannian,0,3,8,100.0,0.0,0.1,4,2000,0.0513244536304014,0.0484455989758978,0.0227707599308427,0.0648266277111,400,0
gaussian,gaussian,riemannian,riemannian,0,4,8,100.0,0.0,0.1,4,2000,0.0581269356867348,0.0553235512684588,0.0254147425086038,0.0394457788109372,400,0
gaussian,gaussian,riemannian,riemannian,0,5,8,100.0,0.0,0.1,4,2000,0.0505860090038415,0.0456329465669158,0.0253028413942115,0.0211118146403608,400,0
gaussian,gaussian,riemannian,riemannian,0,6,8,100.0,0.0,0.1,4,2000,0.0503904275361782,0.0482107234297659,0.0211998850191945,0.0995765368844656,400,0
gaussian,gaussian,riemannian,riemannian,0,7,8,100.0,0.0,0.1,4,2000,0.0471158456541573,0.0431479258157536,0.0215392230057708,0.0447936739948806,400,0
gaussian,gaussian,riemannian,riemannian,0,8,8,100.0,0.0,0.1,4,2000,0.0454531440171801,0.0423975611802482,0.0221637332083201,0.0211028721350912,400,0
gaussian,gaussian,riemannian,riemannian,0,9,8,100.0,0.0,0.1,4,2000,0.0563471112797314,0.0507193783474879,0.0314514698046196,0.0286405182164761,400,0
gaussian,gaussian,riemannian,riemannian,0,10,8,100.0,0.0,0.1,4,2000,0.0534322364194365,0.0481728615508214,0.0288969656536117,0.0403408108057332,400,0
gaussian,gaussian,riemannian,riemannian,0,11,8,100.0,0.0,0.1,4,2000,0.0544741033644817,0.0505732844414024,0.0271657087571988,0.0673353950500521,400,0
gaussian,gaussian,riemannian,riemannian,0,12,8,100.0,0.0,0.1,4,2000,0.051274503631612,0.0466653179424003,0.0254734239715794,0.0509508277680623,400,0
gaussian,gaussian,riemannian,riemannian,0,13,8,100.0,0.0,0.1,4,2000,0.0466293887609908,0.0413512940431082,0.0229856705072604,0.0131581381031073,400,0
gaussian,gaussian,riemannian,riemannian,0,14,8,100.0,0.0,0.1,4,2000,0.0476334554003381,0.0432664104149531,0.0239304189579918,0.0125724967957729,400,0
gaussian,gaussian,riemannian,riemannian,0,15,8,100.0,0.0,0.1,4,2000,0.0537812720845308,0.0477906124954272,0.0294493807404154,0.0312686181688128,400,0
gaussian,gaussian,riemannian,riemannian,0,16,8,100.0,0.0,0.1,4,2000,0.0475173988475091,0.0454587643518005,0.0207005106936124,0.073697419615998,400,0
gaussian,gaussian,riemannian,riemannian,0,17,8,100.0,0.0,0.1,4,2000,0.0531276187668389,0.0475733652132577,0.0244888152408506,0.0954162966946245,400,0
gaussian,gaussian,riemannian,riemannian,0,18,8,100.0,0.0,0.1,4,2000,0.0542348007818053,0.0492286394019689,0.0291341527992782,0.0926671893735511,400,0
gaussian,gaussian,riemannian,riemannian,0,19,8,100.0,0.0,0.1,4,2000,0.0555049904068448,0.0495666552164926,0.0324078929149925,0.0215309105949907,400,0
gaussian,gaussian,kl,kl,0,0,8,100.0,0.0,0.1,4,2000,0.0546338399678286,0.0500569729438167,0.0262058773088166,0.0861887059128037,400,0
gaussian,gaussian,kl,kl,0,1,8,100.0,0.0,0.1,4,2000,0.0573716866756781,0.0534679611410102,0.0285552883489793,0.0750327312937226,400,0
gaussian,gaussian,kl,kl,0,2,8,100.0,0.0,0.1,4,2000,0.0540582931811133,0.0488641542204728,0.0289853852753095,0.1676803926183048,400,0
gaussian,gaussian,kl,kl,0,3,8,100.0,0.0,0.1,4,2000,0.0513244536304027,0.0484455989758996,0.0227707599308426,0.0648266277111009,400,0
gaussian,gaussian,kl,kl,0,4,8,100.0,0.0,0.1,4,2000,0.0581269356867362,0.0553235512684602,0.0254147425086038,0.039445778810939,400,0
gaussian,gaussian,kl,kl,0,5,8,100.0,0.0,0.1,4,2000,0.0505860090038428,0.0456329465669171,0.0253028413942115,0.0211118146403626,400,0
gaussian,gaussian,kl,kl,0,6,8,100.0,0.0,0.1,4,2000,0.0503904275361795,0.0482107234297672,0.0211998850191945,0.0995765368844674,400,0
gaussian,gaussian,kl,kl,0,7,8,100.0,0.0,0.1,4,2000,0.0471158456541586,0.0431479258157554,0.0215392230057708,0.0447936739948824,400,0
gaussian,gaussian,kl,kl,0,8,8,100.0,0.0,0.1,4,2000,0.0454531440171814,0.04239756118025,0.0221637332083201,0.0211028721350921,400,0
gaussian,gaussian,kl,kl,0,9,8,100.0,0.0,0.1,4,2000,0.0563471112797328,0.0507193783474888,0.0314514698046196,0.028640518216477,400,0
gaussian,gaussian,kl,kl,0,10,8,100.0,0.0,0.1,4,2000,0.0534322364194378,0.0481728615508227,0.0288969656536117,0.0403408108057341,400,0
gaussian,gaussian,kl,kl,0,11,8,100.0,0.0,0.1,4,2000,0.0544741033644831,0.0505732844414033,0.0271657087571988,0.0673353950500539,400,0
gaussian,gaussian,kl,kl,0,12,8,100.0,0.0,0.1,4,2000,0.0512745036316134,0.0466653179424021,0.0254734239715794,0.0509508277680641,400,0
gaussian,gaussian,kl,kl,0,13,8,100.0,0.0,0.1,4,2000,0.0466293887609922,0.04135129404311,0.0229856705072604,0.0131581381031091,400,0
gaussian,gaussian,kl,kl,0,14,8,100.0,0.0,0.1,4,2000,0.0476334554003395,0.0432664104149549,0.0239304189579918,0.0125724967957747,400,0
gaussian,gaussian,kl,kl,0,15,8,100.0,0.0,0.1,4,2000,0.0537812720845322,0.047790612495429,0.0294493807404155,0.0312686181688137,400,0
gaussian,gaussian,kl,kl,0,16,8,100.0,0.0,0.1,4,2000,0.0475173988475105,0.0454587643518018,0.0207005106936123,0.0736974196159998,400,0
gaussian,gaussian,kl,kl,0,17,8,100.0,0.0,0.1,4,2000,0.0531276187668403,0.047573365213259,0.0244888152408506,0.0954162966946263,400,0
gaussian,gaussian,kl,kl,0,18,8,100.0,0.0,0.1,4,2000,0.0542348007818067,0.0492286394019703,0.0291341527992782,0.0926671893735529,400,0
gaussian,gaussian,kl,kl,0,19,8,100.0,0.0,0.1,4,2000,0.0555049904068462,0.0495666552164939,0.0324078929149925,0.0215309105949916,400,0
gaussian,gaussian,riemannian,riemannian,0,0,8,100.0,0.0,0.1,16,2000,0.0129169851818651,0.0117642929979342,0.0066749667310354,0.0159118666744317,400,0
gaussian,gaussian,riemannian,riemannian,0,1,8,100.0,0.0,0.1,16,2000,0.0120113557233968,0.011505553708786,0.0052031841722728,0.0224968062031916,400,0
gaussian,gaussian,riemannian,riemannian,0,2,8,100.0,0.0,0.1,16,2000,0.0130066351013059,0.0114259593043422,0.0072713988355558,0.0122734719830495,400,0
gaussian,gaussian,riemannian,riemannian,0,3,8,100.0,0.0,0.1,16,2000,0.0144246882196832,0.0134188137703237,0.0063917314889763,0.018519651928182,400,0
gaussian,gaussian,riemannian,riemannian,0,4,8,100.0,0.0,0.1,16,2000,0.012021957793978,0.0109091514116377,0.0060989955324437,0.0064174974864723,400,0
gaussian,gaussian,riemannian,riemannian,0,5,8,100.0,0.0,0.1,16,2000,0.013844938201995,0.0128870615853,0.0067475902734501,0.0110497398757143,400,0
gaussian,gaussian,riemannian,riemannian,0,6,8,100.0,0.0,0.1,16,2000,0.013804198219234,0.0132758840117084,0.0069210713864384,0.0233279956139762,400,0
gaussian,gaussian,riemannian,riemannian,0,7,8,100.0,0.0,0.1,16,2000,0.0121179255578074,0.0118022813759366,0.0058362291227445,0.0114644988310708,400,0
gaussian,gaussian,riemannian,riemannian,0,8,8,100.0,0.0,0.1,16,2000,0.0121476854434767,0.0113010629439131,0.0059107944378122,0.007628303908052,400,0
gaussian,gaussian,riemannian,riemannian,0,9,8,100.0,0.0,0.1,16,2000,0.0128240957356336,0.0121140425102841,0.0066461811744794,0.0165938802669538,400,0
gaussian,gaussian,riemannian,riemannian,0,10,8,100.0,0.0,0.1,16,2000,0.0121727317493247,0.0109181025939886,0.0064658270771907,0.0218514670195082,400,0
gaussian,gaussian,riemannian,riemannian,0,11,8,100.0,0.0,0.1,16,2000,0.0140936087192048,0.0129079860747753,0.0071363179024922,0.0115191971043149,400,0
gaussian,gaussian,riemannian,riemannian,0,12,8,100.0,0.0,0.1,16,2000,0.0140165958139049,0.0132287391986412,0.0066430619693577,0.0054282802979965,400,0
gaussian,gaussian,riemannian,riemannian,0,13,8,100.0,0.0,0.1,16,2000,0.0135585243191156,0.0126734670775516,0.005919054558261,0.0083822278043417,400,0
gaussian,gaussian,riemannian,riemannian,0,14,8,100.0,0.0,0.1,16,2000,0.0154044792536276,0.0144167993574098,0.0072403988913026,0.0096313135950119,400,0
gaussian,gaussian,riemannian,riemannian,0,15,8,100.0,0.0,0.1,16,2000,0.0121597006061477,0.0109033005804337,0.006216962376126,0.0115694577709355,400,0
gaussian,gaussian,riemannian,riemannian,0,16,8,100.0,0.0,0.1,16,2000,0.0118823181369885,0.011063910523231,0.0054970944422428,0.0061233981734432,400,0
gaussian,gaussian,riemannian,riemannian,0,17,8,100.0,0.0,0.1,16,2000,0.0136696503849519,0.0128016036705242,0.0059740099291173,0.0223512582133444,400,0
gaussian,gaussian,riemannian,riemannian,0,18,8,100.0,0.0,0.1,16,2000,0.0139484030324686,0.0130062982483289,0.0063042129115685,0.013286090209073,400,0
gaussian,gaussian,riemannian,riemannian,0,19,8,100.0,0.0,0.1,16,2000,0.0138016890081109,0.012935700832775,0.0072307336419891,0.0092865268767843,400,0
gaussian,gaussian,kl,kl,0,0,8,100.0,0.0,0.1,16,2000,0.0129169851818664,0.0117642929979355,0.0066749667310354,0.0159118666744335,400,0
gaussian,gaussian,kl,kl,0,1,8,100.0,0.0,0.1,16,2000,0.0120113557233982,0.0115055537087873,0.0052031841722728,0.0224968062031925,400,0
gaussian,gaussian,kl,kl,0,2,8,100.0,0.0,0.1,16,2000,0.0130066351013072,0.0114259593043435,0.0072713988355558,0.0122734719830503,400,0
gaussian,gaussian,kl,kl,0,3,8,100.0,0.0,0.1,16,2000,0.0144246882196845,0.0134188137703246,0.0063917314889763,0.0185196519281829,400,0
gaussian,gaussian,kl,kl,0,4,8,100.0,0.0,0.1,16,2000,0.0120219577939794,0.010909151411639,0.0060989955324437,0.0064174974864741,400,0
gaussian,gaussian,kl,kl,0,5,8,100.0,0.0,0.1,16,2000,0.0138449382019964,0.0128870615853009,0.0067475902734501,0.0110497398757161,400,0
gaussian,gaussian,kl,kl,0,6,8,100.0,0.0,0.1,16,2000,0.0138041982192353,0.0132758840117102,0.0069210713864384,0.0233279956139771,400,0
gaussian,gaussian,kl,kl,0,7,8,100.0,0.0,0.1,16,2000,0.0121179255578088,0.0118022813759379,0.0058362291227445,0.0114644988310725,400,0
gaussian,gaussian,kl,kl,0,8,8,100.0,0.0,0.1,16,2000,0.0121476854434781,0.0113010629439145,0.0059107944378123,0.0076283039080538,400,0
gaussian,gaussian,kl,kl,0,9,8,100.0,0.0,0.1,16,2000,0.012824095735635,0.0121140425102854,0.0066461811744794,0.0165938802669547,400,0
gaussian,gaussian,kl,kl,0,10,8,100.0,0.0,0.1,16,2000,0.0121727317493261,0.0109181025939903,0.0064658270771907,0.0218514670195091,400,0
gaussian,gaussian,kl,kl,0,11,8,100.0,0.0,0.1,16,2000,0.0140936087192061,0.0129079860747767,0.0071363179024922,0.0115191971043158,400,0
gaussian,gaussian,kl,kl,0,12,8,100.0,0.0,0.1,16,2000,0.0140165958139062,0.0132287391986425,0.0066430619693576,0.0054282802979974,400,0
gaussian,gaussian,kl,kl,0,13,8,100.0,0.0,0.1,16,2000,0.013558524319117,0.012673467077553,0.005919054558261,0.0083822278043426,400,0
gaussian,gaussian,kl,kl,0,14,8,100.0,0.0,0.1,16,2000,0.015404479253629,0.0144167993574111,0.0072403988913027,0.0096313135950127,400,0
gaussian,gaussian,kl,kl,0,15,8,100.0,0.0,0.1,16,2000,0.0121597006061491,0.0109033005804355,0.006216962376126,0.0115694577709373,400,0
gaussian,gaussian,kl,kl,0,16,8,100.0,0.0,0.1,16,2000,0.0118823181369898,0.0110639105232324,0.0054970944422428,0.0061233981734449,400,0
gaussian,gaussian,kl,kl,0,17,8,100.0,0.0,0.1,16,2000,0.0136696503849532,0.0128016036705251,0.0059740099291173,0.0223512582133453,400,0
gaussian,gaussian,kl,kl,0,18,8,100.0,0.0,0.1,16,2000,0.01394840303247,0.0130062982483303,0.0063042129115686,0.0132860902090747,400,0
gaussian,gaussian,kl,kl,0,19,8,100.0,0.0,0.1,16,2000,0.0138016890081123,0.0129357008327768,0.0072307336419891,0.0092865268767852,400,0
gaussian,gaussian,riemannian,riemannian,0,0,8,10000.0,0.0,0.1,1,2000,0.1965407375818449,0.1695689052419555,0.1087580693608526,0.0848642072182164,400,0
gaussian,gaussian,riemannian,riemannian,0,1,8,10000.0,0.0,0.1,1,2000,0.1819868771188794,0.1671560696718779,0.089695901251129,0.1722561223592125,400,0
gaussian,gaussian,riemannian,riemannian,0,2,8,10000.0,0.0,0.1,1,2000,0.2411253206177443,0.21929561965268,0.1270674414858736,0.171032749965498,400,0
gaussian,gaussian,riemannian,riemannian,0,3,8,10000.0,0.0,0.1,1,2000,0.2096285400626428,0.2053136682118328,0.0990026948616655,0.2960781242975114,400,0
gaussian,gaussian,riemannian,riemannian,0,4,8,10000.0,0.0,0.1,1,2000,0.2007007404239421,0.1780433129754688,0.1019930784235235,0.376892022888577,400,0
gaussian,gaussian,riemannian,riemannian,0,5,8,10000.0,0.0,0.1,1,2000,0.1908911085005169,0.1826305612314431,0.0993686844797924,0.2484783824666729,400,0
gaussian,gaussian,riemannian,riemannian,0,6,8,10000.0,0.0,0.1,1,2000,0.2419930267835899,0.2199990264101474,0.124109358609196,0.3849624145515404,400,0
gaussian,gaussian,riemannian,riemannian,0,7,8,10000.0,0.0,0.1,1,2000,0.2046353723126786,0.1845069808492598,0.1047457471611583,0.085019779342347,400,0
gaussian,gaussian,riemannian,riemannian,0,8,8,10000.0,0.0,0.1,1,2000,0.1762585467081474,0.1563238186133522,0.0847032078951434,0.0767625545163275,400,0
gaussian,gaussian,riemannian,riemannian,0,9,8,10000.0,0.0,0.1,1,2000,0.2049162670376113,0.1909018507413402,0.1007363739728933,0.1565771430583193,400,0
gaussian,gaussian,riemannian,riemannian,0,10,8,10000.0,0.0,0.1,1,2000,0.178781883954401,0.1673006931558789,0.0812059897171051,0.1993720515572441,400,0
gaussian,gaussian,riemannian,riemannian,0,11,8,10000.0,0.0,0.1,1,2000,0.2027249548929173,0.1869412474032157,0.099353007818111,0.2072164883657166,400,0
gaussian,gaussian,riemannian,riemannian,0,12,8,10000.0,0.0,0.1,1,2000,0.2277603508470956,0.2064507715551902,0.1052654658443491,0.6086824357443126,400,0
gaussian,gaussian,riemannian,riemannian,0,13,8,10000.0,0.0,0.1,1,2000,0.2365595783677242,0.2199871074054149,0.1148732375443819,0.101764507023339,400,0
gaussian,gaussian,riemannian,riemannian,0,14,8,10000.0,0.0,0.1,1,2000,0.2212460381215324,0.1961770927532589,0.1024575582264662,0.2765132647933166,400,0
gaussian,gaussian,riemannian,riemannian,0,15,8,10000.0,0.0,0.1,1,2000,0.2114055804154342,0.1854467315226284,0.1187868816818284,0.080025524858458,400,0
gaussian,gaussian,riemannian,riemannian,0,16,8,10000.0,0.0,0.1,1,2000,0.2134403481907149,0.1858771526668037,0.1207833404173712,0.2161488467752441,400,0
gaussian,gaussian,riemannian,riemannian,0,17,8,10000.0,0.0,0.1,1,2000,0.2118467711292649,0.1978520390357245,0.0934849236174972,0.2504126009436254,400,0
gaussian,gaussian,riemannian,riemannian,0,18,8,10000.0,0.0,0.1,1,2000,0.2160581408256461,0.2049459963079374,0.1013317788674399,0.2467935356727295,400,0
gaussian,gaussian,riemannian,riemannian,0,19,8,10000.0,0.0,0.1,1,2000,0.2117469385815936,0.1849599651973656,0.1139801157325018,0.2781243261976271,400,0
gaussian,gaussian,kl,kl,0,0,8,10000.0,0.0,0.1,1,2000,0.1965407375818448,0.1695689052419555,0.1087580693608527,0.0848642072182155,400,0
gaussian,gaussian,kl,kl,0,1,8,10000.0,0.0,0.1,1,2000,0.1819868771188792,0.1671560696718779,0.089695901251129,0.1722561223592125,400,0
gaussian,gaussian,kl,kl,0,2,8,10000.0,0.0,0.1,1,2000,0.2411253206177443,0.21929561965268,0.1270674414858738,0.171032749965498,400,0
gaussian,gaussian,kl,kl,0,3,8,10000.0,0.0,0.1,1,2000,0.2096285400626427,0.2053136682118328,0.0990026948616656,0.2960781242975114,400,0
gaussian,gaussian,kl,kl,0,4,8,10000.0,0.0,0.1,1,2000,0.2007007404239419,0.1780433129754688,0.1019930784235237,0.3768920228885779,400,0
gaussian,gaussian,kl,kl,0,5,8,10000.0,0.0,0.1,1,2000,0.1908911085005168,0.1826305612314427,0.0993686844797926,0.2484783824666729,400,0
gaussian,gaussian,kl,kl,0,6,8,10000.0,0.0,0.1,1,2000,0.2419930267835899,0.219999026410147,0.1241093586091962,0.3849624145515404,400,0
gaussian,gaussian,kl,kl,0,7,8,10000.0,0.0,0.1,1,2000,0.2046353723126784,0.1845069808492598,0.1047457471611584,0.0850197793423461,400,0
gaussian,gaussian,kl,kl,0,8,8,10000.0,0.0,0.1,1,2000,0.1762585467081472,0.1563238186133522,0.0847032078951435,0.0767625545163275,400,0
gaussian,gaussian,kl,kl,0,9,8,10000.0,0.0,0.1,1,2000,0.2049162670376112,0.1909018507413402,0.1007363739728934,0.1565771430583193,400,0
gaussian,gaussian,kl,kl,0,10,8,10000.0,0.0,0.1,1,2000,0.1787818839544009,0.1673006931558789,0.0812059897171053,0.1993720515572441,400,0
gaussian,gaussian,kl,kl,0,11,8,10000.0,0.0,0.1,1,2000,0.2027249548929172,0.1869412474032152,0.0993530078181111,0.2072164883657166,400,0
gaussian,gaussian,kl,kl,0,12,8,10000.0,0.0,0.1,1,2000,0.2277603508470954,0.2064507715551897,0.1052654658443492,0.6086824357443126,400,0
gaussian,gaussian,kl,kl,0,13,8,10000.0,0.0,0.1,1,2000,0.2365595783677241,0.2199871074054149,0.114873237544382,0.101764507023339,400,0
gaussian,gaussian,kl,kl,0,14,8,10000.0,0.0,0.1,1,2000,0.2212460381215323,0.1961770927532589,0.1024575582264664,0.2765132647933166,400,0
gaussian,gaussian,kl,kl,0,15,8,10000.0,0.0,0.1,1,2000,0.2114055804154341,0.1854467315226284,0.1187868816818285,0.080025524858458,400,0
gaussian,gaussian,kl,kl,0,16,8,10000.0,0.0,0.1,1,2000,0.2134403481907147,0.1858771526668037,0.1207833404173713,0.2161488467752441,400,0
gaussian,gaussian,kl,kl,0,17,8,10000.0,0.0,0.1,1,2000,0.2118467711292647,0.1978520390357245,0.0934849236174974,0.2504126009436245,400,0
gaussian,gaussian,kl,kl,0,18,8,10000.0,0.0,0.1,1,2000,0.216058140825646,0.2049459963079374,0.1013317788674401,0.2467935356727295,400,0
gaussian,gaussian,kl,kl,0,19,8,10000.0,0.0,0.1,1,2000,0.2117469385815935,0.1849599651973656,0.1139801157325019,0.2781243261976271,400,0
gaussian,gaussian,riemannian,riemannian,0,0,8,10000.0,0.0,0.1,4,2000,0.0561516322652132,0.0474492370524699,0.0325392022538077,0.1455423139614939,400,0
gaussian,gaussian,riemannian,riemannian,0,1,8,10000.0,0.0,0.1,4,2000,0.0518310309370396,0.0485482493534106,0.0239232593448789,0.1242320209785425,400,0
gaussian,gaussian,riemannian,riemannian,0,2,8,10000.0,0.0,0.1,4,2000,0.0528727318247244,0.0488761325172375,0.0261235953351469,0.044594378021034,400,0
gaussian,gaussian,riemannian,riemannian,0,3,8,10000.0,0.0,0.1,4,2000,0.0550844066174914,0.0515359350966537,0.0303757957197144,0.0591253509160845,400,0
gaussian,gaussian,riemannian,riemannian,0,4,8,10000.0,0.0,0.1,4,2000,0.0582882575881613,0.0523546253861786,0.028985920658564,0.0410708407501898,400,0
gaussian,gaussian,riemannian,riemannian,0,5,8,10000.0,0.0,0.1,4,2000,0.0634280056342869,0.056597986635376,0.0331785020303268,0.0510125460229557,400,0
gaussian,gaussian,riemannian,riemannian,0,6,8,10000.0,0.0,0.1,4,2000,0.0557509432119821,0.0541552374825076,0.0255546149791792,0.0692382751910019,400,0
gaussian,gaussian,riemannian,riemannian,0,7,8,10000.0,0.0,0.1,4,2000,0.0554040645499618,0.0514871035913828,0.0266564914362344,0.0197528576661616,400,0
gaussian,gaussian,riemannian,riemannian,0,8,8,10000.0,0.0,0.1,4,2000,0.0556233219930964,0.0492410147267934,0.0311170026147228,0.0556394000682898,400,0
gaussian,gaussian,riemannian,riemannian,0,9,8,10000.0,0.0,0.1,4,2000,0.0562139500688613,0.0539008830300558,0.0240225245497701,0.0356281215596361,400,0
gaussian,gaussian,riemannian,riemannian,0,10,8,10000.0,0.0,0.1,4,2000,0.0591982096642314,0.0548273527233749,0.0302757258236605,0.0296078476277061,400,0
gaussian,gaussian,riemannian,riemannian,0,11,8,10000.0,0.0,0.1,4,2000,0.0516686662211549,0.0475843216637876,0.0265489275392068,0.0353387660307573,400,0
gaussian,gaussian,riemannian,riemannian,0,12,8,10000.0,0.0,0.1,4,2000,0.0570995570865357,0.0544516265042989,0.0279309254719895,0.0470382435812535,400,0
gaussian,gaussian,riemannian,riemannian,0,13,8,10000.0,0.0,0.1,4,2000,0.0537866572899935,0.0505289398163522,0.0231021206489356,0.0529326966198482,400,0
gaussian,gaussian,riemannian,riemannian,0,14,8,10000.0,0.0,0.1,4,2000,0.0540106561711252,0.0519480876132063,0.0256658294572021,0.0358605595197785,400,0
gaussian,gaussian,riemannian,riemannian,0,15,8,10000.0,0.0,0.1,4,2000,0.0482746778515449,0.0410738626887821,0.0244945303863027,0.0912553636627357,400,0
gaussian,gaussian,riemannian,riemannian,0,16,8,10000.0,0.0,0.1,4,2000,0.0504974311390867,0.0449296232518379,0.0267464009651924,0.0390703198727191,400,0
gaussian,gaussian,riemannian,riemannian,0,17,8,10000.0,0.0,0.1,4,2000,0.054664952157322,0.050608314549791,0.0256869987735814,0.1086786601040632,400,0
gaussian,gaussian,riemannian,riemannian,0,18,8,10000.0,0.0,0.1,4,2000,0.0538565173851349,0.0462868924439261,0.0299093332086952,0.0274950011555707,400,0
gaussian,gaussian,riemannian,riemannian,0,19,8,10000.0,0.0,0.1,4,2000,0.0549260185355068,0.049400778464347,0.0303635056337292,0.0325399167803084,400,0
gaussian,gaussian,kl,kl,0,0,8,10000.0,0.0,0.1,4,2000,0.0561516322652128,0.0474492370524695,0.0325392022538078,0.1455423139614939,400,0
gaussian,gaussian,kl,kl,0,1,8,10000.0,0.0,0.1,4,2000,0.0518310309370392,0.0485482493534106,0.0239232593448789,0.1242320209785416,400,0
gaussian,gaussian,kl,kl,0,2,8,10000.0,0.0,0.1,4,2000,0.052872731824724,0.0488761325172371,0.0261235953351469,0.044594378021034,400,0
gaussian,gaussian,kl,kl,0,3,8,10000.0,0.0,0.1,4,2000,0.0550844066174911,0.0515359350966533,0.0303757957197145,0.0591253509160845,400,0
gaussian,gaussian,kl,kl,0,4,8,10000.0,0.0,0.1,4,2000,0.0582882575881609,0.0523546253861781,0.028985920658564,0.0410708407501898,400,0
gaussian,gaussian,kl,kl,0,5,8,10000.0,0.0,0.1,4,2000,0.0634280056342865,0.0565979866353756,0.0331785020303269,0.0510125460229557,400,0
gaussian,gaussian,kl,kl,0,6,8,10000.0,0.0,0.1,4,2000,0.0557509432119817,0.0541552374825071,0.0255546149791792,0.0692382751910019,400,0
gaussian,gaussian,kl,kl,0,7,8,10000.0,0.0,0.1,4,2000,0.0554040645499615,0.0514871035913824,0.0266564914362344,0.0197528576661607,400,0
gaussian,gaussian,kl,kl,0,8,8,10000.0,0.0,0.1,4,2000,0.055623321993096,0.0492410147267934,0.0311170026147228,0.0556394000682898,400,0
gaussian,gaussian,kl,kl,0,9,8,10000.0,0.0,0.1,4,2000,0.056213950068861,0.0539008830300549,0.0240225245497701,0.0356281215596361,400,0
gaussian,gaussian,kl,kl,0,10,8,10000.0,0.0,0.1,4,2000,0.059198209664231,0.0548273527233744,0.0302757258236606,0.0296078476277061,400,0
gaussian,gaussian,kl,kl,0,11,8,10000.0,0.0,0.1,4,2000,0.0516686662211545,0.0475843216637872,0.0265489275392069,0.0353387660307573,400,0
gaussian,gaussian,kl,kl,0,12,8,10000.0,0.0,0.1,4,2000,0.0570995570865353,0.0544516265042989,0.0279309254719896,0.0470382435812526,400,0
gaussian,gaussian,kl,kl,0,13,8,10000.0,0.0,0.1,4,2000,0.0537866572899931,0.0505289398163522,0.0231021206489357,0.0529326966198482,400,0
gaussian,gaussian,kl,kl,0,14,8,10000.0,0.0,0.1,4,2000,0.0540106561711248,0.0519480876132059,0.0256658294572021,0.0358605595197785,400,0
gaussian,gaussian,kl,kl,0,15,8,10000.0,0.0,0.1,4,2000,0.0482746778515445,0.0410738626887821,0.0244945303863028,0.0912553636627357,400,0
gaussian,gaussian,kl,kl,0,16,8,10000.0,0.0,0.1,4,2000,0.0504974311390864,0.0449296232518374,0.0267464009651924,0.0390703198727191,400,0
gaussian,gaussian,kl,kl,0,17,8,10000.0,0.0,0.1,4,2000,0.0546649521573217,0.050608314549791,0.0256869987735815,0.1086786601040632,400,0
gaussian,gaussian,kl,kl,0,18,8,10000.0,0.0,0.1,4,2000,0.0538565173851345,0.0462868924439261,0.0299093332086953,0.0274950011555707,400,0
gaussian,gaussian,kl,kl,0,19,8,10000.0,0.0,0.1,4,2000,0.0549260185355064,0.0494007784643466,0.0303635056337293,0.0325399167803075,400,0
gaussian,gaussian,riemannian,riemannian,0,0,8,10000.0,0.0,0.1,16,2000,0.012033024629243,0.0107239962837799,0.006701873366308,0.0192104014485963,400,0
gaussian,gaussian,riemannian,riemannian,0,1,8,10000.0,0.0,0.1,16,2000,0.0132570996683445,0.0128234327777612,0.0066077485852785,0.01697903077907,400,0
gaussian,gaussian,riemannian,riemannian,0,2,8,10000.0,0.0,0.1,16,2000,0.0139266621680161,0.0127490278130815,0.0070558878465192,0.0057587667086265,400,0
gaussian,gaussian,riemannian,riemannian,0,3,8,10000.0,0.0,0.1,16,2000,0.0132485766777387,0.0124969795640113,0.0056891395885935,0.0253376185088853,400,0
gaussian,gaussian,riemannian,riemannian,0,4,8,10000.0,0.0,0.1,16,2000,0.013743319269195,0.0123706544514541,0.0069878961358126,0.0079744381896995,400,0
gaussian,gaussian,riemannian,riemannian,0,5,8,10000.0,0.0,0.1,16,2000,0.0130468538210003,0.0126092234058199,0.0063037131853907,0.0097943391669135,400,0
gaussian,gaussian,riemannian,riemannian,0,6,8,10000.0,0.0,0.1,16,2000,0.012408182932306,0.0112940037167232,0.0058108453270099,0.0099044511882082,400,0
gaussian,gaussian,riemannian,riemannian,0,7,8,10000.0,0.0,0.1,16,2000,0.0133362363542111,0.0126879200387395,0.005558276907664,0.0085152615368917,400,0
gaussian,gaussian,riemannian,riemannian,0,8,8,10000.0,0.0,0.1,16,2000,0.0138358685754925,0.012564692715296,0.0068855305978736,0.0071773429853791,400,0
gaussian,gaussian,riemannian,riemannian,0,9,8,10000.0,0.0,0.1,16,2000,0.0120138953022216,0.010820235037372,0.0058112300053059,0.017847821096061,400,0
gaussian,gaussian,riemannian,riemannian,0,10,8,10000.0,0.0,0.1,16,2000,0.012239119765097,0.0112568105566226,0.0060414661716529,0.0302962525765053,400,0
gaussian,gaussian,riemannian,riemannian,0,11,8,10000.0,0.0,0.1,16,2000,0.0136117513848466,0.0124897827218108,0.0065325401352083,0.0194429914566027,400,0
gaussian,gaussian,riemannian,riemannian,0,12,8,10000.0,0.0,0.1,16,2000,0.0149372393370499,0.014332064472085,0.0064524336724371,0.0151629266529962,400,0
gaussian,gaussian,riemannian,riemannian,0,13,8,10000.0,0.0,0.1,16,2000,0.0135791515174999,0.012942010585677,0.0061367524105925,0.0057098911239954,400,0
gaussian,gaussian,riemannian,riemannian,0,14,8,10000.0,0.0,0.1,16,2000,0.0145074000666186,0.0136728906355751,0.0059963183446033,0.0158047711847029,400,0
gaussian,gaussian,riemannian,riemannian,0,15,8,10000.0,0.0,0.1,16,2000,0.0125277156911902,0.0116791829684368,0.0058300564483637,0.0145930115607813,400,0
gaussian,gaussian,riemannian,riemannian,0,16,8,10000.0,0.0,0.1,16,2000,0.0125057766247774,0.0114602908680248,0.0064523367944393,0.0126287426665827,400,0
gaussian,gaussian,riemannian,riemannian,0,17,8,10000.0,0.0,0.1,16,2000,0.0141870103048224,0.0134147303342606,0.0060351729542894,0.0072682291325048,400,0
gaussian,gaussian,riemannian,riemannian,0,18,8,10000.0,0.0,0.1,16,2000,0.0133534592761074,0.0122988424048009,0.0066993758296284,0.0096687656113374,400,0
gaussian,gaussian,riemannian,riemannian,0,19,8,10000.0,0.0,0.1,16,2000,0.0116566988594247,0.0108492432993165,0.005465630348785,0.0219924636348256,400,0
gaussian,gaussian,kl,kl,0,0,8,10000.0,0.0,0.1,16,2000,0.0120330246292426,0.0107239962837795,0.006701873366308,0.0192104014485963,400,0
gaussian,gaussian,kl,kl,0,1,8,10000.0,0.0,0.1,16,2000,0.0132570996683441,0.0128234327777607,0.0066077485852785,0.0169790307790691,400,0
gaussian,gaussian,kl,kl,0,2,8,10000.0,0.0,0.1,16,2000,0.0139266621680157,0.0127490278130815,0.0070558878465192,0.0057587667086265,400,0
gaussian,gaussian,kl,kl,0,3,8,10000.0,0.0,0.1,16,2000,0.0132485766777383,0.0124969795640113,0.0056891395885936,0.0253376185088853,400,0
gaussian,gaussian,kl,kl,0,4,8,10000.0,0.0,0.1,16,2000,0.0137433192691945,0.0123706544514536,0.0069878961358125,0.0079744381896995,400,0
gaussian,gaussian,kl,kl,0,5,8,10000.0,0.0,0.1,16,2000,0.0130468538209999,0.0126092234058194,0.0063037131853907,0.0097943391669126,400,0
gaussian,gaussian,kl,kl,0,6,8,10000.0,0.0,0.1,16,2000,0.0124081829323056,0.0112940037167232,0.0058108453270099,0.0099044511882073,400,0
gaussian,gaussian,kl,kl,0,7,8,10000.0,0.0,0.1,16,2000,0.0133362363542107,0.012687920038739,0.005558276907664,0.0085152615368917,400,0
gaussian,gaussian,kl,kl,0,8,8,10000.0,0.0,0.1,16,2000,0.0138358685754921,0.0125646927152955,0.0068855305978736,0.0071773429853783,400,0
gaussian,gaussian,kl,kl,0,9,8,10000.0,0.0,0.1,16,2000,0.0120138953022213,0.010820235037372,0.0058112300053059,0.017847821096061,400,0
gaussian,gaussian,kl,kl,0,10,8,10000.0,0.0,0.1,16,2000,0.0122391197650966,0.0112568105566221,0.0060414661716529,0.0302962525765044,400,0
gaussian,gaussian,kl,kl,0,11,8,10000.0,0.0,0.1,16,2000,0.0136117513848461,0.0124897827218104,0.0065325401352083,0.0194429914566018,400,0
gaussian,gaussian,kl,kl,0,12,8,10000.0,0.0,0.1,16,2000,0.0149372393370494,0.0143320644720845,0.006452433672437,0.0151629266529953,400,0
gaussian,gaussian,kl,kl,0,13,8,10000.0,0.0,0.1,16,2000,0.0135791515174995,0.0129420105856765,0.0061367524105925,0.0057098911239954,400,0
gaussian,gaussian,kl,kl,0,14,8,10000.0,0.0,0.1,16,2000,0.0145074000666182,0.0136728906355751,0.0059963183446033,0.015804771184702,400,0
gaussian,gaussian,kl,kl,0,15,8,10000.0,0.0,0.1,16,2000,0.0125277156911898,0.0116791829684363,0.0058300564483637,0.0145930115607813,400,0
gaussian,gaussian,kl,kl,0,16,8,10000.0,0.0,0.1,16,2000,0.012505776624777,0.0114602908680243,0.0064523367944393,0.0126287426665827,400,0
gaussian,gaussian,kl,kl,0,17,8,10000.0,0.0,0.1,16,2000,0.014187010304822,0.0134147303342602,0.0060351729542894,0.0072682291325048,400,0
gaussian,gaussian,kl,kl,0,18,8,10000.0,0.0,0.1,16,2000,0.013353459276107,0.0122988424048005,0.0066993758296284,0.0096687656113374,400,0
gaussian,gaussian,kl,kl,0,19,8,10000.0,0.0,0.1,16,2000,0.0116566988594243,0.0108492432993156,0.005465630348785,0.0219924636348256,400,0
gaussian,gaussian,riemannian,riemannian,0,0,32,10.0,0.0,0.1,1,2000,0.8186491221116282,0.8048349221806816,0.1862003523494369,0.807206382843038,400,0
gaussian,gaussian,riemannian,riemannian,0,1,32,10.0,0.0,0.1,1,2000,0.8277794565948307,0.8217667238498194,0.2156885832829979,0.7298890084516501,400,0
gaussian,gaussian,riemannian,riemannian,0,2,32,10.0,0.0,0.1,1,2000,0.814901896702137,0.8052020087477594,0.1962842640977483,0.7552407456314967,400,0
gaussian,gaussian,riemannian,riemannian,0,3,32,10.0,0.0,0.1,1,2000,0.819173657745775,0.7943759161338253,0.1831921128541511,0.9475907570564176,400,0
gaussian,gaussian,riemannian,riemannian,0,4,32,10.0,0.0,0.1,1,2000,0.8303403068200204,0.7995804970661826,0.1866033153095738,1.0705632577652755,400,0
gaussian,gaussian,riemannian,riemannian,0,5,32,10.0,0.0,0.1,1,2000,0.7879497571552078,0.772690725298153,0.2137259772216196,0.8353927576237368,400,0
gaussian,gaussian,riemannian,riemannian,0,6,32,10.0,0.0,0.1,1,2000,0.837587573925323,0.8287746594508238,0.1879559248606467,0.8359688465453026,400,0
gaussian,gaussian,riemannian,riemannian,0,7,32,10.0,0.0,0.1,1,2000,0.875489614199083,0.8554972985766813,0.1883855542799829,1.1669660577006624,400,0
gaussian,gaussian,riemannian,riemannian,0,8,32,10.0,0.0,0.1,1,2000,0.843087709535213,0.8292607757135855,0.2162998026723886,0.7451487992861594,400,0
gaussian,gaussian,riemannian,riemannian,0,9,32,10.0,0.0,0.1,1,2000,0.7730461607659385,0.7606807605150223,0.1873014597263163,1.0025212456907369,400,0
gaussian,gaussian,riemannian,riemannian,0,10,32,10.0,0.0,0.1,1,2000,0.861686587694619,0.8371897612473287,0.2124821339264633,0.7364257987441185,400,0
gaussian,gaussian,riemannian,riemannian,0,11,32,10.0,0.0,0.1,1,2000,0.8582260231418194,0.8392860875449415,0.2012785140091046,0.685529738078948,400,0
gaussian,gaussian,riemannian,riemannian,0,12,32,10.0,0.0,0.1,1,2000,0.8032008359348548,0.7808084122698258,0.2021164590186929,0.4599988618165653,400,0
gaussian,gaussian,riemannian,riemannian,0,13,32,10.0,0.0,0.1,1,2000,0.8730588607295781,0.8605570686402082,0.2049274677772532,0.9916438567821686,400,0
gaussian,gaussian,riemannian,riemannian,0,14,32,10.0,0.0,0.1,1,2000,0.8709464642214028,0.859489674758132,0.2367216060227064,0.6609368690068855,400,0
gaussian,gaussian,riemannian,riemannian,0,15,32,10.0,0.0,0.1,1,2000,0.8046215427779697,0.7837991090192844,0.1937354822828271,0.6165190384855066,400,0
gaussian,gaussian,riemannian,riemannian,0,16,32,10.0,0.0,0.1,1,2000,0.8277266436828253,0.8192917780960141,0.2314072458164233,1.088799911627845,400,0
gaussian,gaussian,riemannian,riemannian,0,17,32,10.0,0.0,0.1,1,2000,0.8665233882371483,0.833481178627757,0.2310371042361135,0.7272140510281986,400,0
gaussian,gaussian,riemannian,riemannian,0,18,32,10.0,0.0,0.1,1,2000,0.8527370963334565,0.8296053350890329,0.2218171740448199,0.9226245946091822,400,0
gaussian,gaussian,riemannian,riemannian,0,19,32,10.0,0.0,0.1,1,2000,0.8404698447682479,0.8330830731156418,0.2050817360956655,0.8582403151800015,400,0
gaussian,gaussian,kl,kl,0,0,32,10.0,0.0,0.1,1,2000,0.818649122111627,0.8048349221806799,0.186200352349437,0.807206382843038,400,0
gaussian,gaussian,kl,kl,0,1,32,10.0,0.0,0.1,1,2000,0.8277794565948295,0.8217667238498159,0.2156885832829981,0.7298890084516465,400,0
gaussian,gaussian,kl,kl,0,2,32,10.0,0.0,0.1,1,2000,0.8149018967021356,0.8052020087477576,0.1962842640977485,0.7552407456314967,400,0
gaussian,gaussian,kl,kl,0,3,32,10.0,0.0,0.1,1,2000,0.8191736577457738,0.7943759161338253,0.1831921128541513,0.947590757056414,400,0
gaussian,gaussian,kl,kl,0,4,32,10.0,0.0,0.1,1,2000,0.8303403068200191,0.7995804970661808,0.1866033153095739,1.0705632577652755,400,0
gaussian,gaussian,kl,kl,0,5,32,10.0,0.0,0.1,1,2000,0.7879497571552065,0.7726907252981512,0.2137259772216198,0.8353927576237368,400,0
gaussian,gaussian,kl,kl,0,6,32,10.0,0.0,0.1,1,2000,0.8375875739253216,0.8287746594508238,0.1879559248606468,0.835968846545299,400,0
gaussian,gaussian,kl,kl,0,7,32,10.0,0.0,0.1,1,2000,0.875489614199082,0.8554972985766813,0.188385554279983,1.1669660577006624,400,0
gaussian,gaussian,kl,kl,0,8,32,10.0,0.0,0.1,1,2000,0.8430877095352116,0.8292607757135855,0.2162998026723885,0.7451487992861558,400,0
gaussian,gaussian,kl,kl,0,9,32,10.0,0.0,0.1,1,2000,0.7730461607659374,0.7606807605150223,0.1873014597263164,1.0025212456907333,400,0
gaussian,gaussian,kl,kl,0,10,32,10.0,0.0,0.1,1,2000,0.8616865876946178,0.8371897612473287,0.2124821339264634,0.7364257987441185,400,0
gaussian,gaussian,kl,kl,0,11,32,10.0,0.0,0.1,1,2000,0.8582260231418181,0.8392860875449415,0.2012785140091047,0.685529738078948,400,0
gaussian,gaussian,kl,kl,0,12,32,10.0,0.0,0.1,1,2000,0.8032008359348537,0.780808412269824,0.2021164590186931,0.4599988618165618,400,0
gaussian,gaussian,kl,kl,0,13,32,10.0,0.0,0.1,1,2000,0.873058860729577,0.8605570686402046,0.2049274677772533,0.9916438567821686,400,0
gaussian,gaussian,kl,kl,0,14,32,10.0,0.0,0.1,1,2000,0.8709464642214015,0.8594896747581302,0.2367216060227066,0.660936869006882,400,0
gaussian,gaussian,kl,kl,0,15,32,10.0,0.0,0.1,1,2000,0.8046215427779684,0.7837991090192826,0.1937354822828271,0.6165190384855066,400,0
gaussian,gaussian,kl,kl,0,16,32,10.0,0.0,0.1,1,2000,0.8277266436828242,0.8192917780960141,0.2314072458164233,1.088799911627845,400,0
gaussian,gaussian,kl,kl,0,17,32,10.0,0.0,0.1,1,2000,0.8665233882371468,0.8334811786277552,0.2310371042361137,0.7272140510281986,400,0
gaussian,gaussian,kl,kl,0,18,32,10.0,0.0,0.1,1,2000,0.8527370963334555,0.8296053350890311,0.2218171740448202,0.9226245946091822,400,0
gaussian,gaussian,kl,kl,0,19,32,10.0,0.0,0.1,1,2000,0.8404698447682466,0.83308307311564,0.2050817360956659,0.8582403151800015,400,0
gaussian,gaussian,riemannian,riemannian,0,0,32,10.0,0.0,0.1,4,2000,0.2193365087789618,0.2134328716399345,0.051198694312138,0.2119494742961158,400,0
gaussian,gaussian,riemannian,riemannian,0,1,32,10.0,0.0,0.1,4,2000,0.2127516488920133,0.2083369958986143,0.0532441817892485,0.1784101757757241,400,0
gaussian,gaussian,riemannian,riemannian,0,2,32,10.0,0.0,0.1,4,2000,0.2251084183341601,0.2194761549024626,0.0551533921150297,0.2875170298866507,400,0
gaussian,gaussian,riemannian,riemannian,0,3,32,10.0,0.0,0.1,4,2000,0.2128786021696723,0.211528609144814,0.051336896452885,0.1775058072329685,400,0
gaussian,gaussian,riemannian,riemannian,0,4,32,10.0,0.0,0.1,4,2000,0.2242503730239915,0.2249783648493597,0.0476427719161469,0.161144076018882,400,0
gaussian,gaussian,riemannian,riemannian,0,5,32,10.0,0.0,0.1,4,2000,0.2101349116588176,0.2115757355668659,0.0483731668233738,0.1424286131835224,400,0
gaussian,gaussian,riemannian,riemannian,0,6,32,10.0,0.0,0.1,4,2000,0.2089304625452016,0.1994682989889629,0.0619337082482958,0.2444162059531791,400,0
gaussian,gaussian,riemannian,riemannian,0,7,32,10.0,0.0,0.1,4,2000,0.2122118608238525,0.2054204491263966,0.0565998654395298,0.2958317995215118,400,0
gaussian,gaussian,riemannian,riemannian,0,8,32,10.0,0.0,0.1,4,2000,0.2143030974102994,0.2113878100893966,0.0514898452631817,0.1768364855244684,400,0
gaussian,gaussian,riemannian,riemannian,0,9,32,10.0,0.0,0.1,4,2000,0.2141192019235368,0.2082763686233502,0.057282683259707,0.27840333629889,400,0
gaussian,gaussian,riemannian,riemannian,0,10,32,10.0,0.0,0.1,4,2000,0.2139539103009577,0.2153373825839875,0.0491363550260247,0.1754433075858266,400,0
gaussian,gaussian,riemannian,riemannian,0,11,32,10.0,0.0,0.1,4,2000,0.2108046325629768,0.2040402655923774,0.0504441279353115,0.165987343650638,400,0
gaussian,gaussian,riemannian,riemannian,0,12,32,10.0,0.0,0.1,4,2000,0.2186761188660424,0.2145208012514281,0.0549932594111976,0.3110520958233778,400,0
gaussian,gaussian,riemannian,riemannian,0,13,32,10.0,0.0,0.1,4,2000,0.206963246801663,0.2014482700567512,0.0533786116341679,0.1549770808208137,400,0
gaussian,gaussian,riemannian,riemannian,0,14,32,10.0,0.0,0.1,4,2000,0.2246923409134363,0.220645287453463,0.0571361507985376,0.1532065393980701,400,0
gaussian,gaussian,riemannian,riemannian,0,15,32,10.0,0.0,0.1,4,2000,0.2068635606127976,0.2080002898856268,0.0436728954979901,0.2535584759890525,400,0
gaussian,gaussian,riemannian,riemannian,0,16,32,10.0,0.0,0.1,4,2000,0.1979718545075119,0.1944662430522274,0.0547062686175176,0.1907395557390145,400,0
gaussian,gaussian,riemannian,riemannian,0,17,32,10.0,0.0,0.1,4,2000,0.2032789681105015,0.1979803296098357,0.0494778520236613,0.1596960331843142,400,0
gaussian,gaussian,riemannian,riemannian,0,18,32,10.0,0.0,0.1,4,2000,0.2175840686559517,0.2065616281941995,0.0573034537379987,0.1993373441563442,400,0
gaussian,gaussian,riemannian,riemannian,0,19,32,10.0,0.0,0.1,4,2000,0.2198351978381245,0.2186094996271563,0.0517516118599866,0.2216703109015227,400,0
gaussian,gaussian,kl,kl,0,0,32,10.0,0.0,0.1,4,2000,0.2193365087789602,0.2134328716399327,0.0511986943121383,0.2119494742961123,400,0
gaussian,gaussian,kl,kl,0,1,32,10.0,0.0,0.1,4,2000,0.2127516488920116,0.2083369958986143,0.0532441817892486,0.1784101757757241,400,0
gaussian,gaussian,kl,kl,0,2,32,10.0,0.0,0.1,4,2000,0.2251084183341584,0.2194761549024608,0.0551533921150298,0.2875170298866472,400,0
gaussian,gaussian,kl,kl,0,3,32,10.0,0.0,0.1,4,2000,0.2128786021696707,0.2115286091448105,0.051336896452885,0.1775058072329685,400,0
gaussian,gaussian,kl,kl,0,4,32,10.0,0.0,0.1,4,2000,0.2242503730239899,0.2249783648493561,0.047642771916147,0.1611440760188784,400,0
gaussian,gaussian,kl,kl,0,5,32,10.0,0.0,0.1,4,2000,0.210134911658816,0.2115757355668641,0.048373166823374,0.1424286131835188,400,0
gaussian,gaussian,kl,kl,0,6,32,10.0,0.0,0.1,4,2000,0.2089304625452,0.1994682989889629,0.0619337082482959,0.2444162059531756,400,0
gaussian,gaussian,kl,kl,0,7,32,10.0,0.0,0.1,4,2000,0.2122118608238508,0.2054204491263966,0.0565998654395297,0.2958317995215118,400,0
gaussian,gaussian,kl,kl,0,8,32,10.0,0.0,0.1,4,2000,0.2143030974102977,0.2113878100893949,0.0514898452631818,0.1768364855244684,400,0
gaussian,gaussian,kl,kl,0,9,32,10.0,0.0,0.1,4,2000,0.2141192019235352,0.2082763686233484,0.0572826832597071,0.27840333629889,400,0
gaussian,gaussian,kl,kl,0,10,32,10.0,0.0,0.1,4,2000,0.2139539103009562,0.2153373825839839,0.0491363550260248,0.175443307585823,400,0
gaussian,gaussian,kl,kl,0,11,32,10.0,0.0,0.1,4,2000,0.2108046325629752,0.2040402655923774,0.0504441279353116,0.1659873436506345,400,0
gaussian,gaussian,kl,kl,0,12,32,10.0,0.0,0.1,4,2000,0.2186761188660408,0.2145208012514246,0.0549932594111976,0.3110520958233742,400,0
gaussian,gaussian,kl,kl,0,13,32,10.0,0.0,0.1,4,2000,0.2069632468016612,0.2014482700567494,0.0533786116341678,0.1549770808208137,400,0
gaussian,gaussian,kl,kl,0,14,32,10.0,0.0,0.1,4,2000,0.2246923409134346,0.2206452874534612,0.0571361507985377,0.1532065393980666,400,0
gaussian,gaussian,kl,kl,0,15,32,10.0,0.0,0.1,4,2000,0.206863560612796,0.208000289885625,0.0436728954979901,0.253558475989049,400,0
gaussian,gaussian,kl,kl,0,16,32,10.0,0.0,0.1,4,2000,0.1979718545075104,0.1944662430522257,0.0547062686175178,0.1907395557390145,400,0
gaussian,gaussian,kl,kl,0,17,32,10.0,0.0,0.1,4,2000,0.2032789681104997,0.1979803296098339,0.0494778520236613,0.1596960331843142,400,0
gaussian,gaussian,kl,kl,0,18,32,10.0,0.0,0.1,4,2000,0.2175840686559501,0.2065616281941995,0.0573034537379987,0.1993373441563442,400,0
gaussian,gaussian,kl,kl,0,19,32,10.0,0.0,0.1,4,2000,0.2198351978381228,0.2186094996271528,0.0517516118599867,0.2216703109015227,400,0
gaussian,gaussian,riemannian,riemannian,0,0,32,10.0,0.0,0.1,16,2000,0.0507722539049611,0.0507709321202938,0.0144014932831159,0.0380730272053888,400,0
gaussian,gaussian,riemannian,riemannian,0,1,32,10.0,0.0,0.1,16,2000,0.0527558965637654,0.0515154944963018,0.0119395716437097,0.0505745936734207,400,0
gaussian,gaussian,riemannian,riemannian,0,2,32,10.0,0.0,0.1,16,2000,0.0540267443063076,0.0505609529094286,0.0163501706097848,0.042050598469892,400,0
gaussian,gaussian,riemannian,riemannian,0,3,32,10.0,0.0,0.1,16,2000,0.0507560084368958,0.0495565140319183,0.0119370300222696,0.0324686838484638,400,0
gaussian,gaussian,riemannian,riemannian,0,4,32,10.0,0.0,0.1,16,2000,0.0522116776894508,0.0519169807762214,0.012733649351096,0.0351236228679923,400,0
gaussian,gaussian,riemannian,riemannian,0,5,32,10.0,0.0,0.1,16,2000,0.0536602079648998,0.0519740469669489,0.0139223704763764,0.0513562513372605,400,0
gaussian,gaussian,riemannian,riemannian,0,6,32,10.0,0.0,0.1,16,2000,0.0503699427360502,0.0487746310180181,0.0131670716587103,0.0313289606591737,400,0
gaussian,gaussian,riemannian,riemannian,0,7,32,10.0,0.0,0.1,16,2000,0.0545283209928012,0.0538652910518866,0.0125928804037762,0.0479408236277798,400,0
gaussian,gaussian,riemannian,riemannian,0,8,32,10.0,0.0,0.1,16,2000,0.0512670167357263,0.0500726589644262,0.0128054122391758,0.0438734708438488,400,0
gaussian,gaussian,riemannian,riemannian,0,9,32,10.0,0.0,0.1,16,2000,0.0522505177530363,0.0511053702082957,0.0130522205170182,0.090874004634152,400,0
gaussian,gaussian,riemannian,riemannian,0,10,32,10.0,0.0,0.1,16,2000,0.053300661964737,0.0508345921107071,0.014189052704536,0.0636745096038033,400,0
gaussian,gaussian,riemannian,riemannian,0,11,32,10.0,0.0,0.1,16,2000,0.0542892382279868,0.0523128923276807,0.0141905087200721,0.0337983965498622,400,0
gaussian,gaussian,riemannian,riemannian,0,12,32,10.0,0.0,0.1,16,2000,0.0503214135438983,0.0500187547740811,0.011261517279049,0.0491842649895026,400,0
gaussian,gaussian,riemannian,riemannian,0,13,32,10.0,0.0,0.1,16,2000,0.0506718189376593,0.0500366368536155,0.0124911154762947,0.0504452083888722,400,0
gaussian,gaussian,riemannian,riemannian,0,14,32,10.0,0.0,0.1,16,2000,0.0514692339968428,0.050469836091981,0.0116388676547813,0.0637734717680125,400,0
gaussian,gaussian,riemannian,riemannian,0,15,32,10.0,0.0,0.1,16,2000,0.0530161736901378,0.0519821840918321,0.0114037623633201,0.083536552829436,400,0
gaussian,gaussian,riemannian,riemannian,0,16,32,10.0,0.0,0.1,16,2000,0.0490906819242342,0.0476098548770238,0.0132150227731945,0.0481811734093931,400,0
gaussian,gaussian,riemannian,riemannian,0,17,32,10.0,0.0,0.1,16,2000,0.0544924733998726,0.0530030710378692,0.0136304071006577,0.0646581731761699,400,0
gaussian,gaussian,riemannian,riemannian,0,18,32,10.0,0.0,0.1,16,2000,0.0512361476018377,0.0505092682892787,0.0135760905841989,0.0409323913217036,400,0
gaussian,gaussian,riemannian,riemannian,0,19,32,10.0,0.0,0.1,16,2000,0.0501273255390763,0.0499716730456505,0.0111720623210287,0.0386891453123539,400,0
gaussian,gaussian,kl,kl,0,0,32,10.0,0.0,0.1,16,2000,0.0507722539049593,0.050770932120292,0.014401493283116,0.0380730272053853,400,0
gaussian,gaussian,kl,kl,0,1,32,10.0,0.0,0.1,16,2000,0.0527558965637636,0.0515154944963018,0.0119395716437097,0.0505745936734172,400,0
gaussian,gaussian,kl,kl,0,2,32,10.0,0.0,0.1,16,2000,0.0540267443063058,0.0505609529094286,0.0163501706097848,0.042050598469892,400,0
gaussian,gaussian,kl,kl,0,3,32,10.0,0.0,0.1,16,2000,0.050756008436894,0.0495565140319165,0.0119370300222695,0.0324686838484638,400,0
gaussian,gaussian,kl,kl,0,4,32,10.0,0.0,0.1,16,2000,0.0522116776894489,0.0519169807762196,0.012733649351096,0.0351236228679923,400,0
gaussian,gaussian,kl,kl,0,5,32,10.0,0.0,0.1,16,2000,0.0536602079648981,0.0519740469669471,0.0139223704763764,0.0513562513372605,400,0
gaussian,gaussian,kl,kl,0,6,32,10.0,0.0,0.1,16,2000,0.0503699427360485,0.0487746310180163,0.0131670716587105,0.0313289606591737,400,0
gaussian,gaussian,kl,kl,0,7,32,10.0,0.0,0.1,16,2000,0.0545283209927994,0.0538652910518866,0.0125928804037763,0.0479408236277763,400,0
gaussian,gaussian,kl,kl,0,8,32,10.0,0.0,0.1,16,2000,0.0512670167357245,0.0500726589644227,0.0128054122391758,0.0438734708438488,400,0
gaussian,gaussian,kl,kl,0,9,32,10.0,0.0,0.1,16,2000,0.0522505177530345,0.0511053702082939,0.0130522205170182,0.090874004634152,400,0
gaussian,gaussian,kl,kl,0,10,32,10.0,0.0,0.1,16,2000,0.0533006619647353,0.0508345921107054,0.014189052704536,0.0636745096038033,400,0
gaussian,gaussian,kl,kl,0,11,32,10.0,0.0,0.1,16,2000,0.054289238227985,0.0523128923276789,0.014190508720072,0.0337983965498587,400,0
gaussian,gaussian,kl,kl,0,12,32,10.0,0.0,0.1,16,2000,0.0503214135438965,0.0500187547740775,0.0112615172790491,0.0491842649894991,400,0
gaussian,gaussian,kl,kl,0,13,32,10.0,0.0,0.1,16,2000,0.0506718189376575,0.0500366368536138,0.0124911154762946,0.0504452083888722,400,0
gaussian,gaussian,kl,kl,0,14,32,10.0,0.0,0.1,16,2000,0.0514692339968412,0.0504698360919793,0.0116388676547814,0.0637734717680125,400,0
gaussian,gaussian,kl,kl,0,15,32,10.0,0.0,0.1,16,2000,0.0530161736901361,0.0519821840918304,0.0114037623633201,0.0835365528294325,400,0
gaussian,gaussian,kl,kl,0,16,32,10.0,0.0,0.1,16,2000,0.0490906819242322,0.0476098548770203,0.0132150227731947,0.0481811734093931,400,0
gaussian,gaussian,kl,kl,0,17,32,10.0,0.0,0.1,16,2000,0.054492473399871,0.0530030710378675,0.0136304071006577,0.0646581731761699,400,0
gaussian,gaussian,kl,kl,0,18,32,10.0,0.0,0.1,16,2000,0.051236147601836,0.0505092682892787,0.0135760905841989,0.0409323913217036,400,0
gaussian,gaussian,kl,kl,0,19,32,10.0,0.0,0.1,16,2000,0.0501273255390745,0.0499716730456469,0.0111720623210286,0.0386891453123539,400,0
gaussian,gaussian,riemannian,riemannian,0,0,32,100.0,0.0,0.1,1,2000,0.8682720678023138,0.8537903087878327,0.2307046905001263,1.1251309587626253,400,0
gaussian,gaussian,riemannian,riemannian,0,1,32,100.0,0.0,0.1,1,2000,0.8714834443118913,0.8561989068927893,0.2046627751042735,0.5095531834387188,400,0
gaussian,gaussian,riemannian,riemannian,0,2,32,100.0,0.0,0.1,1,2000,0.8177367652274665,0.8041256615485182,0.1886625202090995,0.8472028722669158,400,0
gaussian,gaussian,riemannian,riemannian,0,3,32,100.0,0.0,0.1,1,2000,0.850406059143169,0.8218120502123067,0.2282511045372509,0.9038926168190996,400,0
gaussian,gaussian,riemannian,riemannian,0,4,32,100.0,0.0,0.1,1,2000,0.8845342563501947,0.8765464453598533,0.2194364539491658,0.9897782059928666,400,0
gaussian,gaussian,riemannian,riemannian,0,5,32,100.0,0.0,0.1,1,2000,0.8013357762777445,0.775596918669768,0.2303268300437864,0.8153338101884131,400,0
gaussian,gaussian,riemannian,riemannian,0,6,32,100.0,0.0,0.1,1,2000,0.8748876178648246,0.8553725046606626,0.1918210413400294,0.7329635607879794,400,0
gaussian,gaussian,riemannian,riemannian,0,7,32,100.0,0.0,0.1,1,2000,0.848173084726373,0.8188123378152827,0.22965973079415,0.7344713804590235,400,0
gaussian,gaussian,riemannian,riemannian,0,8,32,100.0,0.0,0.1,1,2000,0.8486584064546652,0.8291365244555884,0.2088089612796594,0.853795215005043,400,0
gaussian,gaussian,riemannian,riemannian,0,9,32,100.0,0.0,0.1,1,2000,0.8248279144849675,0.81929084249232,0.2056037737786266,0.4602310090560131,400,0
gaussian,gaussian,riemannian,riemannian,0,10,32,100.0,0.0,0.1,1,2000,0.831428641728902,0.8139436547652039,0.2194439442445804,1.0317497264214666,400,0
gaussian,gaussian,riemannian,riemannian,0,11,32,100.0,0.0,0.1,1,2000,0.8555115534747562,0.841052503692092,0.1952659564424482,0.707533681675546,400,0
gaussian,gaussian,riemannian,riemannian,0,12,32,100.0,0.0,0.1,1,2000,0.8454393031312422,0.8333871486927382,0.1911593280753401,0.8356361888705344,400,0
gaussian,gaussian,riemannian,riemannian,0,13,32,100.0,0.0,0.1,1,2000,0.8267641895604945,0.8017170259235353,0.1938193717150801,0.5962298979247116,400,0
gaussian,gaussian,riemannian,riemannian,0,14,32,100.0,0.0,0.1,1,2000,0.8495455688295257,0.8361528040999477,0.2008479146920901,0.8398118550289269,400,0
gaussian,gaussian,riemannian,riemannian,0,15,32,100.0,0.0,0.1,1,2000,0.8379527726816971,0.7926416834449856,0.2301874819900614,0.7424635158967341,400,0
gaussian,gaussian,riemannian,riemannian,0,16,32,100.0,0.0,0.1,1,2000,0.8703716514718108,0.8385862549151266,0.2264275002542279,0.477384567697559,400,0
gaussian,gaussian,riemannian,riemannian,0,17,32,100.0,0.0,0.1,1,2000,0.8457808627772718,0.8559502156195791,0.1814465467842778,0.6989565293943869,400,0
gaussian,gaussian,riemannian,riemannian,0,18,32,100.0,0.0,0.1,1,2000,0.8326138340459314,0.8076757440133875,0.2152517138241534,1.162450720454732,400,0
gaussian,gaussian,riemannian,riemannian,0,19,32,100.0,0.0,0.1,1,2000,0.8651738488481329,0.8447183143502333,0.2189601879783528,0.7281096810646694,400,0
gaussian,gaussian,kl,kl,0,0,32,100.0,0.0,0.1,1,2000,0.868272067802315,0.8537903087878327,0.2307046905001268,1.1251309587626288,400,0
gaussian,gaussian,kl,kl,0,1,32,100.0,0.0,0.1,1,2000,0.8714834443118922,0.8561989068927911,0.2046627751042739,0.5095531834387188,400,0
gaussian,gaussian,kl,kl,0,2,32,100.0,0.0,0.1,1,2000,0.8177367652274675,0.8041256615485182,0.1886625202090998,0.8472028722669158,400,0
gaussian,gaussian,kl,kl,0,3,32,100.0,0.0,0.1,1,2000,0.8504060591431698,0.8218120502123085,0.2282511045372512,0.9038926168190996,400,0
gaussian,gaussian,kl,kl,0,4,32,100.0,0.0,0.1,1,2000,0.8845342563501957,0.8765464453598533,0.219436453949166,0.9897782059928666,400,0
gaussian,gaussian,kl,kl,0,5,32,100.0,0.0,0.1,1,2000,0.8013357762777454,0.7755969186697715,0.2303268300437865,0.8153338101884131,400,0
gaussian,gaussian,kl,kl,0,6,32,100.0,0.0,0.1,1,2000,0.8748876178648257,0.8553725046606626,0.1918210413400298,0.7329635607879794,400,0
gaussian,gaussian,kl,kl,0,7,32,100.0,0.0,0.1,1,2000,0.848173084726374,0.8188123378152863,0.2296597307941504,0.7344713804590235,400,0
gaussian,gaussian,kl,kl,0,8,32,100.0,0.0,0.1,1,2000,0.8486584064546665,0.8291365244555884,0.2088089612796599,0.853795215005043,400,0
gaussian,gaussian,kl,kl,0,9,32,100.0,0.0,0.1,1,2000,0.8248279144849683,0.81929084249232,0.2056037737786268,0.4602310090560131,400,0
gaussian,gaussian,kl,kl,0,10,32,100.0,0.0,0.1,1,2000,0.8314286417289032,0.8139436547652039,0.2194439442445807,1.03174972642147,400,0
gaussian,gaussian,kl,kl,0,11,32,100.0,0.0,0.1,1,2000,0.8555115534747572,0.841052503692092,0.1952659564424485,0.7075336816755495,400,0
gaussian,gaussian,kl,kl,0,12,32,100.0,0.0,0.1,1,2000,0.8454393031312432,0.83338714869274,0.1911593280753402,0.8356361888705344,400,0
gaussian,gaussian,kl,kl,0,13,32,100.0,0.0,0.1,1,2000,0.8267641895604956,0.8017170259235353,0.1938193717150805,0.5962298979247116,400,0
gaussian,gaussian,kl,kl,0,14,32,100.0,0.0,0.1,1,2000,0.8495455688295266,0.8361528040999477,0.2008479146920903,0.8398118550289304,400,0
gaussian,gaussian,kl,kl,0,15,32,100.0,0.0,0.1,1,2000,0.8379527726816981,0.7926416834449856,0.2301874819900619,0.7424635158967341,400,0
gaussian,gaussian,kl,kl,0,16,32,100.0,0.0,0.1,1,2000,0.8703716514718118,0.8385862549151266,0.226427500254228,0.477384567697559,400,0
gaussian,gaussian,kl,kl,0,17,32,100.0,0.0,0.1,1,2000,0.8457808627772728,0.8559502156195808,0.181446546784278,0.6989565293943869,400,0
gaussian,gaussian,kl,kl,0,18,32,100.0,0.0,0.1,1,2000,0.8326138340459324,0.8076757440133893,0.2152517138241536,1.162450720454732,400,0
gaussian,gaussian,kl,kl,0,19,32,100.0,0.0,0.1,1,2000,0.8651738488481339,0.8447183143502333,0.2189601879783531,0.7281096810646694,400,0
gaussian,gaussian,riemannian,riemannian,0,0,32,100.0,0.0,0.1,4,2000,0.21509433786596,0.2100245930465725,0.0596624032274471,0.1571731486700613,400,0
gaussian,gaussian,riemannian,riemannian,0,1,32,100.0,0.0,0.1,4,2000,0.2157375269211056,0.2109105803040005,0.0495199793349573,0.2940479909816957,400,0
gaussian,gaussian,riemannian,riemannian,0,2,32,100.0,0.0,0.1,4,2000,0.2004766017809737,0.1968670952904769,0.0481497618613268,0.1771419696213563,400,0
gaussian,gaussian,riemannian,riemannian,0,3,32,100.0,0.0,0.1,4,2000,0.214567444286279,0.2118913010568555,0.0467035136396757,0.1698369341778161,400,0
gaussian,gaussian,riemannian,riemannian,0,4,32,100.0,0.0,0.1,4,2000,0.2136797784277202,0.2090819598225071,0.0511855197801683,0.1353165916855054,400,0
gaussian,gaussian,riemannian,riemannian,0,5,32,100.0,0.0,0.1,4,2000,0.2024565657662176,0.2016831356895778,0.046063920885939,0.1791460955704025,400,0
gaussian,gaussian,riemannian,riemannian,0,6,32,100.0,0.0,0.1,4,2000,0.2062139481485485,0.1994249331801398,0.0523911836776265,0.1045479215307665,400,0
gaussian,gaussian,riemannian,riemannian,0,7,32,100.0,0.0,0.1,4,2000,0.1986724848910047,0.1956926127357512,0.043114626479915,0.2019761109144831,400,0
gaussian,gaussian,riemannian,riemannian,0,8,32,100.0,0.0,0.1,4,2000,0.2250964392236439,0.2239048171955744,0.0557085512674926,0.3448511949928665,400,0
gaussian,gaussian,riemannian,riemannian,0,9,32,100.0,0.0,0.1,4,2000,0.1996221438393227,0.1985900593306073,0.0522607396977725,0.2596009402112074,400,0
gaussian,gaussian,riemannian,riemannian,0,10,32,100.0,0.0,0.1,4,2000,0.2005677234788626,0.1918676442178224,0.0514712929363874,0.1601663181219592,400,0
gaussian,gaussian,riemannian,riemannian,0,11,32,100.0,0.0,0.1,4,2000,0.2141775390272234,0.2090111838185517,0.0535584005668357,0.1951303668971888,400,0
gaussian,gaussian,riemannian,riemannian,0,12,32,100.0,0.0,0.1,4,2000,0.2176982457848114,0.2080797847231608,0.057550058643864,0.1581391308144226,400,0
gaussian,gaussian,riemannian,riemannian,0,13,32,100.0,0.0,0.1,4,2000,0.2043604134930189,0.1971585798206927,0.0483573772624041,0.2173081473021696,400,0
gaussian,gaussian,riemannian,riemannian,0,14,32,100.0,0.0,0.1,4,2000,0.2092215606111672,0.2089235817584906,0.0495438697898193,0.2928837968937756,400,0
gaussian,gaussian,riemannian,riemannian,0,15,32,100.0,0.0,0.1,4,2000,0.2107425883209622,0.2094982636710192,0.0495814470431534,0.2336633553611449,400,0
gaussian,gaussian,riemannian,riemannian,0,16,32,100.0,0.0,0.1,4,2000,0.1982595455544355,0.1969379859412754,0.050293862719921,0.2109857888453525,400,0
gaussian,gaussian,riemannian,riemannian,0,17,32,100.0,0.0,0.1,4,2000,0.2218467316334932,0.2128815330844258,0.0573118924544432,0.2164301565159938,400,0
gaussian,gaussian,riemannian,riemannian,0,18,32,100.0,0.0,0.1,4,2000,0.2097927648728211,0.2072780795122391,0.0479916631081535,0.1957391808696194,400,0
gaussian,gaussian,riemannian,riemannian,0,19,32,100.0,0.0,0.1,4,2000,0.2039640875637186,0.2036470373936687,0.0480562565530349,0.2110943194398622,400,0
gaussian,gaussian,kl,kl,0,0,32,100.0,0.0,0.1,4,2000,0.2150943378659603,0.2100245930465742,0.0596624032274472,0.1571731486700613,400,0
gaussian,gaussian,kl,kl,0,1,32,100.0,0.0,0.1,4,2000,0.2157375269211058,0.2109105803040005,0.0495199793349573,0.2940479909816957,400,0
gaussian,gaussian,kl,kl,0,2,32,100.0,0.0,0.1,4,2000,0.2004766017809739,0.1968670952904769,0.0481497618613268,0.1771419696213598,400,0
gaussian,gaussian,kl,kl,0,3,32,100.0,0.0,0.1,4,2000,0.2145674442862792,0.2118913010568555,0.0467035136396757,0.1698369341778161,400,0
gaussian,gaussian,kl,kl,0,4,32,100.0,0.0,0.1,4,2000,0.2136797784277204,0.2090819598225071,0.0511855197801683,0.1353165916855054,400,0
gaussian,gaussian,kl,kl,0,5,32,100.0,0.0,0.1,4,2000,0.2024565657662178,0.2016831356895778,0.046063920885939,0.1791460955704025,400,0
gaussian,gaussian,kl,kl,0,6,32,100.0,0.0,0.1,4,2000,0.2062139481485488,0.1994249331801398,0.0523911836776266,0.1045479215307665,400,0
gaussian,gaussian,kl,kl,0,7,32,100.0,0.0,0.1,4,2000,0.1986724848910049,0.1956926127357512,0.0431146264799151,0.2019761109144831,400,0
gaussian,gaussian,kl,kl,0,8,32,100.0,0.0,0.1,4,2000,0.2250964392236442,0.2239048171955744,0.0557085512674926,0.3448511949928665,400,0
gaussian,gaussian,kl,kl,0,9,32,100.0,0.0,0.1,4,2000,0.1996221438393229,0.1985900593306073,0.0522607396977726,0.2596009402112074,400,0
gaussian,gaussian,kl,kl,0,10,32,100.0,0.0,0.1,4,2000,0.2005677234788629,0.1918676442178224,0.0514712929363874,0.1601663181219592,400,0
gaussian,gaussian,kl,kl,0,11,32,100.0,0.0,0.1,4,2000,0.2141775390272236,0.2090111838185517,0.0535584005668358,0.1951303668971888,400,0
gaussian,gaussian,kl,kl,0,12,32,100.0,0.0,0.1,4,2000,0.2176982457848117,0.2080797847231625,0.0575500586438641,0.1581391308144226,400,0
gaussian,gaussian,kl,kl,0,13,32,100.0,0.0,0.1,4,2000,0.2043604134930192,0.1971585798206927,0.0483573772624042,0.2173081473021696,400,0
gaussian,gaussian,kl,kl,0,14,32,100.0,0.0,0.1,4,2000,0.2092215606111674,0.2089235817584906,0.0495438697898193,0.2928837968937756,400,0
gaussian,gaussian,kl,kl,0,15,32,100.0,0.0,0.1,4,2000,0.2107425883209625,0.2094982636710192,0.0495814470431535,0.2336633553611449,400,0
gaussian,gaussian,kl,kl,0,16,32,100.0,0.0,0.1,4,2000,0.1982595455544358,0.1969379859412754,0.0502938627199211,0.2109857888453525,400,0
gaussian,gaussian,kl,kl,0,17,32,100.0,0.0,0.1,4,2000,0.2218467316334934,0.2128815330844276,0.0573118924544432,0.2164301565159938,400,0
gaussian,gaussian,kl,kl,0,18,32,100.0,0.0,0.1,4,2000,0.2097927648728213,0.2072780795122391,0.0479916631081535,0.1957391808696194,400,0
gaussian,gaussian,kl,kl,0,19,32,100.0,0.0,0.1,4,2000,0.2039640875637189,0.2036470373936687,0.048056256553035,0.2110943194398657,400,0
gaussian,gaussian,riemannian,riemannian,0,0,32,100.0,0.0,0.1,16,2000,0.0544104112062373,0.0531457720590822,0.0118272037099707,0.0517465933638732,400,0
gaussian,gaussian,riemannian,riemannian,0,1,32,100.0,0.0,0.1,16,2000,0.0590243802871499,0.0585533641126758,0.0145506536925789,0.032687337843118,400,0
gaussian,gaussian,riemannian,riemannian,0,2,32,100.0,0.0,0.1,16,2000,0.0498658962549277,0.0481085341470777,0.0123454109517137,0.0407366813932448,400,0
gaussian,gaussian,riemannian,riemannian,0,3,32,100.0,0.0,0.1,16,2000,0.0528575723580734,0.0531807779398025,0.012811311883038,0.0502393510162448,400,0
gaussian,gaussian,riemannian,riemannian,0,4,32,100.0,0.0,0.1,16,2000,0.0531558372829458,0.0527833303518825,0.0126121813055241,0.0653673290292822,400,0
gaussian,gaussian,riemannian,riemannian,0,5,32,100.0,0.0,0.1,16,2000,0.0551306970379092,0.0540675762165463,0.0132485614070891,0.0575044981518004,400,0
gaussian,gaussian,riemannian,riemannian,0,6,32,100.0,0.0,0.1,16,2000,0.052263011049645,0.0520420797353367,0.0101033587545424,0.0520754111673085,400,0
gaussian,gaussian,riemannian,riemannian,0,7,32,100.0,0.0,0.1,16,2000,0.0543856039992904,0.0518551251943133,0.0148650798507909,0.0504472454203188,400,0
gaussian,gaussian,riemannian,riemannian,0,8,32,100.0,0.0,0.1,16,2000,0.0522476071941451,0.0516396880130365,0.0131142832081487,0.0540808214467603,400,0
gaussian,gaussian,riemannian,riemannian,0,9,32,100.0,0.0,0.1,16,2000,0.0529885694587829,0.0519694348241088,0.0130566567000035,0.0292657785137286,400,0
gaussian,gaussian,riemannian,riemannian,0,10,32,100.0,0.0,0.1,16,2000,0.0523786213506632,0.0507082237123661,0.0140795756668851,0.0624077265210623,400,0
gaussian,gaussian,riemannian,riemannian,0,11,32,100.0,0.0,0.1,16,2000,0.0541384444965761,0.0542890851006774,0.0127134400505679,0.0428320667822816,400,0
gaussian,gaussian,riemannian,riemannian,0,12,32,100.0,0.0,0.1,16,2000,0.0539658499008918,0.0533049935794522,0.0137765650506314,0.0425115155515563,400,0
gaussian,gaussian,riemannian,riemannian,0,13,32,100.0,0.0,0.1,16,2000,0.0522563277984029,0.0502721548007709,0.0133873761552957,0.0525338772034551,400,0
gaussian,gaussian,riemannian,riemannian,0,14,32,100.0,0.0,0.1,16,2000,0.0564152718638506,0.0551011140813155,0.015667678080831,0.0377437215356621,400,0
gaussian,gaussian,riemannian,riemannian,0,15,32,100.0,0.0,0.1,16,2000,0.0559381289207234,0.0541747487508139,0.0121760391500343,0.0629183444740384,400,0
gaussian,gaussian,riemannian,riemannian,0,16,32,100.0,0.0,0.1,16,2000,0.0538395155479227,0.0506942126773868,0.0164158767015143,0.0396258970731047,400,0
gaussian,gaussian,riemannian,riemannian,0,17,32,100.0,0.0,0.1,16,2000,0.0577737729823571,0.0551661704356973,0.0150202911205509,0.0449107993202595,400,0
gaussian,gaussian,riemannian,riemannian,0,18,32,100.0,0.0,0.1,16,2000,0.0525041918054645,0.0507396951973504,0.0134240373862386,0.0561576627270206,400,0
gaussian,gaussian,riemannian,riemannian,0,19,32,100.0,0.0,0.1,16,2000,0.0532104970329434,0.0513096890155093,0.0138837690319159,0.0432028058163744,400,0
gaussian,gaussian,kl,kl,0,0,32,100.0,0.0,0.1,16,2000,0.0544104112062373,0.0531457720590822,0.0118272037099707,0.0517465933638732,400,0
gaussian,gaussian,kl,kl,0,1,32,100.0,0.0,0.1,16,2000,0.05902438028715,0.0585533641126758,0.0145506536925789,0.032687337843118,400,0
gaussian,gaussian,kl,kl,0,2,32,100.0,0.0,0.1,16,2000,0.0498658962549278,0.0481085341470777,0.0123454109517137,0.0407366813932448,400,0
gaussian,gaussian,kl,kl,0,3,32,100.0,0.0,0.1,16,2000,0.0528575723580735,0.0531807779398025,0.012811311883038,0.0502393510162448,400,0
gaussian,gaussian,kl,kl,0,4,32,100.0,0.0,0.1,16,2000,0.0531558372829458,0.0527833303518825,0.0126121813055241,0.0653673290292822,400,0
gaussian,gaussian,kl,kl,0,5,32,100.0,0.0,0.1,16,2000,0.0551306970379092,0.0540675762165463,0.0132485614070891,0.0575044981518004,400,0
gaussian,gaussian,kl,kl,0,6,32,100.0,0.0,0.1,16,2000,0.052263011049645,0.0520420797353367,0.0101033587545424,0.0520754111673085,400,0
gaussian,gaussian,kl,kl,0,7,32,100.0,0.0,0.1,16,2000,0.0543856039992905,0.0518551251943133,0.0148650798507909,0.0504472454203188,400,0
gaussian,gaussian,kl,kl,0,8,32,100.0,0.0,0.1,16,2000,0.0522476071941452,0.0516396880130365,0.0131142832081488,0.0540808214467603,400,0
gaussian,gaussian,kl,kl,0,9,32,100.0,0.0,0.1,16,2000,0.052988569458783,0.0519694348241088,0.0130566567000035,0.0292657785137286,400,0
gaussian,gaussian,kl,kl,0,10,32,100.0,0.0,0.1,16,2000,0.0523786213506633,0.0507082237123661,0.0140795756668851,0.0624077265210623,400,0
gaussian,gaussian,kl,kl,0,11,32,100.0,0.0,0.1,16,2000,0.0541384444965761,0.0542890851006774,0.0127134400505679,0.0428320667822816,400,0
gaussian,gaussian,kl,kl,0,12,32,100.0,0.0,0.1,16,2000,0.0539658499008918,0.0533049935794522,0.0137765650506315,0.0425115155515563,400,0
gaussian,gaussian,kl,kl,0,13,32,100.0,0.0,0.1,16,2000,0.052256327798403,0.0502721548007709,0.0133873761552957,0.0525338772034551,400,0
gaussian,gaussian,kl,kl,0,14,32,100.0,0.0,0.1,16,2000,0.0564152718638507,0.0551011140813155,0.015667678080831,0.0377437215356621,400,0
gaussian,gaussian,kl,kl,0,15,32,100.0,0.0,0.1,16,2000,0.0559381289207235,0.0541747487508139,0.0121760391500343,0.0629183444740384,400,0
gaussian,gaussian,kl,kl,0,16,32,100.0,0.0,0.1,16,2000,0.0538395155479227,0.0506942126773868,0.0164158767015143,0.0396258970731047,400,0
gaussian,gaussian,kl,kl,0,17,32,100.0,0.0,0.1,16,2000,0.0577737729823572,0.0551661704356973,0.015020291120551,0.0449107993202595,400,0
gaussian,gaussian,kl,kl,0,18,32,100.0,0.0,0.1,16,2000,0.0525041918054646,0.0507396951973504,0.0134240373862386,0.0561576627270206,400,0
gaussian,gaussian,kl,kl,0,19,32,100.0,0.0,0.1,16,2000,0.0532104970329435,0.0513096890155093,0.0138837690319159,0.0432028058163744,400,0
gaussian,gaussian,riemannian,riemannian,0,0,32,10000.0,0.0,0.1,1,2000,0.8557455653815502,0.8352150704467292,0.2016803500737097,0.666785854631371,400,0
gaussian,gaussian,riemannian,riemannian,0,1,32,10000.0,0.0,0.1,1,2000,0.8321895797657981,0.8095833466643256,0.215616066918664,0.5552500519719885,400,0
gaussian,gaussian,riemannian,riemannian,0,2,32,10000.0,0.0,0.1,1,2000,0.8889885009478128,0.8747448013176768,0.2028262454147548,1.3992744139172617,400,0
gaussian,gaussian,riemannian,riemannian,0,3,32,10000.0,0.0,0.1,1,2000,0.8430629992540546,0.8335176389860806,0.1937802248608842,0.8162303450770416,400,0
gaussian,gaussian,riemannian,riemannian,0,4,32,10000.0,0.0,0.1,1,2000,0.8373913043961718,0.8041645799229737,0.2506061877523266,1.139270177974229,400,0
gaussian,gaussian,riemannian,riemannian,0,5,32,10000.0,0.0,0.1,1,2000,0.8105667216394042,0.7976517156285521,0.179952901533992,1.164541607686118,400,0
gaussian,gaussian,riemannian,riemannian,0,6,32,10000.0,0.0,0.1,1,2000,0.8245197390976753,0.8150565143228281,0.2238640617923788,0.968280910767458,400,0
gaussian,gaussian,riemannian,riemannian,0,7,32,10000.0,0.0,0.1,1,2000,0.8227517842986839,0.8122692646167362,0.1827813280043673,0.8358103615039241,400,0
gaussian,gaussian,riemannian,riemannian,0,8,32,10000.0,0.0,0.1,1,2000,0.8386095679707186,0.8149396514915033,0.2320105351846394,0.7362665219759954,400,0
gaussian,gaussian,riemannian,riemannian,0,9,32,10000.0,0.0,0.1,1,2000,0.8384868016570372,0.8030059151354543,0.2362363214273881,0.7767611609357559,400,0
gaussian,gaussian,riemannian,riemannian,0,10,32,10000.0,0.0,0.1,1,2000,0.8668085104540768,0.8320828449815725,0.2436811100826138,0.6527231628203118,400,0
gaussian,gaussian,riemannian,riemannian,0,11,32,10000.0,0.0,0.1,1,2000,0.8663028246858764,0.8692770484399599,0.195098717063907,0.9284829700724124,400,0
gaussian,gaussian,riemannian,riemannian,0,12,32,10000.0,0.0,0.1,1,2000,0.8446935993332565,0.8150305891963079,0.2256534897087668,0.5153592906012854,400,0
gaussian,gaussian,riemannian,riemannian,0,13,32,10000.0,0.0,0.1,1,2000,0.8711515224463667,0.8791937980023352,0.2249756709600041,0.9716568474037076,400,0
gaussian,gaussian,riemannian,riemannian,0,14,32,10000.0,0.0,0.1,1,2000,0.832875758184087,0.8231523102523965,0.1821797972033565,1.095047927807677,400,0
gaussian,gaussian,riemannian,riemannian,0,15,32,10000.0,0.0,0.1,1,2000,0.9072347817719174,0.9074593156169576,0.1997370096373089,0.6466730992292575,400,0
gaussian,gaussian,riemannian,riemannian,0,16,32,10000.0,0.0,0.1,1,2000,0.8997683533666289,0.8704698891969045,0.2360839193649663,0.8734759084657391,400,0
gaussian,gaussian,riemannian,riemannian,0,17,32,10000.0,0.0,0.1,1,2000,0.8364110027239804,0.8468725913007376,0.1922069492039484,0.808888497805647,400,0
gaussian,gaussian,riemannian,riemannian,0,18,32,10000.0,0.0,0.1,1,2000,0.9386783572837032,0.8939176755059517,0.2465144209897243,0.9674958633459988,400,0
gaussian,gaussian,riemannian,riemannian,0,19,32,10000.0,0.0,0.1,1,2000,0.8074409426428885,0.8054742063179656,0.2051000958637459,0.875784131914827,400,0
gaussian,gaussian,kl,kl,0,0,32,10000.0,0.0,0.1,1,2000,0.8557455653815603,0.835215070446738,0.20168035007371,0.6667858546313816,400,0
gaussian,gaussian,kl,kl,0,1,32,10000.0,0.0,0.1,1,2000,0.8321895797658081,0.8095833466643363,0.2156160669186642,0.5552500519719956,400,0
gaussian,gaussian,kl,kl,0,2,32,10000.0,0.0,0.1,1,2000,0.8889885009478227,0.8747448013176857,0.2028262454147551,1.399274413917272,400,0
gaussian,gaussian,kl,kl,0,3,32,10000.0,0.0,0.1,1,2000,0.8430629992540645,0.8335176389860912,0.1937802248608845,0.8162303450770523,400,0
gaussian,gaussian,kl,kl,0,4,32,10000.0,0.0,0.1,1,2000,0.8373913043961818,0.8041645799229826,0.2506061877523269,1.1392701779742396,400,0
gaussian,gaussian,kl,kl,0,5,32,10000.0,0.0,0.1,1,2000,0.8105667216394141,0.7976517156285627,0.1799529015339922,1.1645416076861252,400,0
gaussian,gaussian,kl,kl,0,6,32,10000.0,0.0,0.1,1,2000,0.8245197390976854,0.8150565143228388,0.223864061792379,0.9682809107674686,400,0
gaussian,gaussian,kl,kl,0,7,32,10000.0,0.0,0.1,1,2000,0.8227517842986937,0.8122692646167469,0.1827813280043676,0.8358103615039312,400,0
gaussian,gaussian,kl,kl,0,8,32,10000.0,0.0,0.1,1,2000,0.8386095679707286,0.8149396514915139,0.2320105351846396,0.7362665219760061,400,0
gaussian,gaussian,kl,kl,0,9,32,10000.0,0.0,0.1,1,2000,0.838486801657047,0.8030059151354649,0.2362363214273884,0.7767611609357665,400,0
gaussian,gaussian,kl,kl,0,10,32,10000.0,0.0,0.1,1,2000,0.866808510454087,0.8320828449815831,0.2436811100826141,0.6527231628203225,400,0
gaussian,gaussian,kl,kl,0,11,32,10000.0,0.0,0.1,1,2000,0.8663028246858864,0.8692770484399706,0.1950987170639073,0.9284829700724232,400,0
gaussian,gaussian,kl,kl,0,12,32,10000.0,0.0,0.1,1,2000,0.8446935993332666,0.815030589196315,0.2256534897087672,0.515359290601296,400,0
gaussian,gaussian,kl,kl,0,13,32,10000.0,0.0,0.1,1,2000,0.8711515224463767,0.8791937980023459,0.2249756709600044,0.9716568474037182,400,0
gaussian,gaussian,kl,kl,0,14,32,10000.0,0.0,0.1,1,2000,0.8328757581840972,0.8231523102524072,0.1821797972033567,1.0950479278076877,400,0
gaussian,gaussian,kl,kl,0,15,32,10000.0,0.0,0.1,1,2000,0.9072347817719276,0.9074593156169684,0.1997370096373093,0.6466730992292682,400,0
gaussian,gaussian,kl,kl,0,16,32,10000.0,0.0,0.1,1,2000,0.899768353366639,0.8704698891969151,0.2360839193649666,0.8734759084657497,400,0
gaussian,gaussian,kl,kl,0,17,32,10000.0,0.0,0.1,1,2000,0.8364110027239906,0.8468725913007482,0.1922069492039488,0.8088884978056576,400,0
gaussian,gaussian,kl,kl,0,18,32,10000.0,0.0,0.1,1,2000,0.9386783572837132,0.8939176755059624,0.2465144209897246,0.9674958633460092,400,0
gaussian,gaussian,kl,kl,0,19,32,10000.0,0.0,0.1,1,2000,0.8074409426428985,0.8054742063179763,0.2051000958637461,0.8757841319148376,400,0
gaussian,gaussian,riemannian,riemannian,0,0,32,10000.0,0.0,0.1,4,2000,0.2111453513798158,0.2095627973247147,0.0428504477774289,0.1705423582370073,400,0
gaussian,gaussian,riemannian,riemannian,0,1,32,10000.0,0.0,0.1,4,2000,0.2107868335571508,0.209918383279513,0.0502274869287834,0.2316405544496333,400,0
gaussian,gaussian,riemannian,riemannian,0,2,32,10000.0,0.0,0.1,4,2000,0.2072604841903267,0.2041700110307953,0.0510139053090338,0.1571671898517337,400,0
gaussian,gaussian,riemannian,riemannian,0,3,32,10000.0,0.0,0.1,4,2000,0.216181964124858,0.2100588655832336,0.0571658285708784,0.1860016912183368,400,0
gaussian,gaussian,riemannian,riemannian,0,4,32,10000.0,0.0,0.1,4,2000,0.2211164189818296,0.217170042113624,0.0563585843745842,0.191208937783557,400,0
gaussian,gaussian,riemannian,riemannian,0,5,32,10000.0,0.0,0.1,4,2000,0.2156139602752358,0.2092494118550281,0.0545643317363718,0.1446082204759697,400,0
gaussian,gaussian,riemannian,riemannian,0,6,32,10000.0,0.0,0.1,4,2000,0.2085144637747091,0.2015295405401644,0.0494883769898576,0.2111833370496221,400,0
gaussian,gaussian,riemannian,riemannian,0,7,32,10000.0,0.0,0.1,4,2000,0.2046472773575293,0.2017557277021033,0.0573194364048505,0.1592921603373653,400,0
gaussian,gaussian,riemannian,riemannian,0,8,32,10000.0,0.0,0.1,4,2000,0.2108331108777481,0.2096009917883616,0.047853623117776,0.213392821213759,400,0
gaussian,gaussian,riemannian,riemannian,0,9,32,10000.0,0.0,0.1,4,2000,0.2104069991105578,0.2066413710256966,0.0494751142654639,0.2615500718592862,400,0
gaussian,gaussian,riemannian,riemannian,0,10,32,10000.0,0.0,0.1,4,2000,0.2068936349012077,0.2039886420539538,0.0440205793669854,0.1483502438524055,400,0
gaussian,gaussian,riemannian,riemannian,0,11,32,10000.0,0.0,0.1,4,2000,0.201268400111574,0.1963144357830142,0.0570418259893527,0.1624689912587946,400,0
gaussian,gaussian,riemannian,riemannian,0,12,32,10000.0,0.0,0.1,4,2000,0.2135901030062584,0.2060127868047541,0.0570901155468185,0.152411526544018,400,0
gaussian,gaussian,riemannian,riemannian,0,13,32,10000.0,0.0,0.1,4,2000,0.2148754317705815,0.2114315874392343,0.0518533967825445,0.3307929443544246,400,0
gaussian,gaussian,riemannian,riemannian,0,14,32,10000.0,0.0,0.1,4,2000,0.2027108270076112,0.1976315844768024,0.052224421709613,0.0964655648064543,400,0
gaussian,gaussian,riemannian,riemannian,0,15,32,10000.0,0.0,0.1,4,2000,0.2162389142738129,0.2108484213848296,0.0578882500741156,0.2150872100890382,400,0
gaussian,gaussian,riemannian,riemannian,0,16,32,10000.0,0.0,0.1,4,2000,0.2175111486425862,0.2063781634764296,0.0625315415937279,0.2303886734638887,400,0
gaussian,gaussian,riemannian,riemannian,0,17,32,10000.0,0.0,0.1,4,2000,0.2075662619843528,0.2076270885800806,0.0492075589534753,0.2346067439003398,400,0
gaussian,gaussian,riemannian,riemannian,0,18,32,10000.0,0.0,0.1,4,2000,0.2116565416059611,0.2095656248587154,0.0537612134786516,0.1604989827807372,400,0
gaussian,gaussian,riemannian,riemannian,0,19,32,10000.0,0.0,0.1,4,2000,0.2102239492388758,0.2060382904757798,0.0517356182069139,0.1938968614842231,400,0
gaussian,gaussian,kl,kl,0,0,32,10000.0,0.0,0.1,4,2000,0.2111453513798249,0.2095627973247253,0.0428504477774289,0.1705423582370144,400,0
gaussian,gaussian,kl,kl,0,1,32,10000.0,0.0,0.1,4,2000,0.2107868335571599,0.2099183832795201,0.0502274869287836,0.2316405544496405,400,0
gaussian,gaussian,kl,kl,0,2,32,10000.0,0.0,0.1,4,2000,0.207260484190336,0.204170011030806,0.0510139053090338,0.1571671898517443,400,0
gaussian,gaussian,kl,kl,0,3,32,10000.0,0.0,0.1,4,2000,0.2161819641248671,0.2100588655832425,0.0571658285708784,0.1860016912183475,400,0
gaussian,gaussian,kl,kl,0,4,32,10000.0,0.0,0.1,4,2000,0.2211164189818386,0.2171700421136329,0.0563585843745841,0.1912089377835677,400,0
gaussian,gaussian,kl,kl,0,5,32,10000.0,0.0,0.1,4,2000,0.215613960275245,0.2092494118550352,0.054564331736372,0.1446082204759804,400,0
gaussian,gaussian,kl,kl,0,6,32,10000.0,0.0,0.1,4,2000,0.2085144637747183,0.2015295405401733,0.0494883769898578,0.2111833370496292,400,0
gaussian,gaussian,kl,kl,0,7,32,10000.0,0.0,0.1,4,2000,0.2046472773575386,0.2017557277021122,0.0573194364048506,0.159292160337376,400,0
gaussian,gaussian,kl,kl,0,8,32,10000.0,0.0,0.1,4,2000,0.2108331108777573,0.2096009917883705,0.0478536231177759,0.2133928212137696,400,0
gaussian,gaussian,kl,kl,0,9,32,10000.0,0.0,0.1,4,2000,0.210406999110567,0.2066413710257055,0.0494751142654638,0.2615500718592969,400,0
gaussian,gaussian,kl,kl,0,10,32,10000.0,0.0,0.1,4,2000,0.2068936349012169,0.2039886420539645,0.0440205793669855,0.1483502438524127,400,0
gaussian,gaussian,kl,kl,0,11,32,10000.0,0.0,0.1,4,2000,0.2012684001115832,0.1963144357830231,0.0570418259893528,0.1624689912588053,400,0
gaussian,gaussian,kl,kl,0,12,32,10000.0,0.0,0.1,4,2000,0.2135901030062676,0.2060127868047647,0.0570901155468186,0.1524115265440286,400,0
gaussian,gaussian,kl,kl,0,13,32,10000.0,0.0,0.1,4,2000,0.2148754317705906,0.2114315874392449,0.0518533967825447,0.3307929443544353,400,0
gaussian,gaussian,kl,kl,0,14,32,10000.0,0.0,0.1,4,2000,0.2027108270076204,0.1976315844768112,0.052224421709613,0.0964655648064614,400,0
gaussian,gaussian,kl,kl,0,15,32,10000.0,0.0,0.1,4,2000,0.2162389142738219,0.2108484213848385,0.0578882500741159,0.2150872100890488,400,0
gaussian,gaussian,kl,kl,0,16,32,10000.0,0.0,0.1,4,2000,0.2175111486425955,0.2063781634764385,0.0625315415937279,0.2303886734638993,400,0
gaussian,gaussian,kl,kl,0,17,32,10000.0,0.0,0.1,4,2000,0.2075662619843621,0.2076270885800912,0.0492075589534754,0.2346067439003505,400,0
gaussian,gaussian,kl,kl,0,18,32,10000.0,0.0,0.1,4,2000,0.2116565416059701,0.2095656248587225,0.0537612134786518,0.1604989827807479,400,0
gaussian,gaussian,kl,kl,0,19,32,10000.0,0.0,0.1,4,2000,0.2102239492388849,0.2060382904757887,0.0517356182069139,0.1938968614842338,400,0
gaussian,gaussian,riemannian,riemannian,0,0,32,10000.0,0.0,0.1,16,2000,0.0500383205973781,0.0486357643442971,0.0111444590484238,0.0564029749714194,400,0
gaussian,gaussian,riemannian,riemannian,0,1,32,10000.0,0.0,0.1,16,2000,0.0512936678813157,0.0510703262259593,0.0117429144422479,0.0606459767875229,400,0
gaussian,gaussian,riemannian,riemannian,0,2,32,10000.0,0.0,0.1,16,2000,0.0531434171215554,0.0520425995606679,0.012153432918245,0.0662729888757276,400,0
gaussian,gaussian,riemannian,riemannian,0,3,32,10000.0,0.0,0.1,16,2000,0.0529085804091637,0.0513314419902428,0.0144274053748107,0.0484920031928943,400,0
gaussian,gaussian,riemannian,riemannian,0,4,32,10000.0,0.0,0.1,16,2000,0.0529490361187452,0.0517357577144448,0.0119403251878056,0.0583346322157076,400,0
gaussian,gaussian,riemannian,riemannian,0,5,32,10000.0,0.0,0.1,16,2000,0.0517744246829456,0.050945960198705,0.0116416992509588,0.0226209892420676,400,0
gaussian,gaussian,riemannian,riemannian,0,6,32,10000.0,0.0,0.1,16,2000,0.0520446136906033,0.0514704569010966,0.0120028294611522,0.0457650646571821,400,0
gaussian,gaussian,riemannian,riemannian,0,7,32,10000.0,0.0,0.1,16,2000,0.050181734631959,0.0484538141868018,0.0130346901763962,0.0559443674602917,400,0
gaussian,gaussian,riemannian,riemannian,0,8,32,10000.0,0.0,0.1,16,2000,0.0492583895468293,0.0486813894587232,0.0130841163954862,0.0745624067514754,400,0
gaussian,gaussian,riemannian,riemannian,0,9,32,10000.0,0.0,0.1,16,2000,0.0547761516237942,0.053093171440155,0.0138105583660905,0.0475362654920701,400,0
gaussian,gaussian,riemannian,riemannian,0,10,32,10000.0,0.0,0.1,16,2000,0.0511860060094172,0.0499142963790522,0.0120892156623931,0.0583907785930115,400,0
gaussian,gaussian,riemannian,riemannian,0,11,32,10000.0,0.0,0.1,16,2000,0.0523932764835331,0.0517428898373122,0.0121743436133151,0.082874014590299,400,0
gaussian,gaussian,riemannian,riemannian,0,12,32,10000.0,0.0,0.1,16,2000,0.0487550470038189,0.0479174439697356,0.0129551594419548,0.0514181641865825,400,0
gaussian,gaussian,riemannian,riemannian,0,13,32,10000.0,0.0,0.1,16,2000,0.0521547337733544,0.0493654673066306,0.0155236600687753,0.0332634403007787,400,0
gaussian,gaussian,riemannian,riemannian,0,14,32,10000.0,0.0,0.1,16,2000,0.0543767923822786,0.0530283430186102,0.0125129704489016,0.0383021860832535,400,0
gaussian,gaussian,riemannian,riemannian,0,15,32,10000.0,0.0,0.1,16,2000,0.0509826896189897,0.0493437545713728,0.0116587638509695,0.0366410091772948,400,0
gaussian,gaussian,riemannian,riemannian,0,16,32,10000.0,0.0,0.1,16,2000,0.0517619077049177,0.0510141450067802,0.0131539832103384,0.0725993004860612,400,0
gaussian,gaussian,riemannian,riemannian,0,17,32,10000.0,0.0,0.1,16,2000,0.0536012228782745,0.0515268411660656,0.0132617056739913,0.0390652080359714,400,0
gaussian,gaussian,riemannian,riemannian,0,18,32,10000.0,0.0,0.1,16,2000,0.0489864868002992,0.0467526324544245,0.0136549086181917,0.0567979119084967,400,0
gaussian,gaussian,riemannian,riemannian,0,19,32,10000.0,0.0,0.1,16,2000,0.0536347467684495,0.0518118956755682,0.0154683228692009,0.0459866304687928,400,0
gaussian,gaussian,kl,kl,0,0,32,10000.0,0.0,0.1,16,2000,0.0500383205973871,0.048635764344306,0.011144459048424,0.0564029749714265,400,0
gaussian,gaussian,kl,kl,0,1,32,10000.0,0.0,0.1,16,2000,0.0512936678813247,0.0510703262259699,0.0117429144422477,0.0606459767875335,400,0
gaussian,gaussian,kl,kl,0,2,32,10000.0,0.0,0.1,16,2000,0.0531434171215643,0.0520425995606768,0.0121534329182449,0.0662729888757347,400,0
gaussian,gaussian,kl,kl,0,3,32,10000.0,0.0,0.1,16,2000,0.0529085804091727,0.0513314419902499,0.0144274053748108,0.0484920031929014,400,0
gaussian,gaussian,kl,kl,0,4,32,10000.0,0.0,0.1,16,2000,0.0529490361187541,0.0517357577144537,0.0119403251878058,0.0583346322157147,400,0
gaussian,gaussian,kl,kl,0,5,32,10000.0,0.0,0.1,16,2000,0.0517744246829547,0.0509459601987121,0.0116416992509588,0.0226209892420747,400,0
gaussian,gaussian,kl,kl,0,6,32,10000.0,0.0,0.1,16,2000,0.0520446136906124,0.0514704569011055,0.0120028294611522,0.0457650646571927,400,0
gaussian,gaussian,kl,kl,0,7,32,10000.0,0.0,0.1,16,2000,0.0501817346319678,0.0484538141868107,0.0130346901763962,0.0559443674602988,400,0
gaussian,gaussian,kl,kl,0,8,32,10000.0,0.0,0.1,16,2000,0.0492583895468383,0.0486813894587303,0.0130841163954862,0.074562406751486,400,0
gaussian,gaussian,kl,kl,0,9,32,10000.0,0.0,0.1,16,2000,0.0547761516238031,0.0530931714401639,0.0138105583660905,0.0475362654920807,400,0
gaussian,gaussian,kl,kl,0,10,32,10000.0,0.0,0.1,16,2000,0.0511860060094261,0.0499142963790628,0.0120892156623932,0.0583907785930222,400,0
gaussian,gaussian,kl,kl,0,11,32,10000.0,0.0,0.1,16,2000,0.052393276483542,0.0517428898373211,0.0121743436133152,0.0828740145903061,400,0
gaussian,gaussian,kl,kl,0,12,32,10000.0,0.0,0.1,16,2000,0.0487550470038277,0.0479174439697462,0.0129551594419547,0.0514181641865896,400,0
gaussian,gaussian,kl,kl,0,13,32,10000.0,0.0,0.1,16,2000,0.0521547337733633,0.0493654673066377,0.0155236600687753,0.0332634403007858,400,0
gaussian,gaussian,kl,kl,0,14,32,10000.0,0.0,0.1,16,2000,0.0543767923822874,0.0530283430186191,0.0125129704489018,0.0383021860832606,400,0
gaussian,gaussian,kl,kl,0,15,32,10000.0,0.0,0.1,16,2000,0.0509826896189986,0.0493437545713817,0.0116587638509695,0.0366410091773019,400,0
gaussian,gaussian,kl,kl,0,16,32,10000.0,0.0,0.1,16,2000,0.0517619077049267,0.0510141450067909,0.0131539832103384,0.0725993004860718,400,0
gaussian,gaussian,kl,kl,0,17,32,10000.0,0.0,0.1,16,2000,0.0536012228782834,0.0515268411660745,0.0132617056739913,0.0390652080359785,400,0
gaussian,gaussian,kl,kl,0,18,32,10000.0,0.0,0.1,16,2000,0.048986486800308,0.0467526324544351,0.0136549086181918,0.0567979119085038,400,0
gaussian,gaussian,kl,kl,0,19,32,10000.0,0.0,0.1,16,2000,0.0536347467684584,0.0518118956755788,0.0154683228692008,0.0459866304687999,400,0
log_cosh,log_cosh,riemannian,riemannian,0,0,2,10.0,0.1,0.1,1,3000,0.0569512086131955,0.0408151172152992,0.0538631882784524,0.0575913886058563,600,0
log_cosh,log_cosh,riemannian,riemannian,0,1,2,10.0,0.1,0.1,1,3000,0.0724037774927072,0.0501744737770353,0.0771446452503163,0.0303818021652322,600,0
log_cosh,log_cosh,riemannian,riemannian,0,2,2,10.0,0.1,0.1,1,3000,0.0513124850312362,0.0405557848907964,0.0429192622623938,0.0006274505891075,600,0
log_cosh,log_cosh,riemannian,riemannian,0,3,2,10.0,0.1,0.1,1,3000,0.0399280391351984,0.0252235454145735,0.0424084495269458,0.1105632712157942,600,0
log_cosh,log_cosh,riemannian,riemannian,0,4,2,10.0,0.1,0.1,1,3000,0.0489362427053362,0.0339932928126778,0.0472084058930271,0.0236719628706763,600,0
log_cosh,log_cosh,riemannian,riemannian,0,5,2,10.0,0.1,0.1,1,3000,0.055683159661069,0.0383516408681821,0.057411800339433,0.1479564756294791,600,0
log_cosh,log_cosh,riemannian,riemannian,0,6,2,10.0,0.1,0.1,1,3000,0.0608022125534268,0.040640925767333,0.0692409006815852,0.1404214780750901,600,0
log_cosh,log_cosh,riemannian,riemannian,0,7,2,10.0,0.1,0.1,1,3000,0.0512652301191218,0.0352781454043398,0.049029036161521,0.0250071033798637,600,0
log_cosh,log_cosh,riemannian,riemannian,0,8,2,10.0,0.1,0.1,1,3000,0.0530475785400026,0.0354245588525241,0.0564940685928561,0.09816706508852,600,0
log_cosh,log_cosh,riemannian,riemannian,0,9,2,10.0,0.1,0.1,1,3000,0.0509524480730568,0.0381066455512482,0.0484038311903598,0.2085011470691111,600,0
log_cosh,log_cosh,riemannian,riemannian,0,10,2,10.0,0.1,0.1,1,3000,0.0536405064620081,0.0370614890621912,0.0566327759242841,0.0607978383365783,600,0
log_cosh,log_cosh,riemannian,riemannian,0,11,2,10.0,0.1,0.1,1,3000,0.0484879239154301,0.0316712447945608,0.0506441347729303,0.0780078122513425,600,0
log_cosh,log_cosh,riemannian,riemannian,0,12,2,10.0,0.1,0.1,1,3000,0.0569391852498066,0.0381342480729274,0.0568230019426923,0.0392746824594731,600,0
log_cosh,log_cosh,riemannian,riemannian,0,13,2,10.0,0.1,0.1,1,3000,0.0515045998695503,0.0332349014450292,0.0522945414139209,0.0313818757669519,600,0
log_cosh,log_cosh,riemannian,riemannian,0,14,2,10.0,0.1,0.1,1,3000,0.0619770808701626,0.0406511941707465,0.064344198787108,0.00478148057487,600,0
log_cosh,log_cosh,riemannian,riemannian,0,15,2,10.0,0.1,0.1,1,3000,0.0481350730822641,0.0323165777670257,0.0486916658878817,0.1373914837952203,600,0
log_cosh,log_cosh,riemannian,riemannian,0,16,2,10.0,0.1,0.1,1,3000,0.059250919846303,0.0416497809051481,0.0575011452183801,0.0184661197884454,600,0
log_cosh,log_cosh,riemannian,riemannian,0,17,2,10.0,0.1,0.1,1,3000,0.0486987362585592,0.0348648048000677,0.0472050465440809,0.0058228393322812,600,0
log_cosh,log_cosh,riemannian,riemannian,0,18,2,10.0,0.1,0.1,1,3000,0.0472795486753461,0.0313425231007822,0.0492245427662125,0.0477143595893068,600,0
log_cosh,log_cosh,riemannian,riemannian,0,19,2,10.0,0.1,0.1,1,3000,0.0424963720794676,0.0306469670018896,0.0416044037620828,0.0210212050591658,600,0
log_cosh,log_cosh,kl,kl,0,0,2,10.0,0.1,0.1,1,3000,0.0569545523478749,0.0408440239102798,0.0538654202695665,0.0575305155949408,600,0
log_cosh,log_cosh,kl,kl,0,1,2,10.0,0.1,0.1,1,3000,0.0723996230389445,0.0501991222499755,0.0771379372864567,0.030390091802896,600,0
log_cosh,log_cosh,kl,kl,0,2,2,10.0,0.1,0.1,1,3000,0.0513145527923395,0.0405878491139126,0.0429184841859559,0.0006264382647103,600,0
log_cosh,log_cosh,kl,kl,0,3,2,10.0,0.1,0.1,1,3000,0.0399289075860976,0.0252359470707796,0.0424118746839098,0.1105521394928676,600,0
log_cosh,log_cosh,kl,kl,0,4,2,10.0,0.1,0.1,1,3000,0.048937277483551,0.0339870219433704,0.0472025960313551,0.0236733784129428,600,0
log_cosh,log_cosh,kl,kl,0,5,2,10.0,0.1,0.1,1,3000,0.0556814645375945,0.0383693350800666,0.0574027207893574,0.1479123216857947,600,0
log_cosh,log_cosh,kl,kl,0,6,2,10.0,0.1,0.1,1,3000,0.0608090538188328,0.0406442777515794,0.069248652922121,0.1405541809199841,600,0
log_cosh,log_cosh,kl,kl,0,7,2,10.0,0.1,0.1,1,3000,0.051265018726447,0.0352300193984569,0.0490273400137593,0.0250056885715173,600,0
log_cosh,log_cosh,kl,kl,0,8,2,10.0,0.1,0.1,1,3000,0.0530537912848674,0.0354451385942167,0.0565080305385626,0.0981292619133014,600,0
log_cosh,log_cosh,kl,kl,0,9,2,10.0,0.1,0.1,1,3000,0.0509557925970009,0.0381174069868073,0.0484052546155415,0.2084951335477698,600,0
log_cosh,log_cosh,kl,kl,0,10,2,10.0,0.1,0.1,1,3000,0.0536420865358432,0.0370648369166113,0.0566399076942054,0.0607443930701605,600,0
log_cosh,log_cosh,kl,kl,0,11,2,10.0,0.1,0.1,1,3000,0.0484806756741422,0.0317139409800584,0.0506152315207519,0.0779703522887085,600,0
log_cosh,log_cosh,kl,kl,0,12,2,10.0,0.1,0.1,1,3000,0.0569304891048597,0.0381083857583541,0.0568004253918313,0.0393034369752984,600,0
log_cosh,log_cosh,kl,kl,0,13,2,10.0,0.1,0.1,1,3000,0.051500734415954,0.0332066658807939,0.0522880615684735,0.0313773575925937,600,0
log_cosh,log_cosh,kl,kl,0,14,2,10.0,0.1,0.1,1,3000,0.0619778554951261,0.0406445646916089,0.0643528947377329,0.004777500216937,600,0
log_cosh,log_cosh,kl,kl,0,15,2,10.0,0.1,0.1,1,3000,0.0481353195681472,0.0323200363799378,0.048691059132255,0.1373047128976483,600,0
log_cosh,log_cosh,kl,kl,0,16,2,10.0,0.1,0.1,1,3000,0.0592573391580296,0.0416608274262184,0.0575191634499097,0.0184512770230744,600,0
log_cosh,log_cosh,kl,kl,0,17,2,10.0,0.1,0.1,1,3000,0.0487001984387968,0.0348499219873159,0.0472050069202884,0.0058221791567647,600,0
log_cosh,log_cosh,kl,kl,0,18,2,10.0,0.1,0.1,1,3000,0.0472745918674059,0.0313464958291367,0.0492169802312602,0.0477176211850642,600,0
log_cosh,log_cosh,kl,kl,0,19,2,10.0,0.1,0.1,1,3000,0.0425018511834758,0.0306548090032194,0.0416081592652012,0.0210034795437334,600,0
log_cosh,log_cosh,riemannian,riemannian,0,0,2,10.0,0.1,0.1,4,3000,0.0121130507937216,0.0092236018323788,0.0109961970903153,0.0032083662774859,600,0
log_cosh,log_cosh,riemannian,riemannian,0,1,2,10.0,0.1,0.1,4,3000,0.0135434140200079,0.0101946507814096,0.0121392568753723,0.0113818757480803,600,0
log_cosh,log_cosh,riemannian,riemannian,0,2,2,10.0,0.1,0.1,4,3000,0.018967191427927,0.0133294395522964,0.0210640569190277,0.0075808603453197,600,0
log_cosh,log_cosh,riemannian,riemannian,0,3,2,10.0,0.1,0.1,4,3000,0.015131060340409,0.0102709167043573,0.0156284707626511,0.006293825461539,600,0
log_cosh,log_cosh,riemannian,riemannian,0,4,2,10.0,0.1,0.1,4,3000,0.0126491222457378,0.0082253162345384,0.0134405920132392,0.0020190082730531,600,0
log_cosh,log_cosh,riemannian,riemannian,0,5,2,10.0,0.1,0.1,4,3000,0.0102279366433328,0.0068696907022074,0.0101097125635469,0.0003726001732915,600,0
log_cosh,log_cosh,riemannian,riemannian,0,6,2,10.0,0.1,0.1,4,3000,0.011672218680973,0.0076380173928884,0.0124633901559481,0.0200726420030141,600,0
log_cosh,log_cosh,riemannian,riemannian,0,7,2,10.0,0.1,0.1,4,3000,0.0157186249296066,0.0119698643014818,0.0144483260469867,0.0150569770608934,600,0
log_cosh,log_cosh,riemannian,riemannian,0,8,2,10.0,0.1,0.1,4,3000,0.0124130438146071,0.0076579730890338,0.0136799846358576,0.001762320291593,600,0
log_cosh,log_cosh,riemannian,riemannian,0,9,2,10.0,0.1,0.1,4,3000,0.0124261025730382,0.0073438032167156,0.0157768230486785,0.0103605428352344,600,0
log_cosh,log_cosh,riemannian,riemannian,0,10,2,10.0,0.1,0.1,4,3000,0.0153968994469568,0.0105121989850034,0.0149728086996036,0.012733052420971,600,0
log_cosh,log_cosh,riemannian,riemannian,0,11,2,10.0,0.1,0.1,4,3000,0.0123118737545624,0.0083163607430536,0.0125033536327094,0.001132699842631,600,0
log_cosh,log_cosh,riemannian,riemannian,0,12,2,10.0,0.1,0.1,4,3000,0.012562191237975,0.00785323910978,0.0146217519020342,0.0047776092151088,600,0
log_cosh,log_cosh,riemannian,riemannian,0,13,2,10.0,0.1,0.1,4,3000,0.013707280504325,0.0095680392148054,0.0132092010762542,0.0049596452495395,600,0
log_cosh,log_cosh,riemannian,riemannian,0,14,2,10.0,0.1,0.1,4,3000,0.0143213338698429,0.0115245657722704,0.0125272024404089,0.0043495282756595,600,0
log_cosh,log_cosh,riemannian,riemannian,0,15,2,10.0,0.1,0.1,4,3000,0.0144799717272808,0.0102153891484366,0.0143370114160576,0.0082590904422765,600,0
log_cosh,log_cosh,riemannian,riemannian,0,16,2,10.0,0.1,0.1,4,3000,0.013505020456819,0.0100330272020543,0.0125787066354772,0.0195201453612039,600,0
log_cosh,log_cosh,riemannian,riemannian,0,17,2,10.0,0.1,0.1,4,3000,0.0139320940479855,0.0102981015191783,0.0130063367200167,0.0042310482121528,600,0
log_cosh,log_cosh,riemannian,riemannian,0,18,2,10.0,0.1,0.1,4,3000,0.01157425169674,0.0078467272888758,0.0121672045034834,0.0003923597951396,600,0
log_cosh,log_cosh,riemannian,riemannian,0,19,2,10.0,0.1,0.1,4,3000,0.0167246501593616,0.0119749301469669,0.0163522611453675,0.0200201102801087,600,0
log_cosh,log_cosh,kl,kl,0,0,2,10.0,0.1,0.1,4,3000,0.0121133051437511,0.0092219902154888,0.0109968753516043,0.0032046168038659,600,0
log_cosh,log_cosh,kl,kl,0,1,2,10.0,0.1,0.1,4,3000,0.0135442001915385,0.010198142804874,0.0121399886043774,0.0113874957130399,600,0
log_cosh,log_cosh,kl,kl,0,2,2,10.0,0.1,0.1,4,3000,0.0189682159045961,0.0133295054805133,0.0210668116629236,0.0075815290210221,600,0
log_cosh,log_cosh,kl,kl,0,3,2,10.0,0.1,0.1,4,3000,0.0151312039935983,0.0102692084896365,0.0156308025840532,0.0062911663162599,600,0
log_cosh,log_cosh,kl,kl,0,4,2,10.0,0.1,0.1,4,3000,0.0126485025339924,0.0082258140219673,0.0134401069433546,0.0020196208747393,600,0
log_cosh,log_cosh,kl,kl,0,5,2,10.0,0.1,0.1,4,3000,0.0102280178133074,0.006871313400748,0.0101087716299018,0.0003728766479218,600,0
log_cosh,log_cosh,kl,kl,0,6,2,10.0,0.1,0.1,4,3000,0.0116712782590734,0.0076346636944242,0.0124637847615782,0.0200721053790586,600,0
log_cosh,log_cosh,kl,kl,0,7,2,10.0,0.1,0.1,4,3000,0.0157188666421664,0.0119722046208923,0.0144487556257602,0.0150565161747437,600,0
log_cosh,log_cosh,kl,kl,0,8,2,10.0,0.1,0.1,4,3000,0.0124118167752141,0.0076569787530935,0.0136784478059807,0.0017628053265288,600,0
log_cosh,log_cosh,kl,kl,0,9,2,10.0,0.1,0.1,4,3000,0.0124263485997378,0.0073439512085795,0.0157769634731123,0.0103583395312818,600,0
log_cosh,log_cosh,kl,kl,0,10,2,10.0,0.1,0.1,4,3000,0.015396128186666,0.0105116217453478,0.0149726292188498,0.0127322029769767,600,0
log_cosh,log_cosh,kl,kl,0,11,2,10.0,0.1,0.1,4,3000,0.0123109520364173,0.0083149110646598,0.0125021031086983,0.0011322760491956,600,0
log_cosh,log_cosh,kl,kl,0,12,2,10.0,0.1,0.1,4,3000,0.0125622378046609,0.0078541611684217,0.0146251409416181,0.0047776264568359,600,0
log_cosh,log_cosh,kl,kl,0,13,2,10.0,0.1,0.1,4,3000,0.0137073366567786,0.0095648879991379,0.0132095748330503,0.0049577523955384,600,0
log_cosh,log_cosh,kl,kl,0,14,2,10.0,0.1,0.1,4,3000,0.014320127501128,0.011522979665723,0.0125266051334675,0.004349620129092,600,0
log_cosh,log_cosh,kl,kl,0,15,2,10.0,0.1,0.1,4,3000,0.014479778679115,0.0102180164329395,0.0143374594735595,0.0082577052060206,600,0
log_cosh,log_cosh,kl,kl,0,16,2,10.0,0.1,0.1,4,3000,0.0135056625053155,0.0100299661373055,0.0125786887107131,0.0195170065649024,600,0
log_cosh,log_cosh,kl,kl,0,17,2,10.0,0.1,0.1,4,3000,0.0139318617338408,0.0102980620129524,0.0130065499125766,0.0042305904586936,600,0
log_cosh,log_cosh,kl,kl,0,18,2,10.0,0.1,0.1,4,3000,0.0115741252923697,0.0078479973149725,0.0121669754050399,0.0003925479612578,600,0
log_cosh,log_cosh,kl,kl,0,19,2,10.0,0.1,0.1,4,3000,0.0167253446034574,0.0119745044643617,0.0163538662116066,0.0200244868261489,600,0
log_cosh,log_cosh,riemannian,riemannian,0,0,2,10.0,0.1,0.1,16,3000,0.0035614704055233,0.002533269551054,0.0031637436569248,0.003064342183785,600,0
log_cosh,log_cosh,riemannian,riemannian,0,1,2,10.0,0.1,0.1,16,3000,0.0032882678093613,0.0024499044690777,0.0031556937276569,0.0047890184554195,600,0
log_cosh,log_cosh,riemannian,riemannian,0,2,2,10.0,0.1,0.1,16,3000,0.0031800442014612,0.0022882865101685,0.0030796697647555,0.0006642151516262,600,0
log_cosh,log_cosh,riemannian,riemannian,0,3,2,10.0,0.1,0.1,16,3000,0.0027428411862028,0.0016916021609887,0.002964049260126,0.0026130271757884,600,0
log_cosh,log_cosh,riemannian,riemannian,0,4,2,10.0,0.1,0.1,16,3000,0.0030553161508219,0.0020143435590354,0.0031941117785704,0.0005943933485159,600,0
log_cosh,log_cosh,riemannian,riemannian,0,5,2,10.0,0.1,0.1,16,3000,0.0029117507681999,0.0019582832689954,0.0032482075194562,0.0022041205095155,600,0
log_cosh,log_cosh,riemannian,riemannian,0,6,2,10.0,0.1,0.1,16,3000,0.003773897270534,0.0025760275056261,0.0036001812901435,0.000734429343153,600,0
log_cosh,log_cosh,riemannian,riemannian,0,7,2,10.0,0.1,0.1,16,3000,0.0032624020330353,0.002479125323,0.0030581490052006,0.0089657190492875,600,0
log_cosh,log_cosh,riemannian,riemannian,0,8,2,10.0,0.1,0.1,16,3000,0.0035553655648278,0.0023808283262725,0.0035925360975173,0.0010743941814754,600,0
log_cosh,log_cosh,riemannian,riemannian,0,9,2,10.0,0.1,0.1,16,3000,0.0039290452314086,0.0029392547957751,0.0037546179601452,0.0049154141091323,600,0
log_cosh,log_cosh,riemannian,riemannian,0,10,2,10.0,0.1,0.1,16,3000,0.0030499790222042,0.0020034734874048,0.0030531771156642,0.0008296854978184,600,0
log_cosh,log_cosh,riemannian,riemannian,0,11,2,10.0,0.1,0.1,16,3000,0.003210720400375,0.0023434457988025,0.0031294768731344,0.0010112800723836,600,0
log_cosh,log_cosh,riemannian,riemannian,0,12,2,10.0,0.1,0.1,16,3000,0.002955472277337,0.0017250483571626,0.0033082071463999,0.004210137187917,600,0
log_cosh,log_cosh,riemannian,riemannian,0,13,2,10.0,0.1,0.1,16,3000,0.0036458881468955,0.0027030056581833,0.0032552512735969,0.0077654562123581,600,0
log_cosh,log_cosh,riemannian,riemannian,0,14,2,10.0,0.1,0.1,16,3000,0.0028566251828957,0.0018694194739694,0.0029487327243748,0.002300239904831,600,0
log_cosh,log_cosh,riemannian,riemannian,0,15,2,10.0,0.1,0.1,16,3000,0.0027826424815885,0.0020922362910034,0.0025587021846999,0.0080051123231013,600,0
log_cosh,log_cosh,riemannian,riemannian,0,16,2,10.0,0.1,0.1,16,3000,0.0036090307774314,0.0023302997413341,0.0036368997360419,0.0066752080235756,600,0
log_cosh,log_cosh,riemannian,riemannian,0,17,2,10.0,0.1,0.1,16,3000,0.003274617802105,0.0020667671904326,0.0035601275289207,0.003064274741336,600,0
log_cosh,log_cosh,riemannian,riemannian,0,18,2,10.0,0.1,0.1,16,3000,0.003178643498722,0.0025085763624705,0.0028737926305811,0.0027459251396173,600,0
log_cosh,log_cosh,riemannian,riemannian,0,19,2,10.0,0.1,0.1,16,3000,0.0030906063414544,0.0022054300952127,0.0030121714821272,0.0008969658878461,600,0
log_cosh,log_cosh,kl,kl,0,0,2,10.0,0.1,0.1,16,3000,0.003561450909728,0.0025330367515241,0.0031637509766357,0.003064240756204,600,0
log_cosh,log_cosh,kl,kl,0,1,2,10.0,0.1,0.1,16,3000,0.003288335219319,0.0024495319131883,0.0031558955865896,0.0047888878651245,600,0
log_cosh,log_cosh,kl,kl,0,2,2,10.0,0.1,0.1,16,3000,0.0031799913149521,0.0022881893740849,0.0030796790811671,0.0006642257018452,600,0
log_cosh,log_cosh,kl,kl,0,3,2,10.0,0.1,0.1,16,3000,0.0027428213345461,0.0016907485498331,0.0029640543582326,0.0026117400355825,600,0
log_cosh,log_cosh,kl,kl,0,4,2,10.0,0.1,0.1,16,3000,0.0030553102713087,0.0020149972801988,0.0031939851025544,0.0005939935941179,600,0
log_cosh,log_cosh,kl,kl,0,5,2,10.0,0.1,0.1,16,3000,0.0029117195494382,0.0019579332829871,0.0032481960700348,0.0022040049236466,600,0
log_cosh,log_cosh,kl,kl,0,6,2,10.0,0.1,0.1,16,3000,0.003773815259168,0.0025763916113461,0.0036001352876986,0.000734177191672,600,0
log_cosh,log_cosh,kl,kl,0,7,2,10.0,0.1,0.1,16,3000,0.0032624323212804,0.002479316970263,0.0030582226469178,0.0089666069479328,600,0
log_cosh,log_cosh,kl,kl,0,8,2,10.0,0.1,0.1,16,3000,0.0035552520118249,0.0023807692183928,0.0035924905580455,0.0010741377106087,600,0
log_cosh,log_cosh,kl,kl,0,9,2,10.0,0.1,0.1,16,3000,0.0039289659276422,0.0029391202211346,0.00375469115816,0.0049157354252038,600,0
log_cosh,log_cosh,kl,kl,0,10,2,10.0,0.1,0.1,16,3000,0.0030498856020027,0.0020034864602687,0.0030531351713347,0.0008294367486265,600,0
log_cosh,log_cosh,kl,kl,0,11,2,10.0,0.1,0.1,16,3000,0.0032106327434403,0.0023436548977491,0.0031294163899825,0.0010110838247157,600,0
log_cosh,log_cosh,kl,kl,0,12,2,10.0,0.1,0.1,16,3000,0.0029554735811173,0.0017255090320857,0.0033082015000304,0.0042103060399307,600,0
log_cosh,log_cosh,kl,kl,0,13,2,10.0,0.1,0.1,16,3000,0.0036458362557522,0.0027026022803076,0.0032551720372339,0.0077661732015736,600,0
log_cosh,log_cosh,kl,kl,0,14,2,10.0,0.1,0.1,16,3000,0.0028566464325236,0.0018695508520423,0.0029487752782233,0.0023001492698204,600,0
log_cosh,log_cosh,kl,kl,0,15,2,10.0,0.1,0.1,16,3000,0.0027825650631253,0.002091938536318,0.0025586416166907,0.0080050961852826,600,0
log_cosh,log_cosh,kl,kl,0,16,2,10.0,0.1,0.1,16,3000,0.0036089918308066,0.0023305458615789,0.0036368276497545,0.0066749270183286,600,0
log_cosh,log_cosh,kl,kl,0,17,2,10.0,0.1,0.1,16,3000,0.003274580029481,0.0020669427702859,0.0035602623500485,0.003064239848729,600,0
log_cosh,log_cosh,kl,kl,0,18,2,10.0,0.1,0.1,16,3000,0.0031786150221249,0.0025082994113834,0.0028738594284547,0.0027459193163603,600,0
log_cosh,log_cosh,kl,kl,0,19,2,10.0,0.1,0.1,16,3000,0.0030905880977652,0.0022054560579718,0.0030121318137228,0.0008966006352584,600,0
log_cosh,log_cosh,riemannian,riemannian,0,0,2,10.0,1.0,0.1,1,3000,0.0620947893114878,0.0430863693121221,0.0601348747157524,0.1340964475714372,600,0
log_cosh,log_cosh,riemannian,riemannian,0,1,2,10.0,1.0,0.1,1,3000,0.0479197821254273,0.0318446570483346,0.0458443900004991,0.0295529834546455,600,0
log_cosh,log_cosh,riemannian,riemannian,0,2,2,10.0,1.0,0.1,1,3000,0.0540525164714624,0.0365193010337516,0.0542418987457565,0.014354612547542,600,0
log_cosh,log_cosh,riemannian,riemannian,0,3,2,10.0,1.0,0.1,1,3000,0.0628687554256892,0.0440055480341685,0.0646143609096595,0.068517723248008,600,0
log_cosh,log_cosh,riemannian,riemannian,0,4,2,10.0,1.0,0.1,1,3000,0.0509055074858497,0.0354962681601129,0.0477757281978246,0.0310907451024942,600,0
log_cosh,log_cosh,riemannian,riemannian,0,5,2,10.0,1.0,0.1,1,3000,0.0501217681784766,0.0325893684979363,0.0589495979053311,0.004622621806261,600,0
log_cosh,log_cosh,riemannian,riemannian,0,6,2,10.0,1.0,0.1,1,3000,0.0517233708633171,0.0374790576289751,0.0463413193576715,0.013130917771424,600,0
log_cosh,log_cosh,riemannian,riemannian,0,7,2,10.0,1.0,0.1,1,3000,0.0643185063588876,0.0464956880452254,0.0586016201905423,0.0154539010444061,600,0
log_cosh,log_cosh,riemannian,riemannian,0,8,2,10.0,1.0,0.1,1,3000,0.0488081423689068,0.0300672816011431,0.0519258590605132,0.0266847333860149,600,0
log_cosh,log_cosh,riemannian,riemannian,0,9,2,10.0,1.0,0.1,1,3000,0.0514609978974018,0.040728881514185,0.0427169329709944,0.0669560967779308,600,0
log_cosh,log_cosh,riemannian,riemannian,0,10,2,10.0,1.0,0.1,1,3000,0.0567823282708288,0.0400636454277716,0.053757386356151,0.0427516208671443,600,0
log_cosh,log_cosh,riemannian,riemannian,0,11,2,10.0,1.0,0.1,1,3000,0.0495714804108202,0.032939719533551,0.0512174903036979,0.0526006750488745,600,0
log_cosh,log_cosh,riemannian,riemannian,0,12,2,10.0,1.0,0.1,1,3000,0.058793090447891,0.0465160376037778,0.0473534364466219,0.0329658301482371,600,0
log_cosh,log_cosh,riemannian,riemannian,0,13,2,10.0,1.0,0.1,1,3000,0.0604757214369133,0.0419640342176639,0.0592958418814349,0.1302952818453064,600,0
log_cosh,log_cosh,riemannian,riemannian,0,14,2,10.0,1.0,0.1,1,3000,0.0455813874987454,0.0323984129636429,0.0437369279767772,0.072709073732911,600,0
log_cosh,log_cosh,riemannian,riemannian,0,15,2,10.0,1.0,0.1,1,3000,0.0576578650152555,0.0327259682530511,0.0662455431559972,0.040003385937954,600,0
log_cosh,log_cosh,riemannian,riemannian,0,16,2,10.0,1.0,0.1,1,3000,0.0628441772516718,0.04512929286138,0.0620547376940532,0.0095974417406488,600,0
log_cosh,log_cosh,riemannian,riemannian,0,17,2,10.0,1.0,0.1,1,3000,0.0491899821445773,0.0394019648800678,0.0412888486628401,0.0200760339271428,600,0
log_cosh,log_cosh,riemannian,riemannian,0,18,2,10.0,1.0,0.1,1,3000,0.0660406354242243,0.0444323001735356,0.0653595226520972,0.0094417400024049,600,0
log_cosh,log_cosh,riemannian,riemannian,0,19,2,10.0,1.0,0.1,1,3000,0.0545345069523606,0.0395762005099333,0.0482666470909595,0.0163455021964606,600,0
log_cosh,log_cosh,kl,kl,0,0,2,10.0,1.0,0.1,1,3000,0.062153629348163,0.0430823232052166,0.060218307923322,0.134222045519877,600,0
log_cosh,log_cosh,kl,kl,0,1,2,10.0,1.0,0.1,1,3000,0.0479760861350325,0.0318718994397662,0.0458952950521585,0.0296572921404218,600,0
log_cosh,log_cosh,kl,kl,0,2,2,10.0,1.0,0.1,1,3000,0.0540805738391577,0.0363715162717288,0.0542591816344077,0.0143114606756018,600,0
log_cosh,log_cosh,kl,kl,0,3,2,10.0,1.0,0.1,1,3000,0.0629493710521402,0.0440556014318485,0.0648025008669839,0.0689916273339825,600,0
log_cosh,log_cosh,kl,kl,0,4,2,10.0,1.0,0.1,1,3000,0.050992561479073,0.0356087175705663,0.0478954627061852,0.0312699217040171,600,0
log_cosh,log_cosh,kl,kl,0,5,2,10.0,1.0,0.1,1,3000,0.0501870556275867,0.0324311379161548,0.0590285270065538,0.0044777368145139,600,0
log_cosh,log_cosh,kl,kl,0,6,2,10.0,1.0,0.1,1,3000,0.0516983315796534,0.037631658406797,0.046381580523057,0.0130843982638477,600,0
log_cosh,log_cosh,kl,kl,0,7,2,10.0,1.0,0.1,1,3000,0.0642294906956433,0.0464490816790417,0.0584312494102959,0.0155012214634444,600,0
log_cosh,log_cosh,kl,kl,0,8,2,10.0,1.0,0.1,1,3000,0.0488699727447353,0.0299933651399744,0.0520747612698858,0.0267434802743777,600,0
log_cosh,log_cosh,kl,kl,0,9,2,10.0,1.0,0.1,1,3000,0.0515416665400629,0.0408451465212627,0.0428160167916334,0.0671628751426665,600,0
log_cosh,log_cosh,kl,kl,0,10,2,10.0,1.0,0.1,1,3000,0.0567800383697475,0.0399587853253318,0.0537438546836575,0.0419284012618739,600,0
log_cosh,log_cosh,kl,kl,0,11,2,10.0,1.0,0.1,1,3000,0.0496087942877436,0.0329216493516186,0.0513198875571446,0.0528665367213769,600,0
log_cosh,log_cosh,kl,kl,0,12,2,10.0,1.0,0.1,1,3000,0.0588207994130469,0.0465849875704194,0.0473876696600775,0.0330141236732677,600,0
log_cosh,log_cosh,kl,kl,0,13,2,10.0,1.0,0.1,1,3000,0.0605307125770834,0.0420011836396452,0.0593914777744833,0.1304331113440122,600,0
log_cosh,log_cosh,kl,kl,0,14,2,10.0,1.0,0.1,1,3000,0.045577195730303,0.0322404904630415,0.0437647452747409,0.072730729795805,600,0
log_cosh,log_cosh,kl,kl,0,15,2,10.0,1.0,0.1,1,3000,0.0577228459427146,0.0328120955921829,0.066389072421994,0.0399496381152091,600,0
log_cosh,log_cosh,kl,kl,0,16,2,10.0,1.0,0.1,1,3000,0.0629322933103469,0.0452512915482399,0.0621645403059409,0.0095855039831111,600,0
log_cosh,log_cosh,kl,kl,0,17,2,10.0,1.0,0.1,1,3000,0.0491985857254522,0.0394395603902981,0.0413328972077173,0.020033465110083,600,0
log_cosh,log_cosh,kl,kl,0,18,2,10.0,1.0,0.1,1,3000,0.0661158189204184,0.044410838950406,0.0654032721533603,0.0093730390041493,600,0
log_cosh,log_cosh,kl,kl,0,19,2,10.0,1.0,0.1,1,3000,0.0545947743950236,0.0395092052020795,0.0483522259904756,0.0163620880200032,600,0
log_cosh,log_cosh,riemannian,riemannian,0,0,2,10.0,1.0,0.1,4,3000,0.0122785323604828,0.0088996086282666,0.0111900572595169,0.0126936154236849,600,0
log_cosh,log_cosh,riemannian,riemannian,0,1,2,10.0,1.0,0.1,4,3000,0.0152966449021843,0.0102604957922838,0.0166310034422303,0.0026610938435602,600,0
log_cosh,log_cosh,riemannian,riemannian,0,2,2,10.0,1.0,0.1,4,3000,0.0112186683882127,0.0076037204664523,0.0107495627848018,0.0012132159686366,600,0
log_cosh,log_cosh,riemannian,riemannian,0,3,2,10.0,1.0,0.1,4,3000,0.0128814244015289,0.0094268933218644,0.011515182467148,0.0291889484570564,600,0
log_cosh,log_cosh,riemannian,riemannian,0,4,2,10.0,1.0,0.1,4,3000,0.0151769798309755,0.0101096331077814,0.0156748407612626,7.660162539480098e-05,600,0
log_cosh,log_cosh,riemannian,riemannian,0,5,2,10.0,1.0,0.1,4,3000,0.0127930951033081,0.0077149036895101,0.0141011908574453,0.0044495811652991,600,0
log_cosh,log_cosh,riemannian,riemannian,0,6,2,10.0,1.0,0.1,4,3000,0.0124801308818493,0.0078517751041411,0.0130948755736936,0.0322120086274679,600,0
log_cosh,log_cosh,riemannian,riemannian,0,7,2,10.0,1.0,0.1,4,3000,0.0140558030713725,0.0105036958335744,0.0134207708332663,0.0341639625809868,600,0
log_cosh,log_cosh,riemannian,riemannian,0,8,2,10.0,1.0,0.1,4,3000,0.0150808069234172,0.0103394148117024,0.0143940954244256,0.007508851857263,600,0
log_cosh,log_cosh,riemannian,riemannian,0,9,2,10.0,1.0,0.1,4,3000,0.0153897331548458,0.0102676660066722,0.0155994180630043,0.0589056906010969,600,0
log_cosh,log_cosh,riemannian,riemannian,0,10,2,10.0,1.0,0.1,4,3000,0.0159342483168792,0.011207962841647,0.0144444132471337,0.0008791534230163,600,0
log_cosh,log_cosh,riemannian,riemannian,0,11,2,10.0,1.0,0.1,4,3000,0.0121004475929152,0.0087456342052176,0.0121503150666549,0.0068511502513928,600,0
log_cosh,log_cosh,riemannian,riemannian,0,12,2,10.0,1.0,0.1,4,3000,0.0160254499897624,0.01203294085547,0.0139479808045147,0.0056833158737608,600,0
log_cosh,log_cosh,riemannian,riemannian,0,13,2,10.0,1.0,0.1,4,3000,0.0108256722818744,0.0072176703707813,0.0107860686157935,0.0035215599090285,600,0
log_cosh,log_cosh,riemannian,riemannian,0,14,2,10.0,1.0,0.1,4,3000,0.0122764203450761,0.0086748586998073,0.0120102900796261,0.0066706104639511,600,0
log_cosh,log_cosh,riemannian,riemannian,0,15,2,10.0,1.0,0.1,4,3000,0.0135796853322084,0.009015689305138,0.0129082790483851,0.0163055594776282,600,0
log_cosh,log_cosh,riemannian,riemannian,0,16,2,10.0,1.0,0.1,4,3000,0.0119003184919609,0.0083366645123708,0.0120569956005695,0.0283169377944316,600,0
log_cosh,log_cosh,riemannian,riemannian,0,17,2,10.0,1.0,0.1,4,3000,0.0143834845017186,0.0098234455698809,0.0152329463411393,0.0058446044921796,600,0
log_cosh,log_cosh,riemannian,riemannian,0,18,2,10.0,1.0,0.1,4,3000,0.0113139470195927,0.0080855175095959,0.0108975002023354,0.0062627897139861,600,0
log_cosh,log_cosh,riemannian,riemannian,0,19,2,10.0,1.0,0.1,4,3000,0.0128786241294233,0.0077728688702674,0.0145513494551545,0.0202592438004094,600,0
log_cosh,log_cosh,kl,kl,0,0,2,10.0,1.0,0.1,4,3000,0.0122800059817453,0.0089306679932765,0.0111970864028523,0.012637514586161,600,0
log_cosh,log_cosh,kl,kl,0,1,2,10.0,1.0,0.1,4,3000,0.0152965925081451,0.0102728632983517,0.0166330181819004,0.0026418314359029,600,0
log_cosh,log_cosh,kl,kl,0,2,2,10.0,1.0,0.1,4,3000,0.0112115515731942,0.0076118049790188,0.0107501896311232,0.0012126313351954,600,0
log_cosh,log_cosh,kl,kl,0,3,2,10.0,1.0,0.1,4,3000,0.0128751007690552,0.0094178725109421,0.0115150774929167,0.0291792781391411,600,0
log_cosh,log_cosh,kl,kl,0,4,2,10.0,1.0,0.1,4,3000,0.0151716425875524,0.0101168940283726,0.015670518609187,7.6081268208128e-05,600,0
log_cosh,log_cosh,kl,kl,0,5,2,10.0,1.0,0.1,4,3000,0.0127908154799439,0.0076962803108944,0.0141001604962712,0.004449427669193,600,0
log_cosh,log_cosh,kl,kl,0,6,2,10.0,1.0,0.1,4,3000,0.0124772805978904,0.0078520625185516,0.0130892924493407,0.0322412721189149,600,0
log_cosh,log_cosh,kl,kl,0,7,2,10.0,1.0,0.1,4,3000,0.0140523950868975,0.0105092434486417,0.0134221504116712,0.0341636836092296,600,0
log_cosh,log_cosh,kl,kl,0,8,2,10.0,1.0,0.1,4,3000,0.0150824131639875,0.0103342525359484,0.0144055961116446,0.0075242842711009,600,0
log_cosh,log_cosh,kl,kl,0,9,2,10.0,1.0,0.1,4,3000,0.0153865485273005,0.0102532487624538,0.0155997810339758,0.0589145604495033,600,0
log_cosh,log_cosh,kl,kl,0,10,2,10.0,1.0,0.1,4,3000,0.0159300527858475,0.0111829881012819,0.0144548755243275,0.0008898937785444,600,0
log_cosh,log_cosh,kl,kl,0,11,2,10.0,1.0,0.1,4,3000,0.0120936223959685,0.0087479035031472,0.0121508939955608,0.0068428855596822,600,0
log_cosh,log_cosh,kl,kl,0,12,2,10.0,1.0,0.1,4,3000,0.0160218708749007,0.0120242090551396,0.0139549618240828,0.0056769519095061,600,0
log_cosh,log_cosh,kl,kl,0,13,2,10.0,1.0,0.1,4,3000,0.0108206131898351,0.0072063812017244,0.010790400787889,0.003518401158284,600,0
log_cosh,log_cosh,kl,kl,0,14,2,10.0,1.0,0.1,4,3000,0.0122768198235001,0.0086738858851709,0.0120206688039189,0.0066640345474877,600,0
log_cosh,log_cosh,kl,kl,0,15,2,10.0,1.0,0.1,4,3000,0.0135823536178778,0.0090158144716352,0.0129205238062786,0.0162940734212355,600,0
log_cosh,log_cosh,kl,kl,0,16,2,10.0,1.0,0.1,4,3000,0.0118998845030468,0.0083338654419742,0.0120655914177555,0.0283139914079142,600,0
log_cosh,log_cosh,kl,kl,0,17,2,10.0,1.0,0.1,4,3000,0.0143786783632034,0.0098198199119519,0.0152273965025635,0.0058362597491004,600,0
log_cosh,log_cosh,kl,kl,0,18,2,10.0,1.0,0.1,4,3000,0.0113080983410888,0.0080912987448942,0.0108970069445782,0.0062498672951663,600,0
log_cosh,log_cosh,kl,kl,0,19,2,10.0,1.0,0.1,4,3000,0.0128783148095652,0.0077783164672102,0.0145533728839466,0.0202875251136616,600,0
log_cosh,log_cosh,riemannian,riemannian,0,0,2,10.0,1.0,0.1,16,3000,0.0026827374490974,0.0018449630560639,0.0027822268599818,0.0060760398995465,600,0
log_cosh,log_cosh,riemannian,riemannian,0,1,2,10.0,1.0,0.1,16,3000,0.0029868604778423,0.0020212148494844,0.0030127758807848,0.0009024859223529,600,0
log_cosh,log_cosh,riemannian,riemannian,0,2,2,10.0,1.0,0.1,16,3000,0.0034926134405397,0.0026183913496984,0.0030814515250374,0.0040552864253857,600,0
log_cosh,log_cosh,riemannian,riemannian,0,3,2,10.0,1.0,0.1,16,3000,0.0035447182255966,0.0023309562043594,0.0035244704656463,0.0037922001140562,600,0
log_cosh,log_cosh,riemannian,riemannian,0,4,2,10.0,1.0,0.1,16,3000,0.0031503353713879,0.0022941881143834,0.0031603420706412,0.0004975704611469,600,0
log_cosh,log_cosh,riemannian,riemannian,0,5,2,10.0,1.0,0.1,16,3000,0.0038168814721412,0.0028565619736946,0.0033860884132357,0.0010858034497869,600,0
log_cosh,log_cosh,riemannian,riemannian,0,6,2,10.0,1.0,0.1,16,3000,0.0035698933046099,0.0025705010891974,0.0034574870516732,0.0017334763062799,600,0
log_cosh,log_cosh,riemannian,riemannian,0,7,2,10.0,1.0,0.1,16,3000,0.0035835680990253,0.0027229965664274,0.0032227772988085,0.0033842459390296,600,0
log_cosh,log_cosh,riemannian,riemannian,0,8,2,10.0,1.0,0.1,16,3000,0.0028460998750457,0.0020044835968837,0.0027774098407974,0.0024943364286329,600,0
log_cosh,log_cosh,riemannian,riemannian,0,9,2,10.0,1.0,0.1,16,3000,0.0029348094288697,0.0020060291115304,0.0030268137479233,0.0005473473754298,600,0
log_cosh,log_cosh,riemannian,riemannian,0,10,2,10.0,1.0,0.1,16,3000,0.0036598896508546,0.0026425015924247,0.0033277118041865,0.0040142506553015,600,0
log_cosh,log_cosh,riemannian,riemannian,0,11,2,10.0,1.0,0.1,16,3000,0.0034667768326257,0.0022413380849002,0.003652378393142,0.022746657417584,600,0
log_cosh,log_cosh,riemannian,riemannian,0,12,2,10.0,1.0,0.1,16,3000,0.0042189572413175,0.0033438166861632,0.0036831535755969,0.0005065405594422,600,0
log_cosh,log_cosh,riemannian,riemannian,0,13,2,10.0,1.0,0.1,16,3000,0.0035486577909544,0.0026123070128436,0.0035408166047338,0.0063957754073227,600,0
log_cosh,log_cosh,riemannian,riemannian,0,14,2,10.0,1.0,0.1,16,3000,0.003327935225984,0.0023089450018245,0.0033022981999558,0.0003560243046303,600,0
log_cosh,log_cosh,riemannian,riemannian,0,15,2,10.0,1.0,0.1,16,3000,0.0032383917123742,0.0025385769947128,0.002974582176194,0.0049587551410348,600,0
log_cosh,log_cosh,riemannian,riemannian,0,16,2,10.0,1.0,0.1,16,3000,0.0033739103217848,0.0025059869095904,0.0031635578034136,0.0152845207353893,600,0
log_cosh,log_cosh,riemannian,riemannian,0,17,2,10.0,1.0,0.1,16,3000,0.0033934252872548,0.0024109226836965,0.0032882022026892,0.0010923874235957,600,0
log_cosh,log_cosh,riemannian,riemannian,0,18,2,10.0,1.0,0.1,16,3000,0.0031848475926911,0.0021586888366191,0.0032244249903102,0.0007199331753389,600,0
log_cosh,log_cosh,riemannian,riemannian,0,19,2,10.0,1.0,0.1,16,3000,0.0039224989179505,0.0027989842118238,0.0037227410754817,0.0144796191115226,600,0
log_cosh,log_cosh,kl,kl,0,0,2,10.0,1.0,0.1,16,3000,0.0026813420347931,0.0018438495642745,0.0027824040750427,0.0060753568966758,600,0
log_cosh,log_cosh,kl,kl,0,1,2,10.0,1.0,0.1,16,3000,0.0029853219808479,0.0020200902138582,0.0030141211216193,0.0008988862448431,600,0
log_cosh,log_cosh,kl,kl,0,2,2,10.0,1.0,0.1,16,3000,0.003491730486781,0.0026135780779803,0.0030825336603219,0.0040520659469844,600,0
log_cosh,log_cosh,kl,kl,0,3,2,10.0,1.0,0.1,16,3000,0.0035430530121645,0.002329395358912,0.003524684814099,0.0037919453753625,600,0
log_cosh,log_cosh,kl,kl,0,4,2,10.0,1.0,0.1,16,3000,0.0031489552578063,0.0022942693282297,0.0031602940083096,0.0004881987222367,600,0
log_cosh,log_cosh,kl,kl,0,5,2,10.0,1.0,0.1,16,3000,0.0038154703614773,0.0028557092464338,0.0033870650426748,0.0010829445256597,600,0
log_cosh,log_cosh,kl,kl,0,6,2,10.0,1.0,0.1,16,3000,0.0035689769167126,0.0025665000744339,0.0034591083521372,0.0017312730869596,600,0
log_cosh,log_cosh,kl,kl,0,7,2,10.0,1.0,0.1,16,3000,0.0035823058531643,0.0027232076651861,0.003223154819994,0.0033725244450115,600,0
log_cosh,log_cosh,kl,kl,0,8,2,10.0,1.0,0.1,16,3000,0.0028446472044608,0.0020019257172849,0.0027778906574519,0.0024850463555834,600,0
log_cosh,log_cosh,kl,kl,0,9,2,10.0,1.0,0.1,16,3000,0.0029331038363885,0.0020038038952383,0.0030273638171568,0.0005481483777911,600,0
log_cosh,log_cosh,kl,kl,0,10,2,10.0,1.0,0.1,16,3000,0.003657387091205,0.0026445084678496,0.0033271812632845,0.0040139340732592,600,0
log_cosh,log_cosh,kl,kl,0,11,2,10.0,1.0,0.1,16,3000,0.0034655421450419,0.0022390032427883,0.0036533580465724,0.0227514943661013,600,0
log_cosh,log_cosh,kl,kl,0,12,2,10.0,1.0,0.1,16,3000,0.0042161252693001,0.0033426592916541,0.0036828581134537,0.0005056187167973,600,0
log_cosh,log_cosh,kl,kl,0,13,2,10.0,1.0,0.1,16,3000,0.0035475328130088,0.0026100071984533,0.0035405765006892,0.006395980213389,600,0
log_cosh,log_cosh,kl,kl,0,14,2,10.0,1.0,0.1,16,3000,0.0033261729798238,0.0023089153434037,0.0033019547874155,0.0003435911886948,600,0
log_cosh,log_cosh,kl,kl,0,15,2,10.0,1.0,0.1,16,3000,0.0032366527336614,0.0025387414984536,0.0029743510839394,0.0049592312966275,600,0
log_cosh,log_cosh,kl,kl,0,16,2,10.0,1.0,0.1,16,3000,0.0033725267965905,0.0025003192412544,0.0031642902688296,0.0152874423826947,600,0
log_cosh,log_cosh,kl,kl,0,17,2,10.0,1.0,0.1,16,3000,0.0033904857215485,0.0024101481186995,0.003287237122382,0.0010938318863562,600,0
log_cosh,log_cosh,kl,kl,0,18,2,10.0,1.0,0.1,16,3000,0.0031827074449032,0.0021517497415564,0.0032248057114766,0.0007218062200688,600,0
log_cosh,log_cosh,kl,kl,0,19,2,10.0,1.0,0.1,16,3000,0.0039203605897366,0.0027967492879481,0.0037231889556131,0.0144801005154486,600,0
log_cosh,log_cosh,riemannian,riemannian,0,0,2,100.0,0.1,0.1,1,3000,0.048275017202105,0.0328560348799531,0.0475245569087267,0.0079748447763052,600,0
log_cosh,log_cosh,riemannian,riemannian,0,1,2,100.0,0.1,0.1,1,3000,0.05602666895026,0.0388218581775492,0.0536234611206627,0.1084021726457806,600,0
log_cosh,log_cosh,riemannian,riemannian,0,2,2,100.0,0.1,0.1,1,3000,0.0492376785434323,0.0385514565437592,0.0419247677653579,0.0620651501710329,600,0
log_cosh,log_cosh,riemannian,riemannian,0,3,2,100.0,0.1,0.1,1,3000,0.0471052530068615,0.0311914384202738,0.0480484296809051,0.0160348331603725,600,0
log_cosh,log_cosh,riemannian,riemannian,0,4,2,100.0,0.1,0.1,1,3000,0.0488218114616816,0.0344632606356525,0.0452381979862859,0.0017002197004694,600,0
log_cosh,log_cosh,riemannian,riemannian,0,5,2,100.0,0.1,0.1,1,3000,0.0561913745315334,0.04007130320102,0.0518449307298919,0.1706919994321145,600,0
log_cosh,log_cosh,riemannian,riemannian,0,6,2,100.0,0.1,0.1,1,3000,0.0569887172828924,0.0372679065150769,0.0591281023042611,0.0256286637552602,600,0
log_cosh,log_cosh,riemannian,riemannian,0,7,2,100.0,0.1,0.1,1,3000,0.0515026347479112,0.0385392953730325,0.0449920618305849,0.0637324198129651,600,0
log_cosh,log_cosh,riemannian,riemannian,0,8,2,100.0,0.1,0.1,1,3000,0.0456674212495053,0.0358611964374224,0.0379703257630047,0.0232794780473479,600,0
log_cosh,log_cosh,riemannian,riemannian,0,9,2,100.0,0.1,0.1,1,3000,0.0516163364381427,0.038789939384741,0.0476371873392225,0.0236551163051337,600,0
log_cosh,log_cosh,riemannian,riemannian,0,10,2,100.0,0.1,0.1,1,3000,0.0458582814760355,0.035087408095815,0.039903279336664,0.0078207664572738,600,0
log_cosh,log_cosh,riemannian,riemannian,0,11,2,100.0,0.1,0.1,1,3000,0.0487852639380453,0.0345769039088619,0.0480447180444866,0.0495461105526993,600,0
log_cosh,log_cosh,riemannian,riemannian,0,12,2,100.0,0.1,0.1,1,3000,0.0432907268582175,0.0318825627791663,0.0439622396714927,0.0313324113462689,600,0
log_cosh,log_cosh,riemannian,riemannian,0,13,2,100.0,0.1,0.1,1,3000,0.052098366231863,0.0289792491395965,0.0635158590339088,0.022967304428128,600,0
log_cosh,log_cosh,riemannian,riemannian,0,14,2,100.0,0.1,0.1,1,3000,0.04943096636723,0.0272295678963772,0.0585774125728934,0.0775302780689197,600,0
log_cosh,log_cosh,riemannian,riemannian,0,15,2,100.0,0.1,0.1,1,3000,0.0546983229536561,0.0372325298301445,0.0542544405116939,0.0352821168521129,600,0
log_cosh,log_cosh,riemannian,riemannian,0,16,2,100.0,0.1,0.1,1,3000,0.0403340577781967,0.0271419512971484,0.0401158910676731,0.0102019563068083,600,0
log_cosh,log_cosh,riemannian,riemannian,0,17,2,100.0,0.1,0.1,1,3000,0.0535168414716566,0.0352753161056287,0.0584568355375458,0.1667965125138164,600,0
log_cosh,log_cosh,riemannian,riemannian,0,18,2,100.0,0.1,0.1,1,3000,0.0476208973581188,0.0305937774084805,0.0496076025785799,0.0079912617249213,600,0
log_cosh,log_cosh,riemannian,riemannian,0,19,2,100.0,0.1,0.1,1,3000,0.0620872881972583,0.0477583030021804,0.0535470858915707,0.1456649772200093,600,0
log_cosh,log_cosh,kl,kl,0,0,2,100.0,0.1,0.1,1,3000,0.0482623629452504,0.0328466191066942,0.0475070053492539,0.0079896889380637,600,0
log_cosh,log_cosh,kl,kl,0,1,2,100.0,0.1,0.1,1,3000,0.0560257185034365,0.0388066114833471,0.0536179962453628,0.108418403651409,600,0
log_cosh,log_cosh,kl,kl,0,2,2,100.0,0.1,0.1,1,3000,0.0492414032874317,0.0385421647824784,0.0419276818712712,0.0620711207856161,600,0
log_cosh,log_cosh,kl,kl,0,3,2,100.0,0.1,0.1,1,3000,0.0471140284226281,0.0312085051641997,0.0480569035068368,0.0160332770347664,600,0
log_cosh,log_cosh,kl,kl,0,4,2,100.0,0.1,0.1,1,3000,0.0488253235413527,0.0344746109255671,0.0452391121938725,0.0016967645626269,600,0
log_cosh,log_cosh,kl,kl,0,5,2,100.0,0.1,0.1,1,3000,0.0561950666471909,0.0400502712605002,0.0518535985251267,0.1706832495965309,600,0
log_cosh,log_cosh,kl,kl,0,6,2,100.0,0.1,0.1,1,3000,0.0569812003060865,0.0372383217831004,0.0591130511277926,0.025687593869665,600,0
log_cosh,log_cosh,kl,kl,0,7,2,100.0,0.1,0.1,1,3000,0.0515084147590316,0.0385469081028067,0.045000544328819,0.0638131667898664,600,0
log_cosh,log_cosh,kl,kl,0,8,2,100.0,0.1,0.1,1,3000,0.0456683646155252,0.035834204900631,0.0379682056143605,0.0232817749152176,600,0
log_cosh,log_cosh,kl,kl,0,9,2,100.0,0.1,0.1,1,3000,0.0516173560373772,0.0388009976059731,0.0476276265453419,0.0236579957245606,600,0
log_cosh,log_cosh,kl,kl,0,10,2,100.0,0.1,0.1,1,3000,0.0458579829115907,0.0350978788648941,0.039905347168793,0.0078152550289103,600,0
log_cosh,log_cosh,kl,kl,0,11,2,100.0,0.1,0.1,1,3000,0.0487846231453633,0.0345826043547068,0.0480441155135844,0.049519546406858,600,0
log_cosh,log_cosh,kl,kl,0,12,2,100.0,0.1,0.1,1,3000,0.0432881160260668,0.031885939418361,0.0439522008398478,0.0313482016016855,600,0
log_cosh,log_cosh,kl,kl,0,13,2,100.0,0.1,0.1,1,3000,0.0521071786444037,0.0289780647035207,0.0635400868158899,0.0229577401731115,600,0
log_cosh,log_cosh,kl,kl,0,14,2,100.0,0.1,0.1,1,3000,0.0494278451888255,0.0272482184597055,0.0585743376724543,0.0775358687732881,600,0
log_cosh,log_cosh,kl,kl,0,15,2,100.0,0.1,0.1,1,3000,0.054705452183354,0.0372318764284556,0.0542680247672061,0.0352916097160824,600,0
log_cosh,log_cosh,kl,kl,0,16,2,100.0,0.1,0.1,1,3000,0.0403425743846879,0.0271226478345876,0.040130159293763,0.0101815248605263,600,0
log_cosh,log_cosh,kl,kl,0,17,2,100.0,0.1,0.1,1,3000,0.0535207986259291,0.0353047531825057,0.0584558100629292,0.1667897866572656,600,0
log_cosh,log_cosh,kl,kl,0,18,2,100.0,0.1,0.1,1,3000,0.0476233531034843,0.0305713060366694,0.0496118495474885,0.0079883393610162,600,0
log_cosh,log_cosh,kl,kl,0,19,2,100.0,0.1,0.1,1,3000,0.0620817156849857,0.047781851446383,0.0535401874521972,0.145675405846267,600,0
log_cosh,log_cosh,riemannian,riemannian,0,0,2,100.0,0.1,0.1,4,3000,0.0098959637992419,0.0065383427569858,0.0108271968146436,0.0109834980777296,600,0
log_cosh,log_cosh,riemannian,riemannian,0,1,2,100.0,0.1,0.1,4,3000,0.0166660054123651,0.0121600517956883,0.0154103433016652,0.0020763439165567,600,0
log_cosh,log_cosh,riemannian,riemannian,0,2,2,100.0,0.1,0.1,4,3000,0.0151305970650227,0.0112317447541974,0.014213820678128,0.0055193895826275,600,0
log_cosh,log_cosh,riemannian,riemannian,0,3,2,100.0,0.1,0.1,4,3000,0.0146840630283131,0.0105089109472569,0.0133762369306584,0.0084531940381533,600,0
log_cosh,log_cosh,riemannian,riemannian,0,4,2,100.0,0.1,0.1,4,3000,0.0124170080150319,0.0088623548060329,0.0117280001245407,0.0110972120325598,600,0
log_cosh,log_cosh,riemannian,riemannian,0,5,2,100.0,0.1,0.1,4,3000,0.0120220234812493,0.0080817013912286,0.0133331997981814,0.0046311304474357,600,0
log_cosh,log_cosh,riemannian,riemannian,0,6,2,100.0,0.1,0.1,4,3000,0.0120447093105788,0.0082114401366091,0.0130626556139689,0.0282434848578829,600,0
log_cosh,log_cosh,riemannian,riemannian,0,7,2,100.0,0.1,0.1,4,3000,0.0142985856851803,0.010156866491078,0.0131410769112562,0.007754777989207,600,0
log_cosh,log_cosh,riemannian,riemannian,0,8,2,100.0,0.1,0.1,4,3000,0.0107662044675061,0.0082539590627499,0.0096750004952205,0.0003802655634905,600,0
log_cosh,log_cosh,riemannian,riemannian,0,9,2,100.0,0.1,0.1,4,3000,0.0114547084634164,0.0082311577100184,0.010863168652837,0.0026949024709872,600,0
log_cosh,log_cosh,riemannian,riemannian,0,10,2,100.0,0.1,0.1,4,3000,0.0126203369786438,0.0093521125157842,0.0118124005676031,0.0037456845019057,600,0
log_cosh,log_cosh,riemannian,riemannian,0,11,2,100.0,0.1,0.1,4,3000,0.0134710246078423,0.0088818415058311,0.014502040946135,0.005495212877753,600,0
log_cosh,log_cosh,riemannian,riemannian,0,12,2,100.0,0.1,0.1,4,3000,0.0115843267340102,0.0078930164239208,0.011498590987303,0.0075751754921555,600,0
log_cosh,log_cosh,riemannian,riemannian,0,13,2,100.0,0.1,0.1,4,3000,0.0113440981461919,0.0077786782484849,0.0120357433593431,0.0237787200545738,600,0
log_cosh,log_cosh,riemannian,riemannian,0,14,2,100.0,0.1,0.1,4,3000,0.0142029741087797,0.0105189564146004,0.0131384249611207,0.0018650286371846,600,0
log_cosh,log_cosh,riemannian,riemannian,0,15,2,100.0,0.1,0.1,4,3000,0.0170795098380956,0.012159767949323,0.0154780547279357,0.0231547556892013,600,0
log_cosh,log_cosh,riemannian,riemannian,0,16,2,100.0,0.1,0.1,4,3000,0.0130823639185357,0.0101278751425373,0.0113054603269333,0.0141210177350399,600,0
log_cosh,log_cosh,riemannian,riemannian,0,17,2,100.0,0.1,0.1,4,3000,0.0163787800143892,0.0091179664073552,0.018006966269626,0.0070122797321778,600,0
log_cosh,log_cosh,riemannian,riemannian,0,18,2,100.0,0.1,0.1,4,3000,0.0131041690186655,0.0095879030767016,0.0118838464525919,0.0159961313534142,600,0
log_cosh,log_cosh,riemannian,riemannian,0,19,2,100.0,0.1,0.1,4,3000,0.0133481063667909,0.0091363280555136,0.0147527325697786,0.0014943870815531,600,0
log_cosh,log_cosh,kl,kl,0,0,2,100.0,0.1,0.1,4,3000,0.0098956342335497,0.0065365110321513,0.0108272818858059,0.0109831238375543,600,0
log_cosh,log_cosh,kl,kl,0,1,2,100.0,0.1,0.1,4,3000,0.0166661729985396,0.0121608359501943,0.0154109371376043,0.0020740083187309,600,0
log_cosh,log_cosh,kl,kl,0,2,2,100.0,0.1,0.1,4,3000,0.0151311026055234,0.011233670274743,0.0142139836828615,0.0055151284613992,600,0
log_cosh,log_cosh,kl,kl,0,3,2,100.0,0.1,0.1,4,3000,0.0146848168798556,0.0105081769568857,0.0133774479265332,0.0084549446907975,600,0
log_cosh,log_cosh,kl,kl,0,4,2,100.0,0.1,0.1,4,3000,0.0124160636896207,0.0088613184797496,0.0117272546126926,0.0110969730835117,600,0
log_cosh,log_cosh,kl,kl,0,5,2,100.0,0.1,0.1,4,3000,0.0120221944857696,0.0080821077939134,0.0133338683889481,0.0046319723812802,600,0
log_cosh,log_cosh,kl,kl,0,6,2,100.0,0.1,0.1,4,3000,0.0120450616384301,0.0082136402382597,0.0130647311071128,0.0282346674385185,600,0
log_cosh,log_cosh,kl,kl,0,7,2,100.0,0.1,0.1,4,3000,0.0142992738161967,0.0101581892564921,0.013142728821039,0.00775607912079,600,0
log_cosh,log_cosh,kl,kl,0,8,2,100.0,0.1,0.1,4,3000,0.0107658074485645,0.0082523464088535,0.0096751267931686,0.0003803674644387,600,0
log_cosh,log_cosh,kl,kl,0,9,2,100.0,0.1,0.1,4,3000,0.011454042417347,0.0082283468984249,0.0108623439688659,0.0026923698598215,600,0
log_cosh,log_cosh,kl,kl,0,10,2,100.0,0.1,0.1,4,3000,0.0126193461656036,0.0093547564274565,0.0118107794323101,0.0037438214200453,600,0
log_cosh,log_cosh,kl,kl,0,11,2,100.0,0.1,0.1,4,3000,0.0134702634978773,0.0088812028358109,0.0144999268160842,0.005496004980412,600,0
log_cosh,log_cosh,kl,kl,0,12,2,100.0,0.1,0.1,4,3000,0.0115829577388636,0.0078938479958932,0.0114961124410092,0.0075750537662164,600,0
log_cosh,log_cosh,kl,kl,0,13,2,100.0,0.1,0.1,4,3000,0.0113438429009374,0.0077778543954973,0.0120348689646556,0.0237743370230592,600,0
log_cosh,log_cosh,kl,kl,0,14,2,100.0,0.1,0.1,4,3000,0.014202256260235,0.0105183062126139,0.0131390002719373,0.0018652216417716,600,0
log_cosh,log_cosh,kl,kl,0,15,2,100.0,0.1,0.1,4,3000,0.0170801335470267,0.0121587710753563,0.0154794071514111,0.0231671415959913,600,0
log_cosh,log_cosh,kl,kl,0,16,2,100.0,0.1,0.1,4,3000,0.0130820008564158,0.0101275335079717,0.0113051386396858,0.0141202836171481,600,0
log_cosh,log_cosh,kl,kl,0,17,2,100.0,0.1,0.1,4,3000,0.0163785514543085,0.009119414390083,0.0180067335571018,0.0070120914816915,600,0
log_cosh,log_cosh,kl,kl,0,18,2,100.0,0.1,0.1,4,3000,0.0131035309153726,0.0095908742495902,0.0118820907096773,0.0160089848552948,600,0
log_cosh,log_cosh,kl,kl,0,19,2,100.0,0.1,0.1,4,3000,0.0133480131775508,0.0091322022783653,0.0147528373228847,0.0014944564297079,600,0
log_cosh,log_cosh,riemannian,riemannian,0,0,2,100.0,0.1,0.1,16,3000,0.0030329771117775,0.0021326365053451,0.0030477326839627,0.0105530570892908,600,0
log_cosh,log_cosh,riemannian,riemannian,0,1,2,100.0,0.1,0.1,16,3000,0.0035630873753153,0.0023300791145628,0.0038818544422689,0.0082575264257553,600,0
log_cosh,log_cosh,riemannian,riemannian,0,2,2,100.0,0.1,0.1,16,3000,0.0032601053941516,0.0022285211317083,0.0031459106071444,0.0047511159575095,600,0
log_cosh,log_cosh,riemannian,riemannian,0,3,2,100.0,0.1,0.1,16,3000,0.0033585560434896,0.002369251489253,0.003264608673142,0.000888525901701,600,0
log_cosh,log_cosh,riemannian,riemannian,0,4,2,100.0,0.1,0.1,16,3000,0.0032874259251852,0.0022918628186614,0.0033002990000348,0.0062266004847928,600,0
log_cosh,log_cosh,riemannian,riemannian,0,5,2,100.0,0.1,0.1,16,3000,0.0027139144557921,0.0019132479053911,0.002560913064129,0.0034186281065911,600,0
log_cosh,log_cosh,riemannian,riemannian,0,6,2,100.0,0.1,0.1,16,3000,0.0031529500137231,0.0020761758518015,0.0031496622699966,0.0020534877470743,600,0
log_cosh,log_cosh,riemannian,riemannian,0,7,2,100.0,0.1,0.1,16,3000,0.0036869933834018,0.0027547915149011,0.0034278105970389,0.0003345348504875,600,0
log_cosh,log_cosh,riemannian,riemannian,0,8,2,100.0,0.1,0.1,16,3000,0.0035459823482794,0.0026394074083502,0.0034550274134269,0.004874633948281,600,0
log_cosh,log_cosh,riemannian,riemannian,0,9,2,100.0,0.1,0.1,16,3000,0.0028383311119407,0.0019529819105534,0.0028628835754582,0.0031786781499261,600,0
log_cosh,log_cosh,riemannian,riemannian,0,10,2,100.0,0.1,0.1,16,3000,0.0046258429649719,0.0033651498915172,0.0042379668081064,0.0042506571214233,600,0
log_cosh,log_cosh,riemannian,riemannian,0,11,2,100.0,0.1,0.1,16,3000,0.003154834937019,0.0020551587617445,0.0035545240963152,0.0006058265808719,600,0
log_cosh,log_cosh,riemannian,riemannian,0,12,2,100.0,0.1,0.1,16,3000,0.0025729592240686,0.0018921561272153,0.0024507724234732,0.0011583689934799,600,0
log_cosh,log_cosh,riemannian,riemannian,0,13,2,100.0,0.1,0.1,16,3000,0.0041509024650445,0.0030686866320044,0.0038245663275417,0.0072581090059968,600,0
log_cosh,log_cosh,riemannian,riemannian,0,14,2,100.0,0.1,0.1,16,3000,0.0034481497728956,0.0021639154324308,0.0038314330365986,0.0009036451255943,600,0
log_cosh,log_cosh,riemannian,riemannian,0,15,2,100.0,0.1,0.1,16,3000,0.0026622819069446,0.0018956649539065,0.0025059498757381,0.0030509550413033,600,0
log_cosh,log_cosh,riemannian,riemannian,0,16,2,100.0,0.1,0.1,16,3000,0.003843532020794,0.0024734561085952,0.0039520512318337,0.0011020739059808,600,0
log_cosh,log_cosh,riemannian,riemannian,0,17,2,100.0,0.1,0.1,16,3000,0.0031014393003038,0.0021556324149232,0.0029953171982561,0.0045080270801611,600,0
log_cosh,log_cosh,riemannian,riemannian,0,18,2,100.0,0.1,0.1,16,3000,0.0031930350074943,0.002386267601256,0.0028210812999034,0.0046904188426721,600,0
log_cosh,log_cosh,riemannian,riemannian,0,19,2,100.0,0.1,0.1,16,3000,0.0032462878874427,0.0023203600716774,0.0029626807763675,0.0037732461401209,600,0
log_cosh,log_cosh,kl,kl,0,0,2,100.0,0.1,0.1,16,3000,0.0030328442662656,0.0021322077798386,0.0030476129734968,0.0105524498327107,600,0
log_cosh,log_cosh,kl,kl,0,1,2,100.0,0.1,0.1,16,3000,0.003563065852323,0.0023298072514603,0.0038818909559888,0.0082570828529848,600,0
log_cosh,log_cosh,kl,kl,0,2,2,100.0,0.1,0.1,16,3000,0.0032600093803245,0.0022286555192236,0.0031457996255786,0.004751100038018,600,0
log_cosh,log_cosh,kl,kl,0,3,2,100.0,0.1,0.1,16,3000,0.0033585340133174,0.0023690510512013,0.0032646306338676,0.0008887438186619,600,0
log_cosh,log_cosh,kl,kl,0,4,2,100.0,0.1,0.1,16,3000,0.0032874529056664,0.0022918504997371,0.003300528523609,0.0062267232067703,600,0
log_cosh,log_cosh,kl,kl,0,5,2,100.0,0.1,0.1,16,3000,0.0027137885036162,0.0019123146549686,0.002560883379168,0.0034182564645051,600,0
log_cosh,log_cosh,kl,kl,0,6,2,100.0,0.1,0.1,16,3000,0.003152769484004,0.0020760556842922,0.0031495685660668,0.0020541063336372,600,0
log_cosh,log_cosh,kl,kl,0,7,2,100.0,0.1,0.1,16,3000,0.003686978238409,0.0027547039182025,0.0034278489330788,0.0003342932397107,600,0
log_cosh,log_cosh,kl,kl,0,8,2,100.0,0.1,0.1,16,3000,0.0035459083875267,0.0026397217250619,0.0034548619032128,0.0048746952145495,600,0
log_cosh,log_cosh,kl,kl,0,9,2,100.0,0.1,0.1,16,3000,0.0028381917641994,0.0019529037731262,0.0028627186836184,0.0031778342994459,600,0
log_cosh,log_cosh,kl,kl,0,10,2,100.0,0.1,0.1,16,3000,0.0046258789831738,0.003365045384198,0.0042379297143609,0.0042503810038208,600,0
log_cosh,log_cosh,kl,kl,0,11,2,100.0,0.1,0.1,16,3000,0.0031548530826603,0.0020553790955282,0.0035546647545607,0.0006054960759516,600,0
log_cosh,log_cosh,kl,kl,0,12,2,100.0,0.1,0.1,16,3000,0.0025728587120617,0.0018923689333152,0.0024507103074275,0.0011588044929489,600,0
log_cosh,log_cosh,kl,kl,0,13,2,100.0,0.1,0.1,16,3000,0.004150817332085,0.0030692016223954,0.0038245164673087,0.0072581025242737,600,0
log_cosh,log_cosh,kl,kl,0,14,2,100.0,0.1,0.1,16,3000,0.0034480930533655,0.002164166178536,0.0038313764325963,0.0009036128901072,600,0
log_cosh,log_cosh,kl,kl,0,15,2,100.0,0.1,0.1,16,3000,0.0026622103711967,0.0018957073775851,0.0025058140338047,0.003050297974775,600,0
log_cosh,log_cosh,kl,kl,0,16,2,100.0,0.1,0.1,16,3000,0.0038434895188764,0.0024738067740415,0.0039521870828763,0.0011020575052698,600,0
log_cosh,log_cosh,kl,kl,0,17,2,100.0,0.1,0.1,16,3000,0.0031011670528783,0.0021554252987301,0.0029950277325728,0.0045069565666735,600,0
log_cosh,log_cosh,kl,kl,0,18,2,100.0,0.1,0.1,16,3000,0.0031930052580999,0.0023863235901815,0.0028211037417664,0.0046899815326884,600,0
log_cosh,log_cosh,kl,kl,0,19,2,100.0,0.1,0.1,16,3000,0.0032462035935041,0.0023205228816285,0.0029626374388405,0.0037731192319374,600,0
log_cosh,log_cosh,riemannian,riemannian,0,0,2,100.0,1.0,0.1,1,3000,0.0571598950306985,0.045354064020286,0.051569854695498,0.0327523477594025,600,0
log_cosh,log_cosh,riemannian,riemannian,0,1,2,100.0,1.0,0.1,1,3000,0.0369164210586688,0.0264062544581014,0.0393387309274662,0.0276758132346817,600,0
log_cosh,log_cosh,riemannian,riemannian,0,2,2,100.0,1.0,0.1,1,3000,0.0379467186275834,0.0241252321943501,0.0415427070648982,0.0002110226508942,600,0
log_cosh,log_cosh,riemannian,riemannian,0,3,2,100.0,1.0,0.1,1,3000,0.0435337931851012,0.0262145335622316,0.0478859787473252,0.0079492387684685,600,0
log_cosh,log_cosh,riemannian,riemannian,0,4,2,100.0,1.0,0.1,1,3000,0.052750834240136,0.0343997033717169,0.0545949231158063,0.039572678071297,600,0
log_cosh,log_cosh,riemannian,riemannian,0,5,2,100.0,1.0,0.1,1,3000,0.0512063494886352,0.0374174438441241,0.0483232476845021,0.0149256443127354,600,0
log_cosh,log_cosh,riemannian,riemannian,0,6,2,100.0,1.0,0.1,1,3000,0.05201703953092,0.037127698373897,0.049443177544128,0.1212935829547001,600,0
log_cosh,log_cosh,riemannian,riemannian,0,7,2,100.0,1.0,0.1,1,3000,0.0606585921135733,0.0467588801268874,0.0511867499304402,0.056308816660668,600,0
log_cosh,log_cosh,riemannian,riemannian,0,8,2,100.0,1.0,0.1,1,3000,0.0472266446797077,0.0287268436849967,0.0533623488732229,0.0105066203388135,600,0
log_cosh,log_cosh,riemannian,riemannian,0,9,2,100.0,1.0,0.1,1,3000,0.0541574266044087,0.0389732250069607,0.0544472196125482,0.0053367145149536,600,0
log_cosh,log_cosh,riemannian,riemannian,0,10,2,100.0,1.0,0.1,1,3000,0.0535281811639063,0.0388944301615699,0.0502658953391041,0.2684222259175768,600,0
log_cosh,log_cosh,riemannian,riemannian,0,11,2,100.0,1.0,0.1,1,3000,0.0567133605203034,0.0413252494404765,0.0516727261342895,0.0520847092383025,600,0
log_cosh,log_cosh,riemannian,riemannian,0,12,2,100.0,1.0,0.1,1,3000,0.0512319440993409,0.0347624550449698,0.0511646417945865,0.0363637826172289,600,0
log_cosh,log_cosh,riemannian,riemannian,0,13,2,100.0,1.0,0.1,1,3000,0.0642419324873494,0.0428178528039808,0.0665353404026589,0.3299206829841914,600,0
log_cosh,log_cosh,riemannian,riemannian,0,14,2,100.0,1.0,0.1,1,3000,0.0449822657865269,0.0317984738348262,0.0449941974743352,0.0146622986098199,600,0
log_cosh,log_cosh,riemannian,riemannian,0,15,2,100.0,1.0,0.1,1,3000,0.0479346502801349,0.0342044411075916,0.0497212657964107,0.0140607355917872,600,0
log_cosh,log_cosh,riemannian,riemannian,0,16,2,100.0,1.0,0.1,1,3000,0.0433385782717236,0.0284414613809551,0.0499751677648311,0.0037384899402663,600,0
log_cosh,log_cosh,riemannian,riemannian,0,17,2,100.0,1.0,0.1,1,3000,0.0608370470835037,0.0403794093435396,0.05871987711075,0.0088525608646401,600,0
log_cosh,log_cosh,riemannian,riemannian,0,18,2,100.0,1.0,0.1,1,3000,0.0453118142538971,0.0302540446206052,0.0449972040973402,0.0540797190867459,600,0
log_cosh,log_cosh,riemannian,riemannian,0,19,2,100.0,1.0,0.1,1,3000,0.0513239622554691,0.0361415663771567,0.0496494348187306,0.0050008117737077,600,0
log_cosh,log_cosh,kl,kl,0,0,2,100.0,1.0,0.1,1,3000,0.0571924226306879,0.0452701797059968,0.051611584813451,0.0328651009712057,600,0
log_cosh,log_cosh,kl,kl,0,1,2,100.0,1.0,0.1,1,3000,0.0369189429598051,0.0264133411354325,0.0394351538300809,0.0275988007715355,600,0
log_cosh,log_cosh,kl,kl,0,2,2,100.0,1.0,0.1,1,3000,0.0379738351455013,0.023998843567214,0.0415828769015962,0.0001730961962378,600,0
log_cosh,log_cosh,kl,kl,0,3,2,100.0,1.0,0.1,1,3000,0.0435977180586852,0.0262316197577952,0.0479891358919394,0.0080994338965072,600,0
log_cosh,log_cosh,kl,kl,0,4,2,100.0,1.0,0.1,1,3000,0.05279904848866,0.0345159089732758,0.0546853345886063,0.0396269364020449,600,0
log_cosh,log_cosh,kl,kl,0,5,2,100.0,1.0,0.1,1,3000,0.0512147606325374,0.0374943340728186,0.0484195769384034,0.0149252667107577,600,0
log_cosh,log_cosh,kl,kl,0,6,2,100.0,1.0,0.1,1,3000,0.0520733506171896,0.0370858101678246,0.0495779753845032,0.1215274050581296,600,0
log_cosh,log_cosh,kl,kl,0,7,2,100.0,1.0,0.1,1,3000,0.0607268059152838,0.0468032595325624,0.0512620488418347,0.0562838578263762,600,0
log_cosh,log_cosh,kl,kl,0,8,2,100.0,1.0,0.1,1,3000,0.0472270385935862,0.028756707045684,0.0533846511995204,0.0105554427278513,600,0
log_cosh,log_cosh,kl,kl,0,9,2,100.0,1.0,0.1,1,3000,0.0541744962905672,0.0390008366551284,0.0544824261309155,0.0053786978061394,600,0
log_cosh,log_cosh,kl,kl,0,10,2,100.0,1.0,0.1,1,3000,0.0535598787409719,0.0389022286685185,0.0502970968505488,0.2688413783604,600,0
log_cosh,log_cosh,kl,kl,0,11,2,100.0,1.0,0.1,1,3000,0.0567749094718355,0.0410765606551983,0.0517642062483771,0.0521617373532987,600,0
log_cosh,log_cosh,kl,kl,0,12,2,100.0,1.0,0.1,1,3000,0.0512684411611883,0.0347984027144863,0.051224858617461,0.0364138871398247,600,0
log_cosh,log_cosh,kl,kl,0,13,2,100.0,1.0,0.1,1,3000,0.0642547798813219,0.0428289575439633,0.0665768595185751,0.3300849901606062,600,0
log_cosh,log_cosh,kl,kl,0,14,2,100.0,1.0,0.1,1,3000,0.0450363948319881,0.0318308177412416,0.04500576948501,0.0145762388754713,600,0
log_cosh,log_cosh,kl,kl,0,15,2,100.0,1.0,0.1,1,3000,0.0479489220815528,0.0341614040379227,0.0497746694803607,0.0137811657629614,600,0
log_cosh,log_cosh,kl,kl,0,16,2,100.0,1.0,0.1,1,3000,0.0433207437217312,0.0285335464879947,0.0499888345725535,0.0037293564254676,600,0
log_cosh,log_cosh,kl,kl,0,17,2,100.0,1.0,0.1,1,3000,0.0609241858150878,0.0404630070591889,0.0588109297635011,0.0087780526324365,600,0
log_cosh,log_cosh,kl,kl,0,18,2,100.0,1.0,0.1,1,3000,0.0453233405420213,0.0302903192249199,0.0450146448676129,0.0541645897340128,600,0
log_cosh,log_cosh,kl,kl,0,19,2,100.0,1.0,0.1,1,3000,0.0513355703945809,0.0361183403131524,0.0496738658724449,0.0050147011604666,600,0
log_cosh,log_cosh,riemannian,riemannian,0,0,2,100.0,1.0,0.1,4,3000,0.0116710728309686,0.008285915397157,0.0124728633366951,0.0130968627010505,600,0
log_cosh,log_cosh,riemannian,riemannian,0,1,2,100.0,1.0,0.1,4,3000,0.0133750740518627,0.0089247990145773,0.0135479327024087,0.0009094973798435,600,0
log_cosh,log_cosh,riemannian,riemannian,0,2,2,100.0,1.0,0.1,4,3000,0.0145901333633283,0.0105019709729772,0.0134099156324423,0.0018680903304382,600,0
log_cosh,log_cosh,riemannian,riemannian,0,3,2,100.0,1.0,0.1,4,3000,0.0110327543688233,0.0079168488002747,0.0101562536836578,0.0010112041247225,600,0
log_cosh,log_cosh,riemannian,riemannian,0,4,2,100.0,1.0,0.1,4,3000,0.0154464527793875,0.0092215051599973,0.0187344067607488,0.0231292269929932,600,0
log_cosh,log_cosh,riemannian,riemannian,0,5,2,100.0,1.0,0.1,4,3000,0.0110343774024796,0.0069604710146773,0.0118257141986785,0.0033878247215874,600,0
log_cosh,log_cosh,riemannian,riemannian,0,6,2,100.0,1.0,0.1,4,3000,0.0106928524274926,0.0082402275626629,0.0091113606095719,0.0069114086763635,600,0
log_cosh,log_cosh,riemannian,riemannian,0,7,2,100.0,1.0,0.1,4,3000,0.0154585201052448,0.010175014365108,0.0161500983586172,0.0158735428027614,600,0
log_cosh,log_cosh,riemannian,riemannian,0,8,2,100.0,1.0,0.1,4,3000,0.0132277906941062,0.0085878621224946,0.0141900446407885,0.000673491819815,600,0
log_cosh,log_cosh,riemannian,riemannian,0,9,2,100.0,1.0,0.1,4,3000,0.0152130074837817,0.0108393122627907,0.0147370793549913,0.0564501271316078,600,0
log_cosh,log_cosh,riemannian,riemannian,0,10,2,100.0,1.0,0.1,4,3000,0.0116899033500613,0.0076543077699204,0.0115319512207552,0.0064426758248812,600,0
log_cosh,log_cosh,riemannian,riemannian,0,11,2,100.0,1.0,0.1,4,3000,0.0131579879018911,0.0097439171668038,0.0118759539391644,0.0064775629293016,600,0
log_cosh,log_cosh,riemannian,riemannian,0,12,2,100.0,1.0,0.1,4,3000,0.0142566993155892,0.0105459811145709,0.0132410857758303,0.0036821623962173,600,0
log_cosh,log_cosh,riemannian,riemannian,0,13,2,100.0,1.0,0.1,4,3000,0.013276012952921,0.0093348510175199,0.0128277009897982,0.0156822575122035,600,0
log_cosh,log_cosh,riemannian,riemannian,0,14,2,100.0,1.0,0.1,4,3000,0.012712143105572,0.0084811112317377,0.0122818841624768,0.0081481827514808,600,0
log_cosh,log_cosh,riemannian,riemannian,0,15,2,100.0,1.0,0.1,4,3000,0.0164085094430325,0.010675277179261,0.018355430384027,0.0102419730911247,600,0
log_cosh,log_cosh,riemannian,riemannian,0,16,2,100.0,1.0,0.1,4,3000,0.0149149942542042,0.0107865806493161,0.0144189910190519,0.0135026463476251,600,0
log_cosh,log_cosh,riemannian,riemannian,0,17,2,100.0,1.0,0.1,4,3000,0.0144421038396112,0.0115098745703665,0.012775643410126,0.0021605314840158,600,0
log_cosh,log_cosh,riemannian,riemannian,0,18,2,100.0,1.0,0.1,4,3000,0.0131754791664697,0.0085548398506154,0.0143211727457602,0.0013354047066345,600,0
log_cosh,log_cosh,riemannian,riemannian,0,19,2,100.0,1.0,0.1,4,3000,0.0124714281135802,0.008517687071283,0.013369657407394,0.0206033829533378,600,0
log_cosh,log_cosh,kl,kl,0,0,2,100.0,1.0,0.1,4,3000,0.0116679763109356,0.0082624091143743,0.0124785459946316,0.0131109982165407,600,0
log_cosh,log_cosh,kl,kl,0,1,2,100.0,1.0,0.1,4,3000,0.0133745639856064,0.0089431068270817,0.0135594914235506,0.0009015453562133,600,0
log_cosh,log_cosh,kl,kl,0,2,2,100.0,1.0,0.1,4,3000,0.014583123964755,0.0105056732184074,0.0134122040060978,0.001864410167621,600,0
log_cosh,log_cosh,kl,kl,0,3,2,100.0,1.0,0.1,4,3000,0.0110291963954986,0.007909684443726,0.0101624460646157,0.0010062303432065,600,0
log_cosh,log_cosh,kl,kl,0,4,2,100.0,1.0,0.1,4,3000,0.0154456752099794,0.0092072620184775,0.018742098270773,0.023146021835001,600,0
log_cosh,log_cosh,kl,kl,0,5,2,100.0,1.0,0.1,4,3000,0.01102645404248,0.006957812486422,0.0118244269678139,0.0033633496842604,600,0
log_cosh,log_cosh,kl,kl,0,6,2,100.0,1.0,0.1,4,3000,0.010690954536511,0.0082310048713121,0.0091172100064456,0.0069212049530849,600,0
log_cosh,log_cosh,kl,kl,0,7,2,100.0,1.0,0.1,4,3000,0.0154501538240246,0.0101745397137438,0.0161450775977555,0.015874670599866,600,0
log_cosh,log_cosh,kl,kl,0,8,2,100.0,1.0,0.1,4,3000,0.0132246015961206,0.008586836785154,0.0141924094781379,0.0005981616567196,600,0
log_cosh,log_cosh,kl,kl,0,9,2,100.0,1.0,0.1,4,3000,0.0152177324398652,0.0108600896192028,0.0147494848040922,0.0565315050042514,600,0
log_cosh,log_cosh,kl,kl,0,10,2,100.0,1.0,0.1,4,3000,0.0116840128986434,0.0076194534516531,0.0115377381348702,0.006445119703935,600,0
log_cosh,log_cosh,kl,kl,0,11,2,100.0,1.0,0.1,4,3000,0.0131509977807939,0.0097409770072822,0.0118710147536675,0.0064957877551075,600,0
log_cosh,log_cosh,kl,kl,0,12,2,100.0,1.0,0.1,4,3000,0.0142530666952826,0.0105555501524512,0.0132443455615305,0.0036504162213764,600,0
log_cosh,log_cosh,kl,kl,0,13,2,100.0,1.0,0.1,4,3000,0.01326813494699,0.0093444613705007,0.0128279981940011,0.0157600176975307,600,0
log_cosh,log_cosh,kl,kl,0,14,2,100.0,1.0,0.1,4,3000,0.0127040238236497,0.0084505686444522,0.0122756368702214,0.0081382528002951,600,0
log_cosh,log_cosh,kl,kl,0,15,2,100.0,1.0,0.1,4,3000,0.0164056095357484,0.0106613509389723,0.0183552601904974,0.0102277565771666,600,0
log_cosh,log_cosh,kl,kl,0,16,2,100.0,1.0,0.1,4,3000,0.0149100134078535,0.0108043840137754,0.0144093678820385,0.0135119196071555,600,0
log_cosh,log_cosh,kl,kl,0,17,2,100.0,1.0,0.1,4,3000,0.0144407604986324,0.0115082306800908,0.012784359556805,0.0021646759172249,600,0
log_cosh,log_cosh,kl,kl,0,18,2,100.0,1.0,0.1,4,3000,0.0131664450205538,0.0085532572886393,0.0143235554211486,0.0013555670198335,600,0
log_cosh,log_cosh,kl,kl,0,19,2,100.0,1.0,0.1,4,3000,0.0124643005062807,0.0084970740130982,0.0133631743321386,0.0205916060781548,600,0
log_cosh,log_cosh,riemannian,riemannian,0,0,2,100.0,1.0,0.1,16,3000,0.0031785552594003,0.0023165659585024,0.0030872233746105,0.0017910966213792,600,0
log_cosh,log_cosh,riemannian,riemannian,0,1,2,100.0,1.0,0.1,16,3000,0.0030217230587298,0.0022016373386331,0.0030500471361463,0.0014864773582794,600,0
log_cosh,log_cosh,riemannian,riemannian,0,2,2,100.0,1.0,0.1,16,3000,0.002731735127408,0.0022259676011522,0.0023076641128081,0.0006466342310407,600,0
log_cosh,log_cosh,riemannian,riemannian,0,3,2,100.0,1.0,0.1,16,3000,0.0036877583846234,0.0025281085800563,0.0035183210566326,0.002271180957118,600,0
log_cosh,log_cosh,riemannian,riemannian,0,4,2,100.0,1.0,0.1,16,3000,0.003412943033107,0.0023133345227066,0.003640542432068,0.0077215588279546,600,0
log_cosh,log_cosh,riemannian,riemannian,0,5,2,100.0,1.0,0.1,16,3000,0.0034804119014066,0.0023864506020427,0.0034886618198282,0.0002804179758211,600,0
log_cosh,log_cosh,riemannian,riemannian,0,6,2,100.0,1.0,0.1,16,3000,0.0026347234588179,0.0019117971210582,0.0024147425011175,0.004189173543184,600,0
log_cosh,log_cosh,riemannian,riemannian,0,7,2,100.0,1.0,0.1,16,3000,0.0035979962642399,0.0023043663984385,0.0039579523576064,0.0004027546493023,600,0
log_cosh,log_cosh,riemannian,riemannian,0,8,2,100.0,1.0,0.1,16,3000,0.0033581098259946,0.0023042244249928,0.0031415515513508,0.0006763484428087,600,0
log_cosh,log_cosh,riemannian,riemannian,0,9,2,100.0,1.0,0.1,16,3000,0.0036538371594981,0.0025533663501866,0.0033445637241805,0.00593816886024,600,0
log_cosh,log_cosh,riemannian,riemannian,0,10,2,100.0,1.0,0.1,16,3000,0.0029491856459829,0.0020919715672738,0.0026829279072281,0.000196938488195,600,0
log_cosh,log_cosh,riemannian,riemannian,0,11,2,100.0,1.0,0.1,16,3000,0.0036292032347132,0.0024939975606157,0.0034484649490655,0.0010178759172028,600,0
log_cosh,log_cosh,riemannian,riemannian,0,12,2,100.0,1.0,0.1,16,3000,0.0034478676175964,0.0023949122595807,0.003689648691611,0.0016176515922481,600,0
log_cosh,log_cosh,riemannian,riemannian,0,13,2,100.0,1.0,0.1,16,3000,0.0030644844289804,0.0021456118564433,0.0029197651292606,0.0054889372704973,600,0
log_cosh,log_cosh,riemannian,riemannian,0,14,2,100.0,1.0,0.1,16,3000,0.0033797158615931,0.0022095994278412,0.0034838285942079,0.0078128019246754,600,0
log_cosh,log_cosh,riemannian,riemannian,0,15,2,100.0,1.0,0.1,16,3000,0.003732054516161,0.002650122019089,0.003667105557454,0.0077916902474957,600,0
log_cosh,log_cosh,riemannian,riemannian,0,16,2,100.0,1.0,0.1,16,3000,0.0035083098222754,0.0026346617152295,0.0032084429140875,0.0085433547941899,600,0
log_cosh,log_cosh,riemannian,riemannian,0,17,2,100.0,1.0,0.1,16,3000,0.0034732462269826,0.0022493815568402,0.003651952021018,0.0032504693333814,600,0
log_cosh,log_cosh,riemannian,riemannian,0,18,2,100.0,1.0,0.1,16,3000,0.0036921147161907,0.0025113817799327,0.0036906490665564,0.0014174294829141,600,0
log_cosh,log_cosh,riemannian,riemannian,0,19,2,100.0,1.0,0.1,16,3000,0.0030975532884579,0.0020446624249936,0.0032491230882698,0.0001397161624066,600,0
log_cosh,log_cosh,kl,kl,0,0,2,100.0,1.0,0.1,16,3000,0.0031767827633299,0.0023184565525022,0.0030869278588872,0.0017864961492226,600,0
log_cosh,log_cosh,kl,kl,0,1,2,100.0,1.0,0.1,16,3000,0.0030198920840523,0.0022001032785516,0.0030504674307946,0.001480645981216,600,0
log_cosh,log_cosh,kl,kl,0,2,2,100.0,1.0,0.1,16,3000,0.0027302397671439,0.0022230349311638,0.0023085607879406,0.000637565114264,600,0
log_cosh,log_cosh,kl,kl,0,3,2,100.0,1.0,0.1,16,3000,0.0036864410963702,0.0025303215936705,0.0035196215162116,0.0022709895608614,600,0
log_cosh,log_cosh,kl,kl,0,4,2,100.0,1.0,0.1,16,3000,0.0034115954855621,0.0023054629058827,0.0036409423043165,0.0077336743118858,600,0
log_cosh,log_cosh,kl,kl,0,5,2,100.0,1.0,0.1,16,3000,0.0034785145136094,0.0023828527647384,0.0034894877573094,0.0002782010686157,600,0
log_cosh,log_cosh,kl,kl,0,6,2,100.0,1.0,0.1,16,3000,0.0026328787541442,0.0019076877557349,0.0024151417066706,0.0041942284545521,600,0
log_cosh,log_cosh,kl,kl,0,7,2,100.0,1.0,0.1,16,3000,0.0035961228502526,0.0023058886851152,0.0039579279933881,0.0004028089822383,600,0
log_cosh,log_cosh,kl,kl,0,8,2,100.0,1.0,0.1,16,3000,0.0033567312130246,0.0023024449603494,0.0031421824862763,0.0006726074677634,600,0
log_cosh,log_cosh,kl,kl,0,9,2,100.0,1.0,0.1,16,3000,0.0036523100259642,0.0025526646152649,0.0033450055071242,0.0059394562764474,600,0
log_cosh,log_cosh,kl,kl,0,10,2,100.0,1.0,0.1,16,3000,0.0029474860820182,0.0020930390891491,0.0026835210979085,0.0001888324837535,600,0
log_cosh,log_cosh,kl,kl,0,11,2,100.0,1.0,0.1,16,3000,0.00362739753723,0.002492835879599,0.0034485618777809,0.0010147444017123,600,0
log_cosh,log_cosh,kl,kl,0,12,2,100.0,1.0,0.1,16,3000,0.0034462888341858,0.0023932637502006,0.0036912684256082,0.0016178923556515,600,0
log_cosh,log_cosh,kl,kl,0,13,2,100.0,1.0,0.1,16,3000,0.0030624108633897,0.0021412090711649,0.0029201098786987,0.0054787189887175,600,0
log_cosh,log_cosh,kl,kl,0,14,2,100.0,1.0,0.1,16,3000,0.0033783342173975,0.0022049598741435,0.0034839496408922,0.0078120278697371,600,0
log_cosh,log_cosh,kl,kl,0,15,2,100.0,1.0,0.1,16,3000,0.0037318241797331,0.0026505988819056,0.003669146943591,0.0077917956668267,600,0
log_cosh,log_cosh,kl,kl,0,16,2,100.0,1.0,0.1,16,3000,0.0035067585879677,0.002631091100655,0.0032084778398527,0.0085429215789964,600,0
log_cosh,log_cosh,kl,kl,0,17,2,100.0,1.0,0.1,16,3000,0.0034718816358389,0.0022451280959669,0.0036522272577052,0.0032509394994364,600,0
log_cosh,log_cosh,kl,kl,0,18,2,100.0,1.0,0.1,16,3000,0.0036904720717532,0.0025105669763778,0.0036926673545845,0.0014187301797425,600,0
log_cosh,log_cosh,kl,kl,0,19,2,100.0,1.0,0.1,16,3000,0.0030951307465275,0.0020421817649098,0.0032481580794461,0.0001225098154091,600,0
log_cosh,log_cosh,riemannian,riemannian,0,0,8,10.0,0.1,0.1,1,3000,0.2095496916472996,0.1845573881226805,0.1170294494150753,0.2180923743336933,600,0
log_cosh,log_cosh,riemannian,riemannian,0,1,8,10.0,0.1,0.1,1,3000,0.1971433345908881,0.1852401436696622,0.0901540321209443,0.2125121832993741,600,0
log_cosh,log_cosh,riemannian,riemannian,0,2,8,10.0,0.1,0.1,1,3000,0.2020882535924513,0.1887176883984391,0.1041125802408438,0.317214343336083,600,0
log_cosh,log_cosh,riemannian,riemannian,0,3,8,10.0,0.1,0.1,1,3000,0.1916120997441562,0.1738023531765709,0.0892818327066957,0.085591552247326,600,0
log_cosh,log_cosh,riemannian,riemannian,0,4,8,10.0,0.1,0.1,1,3000,0.2005625282317166,0.1876701052747398,0.0911839966579402,0.2610606608193286,600,0
log_cosh,log_cosh,riemannian,riemannian,0,5,8,10.0,0.1,0.1,1,3000,0.2116404571187504,0.1963569297694203,0.0966083204041029,0.235750823645537,600,0
log_cosh,log_cosh,riemannian,riemannian,0,6,8,10.0,0.1,0.1,1,3000,0.2061365254697477,0.1940503665253032,0.1068208456622739,0.3010838899874279,600,0
log_cosh,log_cosh,riemannian,riemannian,0,7,8,10.0,0.1,0.1,1,3000,0.224924341635916,0.1924044510721456,0.1274282319797373,0.185093380107002,600,0
log_cosh,log_cosh,riemannian,riemannian,0,8,8,10.0,0.1,0.1,1,3000,0.2344065827690624,0.2253244164889452,0.1126256182952167,0.3009372134246515,600,0
log_cosh,log_cosh,riemannian,riemannian,0,9,8,10.0,0.1,0.1,1,3000,0.19528135595201,0.1757161875189572,0.0965255329517503,0.2993734430595829,600,0
log_cosh,log_cosh,riemannian,riemannian,0,10,8,10.0,0.1,0.1,1,3000,0.2030228770402804,0.179573316200833,0.1100563182464225,0.5498185242993863,600,0
log_cosh,log_cosh,riemannian,riemannian,0,11,8,10.0,0.1,0.1,1,3000,0.1907219634928275,0.1759856886605053,0.0882981612519433,0.1652562738179313,600,0
log_cosh,log_cosh,riemannian,riemannian,0,12,8,10.0,0.1,0.1,1,3000,0.2129999470018517,0.1982469174054983,0.1067247467341419,0.1086902321245624,600,0
log_cosh,log_cosh,riemannian,riemannian,0,13,8,10.0,0.1,0.1,1,3000,0.1952870246556448,0.1833723525519,0.0955817648224351,0.0275635346995866,600,0
log_cosh,log_cosh,riemannian,riemannian,0,14,8,10.0,0.1,0.1,1,3000,0.2119421032168321,0.1960274615222195,0.1073556195882553,0.2786796603348698,600,0
log_cosh,log_cosh,riemannian,riemannian,0,15,8,10.0,0.1,0.1,1,3000,0.1945310322258291,0.1817179629811027,0.0933772148209078,0.1322875492581836,600,0
log_cosh,log_cosh,riemannian,riemannian,0,16,8,10.0,0.1,0.1,1,3000,0.2207207171685094,0.2109885558486919,0.1038457746123665,0.1509594006895422,600,0
log_cosh,log_cosh,riemannian,riemannian,0,17,8,10.0,0.1,0.1,1,3000,0.2361681564865274,0.2328350608724676,0.1040797102670054,0.3412848888597075,600,0
log_cosh,log_cosh,riemannian,riemannian,0,18,8,10.0,0.1,0.1,1,3000,0.2102953664145855,0.1866486331662731,0.1132471989462524,0.1254353445760898,600,0
log_cosh,log_cosh,riemannian,riemannian,0,19,8,10.0,0.1,0.1,1,3000,0.233380129431747,0.2163094452366891,0.1120100748568716,0.1423683601332133,600,0
log_cosh,log_cosh,kl,kl,0,0,8,10.0,0.1,0.1,1,3000,0.2095465967826095,0.1845069112263235,0.1170063714731299,0.2180652241222009,600,0
log_cosh,log_cosh,kl,kl,0,1,8,10.0,0.1,0.1,1,3000,0.1971518778823439,0.1852723221895083,0.0901566165156684,0.2125177674277516,600,0
log_cosh,log_cosh,kl,kl,0,2,8,10.0,0.1,0.1,1,3000,0.2020803369039034,0.1887413603589589,0.1041052731608023,0.3172296933474747,600,0
log_cosh,log_cosh,kl,kl,0,3,8,10.0,0.1,0.1,1,3000,0.191620496459636,0.1737944783416303,0.0892973556004525,0.0856780222295761,600,0
log_cosh,log_cosh,kl,kl,0,4,8,10.0,0.1,0.1,1,3000,0.2005629498911897,0.1876831626331281,0.0911819037874634,0.2609863703652912,600,0
log_cosh,log_cosh,kl,kl,0,5,8,10.0,0.1,0.1,1,3000,0.2116454024521507,0.1963509896469526,0.0966094378088194,0.2357082250007316,600,0
log_cosh,log_cosh,kl,kl,0,6,8,10.0,0.1,0.1,1,3000,0.2061453153149971,0.1940954886079868,0.1068169417612655,0.3011772243060484,600,0
log_cosh,log_cosh,kl,kl,0,7,8,10.0,0.1,0.1,1,3000,0.2249155845277207,0.1923992511202907,0.1274057672538722,0.1851150290280916,600,0
log_cosh,log_cosh,kl,kl,0,8,8,10.0,0.1,0.1,1,3000,0.2344179791966993,0.2253140183843278,0.1126340738548156,0.3008576267118101,600,0
log_cosh,log_cosh,kl,kl,0,9,8,10.0,0.1,0.1,1,3000,0.1952791783155045,0.1757310989239009,0.096523050338516,0.2994760240829812,600,0
log_cosh,log_cosh,kl,kl,0,10,8,10.0,0.1,0.1,1,3000,0.2030243586153734,0.179547709048375,0.1100524041068172,0.5498721910378936,600,0
log_cosh,log_cosh,kl,kl,0,11,8,10.0,0.1,0.1,1,3000,0.1907308721672672,0.1760290565004325,0.0883061981404648,0.1652169412004021,600,0
log_cosh,log_cosh,kl,kl,0,12,8,10.0,0.1,0.1,1,3000,0.2129983682215259,0.1982445652984541,0.1067179200205771,0.1086616416858117,600,0
log_cosh,log_cosh,kl,kl,0,13,8,10.0,0.1,0.1,1,3000,0.1952921114833072,0.1833513235502577,0.0955861289204919,0.0275800428513743,600,0
log_cosh,log_cosh,kl,kl,0,14,8,10.0,0.1,0.1,1,3000,0.2119475817392081,0.1959958841997853,0.1073599233481145,0.2786747804456588,600,0
log_cosh,log_cosh,kl,kl,0,15,8,10.0,0.1,0.1,1,3000,0.1945358309445476,0.1817208382273207,0.0933791180435924,0.132354592874293,600,0
log_cosh,log_cosh,kl,kl,0,16,8,10.0,0.1,0.1,1,3000,0.2207246006482056,0.2109870475723587,0.103846050392607,0.1509619166247429,600,0
log_cosh,log_cosh,kl,kl,0,17,8,10.0,0.1,0.1,1,3000,0.2361676996708937,0.2328181423413999,0.104079935221901,0.3412104598267031,600,0
log_cosh,log_cosh,kl,kl,0,18,8,10.0,0.1,0.1,1,3000,0.210298304203235,0.1866633241560347,0.113246977903593,0.1254730245248723,600,0
log_cosh,log_cosh,kl,kl,0,19,8,10.0,0.1,0.1,1,3000,0.233397120819205,0.2163248794078285,0.1120167420822464,0.1424080383847314,600,0
log_cosh,log_cosh,riemannian,riemannian,0,0,8,10.0,0.1,0.1,4,3000,0.0561911593159857,0.0539215303499123,0.025797719841255,0.0631976748843428,600,0
log_cosh,log_cosh,riemannian,riemannian,0,1,8,10.0,0.1,0.1,4,3000,0.0499686271705719,0.0454970165916748,0.0262417300078874,0.0294099506601419,600,0
log_cosh,log_cosh,riemannian,riemannian,0,2,8,10.0,0.1,0.1,4,3000,0.0503888732006945,0.0455173460766022,0.025243159746095,0.0289738985993643,600,0
log_cosh,log_cosh,riemannian,riemannian,0,3,8,10.0,0.1,0.1,4,3000,0.0547636258554739,0.0481989466752503,0.0291694616416078,0.0644459513448154,600,0
log_cosh,log_cosh,riemannian,riemannian,0,4,8,10.0,0.1,0.1,4,3000,0.0513730882237211,0.0479379432761231,0.0236001289170294,0.0953381188772262,600,0
log_cosh,log_cosh,riemannian,riemannian,0,5,8,10.0,0.1,0.1,4,3000,0.0582451481692421,0.0551773445487633,0.0295108999760095,0.0316940296272072,600,0
log_cosh,log_cosh,riemannian,riemannian,0,6,8,10.0,0.1,0.1,4,3000,0.0525276069383735,0.050373138080161,0.0247454453544836,0.0202507449829738,600,0
log_cosh,log_cosh,riemannian,riemannian,0,7,8,10.0,0.1,0.1,4,3000,0.0547547144476193,0.0495963362444147,0.0254339095377768,0.0615633757141154,600,0
log_cosh,log_cosh,riemannian,riemannian,0,8,8,10.0,0.1,0.1,4,3000,0.0522273811234357,0.0499872855602996,0.0239212719008031,0.0722937697894501,600,0
log_cosh,log_cosh,riemannian,riemannian,0,9,8,10.0,0.1,0.1,4,3000,0.054640625388052,0.0514357182009286,0.0282016638149063,0.047918824841691,600,0
log_cosh,log_cosh,riemannian,riemannian,0,10,8,10.0,0.1,0.1,4,3000,0.0550364617841278,0.0505385031106575,0.031140457361767,0.0625311669538284,600,0
log_cosh,log_cosh,riemannian,riemannian,0,11,8,10.0,0.1,0.1,4,3000,0.0526747863459428,0.0480573709183564,0.0268695824749862,0.0108712581968433,600,0
log_cosh,log_cosh,riemannian,riemannian,0,12,8,10.0,0.1,0.1,4,3000,0.0544221303698258,0.0459425873557028,0.0283734119092821,0.1015265021966271,600,0
log_cosh,log_cosh,riemannian,riemannian,0,13,8,10.0,0.1,0.1,4,3000,0.0503980544606333,0.0447409808432475,0.0242003101749515,0.0508852820849305,600,0
log_cosh,log_cosh,riemannian,riemannian,0,14,8,10.0,0.1,0.1,4,3000,0.0507164520924799,0.046486880986496,0.023530923178232,0.0701765518584593,600,0
log_cosh,log_cosh,riemannian,riemannian,0,15,8,10.0,0.1,0.1,4,3000,0.0538006451875902,0.0498521255003598,0.0241030319528196,0.0284556405556841,600,0
log_cosh,log_cosh,riemannian,riemannian,0,16,8,10.0,0.1,0.1,4,3000,0.0531074420165979,0.0478297390292725,0.026439286117914,0.0656607510478881,600,0
log_cosh,log_cosh,riemannian,riemannian,0,17,8,10.0,0.1,0.1,4,3000,0.0602430209379119,0.0562162768207592,0.0283783350474662,0.0677748984826926,600,0
log_cosh,log_cosh,riemannian,riemannian,0,18,8,10.0,0.1,0.1,4,3000,0.0519557606491537,0.0469988886094414,0.0263488508502734,0.0964858284563909,600,0
log_cosh,log_cosh,riemannian,riemannian,0,19,8,10.0,0.1,0.1,4,3000,0.0488864527836914,0.0445978539424878,0.0241174993654587,0.0334014945209339,600,0
log_cosh,log_cosh,kl,kl,0,0,8,10.0,0.1,0.1,4,3000,0.0561914088958698,0.053922761257775,0.0257988368464479,0.0631945268155362,600,0
log_cosh,log_cosh,kl,kl,0,1,8,10.0,0.1,0.1,4,3000,0.0499685961747262,0.0454946655337771,0.0262416750942485,0.0294189216414135,600,0
log_cosh,log_cosh,kl,kl,0,2,8,10.0,0.1,0.1,4,3000,0.0503880162219587,0.0455160679925583,0.0252421144888977,0.0289744329541221,600,0
log_cosh,log_cosh,kl,kl,0,3,8,10.0,0.1,0.1,4,3000,0.054763364315311,0.0481995149667247,0.029168356675915,0.0644540092677985,600,0
log_cosh,log_cosh,kl,kl,0,4,8,10.0,0.1,0.1,4,3000,0.0513737247630463,0.0479366081612253,0.0236008755008636,0.0953372084647057,600,0
log_cosh,log_cosh,kl,kl,0,5,8,10.0,0.1,0.1,4,3000,0.0582463274227705,0.0551756410678354,0.0295117043381837,0.0316949403861492,600,0
log_cosh,log_cosh,kl,kl,0,6,8,10.0,0.1,0.1,4,3000,0.0525269261976,0.0503704656858481,0.0247447538850458,0.0202469518888044,600,0
log_cosh,log_cosh,kl,kl,0,7,8,10.0,0.1,0.1,4,3000,0.0547536918148644,0.0495986114256972,0.0254338979679834,0.0615467643429656,600,0
log_cosh,log_cosh,kl,kl,0,8,8,10.0,0.1,0.1,4,3000,0.0522271633423613,0.0499852805266431,0.0239206321257398,0.0722897885395088,600,0
log_cosh,log_cosh,kl,kl,0,9,8,10.0,0.1,0.1,4,3000,0.0546403097752927,0.0514330107385152,0.0282015767267785,0.0479290574155832,600,0
log_cosh,log_cosh,kl,kl,0,10,8,10.0,0.1,0.1,4,3000,0.0550376007479145,0.0505411105613085,0.0311417476379189,0.0625313189940115,600,0
log_cosh,log_cosh,kl,kl,0,11,8,10.0,0.1,0.1,4,3000,0.0526738230150939,0.0480586084710026,0.026869541692158,0.010870902554366,600,0
log_cosh,log_cosh,kl,kl,0,12,8,10.0,0.1,0.1,4,3000,0.0544228649722586,0.0459416105973655,0.0283734692786204,0.101530216937558,600,0
log_cosh,log_cosh,kl,kl,0,13,8,10.0,0.1,0.1,4,3000,0.0503982436998899,0.0447404358295751,0.0242016857002679,0.0508880765613888,600,0
log_cosh,log_cosh,kl,kl,0,14,8,10.0,0.1,0.1,4,3000,0.050715665707718,0.0464871132035611,0.0235301621588686,0.0701790336900671,600,0
log_cosh,log_cosh,kl,kl,0,15,8,10.0,0.1,0.1,4,3000,0.0538012961850959,0.0498588410608986,0.0241035524196115,0.0284560817623535,600,0
log_cosh,log_cosh,kl,kl,0,16,8,10.0,0.1,0.1,4,3000,0.0531073919104248,0.0478385854485194,0.0264388886635154,0.0656473538286697,600,0
log_cosh,log_cosh,kl,kl,0,17,8,10.0,0.1,0.1,4,3000,0.0602403943845245,0.0562100874581945,0.0283761744658453,0.0677764209732458,600,0
log_cosh,log_cosh,kl,kl,0,18,8,10.0,0.1,0.1,4,3000,0.0519558478906814,0.0469983242929776,0.0263493354823343,0.0964920384616476,600,0
log_cosh,log_cosh,kl,kl,0,19,8,10.0,0.1,0.1,4,3000,0.0488863927130576,0.0446018175567415,0.0241163765170563,0.0334050084459178,600,0
log_cosh,log_cosh,riemannian,riemannian,0,0,8,10.0,0.1,0.1,16,3000,0.0141249934643405,0.0129016087475131,0.0066591620544888,0.0026528554488134,600,0
log_cosh,log_cosh,riemannian,riemannian,0,1,8,10.0,0.1,0.1,16,3000,0.0120828947379258,0.0110021823755648,0.0067091819836224,0.0059479048281438,600,0
log_cosh,log_cosh,riemannian,riemannian,0,2,8,10.0,0.1,0.1,16,3000,0.0142950680402859,0.0131043462770241,0.0068626546281532,0.0067971965473994,600,0
log_cosh,log_cosh,riemannian,riemannian,0,3,8,10.0,0.1,0.1,16,3000,0.0124512265299091,0.0115320988068088,0.0064204066123023,0.0185043673414142,600,0
log_cosh,log_cosh,riemannian,riemannian,0,4,8,10.0,0.1,0.1,16,3000,0.0122703325394622,0.0114439204297616,0.0061441812613956,0.0130225643269632,600,0
log_cosh,log_cosh,riemannian,riemannian,0,5,8,10.0,0.1,0.1,16,3000,0.0125500458986178,0.0110611572560266,0.0070075690625814,0.0089879726901163,600,0
log_cosh,log_cosh,riemannian,riemannian,0,6,8,10.0,0.1,0.1,16,3000,0.0133622951447193,0.0125634160618366,0.0066104368945355,0.0070960537688939,600,0
log_cosh,log_cosh,riemannian,riemannian,0,7,8,10.0,0.1,0.1,16,3000,0.0121799633798181,0.0115435034897268,0.0053266120344712,0.0205038778676538,600,0
log_cosh,log_cosh,riemannian,riemannian,0,8,8,10.0,0.1,0.1,16,3000,0.0116850148992387,0.0107240172783402,0.0059461640405594,0.0185056872092879,600,0
log_cosh,log_cosh,riemannian,riemannian,0,9,8,10.0,0.1,0.1,16,3000,0.0137749770062586,0.0122148421014314,0.0068212843374429,0.0146828907380083,600,0
log_cosh,log_cosh,riemannian,riemannian,0,10,8,10.0,0.1,0.1,16,3000,0.0130059754711387,0.0122865966008633,0.0062297427780958,0.0159493108854213,600,0
log_cosh,log_cosh,riemannian,riemannian,0,11,8,10.0,0.1,0.1,16,3000,0.0132480013586427,0.0121323771269787,0.0064754165278581,0.0296275210865282,600,0
log_cosh,log_cosh,riemannian,riemannian,0,12,8,10.0,0.1,0.1,16,3000,0.0128917059100902,0.0121315155535146,0.0064347629303786,0.0166714163660763,600,0
log_cosh,log_cosh,riemannian,riemannian,0,13,8,10.0,0.1,0.1,16,3000,0.0126287701202094,0.0116411500594573,0.0065395790623916,0.0087253169070535,600,0
log_cosh,log_cosh,riemannian,riemannian,0,14,8,10.0,0.1,0.1,16,3000,0.0137340469850762,0.0125297155135797,0.0066880251573259,0.0160908487990028,600,0
log_cosh,log_cosh,riemannian,riemannian,0,15,8,10.0,0.1,0.1,16,3000,0.0143287324456517,0.0134489214729169,0.0066488878263736,0.0111788579861382,600,0
log_cosh,log_cosh,riemannian,riemannian,0,16,8,10.0,0.1,0.1,16,3000,0.012785136141531,0.0119549805954486,0.0063466088957422,0.0083473409318663,600,0
log_cosh,log_cosh,riemannian,riemannian,0,17,8,10.0,0.1,0.1,16,3000,0.0138049917789932,0.0130727266505594,0.0061878260475545,0.0154904549597052,600,0
log_cosh,log_cosh,riemannian,riemannian,0,18,8,10.0,0.1,0.1,16,3000,0.0135556083354213,0.0125516301497459,0.0066013334361609,0.0140383919544699,600,0
log_cosh,log_cosh,riemannian,riemannian,0,19,8,10.0,0.1,0.1,16,3000,0.0126077597018424,0.0117529029725176,0.0063346128280455,0.0063837719698796,600,0
log_cosh,log_cosh,kl,kl,0,0,8,10.0,0.1,0.1,16,3000,0.0141249797303681,0.0129013831346487,0.006659075363678,0.0026526619650262,600,0
log_cosh,log_cosh,kl,kl,0,1,8,10.0,0.1,0.1,16,3000,0.012082825477715,0.0110013790600849,0.0067093546829972,0.0059477047850524,600,0
log_cosh,log_cosh,kl,kl,0,2,8,10.0,0.1,0.1,16,3000,0.0142949866353864,0.0131039570129392,0.0068626768044642,0.0067973259888347,600,0
log_cosh,log_cosh,kl,kl,0,3,8,10.0,0.1,0.1,16,3000,0.0124511051536956,0.0115316358047428,0.0064203927592479,0.0185024296199323,600,0
log_cosh,log_cosh,kl,kl,0,4,8,10.0,0.1,0.1,16,3000,0.0122703124930185,0.0114438284204778,0.0061441590982487,0.0130228298989791,600,0
log_cosh,log_cosh,kl,kl,0,5,8,10.0,0.1,0.1,16,3000,0.0125499756508617,0.0110611008621672,0.0070075621983671,0.0089883223585012,600,0
log_cosh,log_cosh,kl,kl,0,6,8,10.0,0.1,0.1,16,3000,0.0133622925632174,0.0125635089491824,0.0066102844784317,0.0070959635162797,600,0
log_cosh,log_cosh,kl,kl,0,7,8,10.0,0.1,0.1,16,3000,0.0121798601616265,0.0115433688051957,0.0053265957342085,0.0205046522392926,600,0
log_cosh,log_cosh,kl,kl,0,8,8,10.0,0.1,0.1,16,3000,0.011684806261764,0.0107233809852527,0.0059461460371652,0.0185054029449283,600,0
log_cosh,log_cosh,kl,kl,0,9,8,10.0,0.1,0.1,16,3000,0.0137749971031955,0.0122139690914533,0.0068213026914838,0.0146847529073674,600,0
log_cosh,log_cosh,kl,kl,0,10,8,10.0,0.1,0.1,16,3000,0.0130059654698841,0.0122856631546479,0.0062297247878065,0.0159489752032584,600,0
log_cosh,log_cosh,kl,kl,0,11,8,10.0,0.1,0.1,16,3000,0.0132479839799951,0.0121325840768307,0.0064755323189757,0.0296276537585118,600,0
log_cosh,log_cosh,kl,kl,0,12,8,10.0,0.1,0.1,16,3000,0.0128917925249785,0.0121311989160481,0.0064349337351243,0.0166712777554529,600,0
log_cosh,log_cosh,kl,kl,0,13,8,10.0,0.1,0.1,16,3000,0.0126286471329127,0.0116405787749096,0.0065395490274297,0.0087259402424564,600,0
log_cosh,log_cosh,kl,kl,0,14,8,10.0,0.1,0.1,16,3000,0.0137340455552937,0.0125304664262433,0.0066878791109119,0.0160912351326416,600,0
log_cosh,log_cosh,kl,kl,0,15,8,10.0,0.1,0.1,16,3000,0.0143286242823102,0.0134480932521894,0.0066489427722171,0.0111784899206792,600,0
log_cosh,log_cosh,kl,kl,0,16,8,10.0,0.1,0.1,16,3000,0.012784916725948,0.0119552138827465,0.0063466155925349,0.008347300744699,600,0
log_cosh,log_cosh,kl,kl,0,17,8,10.0,0.1,0.1,16,3000,0.0138049299227474,0.0130727440257825,0.0061877955227817,0.0154913463390649,600,0
log_cosh,log_cosh,kl,kl,0,18,8,10.0,0.1,0.1,16,3000,0.0135554876496369,0.0125516626503925,0.0066012705337522,0.0140383609534602,600,0
log_cosh,log_cosh,kl,kl,0,19,8,10.0,0.1,0.1,16,3000,0.0126077052311565,0.0117525186393505,0.0063346299999365,0.0063835629949196,600,0
log_cosh,log_cosh,riemannian,riemannian,0,0,8,10.0,1.0,0.1,1,3000,0.207661203497207,0.1894598178222635,0.1029216106672367,0.2740410134877962,600,0
log_cosh,log_cosh,riemannian,riemannian,0,1,8,10.0,1.0,0.1,1,3000,0.2092156158058178,0.1971178125727082,0.1007196507582333,0.160237382572161,600,0
log_cosh,log_cosh,riemannian,riemannian,0,2,8,10.0,1.0,0.1,1,3000,0.2423124590802204,0.2157386426690628,0.1260233714488377,0.2820664263008012,600,0
log_cosh,log_cosh,riemannian,riemannian,0,3,8,10.0,1.0,0.1,1,3000,0.2256377092938016,0.2165834409723794,0.1054714039594143,0.134426251693787,600,0
log_cosh,log_cosh,riemannian,riemannian,0,4,8,10.0,1.0,0.1,1,3000,0.1973404866610608,0.1806569579098482,0.1037207112846374,0.2423200940748824,600,0
log_cosh,log_cosh,riemannian,riemannian,0,5,8,10.0,1.0,0.1,1,3000,0.2269541755765348,0.2199129739750933,0.0921543329983546,0.2398646058380897,600,0
log_cosh,log_cosh,riemannian,riemannian,0,6,8,10.0,1.0,0.1,1,3000,0.2033628304737814,0.1883551559101226,0.0990508670440199,0.3171053566366559,600,0
log_cosh,log_cosh,riemannian,riemannian,0,7,8,10.0,1.0,0.1,1,3000,0.2053989721496634,0.1899931073883305,0.0994036843453395,0.2494964603542762,600,0
log_cosh,log_cosh,riemannian,riemannian,0,8,8,10.0,1.0,0.1,1,3000,0.2003947107711526,0.1870476897698498,0.0990118397522515,0.2582711765835075,600,0
log_cosh,log_cosh,riemannian,riemannian,0,9,8,10.0,1.0,0.1,1,3000,0.2154336864817713,0.1995602293397453,0.0995527516106841,0.1904660154879174,600,0
log_cosh,log_cosh,riemannian,riemannian,0,10,8,10.0,1.0,0.1,1,3000,0.2160331779358713,0.201501122849506,0.0985273003261688,0.1524399441488562,600,0
log_cosh,log_cosh,riemannian,riemannian,0,11,8,10.0,1.0,0.1,1,3000,0.2260412806197607,0.1999010080288794,0.1203040151424417,0.0936917828717369,600,0
log_cosh,log_cosh,riemannian,riemannian,0,12,8,10.0,1.0,0.1,1,3000,0.1729673327487539,0.1602662840179096,0.0856651449497742,0.2590723183250887,600,0
log_cosh,log_cosh,riemannian,riemannian,0,13,8,10.0,1.0,0.1,1,3000,0.2138765190417152,0.2018264607842592,0.093370801311111,0.1885735423882479,600,0
log_cosh,log_cosh,riemannian,riemannian,0,14,8,10.0,1.0,0.1,1,3000,0.2314644803998005,0.2155840274986857,0.1189267001700097,0.3380295246109632,600,0
log_cosh,log_cosh,riemannian,riemannian,0,15,8,10.0,1.0,0.1,1,3000,0.1973429414628627,0.1897693387281682,0.0971017508498352,0.1342974685343954,600,0
log_cosh,log_cosh,riemannian,riemannian,0,16,8,10.0,1.0,0.1,1,3000,0.2036741781548366,0.1841063854031475,0.1051410659476941,0.2354586945533121,600,0
log_cosh,log_cosh,riemannian,riemannian,0,17,8,10.0,1.0,0.1,1,3000,0.2270196492273893,0.2112756939829676,0.1066570645908481,0.1669610996036503,600,0
log_cosh,log_cosh,riemannian,riemannian,0,18,8,10.0,1.0,0.1,1,3000,0.2255645859263289,0.2123040429122848,0.1027172877730705,0.2059914450533,600,0
log_cosh,log_cosh,riemannian,riemannian,0,19,8,10.0,1.0,0.1,1,3000,0.1910382210193994,0.1754921620976368,0.098599862441286,0.2720724571993536,600,0
log_cosh,log_cosh,kl,kl,0,0,8,10.0,1.0,0.1,1,3000,0.2077264284430424,0.1894547268569333,0.1029618213306419,0.2743460373723536,600,0
log_cosh,log_cosh,kl,kl,0,1,8,10.0,1.0,0.1,1,3000,0.2093389123287135,0.1969719112708521,0.1008347128748681,0.1602037777407154,600,0
log_cosh,log_cosh,kl,kl,0,2,8,10.0,1.0,0.1,1,3000,0.2424256731906819,0.2158043775600262,0.1260454384179347,0.2824828640635779,600,0
log_cosh,log_cosh,kl,kl,0,3,8,10.0,1.0,0.1,1,3000,0.2256990700503486,0.2167930750150724,0.1055486739015525,0.1342362065293709,600,0
log_cosh,log_cosh,kl,kl,0,4,8,10.0,1.0,0.1,1,3000,0.1974628155908437,0.1803948983987515,0.103868626352251,0.2425167801621395,600,0
log_cosh,log_cosh,kl,kl,0,5,8,10.0,1.0,0.1,1,3000,0.2270056857328771,0.220114114410995,0.0921820066311836,0.2393941286354586,600,0
log_cosh,log_cosh,kl,kl,0,6,8,10.0,1.0,0.1,1,3000,0.20343376802028,0.1881884825311131,0.0991203187059427,0.3167294032607355,600,0
log_cosh,log_cosh,kl,kl,0,7,8,10.0,1.0,0.1,1,3000,0.2055047888827635,0.1907404961957812,0.0994342946412888,0.2498114981629697,600,0
log_cosh,log_cosh,kl,kl,0,8,8,10.0,1.0,0.1,1,3000,0.2004202989821095,0.1869043984599034,0.0990080550561448,0.2586375457158461,600,0
log_cosh,log_cosh,kl,kl,0,9,8,10.0,1.0,0.1,1,3000,0.2155272932472018,0.1997203764617978,0.0996086033730851,0.1910582591243876,600,0
log_cosh,log_cosh,kl,kl,0,10,8,10.0,1.0,0.1,1,3000,0.2161657020517736,0.2014896057000816,0.0986567567745948,0.1523686710603637,600,0
log_cosh,log_cosh,kl,kl,0,11,8,10.0,1.0,0.1,1,3000,0.226101961049114,0.1998558619448687,0.1203990239797137,0.0937577997589471,600,0
log_cosh,log_cosh,kl,kl,0,12,8,10.0,1.0,0.1,1,3000,0.1730265053334747,0.1601983825280299,0.0857192029458215,0.2589994131911943,600,0
log_cosh,log_cosh,kl,kl,0,13,8,10.0,1.0,0.1,1,3000,0.2139732748665417,0.2023065494222287,0.0933797677000069,0.1887542567492328,600,0
log_cosh,log_cosh,kl,kl,0,14,8,10.0,1.0,0.1,1,3000,0.2315540480247546,0.2161314977238078,0.1189676017207799,0.3378491638367453,600,0
log_cosh,log_cosh,kl,kl,0,15,8,10.0,1.0,0.1,1,3000,0.1974597429425462,0.1899336131795248,0.0971247256378359,0.1341247849225979,600,0
log_cosh,log_cosh,kl,kl,0,16,8,10.0,1.0,0.1,1,3000,0.203773158341864,0.1848779877086723,0.1051993382154081,0.2356580098092848,600,0
log_cosh,log_cosh,kl,kl,0,17,8,10.0,1.0,0.1,1,3000,0.2270598992779038,0.2114867762614007,0.1067220242156204,0.1673682855892266,600,0
log_cosh,log_cosh,kl,kl,0,18,8,10.0,1.0,0.1,1,3000,0.2256229562172582,0.2125955431603063,0.1027574210370511,0.2057259645918243,600,0
log_cosh,log_cosh,kl,kl,0,19,8,10.0,1.0,0.1,1,3000,0.1910895191416872,0.1756061076114479,0.0986393744252247,0.2725112496627435,600,0
log_cosh,log_cosh,riemannian,riemannian,0,0,8,10.0,1.0,0.1,4,3000,0.0495775125273759,0.0460254185078747,0.0259367553945834,0.012935578884635,600,0
log_cosh,log_cosh,riemannian,riemannian,0,1,8,10.0,1.0,0.1,4,3000,0.0568231567302872,0.0516458994350816,0.0281020336528387,0.044854951150107,600,0
log_cosh,log_cosh,riemannian,riemannian,0,2,8,10.0,1.0,0.1,4,3000,0.0490393792861428,0.0463242210771008,0.022335132317766,0.0395358925928839,600,0
log_cosh,log_cosh,riemannian,riemannian,0,3,8,10.0,1.0,0.1,4,3000,0.0543628483141987,0.0490240673152087,0.0268404264045318,0.0273029647053029,600,0
log_cosh,log_cosh,riemannian,riemannian,0,4,8,10.0,1.0,0.1,4,3000,0.051894541976566,0.0503359527386901,0.0236432744775319,0.0871353103618979,600,0
log_cosh,log_cosh,riemannian,riemannian,0,5,8,10.0,1.0,0.1,4,3000,0.0554833894206217,0.0528567139235489,0.0259111178244421,0.0771143575010455,600,0
log_cosh,log_cosh,riemannian,riemannian,0,6,8,10.0,1.0,0.1,4,3000,0.0522355384825232,0.0492118676732769,0.0263300555246772,0.025613190754461,600,0
log_cosh,log_cosh,riemannian,riemannian,0,7,8,10.0,1.0,0.1,4,3000,0.0491041890201697,0.0440308172883616,0.0264988038869014,0.0956718814285153,600,0
log_cosh,log_cosh,riemannian,riemannian,0,8,8,10.0,1.0,0.1,4,3000,0.0531066525101594,0.0493825650692123,0.0255760737003068,0.0914852032550221,600,0
log_cosh,log_cosh,riemannian,riemannian,0,9,8,10.0,1.0,0.1,4,3000,0.0498870576148157,0.0448043270439253,0.023469751261398,0.0386647040445318,600,0
log_cosh,log_cosh,riemannian,riemannian,0,10,8,10.0,1.0,0.1,4,3000,0.0541827548549644,0.0465614971119716,0.0311907569296133,0.0468022386731874,600,0
log_cosh,log_cosh,riemannian,riemannian,0,11,8,10.0,1.0,0.1,4,3000,0.0519836555613076,0.0475159375569056,0.0271343957440708,0.0766941390209297,600,0
log_cosh,log_cosh,riemannian,riemannian,0,12,8,10.0,1.0,0.1,4,3000,0.0555024116356325,0.0517335135130414,0.0269560024385702,0.0435061485176504,600,0
log_cosh,log_cosh,riemannian,riemannian,0,13,8,10.0,1.0,0.1,4,3000,0.053007167423837,0.048691825754549,0.0268416923795772,0.0333576656298149,600,0
log_cosh,log_cosh,riemannian,riemannian,0,14,8,10.0,1.0,0.1,4,3000,0.0565201428928726,0.0544819542106917,0.0255721808000901,0.0336657800847586,600,0
log_cosh,log_cosh,riemannian,riemannian,0,15,8,10.0,1.0,0.1,4,3000,0.0513992391819097,0.0477637299534325,0.0237946522573555,0.0601794052537059,600,0
log_cosh,log_cosh,riemannian,riemannian,0,16,8,10.0,1.0,0.1,4,3000,0.0559410852779886,0.0510434197107647,0.0305916577791972,0.1103231752878972,600,0
log_cosh,log_cosh,riemannian,riemannian,0,17,8,10.0,1.0,0.1,4,3000,0.0534934680165021,0.0518655342544125,0.0250676590312343,0.0136401210619006,600,0
log_cosh,log_cosh,riemannian,riemannian,0,18,8,10.0,1.0,0.1,4,3000,0.052826517767593,0.0474335074467164,0.0279265037132787,0.0688711968721804,600,0
log_cosh,log_cosh,riemannian,riemannian,0,19,8,10.0,1.0,0.1,4,3000,0.0563228858848408,0.0532952003936282,0.0237441794179165,0.0290736473925647,600,0
log_cosh,log_cosh,kl,kl,0,0,8,10.0,1.0,0.1,4,3000,0.049574422440209,0.0460182851591257,0.0259404177064325,0.0129243196458084,600,0
log_cosh,log_cosh,kl,kl,0,1,8,10.0,1.0,0.1,4,3000,0.0568137762935298,0.0516038974720443,0.0281020144561745,0.0448798484904937,600,0
log_cosh,log_cosh,kl,kl,0,2,8,10.0,1.0,0.1,4,3000,0.0490306790690016,0.046326750894825,0.0223391078667233,0.0395303725105264,600,0
log_cosh,log_cosh,kl,kl,0,3,8,10.0,1.0,0.1,4,3000,0.0543470338384681,0.049029641450371,0.0268375469569151,0.0272833749498904,600,0
log_cosh,log_cosh,kl,kl,0,4,8,10.0,1.0,0.1,4,3000,0.0518897693928432,0.0502923016223855,0.0236517884842133,0.0870813398820828,600,0
log_cosh,log_cosh,kl,kl,0,5,8,10.0,1.0,0.1,4,3000,0.0554810956861283,0.0528901970852357,0.0259191929155456,0.077123085273854,600,0
log_cosh,log_cosh,kl,kl,0,6,8,10.0,1.0,0.1,4,3000,0.052233870976379,0.0492087773933072,0.0263395300818034,0.0256236560993698,600,0
log_cosh,log_cosh,kl,kl,0,7,8,10.0,1.0,0.1,4,3000,0.049096468484765,0.0440112963340029,0.0264996039820575,0.0957044968783762,600,0
log_cosh,log_cosh,kl,kl,0,8,8,10.0,1.0,0.1,4,3000,0.0531088257999113,0.0494114980298867,0.0255793952005475,0.0914737976542383,600,0
log_cosh,log_cosh,kl,kl,0,9,8,10.0,1.0,0.1,4,3000,0.049879230265758,0.0447924781894402,0.0234691743900767,0.0386147820996889,600,0
log_cosh,log_cosh,kl,kl,0,10,8,10.0,1.0,0.1,4,3000,0.0541829805567746,0.0465269852281649,0.0312022260052968,0.046801980283595,600,0
log_cosh,log_cosh,kl,kl,0,11,8,10.0,1.0,0.1,4,3000,0.0519807686690833,0.0475182497968322,0.0271338927968559,0.0767034298797231,600,0
log_cosh,log_cosh,kl,kl,0,12,8,10.0,1.0,0.1,4,3000,0.0554908464821332,0.0517023184654661,0.0269538823462236,0.04355904740191,600,0
log_cosh,log_cosh,kl,kl,0,13,8,10.0,1.0,0.1,4,3000,0.0530009541030843,0.0486973991400025,0.0268389133005096,0.0333556906473013,600,0
log_cosh,log_cosh,kl,kl,0,14,8,10.0,1.0,0.1,4,3000,0.0565178941080679,0.0545130406142559,0.0255738265775123,0.0337607152017014,600,0
log_cosh,log_cosh,kl,kl,0,15,8,10.0,1.0,0.1,4,3000,0.0513934013449302,0.0477885378141271,0.0237983145886775,0.0601985554478918,600,0
log_cosh,log_cosh,kl,kl,0,16,8,10.0,1.0,0.1,4,3000,0.0559385972290754,0.0509667292061202,0.0305989297825677,0.1105130205230509,600,0
log_cosh,log_cosh,kl,kl,0,17,8,10.0,1.0,0.1,4,3000,0.0534854084276452,0.0518941854017986,0.0250675270747275,0.01358230638602,600,0
log_cosh,log_cosh,kl,kl,0,18,8,10.0,1.0,0.1,4,3000,0.0528210670423719,0.0474292347727249,0.0279245765843941,0.068897392680018,600,0
log_cosh,log_cosh,kl,kl,0,19,8,10.0,1.0,0.1,4,3000,0.0563123846551475,0.0531941158404833,0.0237415800254078,0.0290876329944751,600,0
log_cosh,log_cosh,riemannian,riemannian,0,0,8,10.0,1.0,0.1,16,3000,0.0141209649784518,0.0128016759205804,0.007462055997461,0.0221313118610311,600,0
log_cosh,log_cosh,riemannian,riemannian,0,1,8,10.0,1.0,0.1,16,3000,0.0141845184293259,0.0130334904237008,0.0066302335287369,0.0069975676292877,600,0
log_cosh,log_cosh,riemannian,riemannian,0,2,8,10.0,1.0,0.1,16,3000,0.0134241660272633,0.0121291575616915,0.0072230542413215,0.0118631950776766,600,0
log_cosh,log_cosh,riemannian,riemannian,0,3,8,10.0,1.0,0.1,16,3000,0.0121261922490848,0.0111423967841552,0.0060646074792736,0.0025236213794013,600,0
log_cosh,log_cosh,riemannian,riemannian,0,4,8,10.0,1.0,0.1,16,3000,0.0153069097160461,0.0136955631215558,0.0070686675173971,0.0066420086776766,600,0
log_cosh,log_cosh,riemannian,riemannian,0,5,8,10.0,1.0,0.1,16,3000,0.0130365343747554,0.0120728894466761,0.0069041718896276,0.0109924683195998,600,0
log_cosh,log_cosh,riemannian,riemannian,0,6,8,10.0,1.0,0.1,16,3000,0.0137520073562759,0.012761775057811,0.0064355997551314,0.0086412656110752,600,0
log_cosh,log_cosh,riemannian,riemannian,0,7,8,10.0,1.0,0.1,16,3000,0.0131356631889328,0.0118610235387892,0.0070064657879798,0.011920649242473,600,0
log_cosh,log_cosh,riemannian,riemannian,0,8,8,10.0,1.0,0.1,16,3000,0.0123120737815418,0.011244980955098,0.0062718195509955,0.0066464482083379,600,0
log_cosh,log_cosh,riemannian,riemannian,0,9,8,10.0,1.0,0.1,16,3000,0.0137605049325481,0.0120482896709965,0.0075990173750353,0.0124814719099433,600,0
log_cosh,log_cosh,riemannian,riemannian,0,10,8,10.0,1.0,0.1,16,3000,0.0130397739526283,0.0121034919667391,0.006292595002423,0.0176440810276208,600,0
log_cosh,log_cosh,riemannian,riemannian,0,11,8,10.0,1.0,0.1,16,3000,0.0129900434191174,0.0121253384537096,0.0059728881525083,0.0199982472000517,600,0
log_cosh,log_cosh,riemannian,riemannian,0,12,8,10.0,1.0,0.1,16,3000,0.014265266079872,0.0136729631414462,0.0065086638058588,0.0046683062132437,600,0
log_cosh,log_cosh,riemannian,riemannian,0,13,8,10.0,1.0,0.1,16,3000,0.0144331942664997,0.013010559461156,0.007042647438811,0.0193520918601723,600,0
log_cosh,log_cosh,riemannian,riemannian,0,14,8,10.0,1.0,0.1,16,3000,0.0136754334360119,0.0124177349962764,0.006332641045167,0.0062385117793652,600,0
log_cosh,log_cosh,riemannian,riemannian,0,15,8,10.0,1.0,0.1,16,3000,0.01264488945615,0.011786796709595,0.0062366028142081,0.0178347354177059,600,0
log_cosh,log_cosh,riemannian,riemannian,0,16,8,10.0,1.0,0.1,16,3000,0.012561009133211,0.0116410283321677,0.0059202612675071,0.0041738687808106,600,0
log_cosh,log_cosh,riemannian,riemannian,0,17,8,10.0,1.0,0.1,16,3000,0.0131620710572882,0.0126617610086805,0.0061536133380374,0.0053657497598162,600,0
log_cosh,log_cosh,riemannian,riemannian,0,18,8,10.0,1.0,0.1,16,3000,0.0145323718635278,0.0133503769321983,0.0070214757471147,0.0040607417243627,600,0
log_cosh,log_cosh,riemannian,riemannian,0,19,8,10.0,1.0,0.1,16,3000,0.0139552153059991,0.0130290294322481,0.0067102321794356,0.017697551512068,600,0
log_cosh,log_cosh,kl,kl,0,0,8,10.0,1.0,0.1,16,3000,0.0141178752009257,0.0127992539178789,0.0074632449250286,0.0221319495673029,600,0
log_cosh,log_cosh,kl,kl,0,1,8,10.0,1.0,0.1,16,3000,0.0141810593939281,0.0130242365103905,0.0066304965332296,0.0069938010090204,600,0
log_cosh,log_cosh,kl,kl,0,2,8,10.0,1.0,0.1,16,3000,0.0134218264325537,0.0121246265134766,0.0072241190293633,0.0118624406268494,600,0
log_cosh,log_cosh,kl,kl,0,3,8,10.0,1.0,0.1,16,3000,0.0121224823139395,0.01114616955405,0.0060635898151564,0.0025231073672138,600,0
log_cosh,log_cosh,kl,kl,0,4,8,10.0,1.0,0.1,16,3000,0.015304303134263,0.0136788175913729,0.0070700427869488,0.0066391206075273,600,0
log_cosh,log_cosh,kl,kl,0,5,8,10.0,1.0,0.1,16,3000,0.0130340231269596,0.0120699612551185,0.0069045697060005,0.010983196376916,600,0
log_cosh,log_cosh,kl,kl,0,6,8,10.0,1.0,0.1,16,3000,0.0137482513588438,0.0127656005532985,0.0064353500684955,0.0086315517582562,600,0
log_cosh,log_cosh,kl,kl,0,7,8,10.0,1.0,0.1,16,3000,0.0131325622076048,0.0118613843685713,0.0070082834860424,0.0119193896573968,600,0
log_cosh,log_cosh,kl,kl,0,8,8,10.0,1.0,0.1,16,3000,0.0123084085523159,0.0112446156722061,0.0062711258462703,0.0066404019079779,600,0
log_cosh,log_cosh,kl,kl,0,9,8,10.0,1.0,0.1,16,3000,0.013758212023977,0.0120490439430431,0.0075999082995176,0.0124810135091042,600,0
log_cosh,log_cosh,kl,kl,0,10,8,10.0,1.0,0.1,16,3000,0.0130371241031793,0.0120980694912287,0.0062931654633704,0.0176456252299601,600,0
log_cosh,log_cosh,kl,kl,0,11,8,10.0,1.0,0.1,16,3000,0.0129865509924347,0.0121211027887238,0.0059720399180383,0.020003707423406,600,0
log_cosh,log_cosh,kl,kl,0,12,8,10.0,1.0,0.1,16,3000,0.0142616129562841,0.0136740179547514,0.0065091269976805,0.0046656160328826,600,0
log_cosh,log_cosh,kl,kl,0,13,8,10.0,1.0,0.1,16,3000,0.0144299214593284,0.0130032934823685,0.0070424413138795,0.0193500528731753,600,0
log_cosh,log_cosh,kl,kl,0,14,8,10.0,1.0,0.1,16,3000,0.0136724530303953,0.0124167805211925,0.0063330492152094,0.0062355464684209,600,0
log_cosh,log_cosh,kl,kl,0,15,8,10.0,1.0,0.1,16,3000,0.0126413436815413,0.0117816975753708,0.0062363032204354,0.0178228566491363,600,0
log_cosh,log_cosh,kl,kl,0,16,8,10.0,1.0,0.1,16,3000,0.0125567367439899,0.011637034930076,0.0059209283232819,0.004167804616852,600,0
log_cosh,log_cosh,kl,kl,0,17,8,10.0,1.0,0.1,16,3000,0.0131577974312749,0.0126588681486472,0.0061514453524702,0.0053584350020727,600,0
log_cosh,log_cosh,kl,kl,0,18,8,10.0,1.0,0.1,16,3000,0.014527647756395,0.0133514507165486,0.0070199699778827,0.0040592693732186,600,0
log_cosh,log_cosh,kl,kl,0,19,8,10.0,1.0,0.1,16,3000,0.0139516944885394,0.013030553728301,0.0067099172162463,0.0176962339709092,600,0
log_cosh,log_cosh,riemannian,riemannian,0,0,8,100.0,0.1,0.1,1,3000,0.1981627692560632,0.1776555170097848,0.1097308973644775,0.2045829843231974,600,0
log_cosh,log_cosh,riemannian,riemannian,0,1,8,100.0,0.1,0.1,1,3000,0.2073384051766014,0.1886324493471605,0.1088139757755777,0.1664120403972457,600,0
log_cosh,log_cosh,riemannian,riemannian,0,2,8,100.0,0.1,0.1,1,3000,0.2241368370840588,0.2131914042521945,0.1009078052528828,0.3320883390420537,600,0
log_cosh,log_cosh,riemannian,riemannian,0,3,8,100.0,0.1,0.1,1,3000,0.2172348289389206,0.1916695198283138,0.1132707357738955,0.2231792631513673,600,0
log_cosh,log_cosh,riemannian,riemannian,0,4,8,100.0,0.1,0.1,1,3000,0.2031624225954363,0.1899633832347014,0.0999463106452899,0.1412895391809723,600,0
log_cosh,log_cosh,riemannian,riemannian,0,5,8,100.0,0.1,0.1,1,3000,0.2180316749213412,0.1951880840363111,0.1066335344541635,0.1115155160647258,600,0
log_cosh,log_cosh,riemannian,riemannian,0,6,8,100.0,0.1,0.1,1,3000,0.2348132207293279,0.215372465905272,0.1118631776052196,0.0825262591049664,600,0
log_cosh,log_cosh,riemannian,riemannian,0,7,8,100.0,0.1,0.1,1,3000,0.2252133802004869,0.2199876878755509,0.0983117358651939,0.1817491149654184,600,0
log_cosh,log_cosh,riemannian,riemannian,0,8,8,100.0,0.1,0.1,1,3000,0.1844248615319652,0.1676618024097482,0.0890818906795577,0.2667067355782837,600,0
log_cosh,log_cosh,riemannian,riemannian,0,9,8,100.0,0.1,0.1,1,3000,0.1835541961260952,0.1746664162303375,0.0861052190430436,0.1909227705755896,600,0
log_cosh,log_cosh,riemannian,riemannian,0,10,8,100.0,0.1,0.1,1,3000,0.2431247906301797,0.2151761572462476,0.1347460320215811,0.1478948335693193,600,0
log_cosh,log_cosh,riemannian,riemannian,0,11,8,100.0,0.1,0.1,1,3000,0.2013143670099394,0.1854145666063456,0.1057555951935962,0.1144919257633834,600,0
log_cosh,log_cosh,riemannian,riemannian,0,12,8,100.0,0.1,0.1,1,3000,0.2010107547347445,0.1847460217939964,0.0939767635187373,0.2749064334546691,600,0
log_cosh,log_cosh,riemannian,riemannian,0,13,8,100.0,0.1,0.1,1,3000,0.2293163046459805,0.2094073063708794,0.1165193033385543,0.1040551072200521,600,0
log_cosh,log_cosh,riemannian,riemannian,0,14,8,100.0,0.1,0.1,1,3000,0.2127237855713063,0.1941853922616943,0.1042024190966509,0.2473430392973963,600,0
log_cosh,log_cosh,riemannian,riemannian,0,15,8,100.0,0.1,0.1,1,3000,0.2055986121534372,0.1957629361751385,0.0937068640441287,0.3354198276773363,600,0
log_cosh,log_cosh,riemannian,riemannian,0,16,8,100.0,0.1,0.1,1,3000,0.2042338902370552,0.1859055790824921,0.0983727214964044,0.2487871889985573,600,0
log_cosh,log_cosh,riemannian,riemannian,0,17,8,100.0,0.1,0.1,1,3000,0.2142557115650281,0.1937616463688094,0.1028590771357209,0.3646754681517823,600,0
log_cosh,log_cosh,riemannian,riemannian,0,18,8,100.0,0.1,0.1,1,3000,0.2052532653368836,0.1896938153030509,0.1053257290824335,0.4630259698883971,600,0
log_cosh,log_cosh,riemannian,riemannian,0,19,8,100.0,0.1,0.1,1,3000,0.2031734792564906,0.1934699688533765,0.0902944500788196,0.1636519243176497,600,0
log_cosh,log_cosh,kl,kl,0,0,8,100.0,0.1,0.1,1,3000,0.1981667656747159,0.1776640870013714,0.1097299726424261,0.204582854635495,600,0
log_cosh,log_cosh,kl,kl,0,1,8,100.0,0.1,0.1,1,3000,0.2073438393241623,0.1886392119629345,0.1088293945684095,0.1664181579505239,600,0
log_cosh,log_cosh,kl,kl,0,2,8,100.0,0.1,0.1,1,3000,0.2241373507519256,0.2132578986829765,0.1009087304582077,0.3321679023925608,600,0
log_cosh,log_cosh,kl,kl,0,3,8,100.0,0.1,0.1,1,3000,0.2172354664467083,0.1916852434319302,0.1132755532167593,0.2231792429726926,600,0
log_cosh,log_cosh,kl,kl,0,4,8,100.0,0.1,0.1,1,3000,0.2031674430694826,0.1899602958457826,0.0999506450859489,0.1412584418701179,600,0
log_cosh,log_cosh,kl,kl,0,5,8,100.0,0.1,0.1,1,3000,0.2180218644848804,0.1952003606886023,0.1066224801453612,0.1115150559101554,600,0
log_cosh,log_cosh,kl,kl,0,6,8,100.0,0.1,0.1,1,3000,0.2348129398932484,0.215366068478934,0.1118640331338329,0.0825400769809689,600,0
log_cosh,log_cosh,kl,kl,0,7,8,100.0,0.1,0.1,1,3000,0.2252131368136744,0.2200029368364067,0.0983065013220949,0.1817945155275335,600,0
log_cosh,log_cosh,kl,kl,0,8,8,100.0,0.1,0.1,1,3000,0.1844234593668537,0.1675017578254536,0.0890785691540523,0.2667597044932766,600,0
log_cosh,log_cosh,kl,kl,0,9,8,100.0,0.1,0.1,1,3000,0.1835515463960451,0.1746227202896833,0.0861039014220083,0.1909444479349158,600,0
log_cosh,log_cosh,kl,kl,0,10,8,100.0,0.1,0.1,1,3000,0.2431295820476114,0.2152042699945315,0.1347519386680503,0.1478984053865435,600,0
log_cosh,log_cosh,kl,kl,0,11,8,100.0,0.1,0.1,1,3000,0.2013170470618649,0.1854243239679158,0.1057575167045143,0.1144943822388153,600,0
log_cosh,log_cosh,kl,kl,0,12,8,100.0,0.1,0.1,1,3000,0.2010136173226658,0.1847597512286727,0.0939769401160194,0.2750010905351754,600,0
log_cosh,log_cosh,kl,kl,0,13,8,100.0,0.1,0.1,1,3000,0.2293295499199913,0.2094230351528283,0.1165262889879829,0.1040609042555047,600,0
log_cosh,log_cosh,kl,kl,0,14,8,100.0,0.1,0.1,1,3000,0.2127249601443987,0.1941883651081948,0.1041943364302094,0.2473814946716306,600,0
log_cosh,log_cosh,kl,kl,0,15,8,100.0,0.1,0.1,1,3000,0.2056040052849045,0.195847028679414,0.0937086990239386,0.3353994496581247,600,0
log_cosh,log_cosh,kl,kl,0,16,8,100.0,0.1,0.1,1,3000,0.2042406016564556,0.1858920795371643,0.0983876764945835,0.2487917501936412,600,0
log_cosh,log_cosh,kl,kl,0,17,8,100.0,0.1,0.1,1,3000,0.2142594242855069,0.1937550963472523,0.1028678470637994,0.3646114563224909,600,0
log_cosh,log_cosh,kl,kl,0,18,8,100.0,0.1,0.1,1,3000,0.2052496544858714,0.1896900574476658,0.1053246200117187,0.463117502185133,600,0
log_cosh,log_cosh,kl,kl,0,19,8,100.0,0.1,0.1,1,3000,0.2031862700723629,0.1934833634388546,0.0903111254075775,0.1636943632856695,600,0
log_cosh,log_cosh,riemannian,riemannian,0,0,8,100.0,0.1,0.1,4,3000,0.0529441257552981,0.0483011007829441,0.0266710805857319,0.02168584376113,600,0
log_cosh,log_cosh,riemannian,riemannian,0,1,8,100.0,0.1,0.1,4,3000,0.0524865296151967,0.0471278654554661,0.0267987449295746,0.0270904092792445,600,0
log_cosh,log_cosh,riemannian,riemannian,0,2,8,100.0,0.1,0.1,4,3000,0.0592941240396642,0.0564408342982396,0.0278204638110264,0.0403412731790151,600,0
log_cosh,log_cosh,riemannian,riemannian,0,3,8,100.0,0.1,0.1,4,3000,0.04877005277438,0.0448518936277118,0.0246328260006019,0.1063177667918342,600,0
log_cosh,log_cosh,riemannian,riemannian,0,4,8,100.0,0.1,0.1,4,3000,0.0512655421589627,0.0458319900579109,0.0262055064123622,0.0126763261375355,600,0
log_cosh,log_cosh,riemannian,riemannian,0,5,8,100.0,0.1,0.1,4,3000,0.0553495768557593,0.0522316101690378,0.0266528305549492,0.0743824843586669,600,0
log_cosh,log_cosh,riemannian,riemannian,0,6,8,100.0,0.1,0.1,4,3000,0.053887734581549,0.0502960534961971,0.0238866824973215,0.0475848112116725,600,0
log_cosh,log_cosh,riemannian,riemannian,0,7,8,100.0,0.1,0.1,4,3000,0.0531008427447186,0.049945913398246,0.023943466358934,0.0591433997181152,600,0
log_cosh,log_cosh,riemannian,riemannian,0,8,8,100.0,0.1,0.1,4,3000,0.0585648816016582,0.0535107707096589,0.0312423233872832,0.1027984091570974,600,0
log_cosh,log_cosh,riemannian,riemannian,0,9,8,100.0,0.1,0.1,4,3000,0.0471486364432491,0.0437800327522701,0.021529490482944,0.0464138577732367,600,0
log_cosh,log_cosh,riemannian,riemannian,0,10,8,100.0,0.1,0.1,4,3000,0.0554112444407447,0.0504679405657935,0.0281975489863939,0.1317466774260705,600,0
log_cosh,log_cosh,riemannian,riemannian,0,11,8,100.0,0.1,0.1,4,3000,0.0496328157777146,0.0442440507267285,0.0259506655264585,0.0862644318432668,600,0
log_cosh,log_cosh,riemannian,riemannian,0,12,8,100.0,0.1,0.1,4,3000,0.0554650428871195,0.0512431872534095,0.0277032517565665,0.0614538688941745,600,0
log_cosh,log_cosh,riemannian,riemannian,0,13,8,100.0,0.1,0.1,4,3000,0.0538246150538956,0.0508067610582863,0.0252999260602972,0.0524744837519453,600,0
log_cosh,log_cosh,riemannian,riemannian,0,14,8,100.0,0.1,0.1,4,3000,0.0528243718836643,0.0490624283102949,0.0257856414805578,0.0402415276902043,600,0
log_cosh,log_cosh,riemannian,riemannian,0,15,8,100.0,0.1,0.1,4,3000,0.0507045415496183,0.0455164218286032,0.0259487831804353,0.0679629072087752,600,0
log_cosh,log_cosh,riemannian,riemannian,0,16,8,100.0,0.1,0.1,4,3000,0.0508227202136186,0.0477280568661022,0.0226996008966152,0.0775851821584669,600,0
log_cosh,log_cosh,riemannian,riemannian,0,17,8,100.0,0.1,0.1,4,3000,0.051918251176619,0.0458971939166383,0.0278495820998283,0.0227680606107245,600,0
log_cosh,log_cosh,riemannian,riemannian,0,18,8,100.0,0.1,0.1,4,3000,0.0465786355713169,0.0427529717844681,0.0233414272949861,0.0533424423609343,600,0
log_cosh,log_cosh,riemannian,riemannian,0,19,8,100.0,0.1,0.1,4,3000,0.0523621214216231,0.0452238181227633,0.0302336720535018,0.0560183910866012,600,0
log_cosh,log_cosh,kl,kl,0,0,8,100.0,0.1,0.1,4,3000,0.0529450120109662,0.0483034105958308,0.0266712239685269,0.0216886800060311,600,0
log_cosh,log_cosh,kl,kl,0,1,8,100.0,0.1,0.1,4,3000,0.0524872479610459,0.0471322966887965,0.0267990778703998,0.0270902504182029,600,0
log_cosh,log_cosh,kl,kl,0,2,8,100.0,0.1,0.1,4,3000,0.0592942160980921,0.0564427544753298,0.0278208787133516,0.0403417627043385,600,0
log_cosh,log_cosh,kl,kl,0,3,8,100.0,0.1,0.1,4,3000,0.048769934401563,0.0448521290367214,0.0246328523988608,0.1063202831804144,600,0
log_cosh,log_cosh,kl,kl,0,4,8,100.0,0.1,0.1,4,3000,0.0512659528043817,0.0458310178571572,0.0262056889803582,0.0126769377908839,600,0
log_cosh,log_cosh,kl,kl,0,5,8,100.0,0.1,0.1,4,3000,0.0553504276755874,0.0522258420973908,0.0266536398379068,0.0744025770985175,600,0
log_cosh,log_cosh,kl,kl,0,6,8,100.0,0.1,0.1,4,3000,0.0538884328325837,0.050301930532143,0.0238875004311895,0.0475868843161535,600,0
log_cosh,log_cosh,kl,kl,0,7,8,100.0,0.1,0.1,4,3000,0.0531005719922427,0.0499479210469413,0.0239436442930383,0.0591402442835704,600,0
log_cosh,log_cosh,kl,kl,0,8,8,100.0,0.1,0.1,4,3000,0.0585645670837657,0.0535112359316656,0.0312422323692245,0.1027993130899158,600,0
log_cosh,log_cosh,kl,kl,0,9,8,100.0,0.1,0.1,4,3000,0.0471481144357516,0.043776843408513,0.021529540055699,0.0464167290501489,600,0
log_cosh,log_cosh,kl,kl,0,10,8,100.0,0.1,0.1,4,3000,0.0554117605785601,0.0504663917766583,0.0281986167137999,0.1317646353381558,600,0
log_cosh,log_cosh,kl,kl,0,11,8,100.0,0.1,0.1,4,3000,0.0496329890538967,0.0442431759580923,0.0259508877121915,0.086297790438893,600,0
log_cosh,log_cosh,kl,kl,0,12,8,100.0,0.1,0.1,4,3000,0.0554647675040135,0.0512436240159299,0.0277039131447529,0.0614485656745227,600,0
log_cosh,log_cosh,kl,kl,0,13,8,100.0,0.1,0.1,4,3000,0.053824552598139,0.050808176099645,0.0253001727458021,0.0524673067512555,600,0
log_cosh,log_cosh,kl,kl,0,14,8,100.0,0.1,0.1,4,3000,0.0528243897995175,0.0490465681449077,0.0257857650623715,0.0402489620186585,600,0
log_cosh,log_cosh,kl,kl,0,15,8,100.0,0.1,0.1,4,3000,0.0507042595814033,0.0455153744528589,0.0259493125321394,0.0679595151817782,600,0
log_cosh,log_cosh,kl,kl,0,16,8,100.0,0.1,0.1,4,3000,0.0508238975347252,0.0477221004002803,0.022700461781888,0.0775863976504869,600,0
log_cosh,log_cosh,kl,kl,0,17,8,100.0,0.1,0.1,4,3000,0.0519171271088997,0.0458971103439553,0.0278491713228612,0.0227665545625317,600,0
log_cosh,log_cosh,kl,kl,0,18,8,100.0,0.1,0.1,4,3000,0.0465790649860793,0.042752019035098,0.0233410933857295,0.0533429136437124,600,0
log_cosh,log_cosh,kl,kl,0,19,8,100.0,0.1,0.1,4,3000,0.052361074397317,0.0452218554906309,0.0302332653552116,0.0560197315499326,600,0
log_cosh,log_cosh,riemannian,riemannian,0,0,8,100.0,0.1,0.1,16,3000,0.0123729842201414,0.0115648893027575,0.0058581437984441,0.0095522465333548,600,0
log_cosh,log_cosh,riemannian,riemannian,0,1,8,100.0,0.1,0.1,16,3000,0.0116637885517358,0.0107972950537362,0.0055092125056498,0.0074480290558422,600,0
log_cosh,log_cosh,riemannian,riemannian,0,2,8,100.0,0.1,0.1,16,3000,0.0138420376571199,0.0131981800880556,0.0062622426382809,0.0047788133830959,600,0
log_cosh,log_cosh,riemannian,riemannian,0,3,8,100.0,0.1,0.1,16,3000,0.0128158963846338,0.0115175596323116,0.0071716633099258,0.0031965016741306,600,0
log_cosh,log_cosh,riemannian,riemannian,0,4,8,100.0,0.1,0.1,16,3000,0.0142193374269835,0.0137666838847838,0.0061872175062821,0.0110182651596559,600,0
log_cosh,log_cosh,riemannian,riemannian,0,5,8,100.0,0.1,0.1,16,3000,0.0128104993037821,0.0118123670093721,0.0065615445430904,0.0069788542624316,600,0
log_cosh,log_cosh,riemannian,riemannian,0,6,8,100.0,0.1,0.1,16,3000,0.0139817362148673,0.01302012039576,0.0071543514990065,0.0056004696957732,600,0
log_cosh,log_cosh,riemannian,riemannian,0,7,8,100.0,0.1,0.1,16,3000,0.0114580898278998,0.0107671108753093,0.0056410947679981,0.0047760897266595,600,0
log_cosh,log_cosh,riemannian,riemannian,0,8,8,100.0,0.1,0.1,16,3000,0.0136331683457441,0.0123944452666915,0.0068021259567062,0.0064431758925902,600,0
log_cosh,log_cosh,riemannian,riemannian,0,9,8,100.0,0.1,0.1,16,3000,0.0146146424595752,0.0134198411431096,0.0070134953751586,0.01580565667693,600,0
log_cosh,log_cosh,riemannian,riemannian,0,10,8,100.0,0.1,0.1,16,3000,0.0138187052224493,0.0125344068614241,0.0069870535557946,0.0219206590521512,600,0
log_cosh,log_cosh,riemannian,riemannian,0,11,8,100.0,0.1,0.1,16,3000,0.0129658118459884,0.0119316105941225,0.0064307198838333,0.0098405699150045,600,0
log_cosh,log_cosh,riemannian,riemannian,0,12,8,100.0,0.1,0.1,16,3000,0.0132473316941924,0.0119545842866521,0.006900230889985,0.0102393659362256,600,0
log_cosh,log_cosh,riemannian,riemannian,0,13,8,100.0,0.1,0.1,16,3000,0.0135240153248406,0.012556401091758,0.0064917621830683,0.0147872555009715,600,0
log_cosh,log_cosh,riemannian,riemannian,0,14,8,100.0,0.1,0.1,16,3000,0.0143642376445297,0.0129681997964841,0.0078213694311275,0.0227139000883163,600,0
log_cosh,log_cosh,riemannian,riemannian,0,15,8,100.0,0.1,0.1,16,3000,0.0130508886670191,0.0120275872448747,0.006123450414233,0.0148304905782747,600,0
log_cosh,log_cosh,riemannian,riemannian,0,16,8,100.0,0.1,0.1,16,3000,0.0141025552634394,0.0128373772793581,0.0068094001896047,0.0089824047903714,600,0
log_cosh,log_cosh,riemannian,riemannian,0,17,8,100.0,0.1,0.1,16,3000,0.0116266403072745,0.010419058708238,0.0060587698763894,0.0134483393578523,600,0
log_cosh,log_cosh,riemannian,riemannian,0,18,8,100.0,0.1,0.1,16,3000,0.0126300082277296,0.0117522520948822,0.0057855577398302,0.0218193025158779,600,0
log_cosh,log_cosh,riemannian,riemannian,0,19,8,100.0,0.1,0.1,16,3000,0.0130543922084026,0.0115410526452093,0.0074427245420744,0.016248990800797,600,0
log_cosh,log_cosh,kl,kl,0,0,8,100.0,0.1,0.1,16,3000,0.0123729990424028,0.0115645021151493,0.0058582146829244,0.0095525145964661,600,0
log_cosh,log_cosh,kl,kl,0,1,8,100.0,0.1,0.1,16,3000,0.0116637828513523,0.010796981609106,0.0055092390867776,0.0074483648371366,600,0
log_cosh,log_cosh,kl,kl,0,2,8,100.0,0.1,0.1,16,3000,0.0138418104591953,0.0131978994308656,0.0062622469502038,0.004778347334998,600,0
log_cosh,log_cosh,kl,kl,0,3,8,100.0,0.1,0.1,16,3000,0.0128157988847225,0.0115166729030669,0.0071716672517706,0.003195969834012,600,0
log_cosh,log_cosh,kl,kl,0,4,8,100.0,0.1,0.1,16,3000,0.0142193456985348,0.0137650919676008,0.0061872935404377,0.0110175048655793,600,0
log_cosh,log_cosh,kl,kl,0,5,8,100.0,0.1,0.1,16,3000,0.0128104208913263,0.0118123317621172,0.0065614606518505,0.0069784057775965,600,0
log_cosh,log_cosh,kl,kl,0,6,8,100.0,0.1,0.1,16,3000,0.0139817206909393,0.0130199802705908,0.0071544889022868,0.0056008648449044,600,0
log_cosh,log_cosh,kl,kl,0,7,8,100.0,0.1,0.1,16,3000,0.0114580702378103,0.0107670655641447,0.0056412322708359,0.0047757208182712,600,0
log_cosh,log_cosh,kl,kl,0,8,8,100.0,0.1,0.1,16,3000,0.0136329735764837,0.0123949958422242,0.0068020583104846,0.0064433788486848,600,0
log_cosh,log_cosh,kl,kl,0,9,8,100.0,0.1,0.1,16,3000,0.0146145509989595,0.013419813151529,0.00701350912955,0.0158056884433932,600,0
log_cosh,log_cosh,kl,kl,0,10,8,100.0,0.1,0.1,16,3000,0.0138186766645065,0.0125343149923349,0.0069869756708406,0.0219206801842588,600,0
log_cosh,log_cosh,kl,kl,0,11,8,100.0,0.1,0.1,16,3000,0.0129658513945786,0.0119312335380108,0.0064308711520386,0.0098405024748355,600,0
log_cosh,log_cosh,kl,kl,0,12,8,100.0,0.1,0.1,16,3000,0.0132472308694033,0.0119546967017774,0.0069001787949152,0.0102392797996433,600,0
log_cosh,log_cosh,kl,kl,0,13,8,100.0,0.1,0.1,16,3000,0.0135239684579227,0.0125562597517188,0.0064917600786166,0.0147876679146872,600,0
log_cosh,log_cosh,kl,kl,0,14,8,100.0,0.1,0.1,16,3000,0.0143642298965408,0.0129686840777587,0.0078213994706102,0.0227139600978905,600,0
log_cosh,log_cosh,kl,kl,0,15,8,100.0,0.1,0.1,16,3000,0.0130507702707509,0.0120275315192817,0.0061234722824085,0.0148297338065663,600,0
log_cosh,log_cosh,kl,kl,0,16,8,100.0,0.1,0.1,16,3000,0.0141024630602735,0.0128374497795062,0.0068093602355066,0.0089817987987022,600,0
log_cosh,log_cosh,kl,kl,0,17,8,100.0,0.1,0.1,16,3000,0.0116266271020306,0.01041907036491,0.0060587503819143,0.0134486449157922,600,0
log_cosh,log_cosh,kl,kl,0,18,8,100.0,0.1,0.1,16,3000,0.0126299392951447,0.0117525090305745,0.0057855987189808,0.0218189085918627,600,0
log_cosh,log_cosh,kl,kl,0,19,8,100.0,0.1,0.1,16,3000,0.0130543642699869,0.0115411297388323,0.0074428086124077,0.0162491660173316,600,0
log_cosh,log_cosh,riemannian,riemannian,0,0,8,100.0,1.0,0.1,1,3000,0.2119055100551512,0.1970000035113956,0.0984949820208377,0.2556023582768247,600,0
log_cosh,log_cosh,riemannian,riemannian,0,1,8,100.0,1.0,0.1,1,3000,0.2060865834636977,0.1860171359960043,0.1077530336079787,0.191227516640497,600,0
log_cosh,log_cosh,riemannian,riemannian,0,2,8,100.0,1.0,0.1,1,3000,0.2154404660142509,0.208264911142006,0.0965419138835729,0.2330290684669798,600,0
log_cosh,log_cosh,riemannian,riemannian,0,3,8,100.0,1.0,0.1,1,3000,0.2186340628284569,0.2074905912028573,0.1100222614831509,0.1831219503018637,600,0
log_cosh,log_cosh,riemannian,riemannian,0,4,8,100.0,1.0,0.1,1,3000,0.2332219586350025,0.2196913296014786,0.1164558686320801,0.2937653364910968,600,0
log_cosh,log_cosh,riemannian,riemannian,0,5,8,100.0,1.0,0.1,1,3000,0.2054355948860156,0.1910418806984273,0.1005864828164691,0.1716280374132317,600,0
log_cosh,log_cosh,riemannian,riemannian,0,6,8,100.0,1.0,0.1,1,3000,0.1892614495527814,0.177774439453608,0.0901600690988831,0.1150211032819328,600,0
log_cosh,log_cosh,riemannian,riemannian,0,7,8,100.0,1.0,0.1,1,3000,0.19931132135022,0.1790485306504994,0.1057768431048847,0.1771030096141856,600,0
log_cosh,log_cosh,riemannian,riemannian,0,8,8,100.0,1.0,0.1,1,3000,0.2307686331749875,0.2162189844232633,0.1089235081344462,0.4638660703016626,600,0
log_cosh,log_cosh,riemannian,riemannian,0,9,8,100.0,1.0,0.1,1,3000,0.2036655162698001,0.1850579527305962,0.0952288551034038,0.1484158441871272,600,0
log_cosh,log_cosh,riemannian,riemannian,0,10,8,100.0,1.0,0.1,1,3000,0.1941177400051686,0.1822243897871782,0.0927072999167674,0.5194352942919522,600,0
log_cosh,log_cosh,riemannian,riemannian,0,11,8,100.0,1.0,0.1,1,3000,0.1996476476394655,0.1720394419267217,0.108492214645943,0.145500676147197,600,0
log_cosh,log_cosh,riemannian,riemannian,0,12,8,100.0,1.0,0.1,1,3000,0.2129907855074179,0.1986043641995758,0.1049533354403847,0.2451017437976848,600,0
log_cosh,log_cosh,riemannian,riemannian,0,13,8,100.0,1.0,0.1,1,3000,0.2095304743085235,0.1938883734071863,0.1143387884032401,0.0552470467373318,600,0
log_cosh,log_cosh,riemannian,riemannian,0,14,8,100.0,1.0,0.1,1,3000,0.2134650942712401,0.1936788908461242,0.097694079998922,0.3669281320758646,600,0
log_cosh,log_cosh,riemannian,riemannian,0,15,8,100.0,1.0,0.1,1,3000,0.2141089014719593,0.1987152318727219,0.1015513468047339,0.1161142813325302,600,0
log_cosh,log_cosh,riemannian,riemannian,0,16,8,100.0,1.0,0.1,1,3000,0.2121163095483215,0.2062694273775012,0.0867864728786649,0.2094814584265485,600,0
log_cosh,log_cosh,riemannian,riemannian,0,17,8,100.0,1.0,0.1,1,3000,0.2138948470269189,0.1889340630928044,0.1132221249911212,0.0975767182910924,600,0
log_cosh,log_cosh,riemannian,riemannian,0,18,8,100.0,1.0,0.1,1,3000,0.2141070027293223,0.1898473456999792,0.1059106685779072,0.1588781803159751,600,0
log_cosh,log_cosh,riemannian,riemannian,0,19,8,100.0,1.0,0.1,1,3000,0.2043411528571188,0.1938390466102317,0.0943361049297998,0.1759034434401201,600,0
log_cosh,log_cosh,kl,kl,0,0,8,100.0,1.0,0.1,1,3000,0.2119693710794987,0.1971330682178074,0.098534117545357,0.2562216048859884,600,0
log_cosh,log_cosh,kl,kl,0,1,8,100.0,1.0,0.1,1,3000,0.2061709323487084,0.1859637232197926,0.1077428963109501,0.1910950078200848,600,0
log_cosh,log_cosh,kl,kl,0,2,8,100.0,1.0,0.1,1,3000,0.2154677732993901,0.2081575151652224,0.0966087732702337,0.2330499640309238,600,0
log_cosh,log_cosh,kl,kl,0,3,8,100.0,1.0,0.1,1,3000,0.2186615850886966,0.2077791976715453,0.1100279626079944,0.1836650160348689,600,0
log_cosh,log_cosh,kl,kl,0,4,8,100.0,1.0,0.1,1,3000,0.2332663342349334,0.2198441298354385,0.1164569679177574,0.2937116929253758,600,0
log_cosh,log_cosh,kl,kl,0,5,8,100.0,1.0,0.1,1,3000,0.2055163443963687,0.1909848474657005,0.1006157250059282,0.1715364614423968,600,0
log_cosh,log_cosh,kl,kl,0,6,8,100.0,1.0,0.1,1,3000,0.1892520510680643,0.1778653801671623,0.0901456664418405,0.1148919922573412,600,0
log_cosh,log_cosh,kl,kl,0,7,8,100.0,1.0,0.1,1,3000,0.1993673453876108,0.1788522016345073,0.1058052522684969,0.1770811037661879,600,0
log_cosh,log_cosh,kl,kl,0,8,8,100.0,1.0,0.1,1,3000,0.2308490787996609,0.2166310206299604,0.1089706235511788,0.4638411188351057,600,0
log_cosh,log_cosh,kl,kl,0,9,8,100.0,1.0,0.1,1,3000,0.20372498557722,0.1853198151140507,0.095241229427025,0.1483376127485201,600,0
log_cosh,log_cosh,kl,kl,0,10,8,100.0,1.0,0.1,1,3000,0.1941977104415344,0.1824163259149847,0.0927336430463209,0.5196695946003373,600,0
log_cosh,log_cosh,kl,kl,0,11,8,100.0,1.0,0.1,1,3000,0.1996711659714145,0.1721313144656306,0.1084678986106848,0.1454939737063973,600,0
log_cosh,log_cosh,kl,kl,0,12,8,100.0,1.0,0.1,1,3000,0.2130248422338498,0.198377025953464,0.1049549870139109,0.2452122248317678,600,0
log_cosh,log_cosh,kl,kl,0,13,8,100.0,1.0,0.1,1,3000,0.2095818744775597,0.1938844011875566,0.1144496633922362,0.0549304877316672,600,0
log_cosh,log_cosh,kl,kl,0,14,8,100.0,1.0,0.1,1,3000,0.2134648376735114,0.1935387372921591,0.097698093578846,0.3663397832339186,600,0
log_cosh,log_cosh,kl,kl,0,15,8,100.0,1.0,0.1,1,3000,0.2141950192575808,0.1986362624877999,0.1016347013292145,0.1161841754652694,600,0
log_cosh,log_cosh,kl,kl,0,16,8,100.0,1.0,0.1,1,3000,0.2121477007070286,0.2062829997774473,0.0868414383492711,0.2096368431541311,600,0
log_cosh,log_cosh,kl,kl,0,17,8,100.0,1.0,0.1,1,3000,0.2139408514453129,0.1889555229488149,0.1132409848296394,0.0974937595262623,600,0
log_cosh,log_cosh,kl,kl,0,18,8,100.0,1.0,0.1,1,3000,0.2141730213603552,0.1896813587529049,0.105945677218574,0.1588541367428444,600,0
log_cosh,log_cosh,kl,kl,0,19,8,100.0,1.0,0.1,1,3000,0.2044137285493884,0.1938559072867223,0.0943797406308975,0.1760948566945259,600,0
log_cosh,log_cosh,riemannian,riemannian,0,0,8,100.0,1.0,0.1,4,3000,0.0495145119204934,0.0452953106303795,0.0252643736137705,0.0553461645612465,600,0
log_cosh,log_cosh,riemannian,riemannian,0,1,8,100.0,1.0,0.1,4,3000,0.0535784111975553,0.0506559027843298,0.0260208750745914,0.0309401251594145,600,0
log_cosh,log_cosh,riemannian,riemannian,0,2,8,100.0,1.0,0.1,4,3000,0.0480933171579477,0.0441767813947979,0.023489413973379,0.0563106143431824,600,0
log_cosh,log_cosh,riemannian,riemannian,0,3,8,100.0,1.0,0.1,4,3000,0.0518523665130164,0.0471711021343459,0.026864632858756,0.0569749035522733,600,0
log_cosh,log_cosh,riemannian,riemannian,0,4,8,100.0,1.0,0.1,4,3000,0.0510522471708002,0.0475114604934381,0.024472619569853,0.0521712873669208,600,0
log_cosh,log_cosh,riemannian,riemannian,0,5,8,100.0,1.0,0.1,4,3000,0.0545824903224935,0.0507739978064289,0.0278433250135992,0.0824552611877535,600,0
log_cosh,log_cosh,riemannian,riemannian,0,6,8,100.0,1.0,0.1,4,3000,0.0528008822420568,0.0485091520997196,0.0239453524936687,0.0800808836280495,600,0
log_cosh,log_cosh,riemannian,riemannian,0,7,8,100.0,1.0,0.1,4,3000,0.0530235799531797,0.0496503328782855,0.0235949551652237,0.0479534201743803,600,0
log_cosh,log_cosh,riemannian,riemannian,0,8,8,100.0,1.0,0.1,4,3000,0.0459207528686651,0.0416190027783844,0.0235678895378331,0.0216397771689429,600,0
log_cosh,log_cosh,riemannian,riemannian,0,9,8,100.0,1.0,0.1,4,3000,0.0531529878839357,0.0496884285039316,0.026929102675045,0.0580867996755429,600,0
log_cosh,log_cosh,riemannian,riemannian,0,10,8,100.0,1.0,0.1,4,3000,0.0481512724118633,0.042009707701939,0.0281272891954048,0.0191284833886022,600,0
log_cosh,log_cosh,riemannian,riemannian,0,11,8,100.0,1.0,0.1,4,3000,0.0573951715747979,0.0531858535371618,0.0318348088737165,0.0341359610412741,600,0
log_cosh,log_cosh,riemannian,riemannian,0,12,8,100.0,1.0,0.1,4,3000,0.054751268117148,0.0510675787020193,0.0251719099898574,0.0367536520996232,600,0
log_cosh,log_cosh,riemannian,riemannian,0,13,8,100.0,1.0,0.1,4,3000,0.0549895735297769,0.0504303621703581,0.026141430769463,0.048747507136774,600,0
log_cosh,log_cosh,riemannian,riemannian,0,14,8,100.0,1.0,0.1,4,3000,0.055966847608395,0.0499685965731098,0.0272419404594985,0.0359133408521668,600,0
log_cosh,log_cosh,riemannian,riemannian,0,15,8,100.0,1.0,0.1,4,3000,0.0484454037923045,0.0453974830581902,0.0231869172297588,0.0765354429574216,600,0
log_cosh,log_cosh,riemannian,riemannian,0,16,8,100.0,1.0,0.1,4,3000,0.0549012720728242,0.0492096077649311,0.0288677924335028,0.0505719574958227,600,0
log_cosh,log_cosh,riemannian,riemannian,0,17,8,100.0,1.0,0.1,4,3000,0.0516244321770968,0.0466788781780822,0.0254034673922761,0.0237563154057358,600,0
log_cosh,log_cosh,riemannian,riemannian,0,18,8,100.0,1.0,0.1,4,3000,0.047832788686831,0.043356563449926,0.0277341082954367,0.0301558240717021,600,0
log_cosh,log_cosh,riemannian,riemannian,0,19,8,100.0,1.0,0.1,4,3000,0.046957728178977,0.0417013783697273,0.0233014089968591,0.0306364504777914,600,0
log_cosh,log_cosh,kl,kl,0,0,8,100.0,1.0,0.1,4,3000,0.0495112477024294,0.0453003999931924,0.0252621007589579,0.0553436798901714,600,0
log_cosh,log_cosh,kl,kl,0,1,8,100.0,1.0,0.1,4,3000,0.053575263482241,0.0506640517238388,0.0260244746642641,0.0309302943121192,600,0
log_cosh,log_cosh,kl,kl,0,2,8,100.0,1.0,0.1,4,3000,0.0480872495666002,0.0441953308412639,0.0234897788357369,0.0563326825366097,600,0
log_cosh,log_cosh,kl,kl,0,3,8,100.0,1.0,0.1,4,3000,0.0518487110745176,0.0471736408510112,0.0268728540953661,0.0569546300809769,600,0
log_cosh,log_cosh,kl,kl,0,4,8,100.0,1.0,0.1,4,3000,0.0510507414807361,0.0475067876771433,0.0244770456550687,0.052219840219136,600,0
log_cosh,log_cosh,kl,kl,0,5,8,100.0,1.0,0.1,4,3000,0.0545794791214866,0.0507725278831614,0.0278524755828036,0.0825836191593794,600,0
log_cosh,log_cosh,kl,kl,0,6,8,100.0,1.0,0.1,4,3000,0.0527969010942478,0.0485045654628022,0.0239462338528091,0.0800451758540194,600,0
log_cosh,log_cosh,kl,kl,0,7,8,100.0,1.0,0.1,4,3000,0.0530102350554592,0.0496573767596384,0.023592808925144,0.0479682878215381,600,0
log_cosh,log_cosh,kl,kl,0,8,8,100.0,1.0,0.1,4,3000,0.0459182345311151,0.0416366699295212,0.0235709665396222,0.0216549779813632,600,0
log_cosh,log_cosh,kl,kl,0,9,8,100.0,1.0,0.1,4,3000,0.053144940956233,0.0496703363313928,0.0269278069598271,0.0580819327826507,600,0
log_cosh,log_cosh,kl,kl,0,10,8,100.0,1.0,0.1,4,3000,0.048142927971847,0.0419764910718507,0.0281307642083161,0.0190685356532576,600,0
log_cosh,log_cosh,kl,kl,0,11,8,100.0,1.0,0.1,4,3000,0.0573924974802828,0.053175120301887,0.0318370694122493,0.0341087124795738,600,0
log_cosh,log_cosh,kl,kl,0,12,8,100.0,1.0,0.1,4,3000,0.0547461585181899,0.051064221673104,0.0251658106705181,0.0367559490518942,600,0
log_cosh,log_cosh,kl,kl,0,13,8,100.0,1.0,0.1,4,3000,0.0549753720325415,0.0504056574480227,0.0261408983104462,0.0487507718089652,600,0
log_cosh,log_cosh,kl,kl,0,14,8,100.0,1.0,0.1,4,3000,0.0559619114531386,0.0499783273500575,0.0272458357773074,0.0360344169161663,600,0
log_cosh,log_cosh,kl,kl,0,15,8,100.0,1.0,0.1,4,3000,0.0484428642449001,0.04540564098152,0.0231879700754461,0.0765084678467147,600,0
log_cosh,log_cosh,kl,kl,0,16,8,100.0,1.0,0.1,4,3000,0.0548960655955174,0.0492091682705311,0.0288646357905308,0.0505863988040644,600,0
log_cosh,log_cosh,kl,kl,0,17,8,100.0,1.0,0.1,4,3000,0.0516222261065395,0.0466842991040969,0.0254066104755655,0.023736017221605,600,0
log_cosh,log_cosh,kl,kl,0,18,8,100.0,1.0,0.1,4,3000,0.0478278540954626,0.0433669477240465,0.0277377512368523,0.0301122867995324,600,0
log_cosh,log_cosh,kl,kl,0,19,8,100.0,1.0,0.1,4,3000,0.0469544865513373,0.0417756407975202,0.0233047149871339,0.0306054840715201,600,0
log_cosh,log_cosh,riemannian,riemannian,0,0,8,100.0,1.0,0.1,16,3000,0.0131015251150579,0.0114901738734909,0.0072827228886654,0.0156046763744335,600,0
log_cosh,log_cosh,riemannian,riemannian,0,1,8,100.0,1.0,0.1,16,3000,0.0137875816605686,0.0128295951703458,0.006984351925759,0.0238766584771674,600,0
log_cosh,log_cosh,riemannian,riemannian,0,2,8,100.0,1.0,0.1,16,3000,0.0121811657073167,0.0114250960871125,0.0057805926514429,0.0120585528513785,600,0
log_cosh,log_cosh,riemannian,riemannian,0,3,8,100.0,1.0,0.1,16,3000,0.0131976563237002,0.0117559827829731,0.0070978496583368,0.007199967852479,600,0
log_cosh,log_cosh,riemannian,riemannian,0,4,8,100.0,1.0,0.1,16,3000,0.0138179083633735,0.0125960517297745,0.007076183357135,0.0159125008185228,600,0
log_cosh,log_cosh,riemannian,riemannian,0,5,8,100.0,1.0,0.1,16,3000,0.0139991954850179,0.0127732232037036,0.0068466715695067,0.0101226655789812,600,0
log_cosh,log_cosh,riemannian,riemannian,0,6,8,100.0,1.0,0.1,16,3000,0.0122969886106077,0.0111838598571063,0.0062461106100297,0.0105346136518917,600,0
log_cosh,log_cosh,riemannian,riemannian,0,7,8,100.0,1.0,0.1,16,3000,0.0138352182161642,0.0123098516284176,0.007214259035826,0.0134706406984683,600,0
log_cosh,log_cosh,riemannian,riemannian,0,8,8,100.0,1.0,0.1,16,3000,0.0129892327412115,0.0119979891511574,0.0066463528067676,0.0156717198753426,600,0
log_cosh,log_cosh,riemannian,riemannian,0,9,8,100.0,1.0,0.1,16,3000,0.0134204007669978,0.0126268890935534,0.0058631873151425,0.0077146953978299,600,0
log_cosh,log_cosh,riemannian,riemannian,0,10,8,100.0,1.0,0.1,16,3000,0.0142250910458401,0.0127733051079079,0.0078158394867257,0.0128867587636776,600,0
log_cosh,log_cosh,riemannian,riemannian,0,11,8,100.0,1.0,0.1,16,3000,0.0111595305941969,0.0097232080462177,0.0058206215264878,0.0096578351712857,600,0
log_cosh,log_cosh,riemannian,riemannian,0,12,8,100.0,1.0,0.1,16,3000,0.013242928546394,0.0119940618408218,0.0066209117238418,0.0036190897020524,600,0
log_cosh,log_cosh,riemannian,riemannian,0,13,8,100.0,1.0,0.1,16,3000,0.0131365142010802,0.0120411767537582,0.006217405205817,0.0111626348936937,600,0
log_cosh,log_cosh,riemannian,riemannian,0,14,8,100.0,1.0,0.1,16,3000,0.0135745674266854,0.0122960393744602,0.0066684229763031,0.0067285798247844,600,0
log_cosh,log_cosh,riemannian,riemannian,0,15,8,100.0,1.0,0.1,16,3000,0.0136316991934146,0.012783107717623,0.0059483038338095,0.0129318600424443,600,0
log_cosh,log_cosh,riemannian,riemannian,0,16,8,100.0,1.0,0.1,16,3000,0.012620081094863,0.0112487400051453,0.0064606491733848,0.0142707206827772,600,0
log_cosh,log_cosh,riemannian,riemannian,0,17,8,100.0,1.0,0.1,16,3000,0.0133042528288871,0.0115816482277644,0.0078187158924917,0.018116601901525,600,0
log_cosh,log_cosh,riemannian,riemannian,0,18,8,100.0,1.0,0.1,16,3000,0.0136863340616206,0.0125303497744857,0.0072229945628707,0.0259579585612144,600,0
log_cosh,log_cosh,riemannian,riemannian,0,19,8,100.0,1.0,0.1,16,3000,0.0132598658605753,0.011653380575912,0.0065857407515607,0.0061897503715329,600,0
log_cosh,log_cosh,kl,kl,0,0,8,100.0,1.0,0.1,16,3000,0.0130990011352799,0.0114912588629829,0.0072833184361264,0.0155975642884182,600,0
log_cosh,log_cosh,kl,kl,0,1,8,100.0,1.0,0.1,16,3000,0.0137854660528323,0.0128268953005283,0.0069849182235346,0.0238734278066878,600,0
log_cosh,log_cosh,kl,kl,0,2,8,100.0,1.0,0.1,16,3000,0.0121784612017046,0.011418823393078,0.0057810064653475,0.0120560480112708,600,0
log_cosh,log_cosh,kl,kl,0,3,8,100.0,1.0,0.1,16,3000,0.0131955118564883,0.0117506011341088,0.007098220414048,0.0071969631477646,600,0
log_cosh,log_cosh,kl,kl,0,4,8,100.0,1.0,0.1,16,3000,0.0138154587133248,0.0125972434679439,0.0070760177397904,0.0159024119694475,600,0
log_cosh,log_cosh,kl,kl,0,5,8,100.0,1.0,0.1,16,3000,0.0139977826399335,0.0127723021021077,0.0068489529626914,0.0101118259362209,600,0
log_cosh,log_cosh,kl,kl,0,6,8,100.0,1.0,0.1,16,3000,0.0122944361887334,0.0111817666941069,0.0062463693350325,0.0105352316397144,600,0
log_cosh,log_cosh,kl,kl,0,7,8,100.0,1.0,0.1,16,3000,0.0138339724876176,0.0123097008944501,0.0072153298150597,0.0134626711633707,600,0
log_cosh,log_cosh,kl,kl,0,8,8,100.0,1.0,0.1,16,3000,0.0129863636056794,0.0119897713295635,0.0066466728963537,0.01566733180195,600,0
log_cosh,log_cosh,kl,kl,0,9,8,100.0,1.0,0.1,16,3000,0.0134172745074962,0.0126245711761034,0.0058629473656462,0.007708314690749,600,0
log_cosh,log_cosh,kl,kl,0,10,8,100.0,1.0,0.1,16,3000,0.0142231255615508,0.012773437898546,0.0078162083130967,0.0128867474294551,600,0
log_cosh,log_cosh,kl,kl,0,11,8,100.0,1.0,0.1,16,3000,0.0111573859056382,0.0097211734226068,0.0058208456926449,0.0096599403594428,600,0
log_cosh,log_cosh,kl,kl,0,12,8,100.0,1.0,0.1,16,3000,0.0132398982482845,0.0119927627353657,0.0066207166608741,0.0036108871260829,600,0
log_cosh,log_cosh,kl,kl,0,13,8,100.0,1.0,0.1,16,3000,0.0131346500553603,0.0120417627472511,0.0062180435204872,0.01115555764353,600,0
log_cosh,log_cosh,kl,kl,0,14,8,100.0,1.0,0.1,16,3000,0.0135720677907882,0.0122974546697527,0.006667812339261,0.0067197896520561,600,0
log_cosh,log_cosh,kl,kl,0,15,8,100.0,1.0,0.1,16,3000,0.0136298647863125,0.0127806151878697,0.0059485229821742,0.0129336753675541,600,0
log_cosh,log_cosh,kl,kl,0,16,8,100.0,1.0,0.1,16,3000,0.0126176404385188,0.0112460264267832,0.0064600284885996,0.0142605394781583,600,0
log_cosh,log_cosh,kl,kl,0,17,8,100.0,1.0,0.1,16,3000,0.0133015517820543,0.0115748594431845,0.0078168833834028,0.0181170824540402,600,0
log_cosh,log_cosh,kl,kl,0,18,8,100.0,1.0,0.1,16,3000,0.0136832239108843,0.0125218393202235,0.0072233716922664,0.0259491049676938,600,0
log_cosh,log_cosh,kl,kl,0,19,8,100.0,1.0,0.1,16,3000,0.0132583450730956,0.0116500818551914,0.0065856091146718,0.0061968252331539,600,0
log_cosh,log_cosh,riemannian,riemannian,0,0,32,10.0,0.1,0.1,1,3000,0.8342859015552333,0.8293756779230108,0.1795391414973623,0.5651909868684157,600,0
log_cosh,log_cosh,riemannian,riemannian,0,1,32,10.0,0.1,0.1,1,3000,0.8009093667465643,0.7973609164762578,0.2010732815053319,0.5695479209715657,600,0
log_cosh,log_cosh,riemannian,riemannian,0,2,32,10.0,0.1,0.1,1,3000,0.8553151244017105,0.8361179167149331,0.221867865138605,0.8230604887597721,600,0
log_cosh,log_cosh,riemannian,riemannian,0,3,32,10.0,0.1,0.1,1,3000,0.8370556202647969,0.8264304183581963,0.2239668483233923,0.8433594083736224,600,0
log_cosh,log_cosh,riemannian,riemannian,0,4,32,10.0,0.1,0.1,1,3000,0.8618110887073417,0.8463368979602919,0.2010191445821796,1.1654033002596125,600,0
log_cosh,log_cosh,riemannian,riemannian,0,5,32,10.0,0.1,0.1,1,3000,0.8212672769859963,0.8168263021657864,0.1818069542473055,0.649443072084722,600,0
log_cosh,log_cosh,riemannian,riemannian,0,6,32,10.0,0.1,0.1,1,3000,0.8070971625008881,0.7882953002854869,0.1832134622904572,1.1495511111307906,600,0
log_cosh,log_cosh,riemannian,riemannian,0,7,32,10.0,0.1,0.1,1,3000,0.8146863976454984,0.7920413641066162,0.1967354707886804,0.6189579147720323,600,0
log_cosh,log_cosh,riemannian,riemannian,0,8,32,10.0,0.1,0.1,1,3000,0.8670749648658951,0.8485434189660879,0.2449755223039471,0.8402081676092337,600,0
log_cosh,log_cosh,riemannian,riemannian,0,9,32,10.0,0.1,0.1,1,3000,0.8978415402025257,0.8647076901736348,0.2435833171409331,0.5792469224537484,600,0
log_cosh,log_cosh,riemannian,riemannian,0,10,32,10.0,0.1,0.1,1,3000,0.8608967653923009,0.8247314283033162,0.2012787272871258,0.913293428997278,600,0
log_cosh,log_cosh,riemannian,riemannian,0,11,32,10.0,0.1,0.1,1,3000,0.8638244668561345,0.8482851896921204,0.2173268689924879,0.6580031557109862,600,0
log_cosh,log_cosh,riemannian,riemannian,0,12,32,10.0,0.1,0.1,1,3000,0.8488839738941333,0.8333609479169652,0.1942646265463115,0.6498659174321517,600,0
log_cosh,log_cosh,riemannian,riemannian,0,13,32,10.0,0.1,0.1,1,3000,0.8019293521590417,0.7951391413451567,0.2085188719615725,0.7356978122848403,600,0
log_cosh,log_cosh,riemannian,riemannian,0,14,32,10.0,0.1,0.1,1,3000,0.8129545647567906,0.7849432837186967,0.2108233633489388,0.6922978326939955,600,0
log_cosh,log_cosh,riemannian,riemannian,0,15,32,10.0,0.1,0.1,1,3000,0.8523720871146007,0.8449638098067425,0.209843979810912,1.0328186512396442,600,0
log_cosh,log_cosh,riemannian,riemannian,0,16,32,10.0,0.1,0.1,1,3000,0.8616915151880414,0.8432569950219673,0.2168138947034572,1.1177240931147736,600,0
log_cosh,log_cosh,riemannian,riemannian,0,17,32,10.0,0.1,0.1,1,3000,0.842589481735054,0.8235764059367199,0.2020964324136958,0.8998539094656195,600,0
log_cosh,log_cosh,riemannian,riemannian,0,18,32,10.0,0.1,0.1,1,3000,0.8486791904589213,0.830150810927833,0.2245698256227394,0.8828079840055523,600,0
log_cosh,log_cosh,riemannian,riemannian,0,19,32,10.0,0.1,0.1,1,3000,0.873198843183272,0.8654861913198246,0.2241092193391076,0.9693818166673296,600,0
log_cosh,log_cosh,kl,kl,0,0,32,10.0,0.1,0.1,1,3000,0.8343225997154027,0.8293745059029476,0.179541163278906,0.5652243702727873,600,0
log_cosh,log_cosh,kl,kl,0,1,32,10.0,0.1,0.1,1,3000,0.8009122455711565,0.7973776301643447,0.2010361787778622,0.5696668914984997,600,0
log_cosh,log_cosh,kl,kl,0,2,32,10.0,0.1,0.1,1,3000,0.8553204956767437,0.8360730915441046,0.2218658584020208,0.8231017585570015,600,0
log_cosh,log_cosh,kl,kl,0,3,32,10.0,0.1,0.1,1,3000,0.8370766059822707,0.8264153667191145,0.2239821000966959,0.8435635970595996,600,0
log_cosh,log_cosh,kl,kl,0,4,32,10.0,0.1,0.1,1,3000,0.8618100466086929,0.8459629916334634,0.2009990787812362,1.1651422193122158,600,0
log_cosh,log_cosh,kl,kl,0,5,32,10.0,0.1,0.1,1,3000,0.8212896159058674,0.8168939555478616,0.1818139429291694,0.6494844256901402,600,0
log_cosh,log_cosh,kl,kl,0,6,32,10.0,0.1,0.1,1,3000,0.8070985792035996,0.7882823072855167,0.1831981231968294,1.1493064089936098,600,0
log_cosh,log_cosh,kl,kl,0,7,32,10.0,0.1,0.1,1,3000,0.8147088078780097,0.7920137074274898,0.1967372019342975,0.6189547542006295,600,0
log_cosh,log_cosh,kl,kl,0,8,32,10.0,0.1,0.1,1,3000,0.8670973428410397,0.8486067355869658,0.2449890548482542,0.8401901994717917,600,0
log_cosh,log_cosh,kl,kl,0,9,32,10.0,0.1,0.1,1,3000,0.8978751253395355,0.8647839939078885,0.2435941971929077,0.5791026543487305,600,0
log_cosh,log_cosh,kl,kl,0,10,32,10.0,0.1,0.1,1,3000,0.8608795604810613,0.8247498891469753,0.2012809365908482,0.9132987348939848,600,0
log_cosh,log_cosh,kl,kl,0,11,32,10.0,0.1,0.1,1,3000,0.8638464156962633,0.848385317603757,0.2173109250663924,0.6581358560107162,600,0
log_cosh,log_cosh,kl,kl,0,12,32,10.0,0.1,0.1,1,3000,0.8488855999471205,0.8333584726306853,0.1942751854313519,0.6498271061378063,600,0
log_cosh,log_cosh,kl,kl,0,13,32,10.0,0.1,0.1,1,3000,0.8019351083426373,0.7951819199896484,0.2085118149903546,0.7357297514242873,600,0
log_cosh,log_cosh,kl,kl,0,14,32,10.0,0.1,0.1,1,3000,0.8129656692132116,0.7849650040288694,0.2108333961613784,0.6923952507247577,600,0
log_cosh,log_cosh,kl,kl,0,15,32,10.0,0.1,0.1,1,3000,0.8523951642129881,0.8449585639053296,0.209843618045179,1.0331176875444896,600,0
log_cosh,log_cosh,kl,kl,0,16,32,10.0,0.1,0.1,1,3000,0.8617107866298482,0.8431284330032724,0.216807611234814,1.11780347498474,600,0
log_cosh,log_cosh,kl,kl,0,17,32,10.0,0.1,0.1,1,3000,0.8425995861496399,0.8235252247489662,0.2021028771472142,0.8999877413364032,600,0
log_cosh,log_cosh,kl,kl,0,18,32,10.0,0.1,0.1,1,3000,0.8486906591661697,0.830110734562485,0.2245784657233924,0.8828130222013328,600,0
log_cosh,log_cosh,kl,kl,0,19,32,10.0,0.1,0.1,1,3000,0.8732217549022508,0.8654948468461896,0.2241229744729834,0.9694511869192012,600,0
log_cosh,log_cosh,riemannian,riemannian,0,0,32,10.0,0.1,0.1,4,3000,0.2085775597688394,0.2017105101090344,0.0558564707275896,0.2472932750278715,600,0
log_cosh,log_cosh,riemannian,riemannian,0,1,32,10.0,0.1,0.1,4,3000,0.2091406574747115,0.2072023541890537,0.0520529837802895,0.1633390416235585,600,0
log_cosh,log_cosh,riemannian,riemannian,0,2,32,10.0,0.1,0.1,4,3000,0.2071076275196701,0.202804597010715,0.0552918305063459,0.2961187464095189,600,0
log_cosh,log_cosh,riemannian,riemannian,0,3,32,10.0,0.1,0.1,4,3000,0.2054107279037676,0.2004355892806835,0.0507915477861728,0.248140434369219,600,0
log_cosh,log_cosh,riemannian,riemannian,0,4,32,10.0,0.1,0.1,4,3000,0.2133327897174367,0.2043567855584207,0.0539298345607515,0.1340955236040457,600,0
log_cosh,log_cosh,riemannian,riemannian,0,5,32,10.0,0.1,0.1,4,3000,0.2000613922677617,0.1984510681151974,0.0493002404325244,0.153591511953536,600,0
log_cosh,log_cosh,riemannian,riemannian,0,6,32,10.0,0.1,0.1,4,3000,0.201293327898076,0.1950973353928127,0.046774435367258,0.2199298037173491,600,0
log_cosh,log_cosh,riemannian,riemannian,0,7,32,10.0,0.1,0.1,4,3000,0.2136901053843134,0.2102654722375767,0.0539595147172387,0.2196215797149747,600,0
log_cosh,log_cosh,riemannian,riemannian,0,8,32,10.0,0.1,0.1,4,3000,0.211518290423572,0.2117682721215139,0.0507893053979541,0.2365695548780735,600,0
log_cosh,log_cosh,riemannian,riemannian,0,9,32,10.0,0.1,0.1,4,3000,0.2192147535234799,0.213596163608166,0.05704674732025,0.1838534456503424,600,0
log_cosh,log_cosh,riemannian,riemannian,0,10,32,10.0,0.1,0.1,4,3000,0.2159854804711879,0.2124765277320754,0.0506331300915213,0.1967711897100699,600,0
log_cosh,log_cosh,riemannian,riemannian,0,11,32,10.0,0.1,0.1,4,3000,0.2211196059749821,0.2154425664487114,0.0496575949176861,0.1951592655012888,600,0
log_cosh,log_cosh,riemannian,riemannian,0,12,32,10.0,0.1,0.1,4,3000,0.2078210105102758,0.2038763504153102,0.0522601374860984,0.1345809681479437,600,0
log_cosh,log_cosh,riemannian,riemannian,0,13,32,10.0,0.1,0.1,4,3000,0.2117925034664212,0.2102704558462811,0.048284201787234,0.1955397254682012,600,0
log_cosh,log_cosh,riemannian,riemannian,0,14,32,10.0,0.1,0.1,4,3000,0.2114353492545695,0.2065773014303609,0.0504534602331036,0.191180025534166,600,0
log_cosh,log_cosh,riemannian,riemannian,0,15,32,10.0,0.1,0.1,4,3000,0.2145584572103188,0.2138516673398847,0.0475103512709579,0.1735688434821725,600,0
log_cosh,log_cosh,riemannian,riemannian,0,16,32,10.0,0.1,0.1,4,3000,0.2180575008668349,0.2137235052936645,0.0472376690959668,0.2445630339916533,600,0
log_cosh,log_cosh,riemannian,riemannian,0,17,32,10.0,0.1,0.1,4,3000,0.2187853874912717,0.2136813874406833,0.0527052058082893,0.154838358036649,600,0
log_cosh,log_cosh,riemannian,riemannian,0,18,32,10.0,0.1,0.1,4,3000,0.2138203646543583,0.2121254921312463,0.0482404773820083,0.2244771833913432,600,0
log_cosh,log_cosh,riemannian,riemannian,0,19,32,10.0,0.1,0.1,4,3000,0.2073241468085836,0.2045563755539774,0.0525069999665375,0.2148365186897365,600,0
log_cosh,log_cosh,kl,kl,0,0,32,10.0,0.1,0.1,4,3000,0.2085797746208469,0.201722726886171,0.0558573873354939,0.2472944805880104,600,0
log_cosh,log_cosh,kl,kl,0,1,32,10.0,0.1,0.1,4,3000,0.2091404458535086,0.207200721908773,0.0520537142886784,0.1633393795719868,600,0
log_cosh,log_cosh,kl,kl,0,2,32,10.0,0.1,0.1,4,3000,0.207108684453063,0.202808398966436,0.0552924606751309,0.2961434782414898,600,0
log_cosh,log_cosh,kl,kl,0,3,32,10.0,0.1,0.1,4,3000,0.2054125364563548,0.2004291279456289,0.0507909985190267,0.2481446707915893,600,0
log_cosh,log_cosh,kl,kl,0,4,32,10.0,0.1,0.1,4,3000,0.2133350723341837,0.2043556461293363,0.0539291968779482,0.1340948707684646,600,0
log_cosh,log_cosh,kl,kl,0,5,32,10.0,0.1,0.1,4,3000,0.2000597406915319,0.1984423379369175,0.0492998690479308,0.1535935428998698,600,0
log_cosh,log_cosh,kl,kl,0,6,32,10.0,0.1,0.1,4,3000,0.2012932814911971,0.1950941734262805,0.0467720620843831,0.2199143618929042,600,0
log_cosh,log_cosh,kl,kl,0,7,32,10.0,0.1,0.1,4,3000,0.2136900062206911,0.2102581998601991,0.0539575549990749,0.2196150129438763,600,0
log_cosh,log_cosh,kl,kl,0,8,32,10.0,0.1,0.1,4,3000,0.2115203615003692,0.2117724912969194,0.0507908174874548,0.2365859162582211,600,0
log_cosh,log_cosh,kl,kl,0,9,32,10.0,0.1,0.1,4,3000,0.2192140246263502,0.2135901962990445,0.0570474999840537,0.1838556631531744,600,0
log_cosh,log_cosh,kl,kl,0,10,32,10.0,0.1,0.1,4,3000,0.2159852544926077,0.2124726521685573,0.0506329901326573,0.1967550699687947,600,0
log_cosh,log_cosh,kl,kl,0,11,32,10.0,0.1,0.1,4,3000,0.2211200346483137,0.2154317881647003,0.0496576573840446,0.1951614572303412,600,0
log_cosh,log_cosh,kl,kl,0,12,32,10.0,0.1,0.1,4,3000,0.2078221881353762,0.2038873408554806,0.05226061664724,0.1345803469580744,600,0
log_cosh,log_cosh,kl,kl,0,13,32,10.0,0.1,0.1,4,3000,0.2117934659354964,0.2102786372831566,0.0482838512255843,0.1955144487622675,600,0
log_cosh,log_cosh,kl,kl,0,14,32,10.0,0.1,0.1,4,3000,0.2114365549053755,0.2065821176953477,0.0504547727196092,0.191166135211823,600,0
log_cosh,log_cosh,kl,kl,0,15,32,10.0,0.1,0.1,4,3000,0.2145593822692812,0.2138462072694515,0.0475126533872067,0.1735853015584467,600,0
log_cosh,log_cosh,kl,kl,0,16,32,10.0,0.1,0.1,4,3000,0.2180594553597915,0.213726174869798,0.0472410740762396,0.2445557791517529,600,0
log_cosh,log_cosh,kl,kl,0,17,32,10.0,0.1,0.1,4,3000,0.2187882778139645,0.2136891494233879,0.0527077564698127,0.154828722570258,600,0
log_cosh,log_cosh,kl,kl,0,18,32,10.0,0.1,0.1,4,3000,0.2138216204829024,0.2121140696865957,0.0482425777558956,0.2244812176741959,600,0
log_cosh,log_cosh,kl,kl,0,19,32,10.0,0.1,0.1,4,3000,0.2073242848848642,0.2045635811448605,0.0525066172817376,0.2148269695809688,600,0
log_cosh,log_cosh,riemannian,riemannian,0,0,32,10.0,0.1,0.1,16,3000,0.0547572990329395,0.0532748817816148,0.0139282275468859,0.0767604110763215,600,0
log_cosh,log_cosh,riemannian,riemannian,0,1,32,10.0,0.1,0.1,16,3000,0.0537879231888618,0.0534236935611218,0.0135079416338622,0.0675900881117144,600,0
log_cosh,log_cosh,riemannian,riemannian,0,2,32,10.0,0.1,0.1,16,3000,0.0550317558378398,0.054050587588204,0.0130067419508348,0.0453882045806324,600,0
log_cosh,log_cosh,riemannian,riemannian,0,3,32,10.0,0.1,0.1,16,3000,0.0549751472920965,0.053290808174303,0.0141078093305381,0.058936037607765,600,0
log_cosh,log_cosh,riemannian,riemannian,0,4,32,10.0,0.1,0.1,16,3000,0.0528409565128419,0.053011871128568,0.0133720480241602,0.0429073673274444,600,0
log_cosh,log_cosh,riemannian,riemannian,0,5,32,10.0,0.1,0.1,16,3000,0.0504825559905831,0.0486574511217021,0.0127765246243747,0.0636066554880301,600,0
log_cosh,log_cosh,riemannian,riemannian,0,6,32,10.0,0.1,0.1,16,3000,0.0507142729389316,0.0486373233727732,0.01487367768549,0.0709460457885882,600,0
log_cosh,log_cosh,riemannian,riemannian,0,7,32,10.0,0.1,0.1,16,3000,0.0536710959598359,0.0520048613184229,0.0145070462938244,0.0480997948139716,600,0
log_cosh,log_cosh,riemannian,riemannian,0,8,32,10.0,0.1,0.1,16,3000,0.0525593113184471,0.0515292182381301,0.0128578515264716,0.0619962188259251,600,0
log_cosh,log_cosh,riemannian,riemannian,0,9,32,10.0,0.1,0.1,16,3000,0.0543418792878784,0.0531193443626776,0.0135602463468379,0.0419126036716051,600,0
log_cosh,log_cosh,riemannian,riemannian,0,10,32,10.0,0.1,0.1,16,3000,0.0516638564098978,0.0508485903899291,0.0125605649237185,0.0423369378490576,600,0
log_cosh,log_cosh,riemannian,riemannian,0,11,32,10.0,0.1,0.1,16,3000,0.0510721700141424,0.0498809029805435,0.0136298930209309,0.0612629773404478,600,0
log_cosh,log_cosh,riemannian,riemannian,0,12,32,10.0,0.1,0.1,16,3000,0.0535141946757432,0.0523700350654827,0.0137259397048844,0.0459967760346771,600,0
log_cosh,log_cosh,riemannian,riemannian,0,13,32,10.0,0.1,0.1,16,3000,0.0509567069157754,0.0496328017474567,0.0115057933963197,0.0438638453974888,600,0
log_cosh,log_cosh,riemannian,riemannian,0,14,32,10.0,0.1,0.1,16,3000,0.0521589516442808,0.0507960394132922,0.0123095143233662,0.0463188689052103,600,0
log_cosh,log_cosh,riemannian,riemannian,0,15,32,10.0,0.1,0.1,16,3000,0.052530415837846,0.0510291437806884,0.0128056952204017,0.0759672503464514,600,0
log_cosh,log_cosh,riemannian,riemannian,0,16,32,10.0,0.1,0.1,16,3000,0.0519162027582376,0.0501716444005779,0.0115183731032336,0.0309662867194191,600,0
log_cosh,log_cosh,riemannian,riemannian,0,17,32,10.0,0.1,0.1,16,3000,0.054062736424867,0.0528887686452499,0.0132715039227307,0.0385832457201047,600,0
log_cosh,log_cosh,riemannian,riemannian,0,18,32,10.0,0.1,0.1,16,3000,0.0533759751008903,0.0527226545017285,0.0126722094090525,0.0579769426623855,600,0
log_cosh,log_cosh,riemannian,riemannian,0,19,32,10.0,0.1,0.1,16,3000,0.0509822683965728,0.0503256966604617,0.0132756908767668,0.045439783063756,600,0
log_cosh,log_cosh,kl,kl,0,0,32,10.0,0.1,0.1,16,3000,0.054756884037801,0.0532744994364158,0.013928222953666,0.0767612454352431,600,0
log_cosh,log_cosh,kl,kl,0,1,32,10.0,0.1,0.1,16,3000,0.053787642952897,0.0534233371172305,0.0135079471122892,0.0675893349505258,600,0
log_cosh,log_cosh,kl,kl,0,2,32,10.0,0.1,0.1,16,3000,0.0550314982627477,0.054050364831319,0.0130068239380185,0.045387827816512,600,0
log_cosh,log_cosh,kl,kl,0,3,32,10.0,0.1,0.1,16,3000,0.0549747051480022,0.0532906277226423,0.0141078823243649,0.0589379578502473,600,0
log_cosh,log_cosh,kl,kl,0,4,32,10.0,0.1,0.1,16,3000,0.0528403726682726,0.0530100858873296,0.0133721116015645,0.0429043819077037,600,0
log_cosh,log_cosh,kl,kl,0,5,32,10.0,0.1,0.1,16,3000,0.0504821537145243,0.0486569493946618,0.0127766079876065,0.0636078719810129,600,0
log_cosh,log_cosh,kl,kl,0,6,32,10.0,0.1,0.1,16,3000,0.0507138955880901,0.0486350855254116,0.0148737911652213,0.0709483082984974,600,0
log_cosh,log_cosh,kl,kl,0,7,32,10.0,0.1,0.1,16,3000,0.0536710456950936,0.0520037986956687,0.0145075235584068,0.0480992531097257,600,0
log_cosh,log_cosh,kl,kl,0,8,32,10.0,0.1,0.1,16,3000,0.0525591340695835,0.0515269491896361,0.0128579647741348,0.0619978899759416,600,0
log_cosh,log_cosh,kl,kl,0,9,32,10.0,0.1,0.1,16,3000,0.0543416115582846,0.0531184303887499,0.0135603035780863,0.0419125867498806,600,0
log_cosh,log_cosh,kl,kl,0,10,32,10.0,0.1,0.1,16,3000,0.0516632504343574,0.0508471189024462,0.0125604928931053,0.0423360640307777,600,0
log_cosh,log_cosh,kl,kl,0,11,32,10.0,0.1,0.1,16,3000,0.0510720630339686,0.0498801805022246,0.0136303574672763,0.0612638964578309,600,0
log_cosh,log_cosh,kl,kl,0,12,32,10.0,0.1,0.1,16,3000,0.0535139352914137,0.0523699231166219,0.0137260310831844,0.0459964072834679,600,0
log_cosh,log_cosh,kl,kl,0,13,32,10.0,0.1,0.1,16,3000,0.0509566694940615,0.0496326984374313,0.0115059763286173,0.0438652924926969,600,0
log_cosh,log_cosh,kl,kl,0,14,32,10.0,0.1,0.1,16,3000,0.0521587433819108,0.0507956907833957,0.0123097030872351,0.0463187946568197,600,0
log_cosh,log_cosh,kl,kl,0,15,32,10.0,0.1,0.1,16,3000,0.0525302992910244,0.0510268866013277,0.0128058494309885,0.0759665384841525,600,0
log_cosh,log_cosh,kl,kl,0,16,32,10.0,0.1,0.1,16,3000,0.0519161305267974,0.0501712894422148,0.0115188058494812,0.0309660719342588,600,0
log_cosh,log_cosh,kl,kl,0,17,32,10.0,0.1,0.1,16,3000,0.0540621715886746,0.0528871621679982,0.0132712277896113,0.0385829353044613,600,0
log_cosh,log_cosh,kl,kl,0,18,32,10.0,0.1,0.1,16,3000,0.0533755455370315,0.0527216672284041,0.0126720549448833,0.0579781461608845,600,0
log_cosh,log_cosh,kl,kl,0,19,32,10.0,0.1,0.1,16,3000,0.0509823803131056,0.0503257729419672,0.0132759276219941,0.045438621904509,600,0
log_cosh,log_cosh,riemannian,riemannian,0,0,32,10.0,1.0,0.1,1,3000,0.8101146132511883,0.7974512230903485,0.1798082849938726,0.7874120785730838,600,0
log_cosh,log_cosh,riemannian,riemannian,0,1,32,10.0,1.0,0.1,1,3000,0.8450334930601586,0.8193118264527186,0.1934249038203858,0.9944676930689412,600,0
log_cosh,log_cosh,riemannian,riemannian,0,2,32,10.0,1.0,0.1,1,3000,0.881613315480713,0.8641739869491687,0.216441803438245,1.0178278242379477,600,0
log_cosh,log_cosh,riemannian,riemannian,0,3,32,10.0,1.0,0.1,1,3000,0.8511300783894679,0.8310608062048281,0.1990613636892191,0.7735381796138086,600,0
log_cosh,log_cosh,riemannian,riemannian,0,4,32,10.0,1.0,0.1,1,3000,0.828462016859714,0.8202168496550897,0.1876820107201852,0.8446179871673536,600,0
log_cosh,log_cosh,riemannian,riemannian,0,5,32,10.0,1.0,0.1,1,3000,0.8010652769591714,0.7825154687120914,0.2183821633239576,0.986486406472622,600,0
log_cosh,log_cosh,riemannian,riemannian,0,6,32,10.0,1.0,0.1,1,3000,0.8425447318740363,0.8272529371747979,0.2336325535350322,1.342034274549171,600,0
log_cosh,log_cosh,riemannian,riemannian,0,7,32,10.0,1.0,0.1,1,3000,0.930432183748864,0.9094901381413364,0.2267651909781575,0.6962412444257211,600,0
log_cosh,log_cosh,riemannian,riemannian,0,8,32,10.0,1.0,0.1,1,3000,0.8637454747886365,0.8472630227039595,0.1970195583582553,0.9112350072534952,600,0
log_cosh,log_cosh,riemannian,riemannian,0,9,32,10.0,1.0,0.1,1,3000,0.8617988873168895,0.8458476164560977,0.2000051638027567,0.7144157048313673,600,0
log_cosh,log_cosh,riemannian,riemannian,0,10,32,10.0,1.0,0.1,1,3000,0.8363113852140506,0.8311749652749398,0.2105369691595913,0.4830849958248322,600,0
log_cosh,log_cosh,riemannian,riemannian,0,11,32,10.0,1.0,0.1,1,3000,0.8574361731764456,0.8211461174771841,0.2379171725585216,0.8733043565436205,600,0
log_cosh,log_cosh,riemannian,riemannian,0,12,32,10.0,1.0,0.1,1,3000,0.8908385877094414,0.8563042892552275,0.2499712159344766,0.968874475906091,600,0
log_cosh,log_cosh,riemannian,riemannian,0,13,32,10.0,1.0,0.1,1,3000,0.8357938253280086,0.8341802832253293,0.1994682519716755,1.068519695666815,600,0
log_cosh,log_cosh,riemannian,riemannian,0,14,32,10.0,1.0,0.1,1,3000,0.8159184798146915,0.7955766477878186,0.2000534385279099,0.730320518517189,600,0
log_cosh,log_cosh,riemannian,riemannian,0,15,32,10.0,1.0,0.1,1,3000,0.8072158597553429,0.7913360573661343,0.2006301517799716,0.7987542597188622,600,0
log_cosh,log_cosh,riemannian,riemannian,0,16,32,10.0,1.0,0.1,1,3000,0.875807340344513,0.8626270508397482,0.2050760972968124,0.6806118137270261,600,0
log_cosh,log_cosh,riemannian,riemannian,0,17,32,10.0,1.0,0.1,1,3000,0.8230991262087447,0.8183006119868992,0.1917792551419553,1.2344254615525614,600,0
log_cosh,log_cosh,riemannian,riemannian,0,18,32,10.0,1.0,0.1,1,3000,0.8256248035297928,0.8129137738697878,0.2031370108179131,0.9981697555185178,600,0
log_cosh,log_cosh,riemannian,riemannian,0,19,32,10.0,1.0,0.1,1,3000,0.8641296079465415,0.8491393378042247,0.2212981854836971,0.603695442213926,600,0
log_cosh,log_cosh,kl,kl,0,0,32,10.0,1.0,0.1,1,3000,0.8103803133591649,0.7976086878401638,0.179885680438867,0.7885697401652365,600,0
log_cosh,log_cosh,kl,kl,0,1,32,10.0,1.0,0.1,1,3000,0.8453225943822645,0.8195338560690857,0.1934290485929129,0.996189369408384,600,0
log_cosh,log_cosh,kl,kl,0,2,32,10.0,1.0,0.1,1,3000,0.8818739015046153,0.8639890008331506,0.2166381860412042,1.0184728979229902,600,0
log_cosh,log_cosh,kl,kl,0,3,32,10.0,1.0,0.1,1,3000,0.8515091090434523,0.8314363261629154,0.199212514380049,0.7740814308840669,600,0
log_cosh,log_cosh,kl,kl,0,4,32,10.0,1.0,0.1,1,3000,0.8287396231978916,0.8208962645211173,0.1878297584825256,0.843420499625509,600,0
log_cosh,log_cosh,kl,kl,0,5,32,10.0,1.0,0.1,1,3000,0.8013287537645974,0.7823010576282527,0.218387722098097,0.986985362140075,600,0
log_cosh,log_cosh,kl,kl,0,6,32,10.0,1.0,0.1,1,3000,0.8429056189038135,0.82801576507239,0.2337343176137319,1.3407889205150667,600,0
log_cosh,log_cosh,kl,kl,0,7,32,10.0,1.0,0.1,1,3000,0.9308440592744152,0.9098645315814088,0.2269185719235574,0.6959735587180944,600,0
log_cosh,log_cosh,kl,kl,0,8,32,10.0,1.0,0.1,1,3000,0.8640626195444557,0.8474414105490276,0.1971119105284237,0.911279968623468,600,0
log_cosh,log_cosh,kl,kl,0,9,32,10.0,1.0,0.1,1,3000,0.8622166389611576,0.8455565088732229,0.2000825962587831,0.714790939476778,600,0
log_cosh,log_cosh,kl,kl,0,10,32,10.0,1.0,0.1,1,3000,0.8367937967139553,0.8313443269567067,0.2107409213731837,0.4828911224458636,600,0
log_cosh,log_cosh,kl,kl,0,11,32,10.0,1.0,0.1,1,3000,0.8577765924002676,0.8216650465441795,0.2380273422551308,0.8737847108499324,600,0
log_cosh,log_cosh,kl,kl,0,12,32,10.0,1.0,0.1,1,3000,0.8912443684481286,0.8565796507959966,0.2501314843803058,0.9698289652594312,600,0
log_cosh,log_cosh,kl,kl,0,13,32,10.0,1.0,0.1,1,3000,0.8360736313409682,0.8347246213266146,0.1995823716991356,1.0692693525370132,600,0
log_cosh,log_cosh,kl,kl,0,14,32,10.0,1.0,0.1,1,3000,0.8163936811842165,0.796154065206462,0.2001961441990945,0.7307657007701494,600,0
log_cosh,log_cosh,kl,kl,0,15,32,10.0,1.0,0.1,1,3000,0.8075303624092353,0.7914598023808921,0.2008873322616667,0.7993232880687771,600,0
log_cosh,log_cosh,kl,kl,0,16,32,10.0,1.0,0.1,1,3000,0.8760928682454509,0.8626752169065881,0.2051386476004305,0.6816089527088067,600,0
log_cosh,log_cosh,kl,kl,0,17,32,10.0,1.0,0.1,1,3000,0.8234837766932139,0.8191809507954844,0.191868248163597,1.2347638635408984,600,0
log_cosh,log_cosh,kl,kl,0,18,32,10.0,1.0,0.1,1,3000,0.8260004676119219,0.8134588300960068,0.2033247852824708,0.9983983815349546,600,0
log_cosh,log_cosh,kl,kl,0,19,32,10.0,1.0,0.1,1,3000,0.8643197848746852,0.8497785388301828,0.2212804341094897,0.6040914822449679,600,0
log_cosh,log_cosh,riemannian,riemannian,0,0,32,10.0,1.0,0.1,4,3000,0.2150512778872164,0.2073417569934648,0.0561649942690598,0.33851023782222,600,0
log_cosh,log_cosh,riemannian,riemannian,0,1,32,10.0,1.0,0.1,4,3000,0.2219888005117745,0.2142669434873596,0.0572803204642427,0.2420288996766828,600,0
log_cosh,log_cosh,riemannian,riemannian,0,2,32,10.0,1.0,0.1,4,3000,0.2188273533642359,0.2173053009899703,0.050603776553524,0.3399601944175074,600,0
log_cosh,log_cosh,riemannian,riemannian,0,3,32,10.0,1.0,0.1,4,3000,0.2066664897293692,0.2046154122549488,0.049885964981634,0.160294550035509,600,0
log_cosh,log_cosh,riemannian,riemannian,0,4,32,10.0,1.0,0.1,4,3000,0.2285299962025228,0.2238977666908397,0.0560977416852123,0.2152282759174966,600,0
log_cosh,log_cosh,riemannian,riemannian,0,5,32,10.0,1.0,0.1,4,3000,0.2126424419209114,0.2064430542847084,0.0501904002977391,0.2211475988923297,600,0
log_cosh,log_cosh,riemannian,riemannian,0,6,32,10.0,1.0,0.1,4,3000,0.207320545500561,0.206310773800336,0.0483680413937099,0.2067381153687648,600,0
log_cosh,log_cosh,riemannian,riemannian,0,7,32,10.0,1.0,0.1,4,3000,0.2059737864167683,0.1995973231425125,0.0527459184195836,0.1271446478365305,600,0
log_cosh,log_cosh,riemannian,riemannian,0,8,32,10.0,1.0,0.1,4,3000,0.2151501557980392,0.2083185488527981,0.0553359134958852,0.1548943269034381,600,0
log_cosh,log_cosh,riemannian,riemannian,0,9,32,10.0,1.0,0.1,4,3000,0.210811956712212,0.2058248232043418,0.048151580346696,0.1820580691509121,600,0
log_cosh,log_cosh,riemannian,riemannian,0,10,32,10.0,1.0,0.1,4,3000,0.2066398628847525,0.2062005062862582,0.0513266022853048,0.2305462724609555,600,0
log_cosh,log_cosh,riemannian,riemannian,0,11,32,10.0,1.0,0.1,4,3000,0.2099735975757522,0.2058348234939409,0.0542378846875912,0.1664864189136423,600,0
log_cosh,log_cosh,riemannian,riemannian,0,12,32,10.0,1.0,0.1,4,3000,0.2207494973268177,0.2126000089640172,0.0626512334846565,0.1909831257976435,600,0
log_cosh,log_cosh,riemannian,riemannian,0,13,32,10.0,1.0,0.1,4,3000,0.2091060107975465,0.2047469947378211,0.0561645721624048,0.1347599244716946,600,0
log_cosh,log_cosh,riemannian,riemannian,0,14,32,10.0,1.0,0.1,4,3000,0.2155382747312469,0.2111206382859833,0.0540760395846034,0.262128942283347,600,0
log_cosh,log_cosh,riemannian,riemannian,0,15,32,10.0,1.0,0.1,4,3000,0.2127622998956944,0.2108722274143808,0.0472084014250836,0.1902022118595709,600,0
log_cosh,log_cosh,riemannian,riemannian,0,16,32,10.0,1.0,0.1,4,3000,0.2110248541078122,0.2088306805423272,0.0467879696775256,0.1711026085397975,600,0
log_cosh,log_cosh,riemannian,riemannian,0,17,32,10.0,1.0,0.1,4,3000,0.2078513081771929,0.2076456016749723,0.0431112082365002,0.2339213936693767,600,0
log_cosh,log_cosh,riemannian,riemannian,0,18,32,10.0,1.0,0.1,4,3000,0.2078931557502779,0.2036506613627118,0.0547188486044618,0.2279296043532497,600,0
log_cosh,log_cosh,riemannian,riemannian,0,19,32,10.0,1.0,0.1,4,3000,0.2148341062335043,0.2127487707765283,0.0521268428386058,0.2129587687717844,600,0
log_cosh,log_cosh,kl,kl,0,0,32,10.0,1.0,0.1,4,3000,0.2150285040022176,0.2073667985066229,0.0561669663583879,0.3384949321838348,600,0
log_cosh,log_cosh,kl,kl,0,1,32,10.0,1.0,0.1,4,3000,0.2219731744696219,0.2141762234163913,0.057283488437601,0.2420364811380722,600,0
log_cosh,log_cosh,kl,kl,0,2,32,10.0,1.0,0.1,4,3000,0.2188090854930842,0.217367191368119,0.0506034684734512,0.3400323036710944,600,0
log_cosh,log_cosh,kl,kl,0,3,32,10.0,1.0,0.1,4,3000,0.20662912149119,0.2045225869404774,0.0498814582975844,0.160277214947655,600,0
log_cosh,log_cosh,kl,kl,0,4,32,10.0,1.0,0.1,4,3000,0.2285160258454314,0.2238407567583458,0.0561159531409766,0.2151878958161432,600,0
log_cosh,log_cosh,kl,kl,0,5,32,10.0,1.0,0.1,4,3000,0.2126326414211465,0.2064314353826155,0.0501873560083856,0.2212098613344721,600,0
log_cosh,log_cosh,kl,kl,0,6,32,10.0,1.0,0.1,4,3000,0.2072945613869667,0.2063628380067221,0.048375248881472,0.2067887069756295,600,0
log_cosh,log_cosh,kl,kl,0,7,32,10.0,1.0,0.1,4,3000,0.205942312180267,0.1995251052582887,0.052734847073435,0.1272018860985824,600,0
log_cosh,log_cosh,kl,kl,0,8,32,10.0,1.0,0.1,4,3000,0.2151161843265854,0.2082683815745873,0.055348040102375,0.1548402857293496,600,0
log_cosh,log_cosh,kl,kl,0,9,32,10.0,1.0,0.1,4,3000,0.2107812930534408,0.2057725361201328,0.04815012971264,0.1820599294049856,600,0
log_cosh,log_cosh,kl,kl,0,10,32,10.0,1.0,0.1,4,3000,0.2066070649513169,0.2061602552560906,0.0513314424979251,0.2305623977694821,600,0
log_cosh,log_cosh,kl,kl,0,11,32,10.0,1.0,0.1,4,3000,0.2099441246495575,0.2057496121543955,0.0542346798896189,0.1664661790851624,600,0
log_cosh,log_cosh,kl,kl,0,12,32,10.0,1.0,0.1,4,3000,0.2207146966628016,0.2126111248430895,0.0626459524050216,0.191006814828782,600,0
log_cosh,log_cosh,kl,kl,0,13,32,10.0,1.0,0.1,4,3000,0.2090869936895229,0.2047411013845526,0.0561709842783917,0.1347817282676544,600,0
log_cosh,log_cosh,kl,kl,0,14,32,10.0,1.0,0.1,4,3000,0.2154980889482657,0.2111001889698904,0.0540663892478227,0.2621458676059518,600,0
log_cosh,log_cosh,kl,kl,0,15,32,10.0,1.0,0.1,4,3000,0.2127309449427007,0.2107848201318312,0.0472101000387049,0.1901782034072994,600,0
log_cosh,log_cosh,kl,kl,0,16,32,10.0,1.0,0.1,4,3000,0.2109899926345263,0.2088831900455474,0.046803569312473,0.1710254798093444,600,0
log_cosh,log_cosh,kl,kl,0,17,32,10.0,1.0,0.1,4,3000,0.2078236841704827,0.207576371663599,0.0431106444908389,0.2338474661535627,600,0
log_cosh,log_cosh,kl,kl,0,18,32,10.0,1.0,0.1,4,3000,0.2078883269346719,0.2036503236640037,0.0547222672427605,0.2279307824752265,600,0
log_cosh,log_cosh,kl,kl,0,19,32,10.0,1.0,0.1,4,3000,0.2148168321196457,0.212850786913787,0.0521256751204165,0.2130681240195642,600,0
log_cosh,log_cosh,riemannian,riemannian,0,0,32,10.0,1.0,0.1,16,3000,0.0509694984755236,0.0502359698382193,0.0135860136010737,0.0543279056695595,600,0
log_cosh,log_cosh,riemannian,riemannian,0,1,32,10.0,1.0,0.1,16,3000,0.050672014885027,0.0481021354954869,0.0144532168581346,0.0527324576076608,600,0
log_cosh,log_cosh,riemannian,riemannian,0,2,32,10.0,1.0,0.1,16,3000,0.0550394747975876,0.0532214136873534,0.0135954763621935,0.0520016393360123,600,0
log_cosh,log_cosh,riemannian,riemannian,0,3,32,10.0,1.0,0.1,16,3000,0.0538425101500632,0.0521976781929964,0.0144013173451033,0.0449591179199018,600,0
log_cosh,log_cosh,riemannian,riemannian,0,4,32,10.0,1.0,0.1,16,3000,0.0538159705540192,0.0535562949537826,0.0142658848278918,0.0552257238181823,600,0
log_cosh,log_cosh,riemannian,riemannian,0,5,32,10.0,1.0,0.1,16,3000,0.0512374117690124,0.0502366124920676,0.0136227264166645,0.0602571809713197,600,0
log_cosh,log_cosh,riemannian,riemannian,0,6,32,10.0,1.0,0.1,16,3000,0.0524958460678833,0.0527152121677403,0.0125025200224843,0.083515089002347,600,0
log_cosh,log_cosh,riemannian,riemannian,0,7,32,10.0,1.0,0.1,16,3000,0.0512926982862306,0.0497215359720257,0.0143441410064881,0.0440697576982032,600,0
log_cosh,log_cosh,riemannian,riemannian,0,8,32,10.0,1.0,0.1,16,3000,0.0509052671145541,0.0485831301897761,0.0143717835831214,0.0490027653606546,600,0
log_cosh,log_cosh,riemannian,riemannian,0,9,32,10.0,1.0,0.1,16,3000,0.0542652285739171,0.0525672144499367,0.0136233490197215,0.0526909037893119,600,0
log_cosh,log_cosh,riemannian,riemannian,0,10,32,10.0,1.0,0.1,16,3000,0.0527909787890201,0.0523015760203051,0.0135154557230044,0.0543042014212673,600,0
log_cosh,log_cosh,riemannian,riemannian,0,11,32,10.0,1.0,0.1,16,3000,0.052793156872416,0.051288849298853,0.0121681473184575,0.0585689704775092,600,0
log_cosh,log_cosh,riemannian,riemannian,0,12,32,10.0,1.0,0.1,16,3000,0.0527987864433217,0.0506195938275411,0.0145549818307198,0.0769183101143156,600,0
log_cosh,log_cosh,riemannian,riemannian,0,13,32,10.0,1.0,0.1,16,3000,0.0520307834285553,0.05066018840661,0.0125537541798906,0.0508831293313534,600,0
log_cosh,log_cosh,riemannian,riemannian,0,14,32,10.0,1.0,0.1,16,3000,0.0500919082708334,0.0486099678067333,0.0127979528829224,0.0534857895481692,600,0
log_cosh,log_cosh,riemannian,riemannian,0,15,32,10.0,1.0,0.1,16,3000,0.0542857710610577,0.0537796593621351,0.0128394562812701,0.0743554790879628,600,0
log_cosh,log_cosh,riemannian,riemannian,0,16,32,10.0,1.0,0.1,16,3000,0.0547886894875061,0.0536252382540105,0.0119062658283533,0.0747986921774455,600,0
log_cosh,log_cosh,riemannian,riemannian,0,17,32,10.0,1.0,0.1,16,3000,0.0533333592649853,0.0519781858927821,0.0148857810296976,0.0826084858453413,600,0
log_cosh,log_cosh,riemannian,riemannian,0,18,32,10.0,1.0,0.1,16,3000,0.0514107221418207,0.0502839854183783,0.0135202635280824,0.0765610171248312,600,0
log_cosh,log_cosh,riemannian,riemannian,0,19,32,10.0,1.0,0.1,16,3000,0.0501172025630395,0.0486191885577653,0.011745044767956,0.0403358718270041,600,0
log_cosh,log_cosh,kl,kl,0,0,32,10.0,1.0,0.1,16,3000,0.0509570523699058,0.0502154635832639,0.0135882308580666,0.0543051749690945,600,0
log_cosh,log_cosh,kl,kl,0,1,32,10.0,1.0,0.1,16,3000,0.0506603992781172,0.048085026805662,0.0144539025138851,0.0527349672407382,600,0
log_cosh,log_cosh,kl,kl,0,2,32,10.0,1.0,0.1,16,3000,0.0550280008771028,0.0532141475890952,0.0135969060593765,0.0519956764903071,600,0
log_cosh,log_cosh,kl,kl,0,3,32,10.0,1.0,0.1,16,3000,0.0538315365301589,0.0521843758885616,0.0144051954313721,0.0449484741930916,600,0
log_cosh,log_cosh,kl,kl,0,4,32,10.0,1.0,0.1,16,3000,0.0538046193373186,0.0535382265380306,0.0142661105381216,0.0552039848725627,600,0
log_cosh,log_cosh,kl,kl,0,5,32,10.0,1.0,0.1,16,3000,0.0512256421032004,0.0502227226445164,0.0136224589785493,0.0602595512923187,600,0
log_cosh,log_cosh,kl,kl,0,6,32,10.0,1.0,0.1,16,3000,0.0524847885126243,0.0527038895268496,0.0125031515548158,0.0835309244347612,600,0
log_cosh,log_cosh,kl,kl,0,7,32,10.0,1.0,0.1,16,3000,0.0512811658648956,0.0497228908684164,0.0143447487589942,0.0440479504890163,600,0
log_cosh,log_cosh,kl,kl,0,8,32,10.0,1.0,0.1,16,3000,0.0508926620005289,0.0485700075722874,0.0143715874899125,0.0490051471647774,600,0
log_cosh,log_cosh,kl,kl,0,9,32,10.0,1.0,0.1,16,3000,0.0542536742235654,0.0525647999842355,0.0136228270677165,0.0526732392114936,600,0
log_cosh,log_cosh,kl,kl,0,10,32,10.0,1.0,0.1,16,3000,0.0527787896700823,0.0522901827569093,0.0135154022141403,0.0542928045597292,600,0
log_cosh,log_cosh,kl,kl,0,11,32,10.0,1.0,0.1,16,3000,0.0527821156576975,0.0512745069252602,0.0121695654052073,0.058565188958525,600,0
log_cosh,log_cosh,kl,kl,0,12,32,10.0,1.0,0.1,16,3000,0.0527860060774351,0.0506020492189307,0.0145541263272831,0.0768975764502641,600,0
log_cosh,log_cosh,kl,kl,0,13,32,10.0,1.0,0.1,16,3000,0.0520198013496889,0.0506641069980133,0.0125551572153265,0.0508633489612435,600,0
log_cosh,log_cosh,kl,kl,0,14,32,10.0,1.0,0.1,16,3000,0.0500820441648472,0.0485947374078179,0.0127996297045115,0.0534792208459435,600,0
log_cosh,log_cosh,kl,kl,0,15,32,10.0,1.0,0.1,16,3000,0.054273141398603,0.0537724246649631,0.0128398754472441,0.0743273193463665,600,0
log_cosh,log_cosh,kl,kl,0,16,32,10.0,1.0,0.1,16,3000,0.0547777627760568,0.0536098203452404,0.0119071085363138,0.0747770828537,600,0
log_cosh,log_cosh,kl,kl,0,17,32,10.0,1.0,0.1,16,3000,0.053323739771825,0.051956796132039,0.0148849163024934,0.0825904437085967,600,0
log_cosh,log_cosh,kl,kl,0,18,32,10.0,1.0,0.1,16,3000,0.0513983309658776,0.0502741199164979,0.0135228619045859,0.076553231451399,600,0
log_cosh,log_cosh,kl,kl,0,19,32,10.0,1.0,0.1,16,3000,0.0501056706845214,0.0486071619980563,0.0117459405710402,0.0403287987272946,600,0
log_cosh,log_cosh,riemannian,riemannian,0,0,32,100.0,0.1,0.1,1,3000,0.8338204985479029,0.814965672975088,0.2245397738879795,0.924389208118626,600,0
log_cosh,log_cosh,riemannian,riemannian,0,1,32,100.0,0.1,0.1,1,3000,0.8431687378767588,0.8121537312396754,0.2249320114353271,0.5240258553917698,600,0
log_cosh,log_cosh,riemannian,riemannian,0,2,32,100.0,0.1,0.1,1,3000,0.8568140518548685,0.8529404499809061,0.2086710078657967,0.7812175083819,600,0
log_cosh,log_cosh,riemannian,riemannian,0,3,32,100.0,0.1,0.1,1,3000,0.851718833252706,0.8514295258961759,0.2031106451306766,0.5036115777455805,600,0
log_cosh,log_cosh,riemannian,riemannian,0,4,32,100.0,0.1,0.1,1,3000,0.8548593445259204,0.8521961074380116,0.1847242572703499,0.7557844468477626,600,0
log_cosh,log_cosh,riemannian,riemannian,0,5,32,100.0,0.1,0.1,1,3000,0.8626060219084372,0.8359890588623529,0.2410779658957327,0.7565085170383412,600,0
log_cosh,log_cosh,riemannian,riemannian,0,6,32,100.0,0.1,0.1,1,3000,0.8287840949436012,0.8056800596565168,0.2170696875023617,0.7997184086378013,600,0
log_cosh,log_cosh,riemannian,riemannian,0,7,32,100.0,0.1,0.1,1,3000,0.8603260648086523,0.8230061613983146,0.2350602034927915,0.745986813617634,600,0
log_cosh,log_cosh,riemannian,riemannian,0,8,32,100.0,0.1,0.1,1,3000,0.8208718505216125,0.7928402916350663,0.2252667766265871,0.7301777689824149,600,0
log_cosh,log_cosh,riemannian,riemannian,0,9,32,100.0,0.1,0.1,1,3000,0.8120213180703209,0.785996154247453,0.1949891651481844,0.5320392410493611,600,0
log_cosh,log_cosh,riemannian,riemannian,0,10,32,100.0,0.1,0.1,1,3000,0.8395374033905934,0.8176704972198117,0.1996085788681948,0.6169422783566034,600,0
log_cosh,log_cosh,riemannian,riemannian,0,11,32,100.0,0.1,0.1,1,3000,0.8451601473252991,0.8461231781654277,0.1861115030182442,0.7208715297522161,600,0
log_cosh,log_cosh,riemannian,riemannian,0,12,32,100.0,0.1,0.1,1,3000,0.8016665837437373,0.7823336736415669,0.1942850299352167,0.669704099452133,600,0
log_cosh,log_cosh,riemannian,riemannian,0,13,32,100.0,0.1,0.1,1,3000,0.8586003858021941,0.8366180486969448,0.2083655084801735,0.3915428919287649,600,0
log_cosh,log_cosh,riemannian,riemannian,0,14,32,100.0,0.1,0.1,1,3000,0.8067524615780294,0.8013606393864734,0.184515024368674,1.0022807468722874,600,0
log_cosh,log_cosh,riemannian,riemannian,0,15,32,100.0,0.1,0.1,1,3000,0.8268228193807868,0.7951818928238161,0.2183885148582643,1.2497427795516105,600,0
log_cosh,log_cosh,riemannian,riemannian,0,16,32,100.0,0.1,0.1,1,3000,0.8861320294526581,0.8626140062808325,0.2440469544851473,1.0014776944124009,600,0
log_cosh,log_cosh,riemannian,riemannian,0,17,32,100.0,0.1,0.1,1,3000,0.8399506897966564,0.8451543097712104,0.2003439007447763,0.5815279647070568,600,0
log_cosh,log_cosh,riemannian,riemannian,0,18,32,100.0,0.1,0.1,1,3000,0.8502868252124495,0.8349925329451402,0.2065167169316641,0.9137103919846864,600,0
log_cosh,log_cosh,riemannian,riemannian,0,19,32,100.0,0.1,0.1,1,3000,0.8432588491736033,0.8352142482055882,0.2031011024011994,0.4285395568031163,600,0
log_cosh,log_cosh,kl,kl,0,0,32,100.0,0.1,0.1,1,3000,0.8338218111237456,0.8149949834144081,0.2245350607871825,0.9243753738431764,600,0
log_cosh,log_cosh,kl,kl,0,1,32,100.0,0.1,0.1,1,3000,0.8431981015461505,0.812119337934778,0.2249383268998116,0.5241210556672087,600,0
log_cosh,log_cosh,kl,kl,0,2,32,100.0,0.1,0.1,1,3000,0.8568236964671092,0.8529439946453294,0.2086610890646735,0.7812375152083604,600,0
log_cosh,log_cosh,kl,kl,0,3,32,100.0,0.1,0.1,1,3000,0.8517252682951502,0.8514031701763329,0.2031080586582641,0.5037059353090569,600,0
log_cosh,log_cosh,kl,kl,0,4,32,100.0,0.1,0.1,1,3000,0.8548651754606689,0.8522462395044315,0.1847201517894058,0.7558608578843575,600,0
log_cosh,log_cosh,kl,kl,0,5,32,100.0,0.1,0.1,1,3000,0.8626146629243305,0.8360292823631568,0.2410851317895972,0.7565672023388359,600,0
log_cosh,log_cosh,kl,kl,0,6,32,100.0,0.1,0.1,1,3000,0.8287802605880371,0.8056002245305223,0.2170658353038838,0.7995959081552968,600,0
log_cosh,log_cosh,kl,kl,0,7,32,100.0,0.1,0.1,1,3000,0.8603418634360753,0.8230516083832597,0.2350538386220023,0.746001237494113,600,0
log_cosh,log_cosh,kl,kl,0,8,32,100.0,0.1,0.1,1,3000,0.8208808532965507,0.7928057878965333,0.2252585996485538,0.7302204661578315,600,0
log_cosh,log_cosh,kl,kl,0,9,32,100.0,0.1,0.1,1,3000,0.8120385545486806,0.7861177629550689,0.1949855252410502,0.5320831614678099,600,0
log_cosh,log_cosh,kl,kl,0,10,32,100.0,0.1,0.1,1,3000,0.8395542372846334,0.8177203859586726,0.1996138234929423,0.6169569888818813,600,0
log_cosh,log_cosh,kl,kl,0,11,32,100.0,0.1,0.1,1,3000,0.8451730478432147,0.8461564957974872,0.1861171931939801,0.72083711026076,600,0
log_cosh,log_cosh,kl,kl,0,12,32,100.0,0.1,0.1,1,3000,0.8016777170789277,0.7824393288055447,0.1942895677003019,0.6696882487124469,600,0
log_cosh,log_cosh,kl,kl,0,13,32,100.0,0.1,0.1,1,3000,0.8586238570616482,0.8366257006822515,0.2083810519308314,0.3916111504471331,600,0
log_cosh,log_cosh,kl,kl,0,14,32,100.0,0.1,0.1,1,3000,0.8067627688451148,0.8013939599568332,0.1845119535814526,1.002300763222486,600,0
log_cosh,log_cosh,kl,kl,0,15,32,100.0,0.1,0.1,1,3000,0.82683614339285,0.795291696122483,0.2183828666592224,1.2498790976052732,600,0
log_cosh,log_cosh,kl,kl,0,16,32,100.0,0.1,0.1,1,3000,0.8861446116940315,0.8626817375587841,0.2440354326708337,1.0015760511350609,600,0
log_cosh,log_cosh,kl,kl,0,17,32,100.0,0.1,0.1,1,3000,0.839961124726156,0.8451289795983108,0.2003471480146971,0.581477295341081,600,0
log_cosh,log_cosh,kl,kl,0,18,32,100.0,0.1,0.1,1,3000,0.850301391562808,0.8350484217152498,0.206517242859136,0.9136985250225252,600,0
log_cosh,log_cosh,kl,kl,0,19,32,100.0,0.1,0.1,1,3000,0.8432775981595694,0.8352083215506347,0.2031046910204526,0.4285254671555023,600,0
log_cosh,log_cosh,riemannian,riemannian,0,0,32,100.0,0.1,0.1,4,3000,0.2214808916709596,0.2151012058627373,0.0547327165769925,0.2570532041876134,600,0
log_cosh,log_cosh,riemannian,riemannian,0,1,32,100.0,0.1,0.1,4,3000,0.2064075128703413,0.2022747345886841,0.0559184994532229,0.2011270855003317,600,0
log_cosh,log_cosh,riemannian,riemannian,0,2,32,100.0,0.1,0.1,4,3000,0.2088306107386277,0.201301528387674,0.054023153294082,0.2037981045618551,600,0
log_cosh,log_cosh,riemannian,riemannian,0,3,32,100.0,0.1,0.1,4,3000,0.217374161397309,0.2106260884237514,0.0512579075440063,0.1669764046762338,600,0
log_cosh,log_cosh,riemannian,riemannian,0,4,32,100.0,0.1,0.1,4,3000,0.2101031764961312,0.2095203645418877,0.0507168552845885,0.2157273850119878,600,0
log_cosh,log_cosh,riemannian,riemannian,0,5,32,100.0,0.1,0.1,4,3000,0.2084122432633018,0.204209666345946,0.048710599278808,0.2054634454600119,600,0
log_cosh,log_cosh,riemannian,riemannian,0,6,32,100.0,0.1,0.1,4,3000,0.2176509972609991,0.2122866996259915,0.0570741323470216,0.0965596070092473,600,0
log_cosh,log_cosh,riemannian,riemannian,0,7,32,100.0,0.1,0.1,4,3000,0.2146880188257005,0.2118694533087506,0.0503321170039747,0.1671506033488157,600,0
log_cosh,log_cosh,riemannian,riemannian,0,8,32,100.0,0.1,0.1,4,3000,0.207926733433814,0.2052717329126103,0.0500204736163511,0.217111432110471,600,0
log_cosh,log_cosh,riemannian,riemannian,0,9,32,100.0,0.1,0.1,4,3000,0.2063783837833878,0.2027936345491241,0.0522958886863821,0.2168603601507897,600,0
log_cosh,log_cosh,riemannian,riemannian,0,10,32,100.0,0.1,0.1,4,3000,0.2089331197903191,0.2060036281312491,0.0488879209083797,0.2058856999412341,600,0
log_cosh,log_cosh,riemannian,riemannian,0,11,32,100.0,0.1,0.1,4,3000,0.2140097869443468,0.2085992828184331,0.0525881553391313,0.1405626886582069,600,0
log_cosh,log_cosh,riemannian,riemannian,0,12,32,100.0,0.1,0.1,4,3000,0.2212658673695682,0.2156899600780093,0.0529321111104097,0.2007608390576365,600,0
log_cosh,log_cosh,riemannian,riemannian,0,13,32,100.0,0.1,0.1,4,3000,0.2026084191946541,0.1965330560541218,0.0529275473256942,0.2514634363574117,600,0
log_cosh,log_cosh,riemannian,riemannian,0,14,32,100.0,0.1,0.1,4,3000,0.2098763475023905,0.208834770536761,0.0494473277539192,0.1877931369364915,600,0
log_cosh,log_cosh,riemannian,riemannian,0,15,32,100.0,0.1,0.1,4,3000,0.2101199430824572,0.203960588250613,0.0516808802809657,0.2092620632757018,600,0
log_cosh,log_cosh,riemannian,riemannian,0,16,32,100.0,0.1,0.1,4,3000,0.2016432893889266,0.1993083508725988,0.0519938568386229,0.2359263373290971,600,0
log_cosh,log_cosh,riemannian,riemannian,0,17,32,100.0,0.1,0.1,4,3000,0.2172331033549725,0.2124360440548542,0.0533345492413581,0.1659453196882765,600,0
log_cosh,log_cosh,riemannian,riemannian,0,18,32,100.0,0.1,0.1,4,3000,0.2139525557603126,0.2079757975740719,0.0574250631556028,0.157960769974963,600,0
log_cosh,log_cosh,riemannian,riemannian,0,19,32,100.0,0.1,0.1,4,3000,0.213667177892185,0.211048662545032,0.0528691613565918,0.2640914963032372,600,0
log_cosh,log_cosh,kl,kl,0,0,32,100.0,0.1,0.1,4,3000,0.2214794750275613,0.2151126523215794,0.0547316974963138,0.2570485730344956,600,0
log_cosh,log_cosh,kl,kl,0,1,32,100.0,0.1,0.1,4,3000,0.2064076726380297,0.2022707269130315,0.0559174924936917,0.201129985475589,600,0
log_cosh,log_cosh,kl,kl,0,2,32,100.0,0.1,0.1,4,3000,0.208829998639387,0.2013097566070207,0.0540220363427197,0.2037796745424742,600,0
log_cosh,log_cosh,kl,kl,0,3,32,100.0,0.1,0.1,4,3000,0.2173727043410245,0.210612806214435,0.0512581828058918,0.1669761544007642,600,0
log_cosh,log_cosh,kl,kl,0,4,32,100.0,0.1,0.1,4,3000,0.2101042675253613,0.2095307546031932,0.0507171023712768,0.2157285826709341,600,0
log_cosh,log_cosh,kl,kl,0,5,32,100.0,0.1,0.1,4,3000,0.2084131281788363,0.2042078344193747,0.0487098154229633,0.2054708692316325,600,0
log_cosh,log_cosh,kl,kl,0,6,32,100.0,0.1,0.1,4,3000,0.2176509818686767,0.2122859880392837,0.0570751065673168,0.0965574783254794,600,0
log_cosh,log_cosh,kl,kl,0,7,32,100.0,0.1,0.1,4,3000,0.2146867583381587,0.2118699373174806,0.0503317022294314,0.1671409502098768,600,0
log_cosh,log_cosh,kl,kl,0,8,32,100.0,0.1,0.1,4,3000,0.2079271209151517,0.2052728433443,0.050020707736883,0.2171226260661001,600,0
log_cosh,log_cosh,kl,kl,0,9,32,100.0,0.1,0.1,4,3000,0.2063773338694008,0.2027867368561509,0.0522959568007192,0.2168653474008763,600,0
log_cosh,log_cosh,kl,kl,0,10,32,100.0,0.1,0.1,4,3000,0.2089329652605522,0.2060110029604587,0.0488878540585872,0.20587992462643,600,0
log_cosh,log_cosh,kl,kl,0,11,32,100.0,0.1,0.1,4,3000,0.2140109574264353,0.2085966099651059,0.052589691306955,0.1405651584221914,600,0
log_cosh,log_cosh,kl,kl,0,12,32,100.0,0.1,0.1,4,3000,0.2212661284850443,0.2156885671624309,0.052932440301025,0.2007509334232153,600,0
log_cosh,log_cosh,kl,kl,0,13,32,100.0,0.1,0.1,4,3000,0.2026089277515202,0.1965330543149868,0.0529286722356176,0.2514453003114028,600,0
log_cosh,log_cosh,kl,kl,0,14,32,100.0,0.1,0.1,4,3000,0.2098775090695673,0.2088470473543715,0.0494473296560463,0.1877943163494535,600,0
log_cosh,log_cosh,kl,kl,0,15,32,100.0,0.1,0.1,4,3000,0.2101197615987388,0.2039549217954039,0.0516800888661941,0.2092741826201205,600,0
log_cosh,log_cosh,kl,kl,0,16,32,100.0,0.1,0.1,4,3000,0.2016434597071282,0.1993091653840544,0.0519954279977999,0.2359241336353648,600,0
log_cosh,log_cosh,kl,kl,0,17,32,100.0,0.1,0.1,4,3000,0.2172337146324382,0.212438910916795,0.0533351173359086,0.165936724085391,600,0
log_cosh,log_cosh,kl,kl,0,18,32,100.0,0.1,0.1,4,3000,0.2139546409987274,0.2079786779097858,0.0574261490388444,0.1579660953498276,600,0
log_cosh,log_cosh,kl,kl,0,19,32,100.0,0.1,0.1,4,3000,0.2136672910367114,0.2110411208293712,0.0528698772238323,0.2640996856584934,600,0
log_cosh,log_cosh,riemannian,riemannian,0,0,32,100.0,0.1,0.1,16,3000,0.0538151229550479,0.0532100740482128,0.0122149521573452,0.0481925176403095,600,0
log_cosh,log_cosh,riemannian,riemannian,0,1,32,100.0,0.1,0.1,16,3000,0.0548050787261727,0.0546129520004718,0.0125681527636974,0.0383350204892138,600,0
log_cosh,log_cosh,riemannian,riemannian,0,2,32,100.0,0.1,0.1,16,3000,0.0546191325893214,0.0532323453440213,0.0141274162770945,0.0441024903633717,600,0
log_cosh,log_cosh,riemannian,riemannian,0,3,32,100.0,0.1,0.1,16,3000,0.0527424737086761,0.0519026368021258,0.0117647809232159,0.0457219166761717,600,0
log_cosh,log_cosh,riemannian,riemannian,0,4,32,100.0,0.1,0.1,16,3000,0.0530028692706774,0.0515535990789288,0.0145094568926831,0.063631680588351,600,0
log_cosh,log_cosh,riemannian,riemannian,0,5,32,100.0,0.1,0.1,16,3000,0.0571421254738809,0.0562599950095119,0.014695358139968,0.0640006219350581,600,0
log_cosh,log_cosh,riemannian,riemannian,0,6,32,100.0,0.1,0.1,16,3000,0.0554602431652763,0.0543408827935252,0.0148815889148323,0.06146845622753,600,0
log_cosh,log_cosh,riemannian,riemannian,0,7,32,100.0,0.1,0.1,16,3000,0.0544778077175021,0.0533625914036264,0.01315221725947,0.0453230034626699,600,0
log_cosh,log_cosh,riemannian,riemannian,0,8,32,100.0,0.1,0.1,16,3000,0.0547882009419391,0.0545092265019597,0.0124206593324781,0.046912555323999,600,0
log_cosh,log_cosh,riemannian,riemannian,0,9,32,100.0,0.1,0.1,16,3000,0.0538491530121453,0.0526090305797346,0.0133021481129414,0.0546656580786191,600,0
log_cosh,log_cosh,riemannian,riemannian,0,10,32,100.0,0.1,0.1,16,3000,0.0512312419067211,0.0493832131051448,0.0127448359498688,0.0401272340238136,600,0
log_cosh,log_cosh,riemannian,riemannian,0,11,32,100.0,0.1,0.1,16,3000,0.0530444773031577,0.051743889359205,0.0143282799352743,0.0417154817167784,600,0
log_cosh,log_cosh,riemannian,riemannian,0,12,32,100.0,0.1,0.1,16,3000,0.0549626793759921,0.0536681754298911,0.0136938451072922,0.0471146912983755,600,0
log_cosh,log_cosh,riemannian,riemannian,0,13,32,100.0,0.1,0.1,16,3000,0.0523630963106944,0.0519729980384724,0.0123516287770048,0.0490098816447215,600,0
log_cosh,log_cosh,riemannian,riemannian,0,14,32,100.0,0.1,0.1,16,3000,0.0536025654810756,0.0523451395446237,0.012718632887563,0.0466842669283948,600,0
log_cosh,log_cosh,riemannian,riemannian,0,15,32,100.0,0.1,0.1,16,3000,0.0508986025274986,0.0496058340970897,0.012761834616347,0.0541602698659957,600,0
log_cosh,log_cosh,riemannian,riemannian,0,16,32,100.0,0.1,0.1,16,3000,0.0542332629937007,0.0518280427529624,0.0150899166708805,0.0805513317520763,600,0
log_cosh,log_cosh,riemannian,riemannian,0,17,32,100.0,0.1,0.1,16,3000,0.054216107725785,0.0536562768522372,0.0128449526959623,0.0474269285191724,600,0
log_cosh,log_cosh,riemannian,riemannian,0,18,32,100.0,0.1,0.1,16,3000,0.0494986759810506,0.0466361167663222,0.0148516413682374,0.0495614658213199,600,0
log_cosh,log_cosh,riemannian,riemannian,0,19,32,100.0,0.1,0.1,16,3000,0.0514922740411659,0.0510702699350495,0.0128906792458527,0.0575228923788415,600,0
log_cosh,log_cosh,kl,kl,0,0,32,100.0,0.1,0.1,16,3000,0.0538148338186264,0.0532102055151959,0.0122149238418636,0.0481909749341582,600,0
log_cosh,log_cosh,kl,kl,0,1,32,100.0,0.1,0.1,16,3000,0.0548049365621692,0.0546126941406122,0.0125681217051069,0.0383361824071997,600,0
log_cosh,log_cosh,kl,kl,0,2,32,100.0,0.1,0.1,16,3000,0.0546189579802475,0.0532314533533622,0.0141274829952548,0.0441027293824731,600,0
log_cosh,log_cosh,kl,kl,0,3,32,100.0,0.1,0.1,16,3000,0.052742591534755,0.0519021117636739,0.0117650207913081,0.0457198828584637,600,0
log_cosh,log_cosh,kl,kl,0,4,32,100.0,0.1,0.1,16,3000,0.0530028103404117,0.0515538804232171,0.0145094972180238,0.0636314647270879,600,0
log_cosh,log_cosh,kl,kl,0,5,32,100.0,0.1,0.1,16,3000,0.0571419462400727,0.0562604883769921,0.0146952130468751,0.063997393900351,600,0
log_cosh,log_cosh,kl,kl,0,6,32,100.0,0.1,0.1,16,3000,0.0554600023117552,0.0543408458262568,0.0148817842836422,0.0614691790116523,600,0
log_cosh,log_cosh,kl,kl,0,7,32,100.0,0.1,0.1,16,3000,0.054477742273966,0.0533623749285574,0.0131523365915635,0.045322772337812,600,0
log_cosh,log_cosh,kl,kl,0,8,32,100.0,0.1,0.1,16,3000,0.0547880612595131,0.0545093117358526,0.0124206839163426,0.0469128464117005,600,0
log_cosh,log_cosh,kl,kl,0,9,32,100.0,0.1,0.1,16,3000,0.0538491014202163,0.0526089413699217,0.0133021959407027,0.0546639567763662,600,0
log_cosh,log_cosh,kl,kl,0,10,32,100.0,0.1,0.1,16,3000,0.0512311178125698,0.049383492035318,0.0127449587738163,0.0401274995105112,600,0
log_cosh,log_cosh,kl,kl,0,11,32,100.0,0.1,0.1,16,3000,0.0530439380481205,0.051742265256589,0.0143283592284635,0.0417149833999559,600,0
log_cosh,log_cosh,kl,kl,0,12,32,100.0,0.1,0.1,16,3000,0.0549627567626839,0.0536682519352993,0.0136941235987888,0.0471154941575235,600,0
log_cosh,log_cosh,kl,kl,0,13,32,100.0,0.1,0.1,16,3000,0.0523630199690291,0.05197305676948,0.0123515874534788,0.049009398204916,600,0
log_cosh,log_cosh,kl,kl,0,14,32,100.0,0.1,0.1,16,3000,0.0536024782593594,0.0523445701317228,0.0127187972174237,0.0466859772587184,600,0
log_cosh,log_cosh,kl,kl,0,15,32,100.0,0.1,0.1,16,3000,0.0508986275235986,0.0496058338897711,0.0127618216780117,0.0541603906405327,600,0
log_cosh,log_cosh,kl,kl,0,16,32,100.0,0.1,0.1,16,3000,0.0542331932554985,0.0518287665853804,0.0150897205738705,0.0805536479811337,600,0
log_cosh,log_cosh,kl,kl,0,17,32,100.0,0.1,0.1,16,3000,0.0542160282836564,0.0536566361563259,0.0128448764886826,0.0474279241136343,600,0
log_cosh,log_cosh,kl,kl,0,18,32,100.0,0.1,0.1,16,3000,0.0494988437180549,0.0466375604640205,0.0148516481248975,0.0495622773521375,600,0
log_cosh,log_cosh,kl,kl,0,19,32,100.0,0.1,0.1,16,3000,0.0514919850499219,0.0510693048328434,0.0128906818304927,0.0575215543772458,600,0
log_cosh,log_cosh,riemannian,riemannian,0,0,32,100.0,1.0,0.1,1,3000,0.818445863131442,0.800199394753534,0.1959225282285997,0.7146445073847332,600,0
log_cosh,log_cosh,riemannian,riemannian,0,1,32,100.0,1.0,0.1,1,3000,0.842559026624512,0.8122398346188007,0.2174596976615483,0.9379669693371896,600,0
log_cosh,log_cosh,riemannian,riemannian,0,2,32,100.0,1.0,0.1,1,3000,0.8209563200240787,0.8089832671829562,0.2094831263101385,0.6211250740095124,600,0
log_cosh,log_cosh,riemannian,riemannian,0,3,32,100.0,1.0,0.1,1,3000,0.8725876202397601,0.8503115599756157,0.2069675497642316,1.0289890717503454,600,0
log_cosh,log_cosh,riemannian,riemannian,0,4,32,100.0,1.0,0.1,1,3000,0.8395074162238133,0.834153182111713,0.1895572615948778,0.7699518564852497,600,0
log_cosh,log_cosh,riemannian,riemannian,0,5,32,100.0,1.0,0.1,1,3000,0.8828666959420112,0.8655665460858017,0.2249072615471402,0.8564881490698113,600,0
log_cosh,log_cosh,riemannian,riemannian,0,6,32,100.0,1.0,0.1,1,3000,0.8513036364474927,0.8376688828426495,0.2048248337713281,0.5665915983701879,600,0
log_cosh,log_cosh,riemannian,riemannian,0,7,32,100.0,1.0,0.1,1,3000,0.8350187718818404,0.8194427736740906,0.2303865901661869,0.8191948914243667,600,0
log_cosh,log_cosh,riemannian,riemannian,0,8,32,100.0,1.0,0.1,1,3000,0.8025226140246546,0.7737581518331034,0.203660353473368,0.597457111399585,600,0
log_cosh,log_cosh,riemannian,riemannian,0,9,32,100.0,1.0,0.1,1,3000,0.8105435497844912,0.7825796217086811,0.2072962090553592,0.9297953795696544,600,0
log_cosh,log_cosh,riemannian,riemannian,0,10,32,100.0,1.0,0.1,1,3000,0.8832982461382541,0.8713933669224616,0.2144134601544575,0.5915953844464852,600,0
log_cosh,log_cosh,riemannian,riemannian,0,11,32,100.0,1.0,0.1,1,3000,0.8120736384306366,0.8026555655285783,0.1865819795527983,0.8637650874352332,600,0
log_cosh,log_cosh,riemannian,riemannian,0,12,32,100.0,1.0,0.1,1,3000,0.8745282437816737,0.8400271400352253,0.2288061362999903,0.7591698151563904,600,0
log_cosh,log_cosh,riemannian,riemannian,0,13,32,100.0,1.0,0.1,1,3000,0.8521826843693219,0.8353299992679979,0.1905881074843588,0.717884957763907,600,0
log_cosh,log_cosh,riemannian,riemannian,0,14,32,100.0,1.0,0.1,1,3000,0.8145065814085829,0.8027212132171861,0.1948095590638658,0.7077737023916555,600,0
log_cosh,log_cosh,riemannian,riemannian,0,15,32,100.0,1.0,0.1,1,3000,0.8381259616900434,0.8307147582732526,0.2023950458937116,0.7572104601218186,600,0
log_cosh,log_cosh,riemannian,riemannian,0,16,32,100.0,1.0,0.1,1,3000,0.8599667295917073,0.8426681587746145,0.2252794751261781,0.6804921974720699,600,0
log_cosh,log_cosh,riemannian,riemannian,0,17,32,100.0,1.0,0.1,1,3000,0.8403481834636669,0.8187719438178931,0.1991441505383371,0.681124759271583,600,0
log_cosh,log_cosh,riemannian,riemannian,0,18,32,100.0,1.0,0.1,1,3000,0.8643450967998116,0.8325538201597631,0.2419924944271545,1.1827508187507618,600,0
log_cosh,log_cosh,riemannian,riemannian,0,19,32,100.0,1.0,0.1,1,3000,0.8622398803611397,0.8481521061883406,0.2157370982244821,0.6924336084120029,600,0
log_cosh,log_cosh,kl,kl,0,0,32,100.0,1.0,0.1,1,3000,0.8185321743158767,0.8002015014648975,0.1959292860340918,0.7145244615160067,600,0
log_cosh,log_cosh,kl,kl,0,1,32,100.0,1.0,0.1,1,3000,0.8427928755558992,0.8125121430509488,0.2175948532451462,0.9374322072394464,600,0
log_cosh,log_cosh,kl,kl,0,2,32,100.0,1.0,0.1,1,3000,0.8210858652411582,0.8093137227103675,0.2095640921333285,0.6210917536657732,600,0
log_cosh,log_cosh,kl,kl,0,3,32,100.0,1.0,0.1,1,3000,0.8727262901789493,0.8500863710616358,0.2069909296380055,1.0288390485535572,600,0
log_cosh,log_cosh,kl,kl,0,4,32,100.0,1.0,0.1,1,3000,0.8397367180176216,0.834568086131835,0.1895846163218537,0.7702191940829053,600,0
log_cosh,log_cosh,kl,kl,0,5,32,100.0,1.0,0.1,1,3000,0.8830846092280337,0.8657558092838151,0.224987898282614,0.8567477147401164,600,0
log_cosh,log_cosh,kl,kl,0,6,32,100.0,1.0,0.1,1,3000,0.851562617734999,0.8382389133626482,0.2048868292728715,0.5665902981954929,600,0
log_cosh,log_cosh,kl,kl,0,7,32,100.0,1.0,0.1,1,3000,0.8351461218832447,0.819807909895097,0.2304182654277472,0.8193213818084715,600,0
log_cosh,log_cosh,kl,kl,0,8,32,100.0,1.0,0.1,1,3000,0.8026339907697483,0.7740133512704226,0.2037019869217095,0.5970644347270948,600,0
log_cosh,log_cosh,kl,kl,0,9,32,100.0,1.0,0.1,1,3000,0.8107205830018583,0.7826458461808947,0.2072979573991451,0.9305550724128652,600,0
log_cosh,log_cosh,kl,kl,0,10,32,100.0,1.0,0.1,1,3000,0.8834307649256535,0.871572137040669,0.2144743148115826,0.5913473822779238,600,0
log_cosh,log_cosh,kl,kl,0,11,32,100.0,1.0,0.1,1,3000,0.8122808908427995,0.8032587578709425,0.1866637346987066,0.8639811779444955,600,0
log_cosh,log_cosh,kl,kl,0,12,32,100.0,1.0,0.1,1,3000,0.8746262854111664,0.8399982835547988,0.2288221916236091,0.75959344369452,600,0
log_cosh,log_cosh,kl,kl,0,13,32,100.0,1.0,0.1,1,3000,0.8524208805057194,0.8352869880946656,0.1906612676222996,0.7182788361747399,600,0
log_cosh,log_cosh,kl,kl,0,14,32,100.0,1.0,0.1,1,3000,0.8147047318725206,0.8026434495455561,0.1948811995139195,0.7081543344483805,600,0
log_cosh,log_cosh,kl,kl,0,15,32,100.0,1.0,0.1,1,3000,0.8383154804939741,0.8311871424537962,0.2024688337956537,0.7575561318444812,600,0
log_cosh,log_cosh,kl,kl,0,16,32,100.0,1.0,0.1,1,3000,0.8601116709244067,0.8429920199700263,0.2253132913605676,0.680674307862887,600,0
log_cosh,log_cosh,kl,kl,0,17,32,100.0,1.0,0.1,1,3000,0.8405297342795024,0.8192341483146954,0.1991949653972373,0.681246256387503,600,0
log_cosh,log_cosh,kl,kl,0,18,32,100.0,1.0,0.1,1,3000,0.8644917983011662,0.8325696668067053,0.242027023899781,1.1823439346264166,600,0
log_cosh,log_cosh,kl,kl,0,19,32,100.0,1.0,0.1,1,3000,0.8623824839465358,0.8483981555090061,0.2157994403172458,0.6927359022615178,600,0
log_cosh,log_cosh,riemannian,riemannian,0,0,32,100.0,1.0,0.1,4,3000,0.2012512242253583,0.1996080068948273,0.049659524946416,0.1375124168565875,600,0
log_cosh,log_cosh,riemannian,riemannian,0,1,32,100.0,1.0,0.1,4,3000,0.2011155145676605,0.1971179261152187,0.0477055808369114,0.2211687774968496,600,0
log_cosh,log_cosh,riemannian,riemannian,0,2,32,100.0,1.0,0.1,4,3000,0.21088731133454,0.2066411017422282,0.0532320220589275,0.1607623357302756,600,0
log_cosh,log_cosh,riemannian,riemannian,0,3,32,100.0,1.0,0.1,4,3000,0.1944928914082173,0.1868549712373273,0.0495247695930614,0.1425367947303257,600,0
log_cosh,log_cosh,riemannian,riemannian,0,4,32,100.0,1.0,0.1,4,3000,0.2118203302982732,0.2048520747793496,0.0548761707039574,0.1524042992747425,600,0
log_cosh,log_cosh,riemannian,riemannian,0,5,32,100.0,1.0,0.1,4,3000,0.2147565323196824,0.2061168354251421,0.0538212011019004,0.1596825078233834,600,0
log_cosh,log_cosh,riemannian,riemannian,0,6,32,100.0,1.0,0.1,4,3000,0.2122967405161647,0.2059468851541446,0.0634515595036873,0.2060667000859481,600,0
log_cosh,log_cosh,riemannian,riemannian,0,7,32,100.0,1.0,0.1,4,3000,0.2219342926106677,0.2198113661568257,0.0575606946860747,0.2454487876391553,600,0
log_cosh,log_cosh,riemannian,riemannian,0,8,32,100.0,1.0,0.1,4,3000,0.2083079456346527,0.2072672953233549,0.0496812994937513,0.223747814056928,600,0
log_cosh,log_cosh,riemannian,riemannian,0,9,32,100.0,1.0,0.1,4,3000,0.2050709651764797,0.1968901532261533,0.0521921775889119,0.1767017248247668,600,0
log_cosh,log_cosh,riemannian,riemannian,0,10,32,100.0,1.0,0.1,4,3000,0.2092481095112628,0.2028101997842171,0.0549006981118483,0.2473868312915712,600,0
log_cosh,log_cosh,riemannian,riemannian,0,11,32,100.0,1.0,0.1,4,3000,0.2052619377203565,0.1984712684082055,0.0572205249360534,0.1885106756794314,600,0
log_cosh,log_cosh,riemannian,riemannian,0,12,32,100.0,1.0,0.1,4,3000,0.2221452400248786,0.217274912683905,0.0530229189902298,0.2444411575398604,600,0
log_cosh,log_cosh,riemannian,riemannian,0,13,32,100.0,1.0,0.1,4,3000,0.2031321849646383,0.1995705845568274,0.0465877485415787,0.1802726857522074,600,0
log_cosh,log_cosh,riemannian,riemannian,0,14,32,100.0,1.0,0.1,4,3000,0.2053123866095141,0.2033467305369818,0.045189532667684,0.1954586088238343,600,0
log_cosh,log_cosh,riemannian,riemannian,0,15,32,100.0,1.0,0.1,4,3000,0.2125950285957291,0.2094659919767956,0.0520999249650324,0.1736316050487047,600,0
log_cosh,log_cosh,riemannian,riemannian,0,16,32,100.0,1.0,0.1,4,3000,0.2078030149331826,0.2056681042667172,0.0529065865683122,0.2373586320600438,600,0
log_cosh,log_cosh,riemannian,riemannian,0,17,32,100.0,1.0,0.1,4,3000,0.2114670510062749,0.2083082404390666,0.0503391991112597,0.1874101744230571,600,0
log_cosh,log_cosh,riemannian,riemannian,0,18,32,100.0,1.0,0.1,4,3000,0.2063718389202972,0.1975866569556679,0.0556857870694876,0.180475824343965,600,0
log_cosh,log_cosh,riemannian,riemannian,0,19,32,100.0,1.0,0.1,4,3000,0.2114134781861026,0.2087658102821024,0.0521733559417296,0.1966334439660571,600,0
log_cosh,log_cosh,kl,kl,0,0,32,100.0,1.0,0.1,4,3000,0.2012355394669512,0.1995888125279279,0.0496625513231752,0.1375248551522574,600,0
log_cosh,log_cosh,kl,kl,0,1,32,100.0,1.0,0.1,4,3000,0.2010938775161749,0.1971267761923911,0.0477017516347947,0.2211026863575256,600,0
log_cosh,log_cosh,kl,kl,0,2,32,100.0,1.0,0.1,4,3000,0.2108720854203206,0.2066451817540588,0.0532313034861323,0.1605885361839512,600,0
log_cosh,log_cosh,kl,kl,0,3,32,100.0,1.0,0.1,4,3000,0.1944811697801917,0.1867917452702734,0.0495347608290724,0.1424392852853131,600,0
log_cosh,log_cosh,kl,kl,0,4,32,100.0,1.0,0.1,4,3000,0.2118088633082881,0.2048353955831992,0.0548750111880755,0.1524296259368682,600,0
log_cosh,log_cosh,kl,kl,0,5,32,100.0,1.0,0.1,4,3000,0.2147463420624613,0.2061562787552695,0.0538218915328818,0.1597231477154039,600,0
log_cosh,log_cosh,kl,kl,0,6,32,100.0,1.0,0.1,4,3000,0.2122917846890946,0.2058268849467808,0.0634527724195293,0.2060987719384641,600,0
log_cosh,log_cosh,kl,kl,0,7,32,100.0,1.0,0.1,4,3000,0.2219265242589528,0.219813729167285,0.057566598794263,0.2453923988811013,600,0
log_cosh,log_cosh,kl,kl,0,8,32,100.0,1.0,0.1,4,3000,0.2082969269534634,0.207250886017956,0.0496837081089231,0.2238841079785558,600,0
log_cosh,log_cosh,kl,kl,0,9,32,100.0,1.0,0.1,4,3000,0.2050620788885478,0.1968904426298401,0.0522005748591002,0.1766314292396984,600,0
log_cosh,log_cosh,kl,kl,0,10,32,100.0,1.0,0.1,4,3000,0.2092326959137049,0.2028213524082112,0.0549033771244501,0.2474128827521724,600,0
log_cosh,log_cosh,kl,kl,0,11,32,100.0,1.0,0.1,4,3000,0.2052495162573714,0.1984564622995677,0.0572271983901306,0.1885088902496008,600,0
log_cosh,log_cosh,kl,kl,0,12,32,100.0,1.0,0.1,4,3000,0.2221293310888844,0.2172362078062448,0.0530117694250459,0.2443736740086848,600,0
log_cosh,log_cosh,kl,kl,0,13,32,100.0,1.0,0.1,4,3000,0.2031154102305842,0.1994981409961589,0.046583731335929,0.1801928892620239,600,0
log_cosh,log_cosh,kl,kl,0,14,32,100.0,1.0,0.1,4,3000,0.2052959597615579,0.2033769573763351,0.0451927147032108,0.195462491062031,600,0
log_cosh,log_cosh,kl,kl,0,15,32,100.0,1.0,0.1,4,3000,0.2125700085336235,0.2094719749435505,0.0520978236567522,0.1735620741999568,600,0
log_cosh,log_cosh,kl,kl,0,16,32,100.0,1.0,0.1,4,3000,0.2077951844786534,0.2057025169423241,0.0529041453184106,0.2373840031551424,600,0
log_cosh,log_cosh,kl,kl,0,17,32,100.0,1.0,0.1,4,3000,0.2114635973345425,0.2082732453661187,0.0503417747536268,0.1874355509888445,600,0
log_cosh,log_cosh,kl,kl,0,18,32,100.0,1.0,0.1,4,3000,0.2063538407989674,0.1975615424154782,0.0556821374344554,0.1801987904266653,600,0
log_cosh,log_cosh,kl,kl,0,19,32,100.0,1.0,0.1,4,3000,0.2113925386856066,0.2087356591957494,0.0521797987228025,0.1965500404950191,600,0
log_cosh,log_cosh,riemannian,riemannian,0,0,32,100.0,1.0,0.1,16,3000,0.0506450122646224,0.0505577584140652,0.0125671786761967,0.0519260689316709,600,0
log_cosh,log_cosh,riemannian,riemannian,0,1,32,100.0,1.0,0.1,16,3000,0.0539274120704621,0.0527410154450223,0.0134741607797063,0.05353294971313,600,0
log_cosh,log_cosh,riemannian,riemannian,0,2,32,100.0,1.0,0.1,16,3000,0.0508057771774594,0.0496251958675486,0.0123893068224511,0.0394574623942034,600,0
log_cosh,log_cosh,riemannian,riemannian,0,3,32,100.0,1.0,0.1,16,3000,0.0513898754272676,0.0504015275055635,0.0125949479942564,0.0378634656331229,600,0
log_cosh,log_cosh,riemannian,riemannian,0,4,32,100.0,1.0,0.1,16,3000,0.0543848795810087,0.0539492811848276,0.0121218944246157,0.0292368545285839,600,0
log_cosh,log_cosh,riemannian,riemannian,0,5,32,100.0,1.0,0.1,16,3000,0.0514230075768365,0.0495781558116732,0.0128330821050972,0.049395077202206,600,0
log_cosh,log_cosh,riemannian,riemannian,0,6,32,100.0,1.0,0.1,16,3000,0.0527752532258325,0.0520520422282615,0.0131709145209035,0.0257219015241219,600,0
log_cosh,log_cosh,riemannian,riemannian,0,7,32,100.0,1.0,0.1,16,3000,0.0534706441947196,0.0524189512040287,0.0130285382023776,0.0498210669978576,600,0
log_cosh,log_cosh,riemannian,riemannian,0,8,32,100.0,1.0,0.1,16,3000,0.0555561573982373,0.0545598253279848,0.0127779002000749,0.0490836291289511,600,0
log_cosh,log_cosh,riemannian,riemannian,0,9,32,100.0,1.0,0.1,16,3000,0.051147126401755,0.0498820188767012,0.0125519853595956,0.0417665859514073,600,0
log_cosh,log_cosh,riemannian,riemannian,0,10,32,100.0,1.0,0.1,16,3000,0.0558165114422067,0.0552558391682538,0.013946855036174,0.0436741021299553,600,0
log_cosh,log_cosh,riemannian,riemannian,0,11,32,100.0,1.0,0.1,16,3000,0.051343011796269,0.0504375559528966,0.0130446138185983,0.0476511512328556,600,0
log_cosh,log_cosh,riemannian,riemannian,0,12,32,100.0,1.0,0.1,16,3000,0.0515453230940808,0.0513719118740318,0.0114312871275885,0.0610215627537868,600,0
log_cosh,log_cosh,riemannian,riemannian,0,13,32,100.0,1.0,0.1,16,3000,0.0573252243650374,0.0569700453114023,0.0132169357598097,0.0544067245894908,600,0
log_cosh,log_cosh,riemannian,riemannian,0,14,32,100.0,1.0,0.1,16,3000,0.0524062678855985,0.0517408231230405,0.0113202118374433,0.041109713203447,600,0
log_cosh,log_cosh,riemannian,riemannian,0,15,32,100.0,1.0,0.1,16,3000,0.0506844462463262,0.0497007462431575,0.0124504008025804,0.0741389431655079,600,0
log_cosh,log_cosh,riemannian,riemannian,0,16,32,100.0,1.0,0.1,16,3000,0.0552656903409127,0.0544803921205314,0.0146946219162751,0.0437242382685525,600,0
log_cosh,log_cosh,riemannian,riemannian,0,17,32,100.0,1.0,0.1,16,3000,0.0508930295693383,0.0497932658993107,0.0126596228211162,0.047202956126334,600,0
log_cosh,log_cosh,riemannian,riemannian,0,18,32,100.0,1.0,0.1,16,3000,0.0524040651233414,0.0509001654967455,0.0139597630273809,0.0481683959565515,600,0
log_cosh,log_cosh,riemannian,riemannian,0,19,32,100.0,1.0,0.1,16,3000,0.052925179197283,0.0516584805150053,0.0133318702521102,0.0520729637742789,600,0
log_cosh,log_cosh,kl,kl,0,0,32,100.0,1.0,0.1,16,3000,0.0506380378588968,0.0505466786413393,0.0125668187421687,0.0519249183158478,600,0
log_cosh,log_cosh,kl,kl,0,1,32,100.0,1.0,0.1,16,3000,0.0539194510314043,0.0527308712478884,0.013473537078325,0.0535315936963698,600,0
log_cosh,log_cosh,kl,kl,0,2,32,100.0,1.0,0.1,16,3000,0.0507989525050002,0.0496184473671377,0.0123900935436929,0.0394557373710355,600,0
log_cosh,log_cosh,kl,kl,0,3,32,100.0,1.0,0.1,16,3000,0.0513841751964937,0.0503957656412836,0.0125949159032693,0.0378562732703926,600,0
log_cosh,log_cosh,kl,kl,0,4,32,100.0,1.0,0.1,16,3000,0.0543775803998192,0.0539404989319258,0.0121219843835197,0.0292252686671545,600,0
log_cosh,log_cosh,kl,kl,0,5,32,100.0,1.0,0.1,16,3000,0.0514176493011475,0.0495654099364699,0.012833164013758,0.0493934843496859,600,0
log_cosh,log_cosh,kl,kl,0,6,32,100.0,1.0,0.1,16,3000,0.0527689445208907,0.0520437943591254,0.0131706974789075,0.0257188566038379,600,0
log_cosh,log_cosh,kl,kl,0,7,32,100.0,1.0,0.1,16,3000,0.0534635725956763,0.0524070068680018,0.0130288074134449,0.0498072735578887,600,0
log_cosh,log_cosh,kl,kl,0,8,32,100.0,1.0,0.1,16,3000,0.0555490851681968,0.0545490675485602,0.0127768460214829,0.0490564299338061,600,0
log_cosh,log_cosh,kl,kl,0,9,32,100.0,1.0,0.1,16,3000,0.0511408125778773,0.049881528753275,0.0125521440023348,0.0417587115691873,600,0
log_cosh,log_cosh,kl,kl,0,10,32,100.0,1.0,0.1,16,3000,0.0558111306751703,0.0552446025314026,0.013947021666945,0.0436743190103712,600,0
log_cosh,log_cosh,kl,kl,0,11,32,100.0,1.0,0.1,16,3000,0.0513363670870483,0.0504286230241852,0.0130455576711014,0.0476535392563803,600,0
log_cosh,log_cosh,kl,kl,0,12,32,100.0,1.0,0.1,16,3000,0.0515398413942111,0.0513656295861366,0.0114326688046706,0.0610182409830102,600,0
log_cosh,log_cosh,kl,kl,0,13,32,100.0,1.0,0.1,16,3000,0.0573220027118407,0.0569642817155298,0.013218498030537,0.0544116054032386,600,0
log_cosh,log_cosh,kl,kl,0,14,32,100.0,1.0,0.1,16,3000,0.0524005012344719,0.0517356560262918,0.0113211470999746,0.041114012135317,600,0
log_cosh,log_cosh,kl,kl,0,15,32,100.0,1.0,0.1,16,3000,0.0506792770059341,0.049696269441263,0.012452129804434,0.0741315876700099,600,0
log_cosh,log_cosh,kl,kl,0,16,32,100.0,1.0,0.1,16,3000,0.0552596049032929,0.0544856874749726,0.0146963078258094,0.0437173692660195,600,0
log_cosh,log_cosh,kl,kl,0,17,32,100.0,1.0,0.1,16,3000,0.0508871252651215,0.0497692090146308,0.0126591481169616,0.0472019333334117,600,0
log_cosh,log_cosh,kl,kl,0,18,32,100.0,1.0,0.1,16,3000,0.0523981535575406,0.0508867905226928,0.0139607139910582,0.0481659143545343,600,0
log_cosh,log_cosh,kl,kl,0,19,32,100.0,1.0,0.1,16,3000,0.0529188688865098,0.0516503214970427,0.0133326175483101,0.0520731484302459,600,0
gaussian,gaussian,riemannian_stl,riemannian,1,0,2,10.0,0.0,0.1,1,2000,0.0,0.0,0.0,0.0,400,0
gaussian,gaussian,riemannian_stl,riemannian,1,1,2,10.0,0.0,0.1,1,2000,0.0,0.0,0.0,0.0,400,0
gaussian,gaussian,riemannian_stl,riemannian,1,2,2,10.0,0.0,0.1,1,2000,0.0,0.0,0.0,0.0,400,0
gaussian,gaussian,riemannian_stl,riemannian,1,3,2,10.0,0.0,0.1,1,2000,0.0,0.0,0.0,0.0,400,0
gaussian,gaussian,riemannian_stl,riemannian,1,4,2,10.0,0.0,0.1,1,2000,0.0,0.0,0.0,0.0,400,0
gaussian,gaussian,riemannian_stl,riemannian,1,5,2,10.0,0.0,0.1,1,2000,0.0,0.0,0.0,0.0,400,0
gaussian,gaussian,riemannian_stl,riemannian,1,6,2,10.0,0.0,0.1,1,2000,0.0,0.0,0.0,0.0,400,0
gaussian,gaussian,riemannian_stl,riemannian,1,7,2,10.0,0.0,0.1,1,2000,0.0,0.0,0.0,0.0,400,0
gaussian,gaussian,riemannian_stl,riemannian,1,8,2,10.0,0.0,0.1,1,2000,0.0,0.0,0.0,0.0,400,0
gaussian,gaussian,riemannian_stl,riemannian,1,9,2,10.0,0.0,0.1,1,2000,0.0,0.0,0.0,0.0,400,0
gaussian,gaussian,riemannian_stl,riemannian,1,10,2,10.0,0.0,0.1,1,2000,0.0,0.0,0.0,0.0,400,0
gaussian,gaussian,riemannian_stl,riemannian,1,11,2,10.0,0.0,0.1,1,2000,0.0,0.0,0.0,0.0,400,0
gaussian,gaussian,riemannian_stl,riemannian,1,12,2,10.0,0.0,0.1,1,2000,0.0,0.0,0.0,0.0,400,0
gaussian,gaussian,riemannian_stl,riemannian,1,13,2,10.0,0.0,0.1,1,2000,0.0,0.0,0.0,0.0,400,0
gaussian,gaussian,riemannian_stl,riemannian,1,14,2,10.0,0.0,0.1,1,2000,0.0,0.0,0.0,0.0,400,0
gaussian,gaussian,riemannian_stl,riemannian,1,15,2,10.0,0.0,0.1,1,2000,0.0,0.0,0.0,0.0,400,0
gaussian,gaussian,riemannian_stl,riemannian,1,16,2,10.0,0.0,0.1,1,2000,0.0,0.0,0.0,0.0,400,0
gaussian,gaussian,riemannian_stl,riemannian,1,17,2,10.0,0.0,0.1,1,2000,0.0,0.0,0.0,0.0,400,0
gaussian,gaussian,riemannian_stl,riemannian,1,18,2,10.0,0.0,0.1,1,2000,0.0,0.0,0.0,0.0,400,0
gaussian,gaussian,riemannian_stl,riemannian,1,19,2,10.0,0.0,0.1,1,2000,0.0,0.0,0.0,0.0,400,0
gaussian,gaussian,kl_stl,kl,1,0,2,10.0,0.0,0.1,1,2000,0.0,0.0,0.0,0.0,400,0
gaussian,gaussian,kl_stl,kl,1,1,2,10.0,0.0,0.1,1,2000,0.0,0.0,0.0,0.0,400,0
gaussian,gaussian,kl_stl,kl,1,2,2,10.0,0.0,0.1,1,2000,0.0,0.0,0.0,0.0,400,0
gaussian,gaussian,kl_stl,kl,1,3,2,10.0,0.0,0.1,1,2000,0.0,0.0,0.0,0.0,400,0
gaussian,gaussian,kl_stl,kl,1,4,2,10.0,0.0,0.1,1,2000,0.0,0.0,0.0,0.0,400,0
gaussian,gaussian,kl_stl,kl,1,5,2,10.0,0.0,0.1,1,2000,0.0,0.0,0.0,0.0,400,0
gaussian,gaussian,kl_stl,kl,1,6,2,10.0,0.0,0.1,1,2000,0.0,0.0,0.0,0.0,400,0
gaussian,gaussian,kl_stl,kl,1,7,2,10.0,0.0,0.1,1,2000,0.0,0.0,0.0,0.0,400,0
gaussian,gaussian,kl_stl,kl,1,8,2,10.0,0.0,0.1,1,2000,0.0,0.0,0.0,0.0,400,0
gaussian,gaussian,kl_stl,kl,1,9,2,10.0,0.0,0.1,1,2000,0.0,0.0,0.0,0.0,400,0
gaussian,gaussian,kl_stl,kl,1,10,2,10.0,0.0,0.1,1,2000,0.0,0.0,0.0,0.0,400,0
gaussian,gaussian,kl_stl,kl,1,11,2,10.0,0.0,0.1,1,2000,0.0,0.0,0.0,0.0,400,0
gaussian,gaussian,kl_stl,kl,1,12,2,10.0,0.0,0.1,1,2000,0.0,0.0,0.0,0.0,400,0
gaussian,gaussian,kl_stl,kl,1,13,2,10.0,0.0,0.1,1,2000,0.0,0.0,0.0,0.0,400,0
gaussian,gaussian,kl_stl,kl,1,14,2,10.0,0.0,0.1,1,2000,0.0,0.0,0.0,0.0,400,0
gaussian,gaussian,kl_stl,kl,1,15,2,10.0,0.0,0.1,1,2000,0.0,0.0,0.0,0.0,400,0
gaussian,gaussian,kl_stl,kl,1,16,2,10.0,0.0,0.1,1,2000,0.0,0.0,0.0,0.0,400,0
gaussian,gaussian,kl_stl,kl,1,17,2,10.0,0.0,0.1,1,2000,0.0,0.0,0.0,0.0,400,0
gaussian,gaussian,kl_stl,kl,1,18,2,10.0,0.0,0.1,1,2000,0.0,0.0,0.0,0.0,400,0
gaussian,gaussian,kl_stl,kl,1,19,2,10.0,0.0,0.1,1,2000,0.0,0.0,0.0,0.0,400,0
gaussian,gaussian,riemannian_stl,riemannian,1,0,2,10.0,0.0,0.1,4,2000,0.0,0.0,0.0,0.0,400,0
gaussian,gaussian,riemannian_stl,riemannian,1,1,2,10.0,0.0,0.1,4,2000,0.0,0.0,0.0,0.0,400,0
gaussian,gaussian,riemannian_stl,riemannian,1,2,2,10.0,0.0,0.1,4,2000,0.0,0.0,0.0,0.0,400,0
gaussian,gaussian,riemannian_stl,riemannian,1,3,2,10.0,0.0,0.1,4,2000,0.0,0.0,0.0,0.0,400,0
gaussian,gaussian,riemannian_stl,riemannian,1,4,2,10.0,0.0,0.1,4,2000,0.0,0.0,0.0,0.0,400,0
gaussian,gaussian,riemannian_stl,riemannian,1,5,2,10.0,0.0,0.1,4,2000,0.0,0.0,0.0,0.0,400,0
gaussian,gaussian,riemannian_stl,riemannian,1,6,2,10.0,0.0,0.1,4,2000,0.0,0.0,0.0,0.0,400,0
gaussian,gaussian,riemannian_stl,riemannian,1,7,2,10.0,0.0,0.1,4,2000,0.0,0.0,0.0,0.0,400,0
gaussian,gaussian,riemannian_stl,riemannian,1,8,2,10.0,0.0,0.1,4,2000,0.0,0.0,0.0,0.0,400,0
gaussian,gaussian,riemannian_stl,riemannian,1,9,2,10.0,0.0,0.1,4,2000,0.0,0.0,0.0,0.0,400,0
gaussian,gaussian,riemannian_stl,riemannian,1,10,2,10.0,0.0,0.1,4,2000,0.0,0.0,0.0,0.0,400,0
gaussian,gaussian,riemannian_stl,riemannian,1,11,2,10.0,0.0,0.1,4,2000,0.0,0.0,0.0,0.0,400,0
gaussian,gaussian,riemannian_stl,riemannian,1,12,2,10.0,0.0,0.1,4,2000,0.0,0.0,0.0,0.0,400,0
gaussian,gaussian,riemannian_stl,riemannian,1,13,2,10.0,0.0,0.1,4,2000,0.0,0.0,0.0,0.0,400,0
gaussian,gaussian,riemannian_stl,riemannian,1,14,2,10.0,0.0,0.1,4,2000,0.0,0.0,0.0,0.0,400,0
gaussian,gaussian,riemannian_stl,riemannian,1,15,2,10.0,0.0,0.1,4,2000,0.0,0.0,0.0,0.0,400,0
gaussian,gaussian,riemannian_stl,riemannian,1,16,2,10.0,0.0,0.1,4,2000,0.0,0.0,0.0,0.0,400,0
gaussian,gaussian,riemannian_stl,riemannian,1,17,2,10.0,0.0,0.1,4,2000,0.0,0.0,0.0,0.0,400,0
gaussian,gaussian,riemannian_stl,riemannian,1,18,2,10.0,0.0,0.1,4,2000,0.0,0.0,0.0,0.0,400,0
gaussian,gaussian,riemannian_stl,riemannian,1,19,2,10.0,0.0,0.1,4,2000,0.0,0.0,0.0,0.0,400,0
gaussian,gaussian,kl_stl,kl,1,0,2,10.0,0.0,0.1,4,2000,0.0,0.0,0.0,0.0,400,0
gaussian,gaussian,kl_stl,kl,1,1,2,10.0,0.0,0.1,4,2000,0.0,0.0,0.0,0.0,400,0
gaussian,gaussian,kl_stl,kl,1,2,2,10.0,0.0,0.1,4,2000,0.0,0.0,0.0,0.0,400,0
gaussian,gaussian,kl_stl,kl,1,3,2,10.0,0.0,0.1,4,2000,0.0,0.0,0.0,0.0,400,0
gaussian,gaussian,kl_stl,kl,1,4,2,10.0,0.0,0.1,4,2000,0.0,0.0,0.0,0.0,400,0
gaussian,gaussian,kl_stl,kl,1,5,2,10.0,0.0,0.1,4,2000,0.0,0.0,0.0,0.0,400,0
gaussian,gaussian,kl_stl,kl,1,6,2,10.0,0.0,0.1,4,2000,0.0,0.0,0.0,0.0,400,0
gaussian,gaussian,kl_stl,kl,1,7,2,10.0,0.0,0.1,4,2000,0.0,0.0,0.0,0.0,400,0
gaussian,gaussian,kl_stl,kl,1,8,2,10.0,0.0,0.1,4,2000,0.0,0.0,0.0,0.0,400,0
gaussian,gaussian,kl_stl,kl,1,9,2,10.0,0.0,0.1,4,2000,0.0,0.0,0.0,0.0,400,0
gaussian,gaussian,kl_stl,kl,1,10,2,10.0,0.0,0.1,4,2000,0.0,0.0,0.0,0.0,400,0
gaussian,gaussian,kl_stl,kl,1,11,2,10.0,0.0,0.1,4,2000,0.0,0.0,0.0,0.0,400,0
gaussian,gaussian,kl_stl,kl,1,12,2,10.0,0.0,0.1,4,2000,0.0,0.0,0.0,0.0,400,0
gaussian,gaussian,kl_stl,kl,1,13,2,10.0,0.0,0.1,4,2000,0.0,0.0,0.0,0.0,400,0
gaussian,gaussian,kl_stl,kl,1,14,2,10.0,0.0,0.1,4,2000,0.0,0.0,0.0,0.0,400,0
gaussian,gaussian,kl_stl,kl,1,15,2,10.0,0.0,0.1,4,2000,0.0,0.0,0.0,0.0,400,0
gaussian,gaussian,kl_stl,kl,1,16,2,10.0,0.0,0.1,4,2000,0.0,0.0,0.0,0.0,400,0
gaussian,gaussian,kl_stl,kl,1,17,2,10.0,0.0,0.1,4,2000,0.0,0.0,0.0,0.0,400,0
gaussian,gaussian,kl_stl,kl,1,18,2,10.0,0.0,0.1,4,2000,0.0,0.0,0.0,0.0,400,0
gaussian,gaussian,kl_stl,kl,1,19,2,10.0,0.0,0.1,4,2000,0.0,0.0,0.0,0.0,400,0
gaussian,gaussian,riemannian_stl,riemannian,1,0,2,10.0,0.0,0.1,16,2000,0.0,0.0,0.0,0.0,400,0
gaussian,gaussian,riemannian_stl,riemannian,1,1,2,10.0,0.0,0.1,16,2000,0.0,0.0,0.0,0.0,400,0
gaussian,gaussian,riemannian_stl,riemannian,1,2,2,10.0,0.0,0.1,16,2000,0.0,0.0,0.0,0.0,400,0
gaussian,gaussian,riemannian_stl,riemannian,1,3,2,10.0,0.0,0.1,16,2000,0.0,0.0,0.0,0.0,400,0
gaussian,gaussian,riemannian_stl,riemannian,1,4,2,10.0,0.0,0.1,16,2000,0.0,0.0,0.0,0.0,400,0
gaussian,gaussian,riemannian_stl,riemannian,1,5,2,10.0,0.0,0.1,16,2000,0.0,0.0,0.0,0.0,400,0
gaussian,gaussian,riemannian_stl,riemannian,1,6,2,10.0,0.0,0.1,16,2000,0.0,0.0,0.0,0.0,400,0
gaussian,gaussian,riemannian_stl,riemannian,1,7,2,10.0,0.0,0.1,16,2000,0.0,0.0,0.0,0.0,400,0
gaussian,gaussian,riemannian_stl,riemannian,1,8,2,10.0,0.0,0.1,16,2000,0.0,0.0,0.0,0.0,400,0
gaussian,gaussian,riemannian_stl,riemannian,1,9,2,10.0,0.0,0.1,16,2000,0.0,0.0,0.0,0.0,400,0
gaussian,gaussian,riemannian_stl,riemannian,1,10,2,10.0,0.0,0.1,16,2000,0.0,0.0,0.0,0.0,400,0
gaussian,gaussian,riemannian_stl,riemannian,1,11,2,10.0,0.0,0.1,16,2000,0.0,0.0,0.0,0.0,400,0
gaussian,gaussian,riemannian_stl,riemannian,1,12,2,10.0,0.0,0.1,16,2000,0.0,0.0,0.0,0.0,400,0
gaussian,gaussian,riemannian_stl,riemannian,1,13,2,10.0,0.0,0.1,16,2000,0.0,0.0,0.0,0.0,400,0
gaussian,gaussian,riemannian_stl,riemannian,1,14,2,10.0,0.0,0.1,16,2000,0.0,0.0,0.0,0.0,400,0
gaussian,gaussian,riemannian_stl,riemannian,1,15,2,10.0,0.0,0.1,16,2000,0.0,0.0,0.0,0.0,400,0
gaussian,gaussian,riemannian_stl,riemannian,1,16,2,10.0,0.0,0.1,16,2000,0.0,0.0,0.0,0.0,400,0
gaussian,gaussian,riemannian_stl,riemannian,1,17,2,10.0,0.0,0.1,16,2000,0.0,0.0,0.0,0.0,400,0
gaussian,gaussian,riemannian_stl,riemannian,1,18,2,10.0,0.0,0.1,16,2000,0.0,0.0,0.0,0.0,400,0
gaussian,gaussian,riemannian_stl,riemannian,1,19,2,10.0,0.0,0.1,16,2000,0.0,0.0,0.0,0.0,400,0
gaussian,gaussian,kl_stl,kl,1,0,2,10.0,0.0,0.1,16,2000,0.0,0.0,0.0,0.0,400,0
gaussian,gaussian,kl_stl,kl,1,1,2,10.0,0.0,0.1,16,2000,0.0,0.0,0.0,0.0,400,0
gaussian,gaussian,kl_stl,kl,1,2,2,10.0,0.0,0.1,16,2000,0.0,0.0,0.0,0.0,400,0
gaussian,gaussian,kl_stl,kl,1,3,2,10.0,0.0,0.1,16,2000,0.0,0.0,0.0,0.0,400,0
gaussian,gaussian,kl_stl,kl,1,4,2,10.0,0.0,0.1,16,2000,0.0,0.0,0.0,0.0,400,0
gaussian,gaussian,kl_stl,kl,1,5,2,10.0,0.0,0.1,16,2000,0.0,0.0,0.0,0.0,400,0
gaussian,gaussian,kl_stl,kl,1,6,2,10.0,0.0,0.1,16,2000,0.0,0.0,0.0,0.0,400,0
gaussian,gaussian,kl_stl,kl,1,7,2,10.0,0.0,0.1,16,2000,0.0,0.0,0.0,0.0,400,0
gaussian,gaussian,kl_stl,kl,1,8,2,10.0,0.0,0.1,16,2000,0.0,0.0,0.0,0.0,400,0
gaussian,gaussian,kl_stl,kl,1,9,2,10.0,0.0,0.1,16,2000,0.0,0.0,0.0,0.0,400,0
gaussian,gaussian,kl_stl,kl,1,10,2,10.0,0.0,0.1,16,2000,0.0,0.0,0.0,0.0,400,0
gaussian,gaussian,kl_stl,kl,1,11,2,10.0,0.0,0.1,16,2000,0.0,0.0,0.0,0.0,400,0
gaussian,gaussian,kl_stl,kl,1,12,2,10.0,0.0,0.1,16,2000,0.0,0.0,0.0,0.0,400,0
gaussian,gaussian,kl_stl,kl,1,13,2,10.0,0.0,0.1,16,2000,0.0,0.0,0.0,0.0,400,0
gaussian,gaussian,kl_stl,kl,1,14,2,10.0,0.0,0.1,16,2000,0.0,0.0,0.0,0.0,400,0
gaussian,gaussian,kl_stl,kl,1,15,2,10.0,0.0,0.1,16,2000,0.0,0.0,0.0,0.0,400,0
gaussian,gaussian,kl_stl,kl,1,16,2,10.0,0.0,0.1,16,2000,0.0,0.0,0.0,0.0,400,0
gaussian,gaussian,kl_stl,kl,1,17,2,10.0,0.0,0.1,16,2000,0.0,0.0,0.0,0.0,400,0
gaussian,gaussian,kl_stl,kl,1,18,2,10.0,0.0,0.1,16,2000,0.0,0.0,0.0,0.0,400,0
gaussian,gaussian,kl_stl,kl,1,19,2,10.0,0.0,0.1,16,2000,0.0,0.0,0.0,0.0,400,0
gaussian,gaussian,riemannian_stl,riemannian,1,0,2,100.0,0.0,0.1,1,2000,-4.440892098500626e-16,-4.440892098500626e-16,0.0,-4.440892098500626e-16,400,0
gaussian,gaussian,riemannian_stl,riemannian,1,1,2,100.0,0.0,0.1,1,2000,-4.440892098500626e-16,-4.440892098500626e-16,0.0,-4.440892098500626e-16,400,0
gaussian,gaussian,riemannian_stl,riemannian,1,2,2,100.0,0.0,0.1,1,2000,-4.440892098500626e-16,-4.440892098500626e-16,0.0,-4.440892098500626e-16,400,0
gaussian,gaussian,riemannian_stl,riemannian,1,3,2,100.0,0.0,0.1,1,2000,-4.440892098500626e-16,-4.440892098500626e-16,0.0,-4.440892098500626e-16,400,0
gaussian,gaussian,riemannian_stl,riemannian,1,4,2,100.0,0.0,0.1,1,2000,-4.440892098500626e-16,-4.440892098500626e-16,0.0,-4.440892098500626e-16,400,0
gaussian,gaussian,riemannian_stl,riemannian,1,5,2,100.0,0.0,0.1,1,2000,-4.440892098500626e-16,-4.440892098500626e-16,0.0,-4.440892098500626e-16,400,0
gaussian,gaussian,riemannian_stl,riemannian,1,6,2,100.0,0.0,0.1,1,2000,-4.440892098500626e-16,-4.440892098500626e-16,0.0,-4.440892098500626e-16,400,0
gaussian,gaussian,riemannian_stl,riemannian,1,7,2,100.0,0.0,0.1,1,2000,-4.440892098500626e-16,-4.440892098500626e-16,0.0,-4.440892098500626e-16,400,0
gaussian,gaussian,riemannian_stl,riemannian,1,8,2,100.0,0.0,0.1,1,2000,-4.440892098500626e-16,-4.440892098500626e-16,0.0,-4.440892098500626e-16,400,0
gaussian,gaussian,riemannian_stl,riemannian,1,9,2,100.0,0.0,0.1,1,2000,-4.440892098500626e-16,-4.440892098500626e-16,0.0,-4.440892098500626e-16,400,0
gaussian,gaussian,riemannian_stl,riemannian,1,10,2,100.0,0.0,0.1,1,2000,-4.440892098500626e-16,-4.440892098500626e-16,0.0,-4.440892098500626e-16,400,0
gaussian,gaussian,riemannian_stl,riemannian,1,11,2,100.0,0.0,0.1,1,2000,-4.440892098500626e-16,-4.440892098500626e-16,0.0,-4.440892098500626e-16,400,0
gaussian,gaussian,riemannian_stl,riemannian,1,12,2,100.0,0.0,0.1,1,2000,-4.440892098500626e-16,-4.440892098500626e-16,0.0,-4.440892098500626e-16,400,0
gaussian,gaussian,riemannian_stl,riemannian,1,13,2,100.0,0.0,0.1,1,2000,-4.440892098500626e-16,-4.440892098500626e-16,0.0,-4.440892098500626e-16,400,0
gaussian,gaussian,riemannian_stl,riemannian,1,14,2,100.0,0.0,0.1,1,2000,-4.440892098500626e-16,-4.440892098500626e-16,0.0,-4.440892098500626e-16,400,0
gaussian,gaussian,riemannian_stl,riemannian,1,15,2,100.0,0.0,0.1,1,2000,-4.440892098500626e-16,-4.440892098500626e-16,0.0,-4.440892098500626e-16,400,0
gaussian,gaussian,riemannian_stl,riemannian,1,16,2,100.0,0.0,0.1,1,2000,-4.440892098500626e-16,-4.440892098500626e-16,0.0,-4.440892098500626e-16,400,0
gaussian,gaussian,riemannian_stl,riemannian,1,17,2,100.0,0.0,0.1,1,2000,-4.440892098500626e-16,-4.440892098500626e-16,0.0,-4.440892098500626e-16,400,0
gaussian,gaussian,riemannian_stl,riemannian,1,18,2,100.0,0.0,0.1,1,2000,-4.440892098500626e-16,-4.440892098500626e-16,0.0,-4.440892098500626e-16,400,0
gaussian,gaussian,riemannian_stl,riemannian,1,19,2,100.0,0.0,0.1,1,2000,-4.440892098500626e-16,-4.440892098500626e-16,0.0,-4.440892098500626e-16,400,0
gaussian,gaussian,kl_stl,kl,1,0,2,100.0,0.0,0.1,1,2000,-2.220446049250313e-16,-2.220446049250313e-16,0.0,-2.220446049250313e-16,400,0
gaussian,gaussian,kl_stl,kl,1,1,2,100.0,0.0,0.1,1,2000,-2.220446049250313e-16,-2.220446049250313e-16,0.0,-2.220446049250313e-16,400,0
gaussian,gaussian,kl_stl,kl,1,2,2,100.0,0.0,0.1,1,2000,-2.220446049250313e-16,-2.220446049250313e-16,0.0,-2.220446049250313e-16,400,0
gaussian,gaussian,kl_stl,kl,1,3,2,100.0,0.0,0.1,1,2000,-2.220446049250313e-16,-2.220446049250313e-16,0.0,-2.220446049250313e-16,400,0
gaussian,gaussian,kl_stl,kl,1,4,2,100.0,0.0,0.1,1,2000,-2.220446049250313e-16,-2.220446049250313e-16,0.0,-2.220446049250313e-16,400,0
gaussian,gaussian,kl_stl,kl,1,5,2,100.0,0.0,0.1,1,2000,-2.220446049250313e-16,-2.220446049250313e-16,0.0,-2.220446049250313e-16,400,0
gaussian,gaussian,kl_stl,kl,1,6,2,100.0,0.0,0.1,1,2000,-2.220446049250313e-16,-2.220446049250313e-16,0.0,-2.220446049250313e-16,400,0
gaussian,gaussian,kl_stl,kl,1,7,2,100.0,0.0,0.1,1,2000,-2.220446049250313e-16,-2.220446049250313e-16,0.0,-2.220446049250313e-16,400,0
gaussian,gaussian,kl_stl,kl,1,8,2,100.0,0.0,0.1,1,2000,-2.220446049250313e-16,-2.220446049250313e-16,0.0,-2.220446049250313e-16,400,0
gaussian,gaussian,kl_stl,kl,1,9,2,100.0,0.0,0.1,1,2000,-2.220446049250313e-16,-2.220446049250313e-16,0.0,-2.220446049250313e-16,400,0
gaussian,gaussian,kl_stl,kl,1,10,2,100.0,0.0,0.1,1,2000,-2.220446049250313e-16,-2.220446049250313e-16,0.0,-2.220446049250313e-16,400,0
gaussian,gaussian,kl_stl,kl,1,11,2,100.0,0.0,0.1,1,2000,-2.220446049250313e-16,-2.220446049250313e-16,0.0,-2.220446049250313e-16,400,0
gaussian,gaussian,kl_stl,kl,1,12,2,100.0,0.0,0.1,1,2000,-2.220446049250313e-16,-2.220446049250313e-16,0.0,-2.220446049250313e-16,400,0
gaussian,gaussian,kl_stl,kl,1,13,2,100.0,0.0,0.1,1,2000,-2.220446049250313e-16,-2.220446049250313e-16,0.0,-2.220446049250313e-16,400,0
gaussian,gaussian,kl_stl,kl,1,14,2,100.0,0.0,0.1,1,2000,-2.220446049250313e-16,-2.220446049250313e-16,0.0,-2.220446049250313e-16,400,0
gaussian,gaussian,kl_stl,kl,1,15,2,100.0,0.0,0.1,1,2000,-2.220446049250313e-16,-2.220446049250313e-16,0.0,-2.220446049250313e-16,400,0
gaussian,gaussian,kl_stl,kl,1,16,2,100.0,0.0,0.1,1,2000,-2.220446049250313e-16,-2.220446049250313e-16,0.0,-2.220446049250313e-16,400,0
gaussian,gaussian,kl_stl,kl,1,17,2,100.0,0.0,0.1,1,2000,-2.220446049250313e-16,-2.220446049250313e-16,0.0,-2.220446049250313e-16,400,0
gaussian,gaussian,kl_stl,kl,1,18,2,100.0,0.0,0.1,1,2000,-2.220446049250313e-16,-2.220446049250313e-16,0.0,-2.220446049250313e-16,400,0
gaussian,gaussian,kl_stl,kl,1,19,2,100.0,0.0,0.1,1,2000,-2.220446049250313e-16,-2.220446049250313e-16,0.0,-2.220446049250313e-16,400,0
gaussian,gaussian,riemannian_stl,riemannian,1,0,2,100.0,0.0,0.1,4,2000,-4.440892098500626e-16,-4.440892098500626e-16,0.0,-4.440892098500626e-16,400,0
gaussian,gaussian,riemannian_stl,riemannian,1,1,2,100.0,0.0,0.1,4,2000,-4.440892098500626e-16,-4.440892098500626e-16,0.0,-4.440892098500626e-16,400,0
gaussian,gaussian,riemannian_stl,riemannian,1,2,2,100.0,0.0,0.1,4,2000,-4.440892098500626e-16,-4.440892098500626e-16,0.0,-4.440892098500626e-16,400,0
gaussian,gaussian,riemannian_stl,riemannian,1,3,2,100.0,0.0,0.1,4,2000,-4.440892098500626e-16,-4.440892098500626e-16,0.0,-4.440892098500626e-16,400,0
gaussian,gaussian,riemannian_stl,riemannian,1,4,2,100.0,0.0,0.1,4,2000,-4.440892098500626e-16,-4.440892098500626e-16,0.0,-4.440892098500626e-16,400,0
gaussian,gaussian,riemannian_stl,riemannian,1,5,2,100.0,0.0,0.1,4,2000,-4.440892098500626e-16,-4.440892098500626e-16,0.0,-4.440892098500626e-16,400,0
gaussian,gaussian,riemannian_stl,riemannian,1,6,2,100.0,0.0,0.1,4,2000,-4.440892098500626e-16,-4.440892098500626e-16,0.0,-4.440892098500626e-16,400,0
gaussian,gaussian,riemannian_stl,riemannian,1,7,2,100.0,0.0,0.1,4,2000,-4.440892098500626e-16,-4.440892098500626e-16,0.0,-4.440892098500626e-16,400,0
gaussian,gaussian,riemannian_stl,riemannian,1,8,2,100.0,0.0,0.1,4,2000,-4.440892098500626e-16,-4.440892098500626e-16,0.0,-4.440892098500626e-16,400,0
gaussian,gaussian,riemannian_stl,riemannian,1,9,2,100.0,0.0,0.1,4,2000,-4.440892098500626e-16,-4.440892098500626e-16,0.0,-4.440892098500626e-16,400,0
gaussian,gaussian,riemannian_stl,riemannian,1,10,2,100.0,0.0,0.1,4,2000,-4.440892098500626e-16,-4.440892098500626e-16,0.0,-4.440892098500626e-16,400,0
gaussian,gaussian,riemannian_stl,riemannian,1,11,2,100.0,0.0,0.1,4,2000,-4.440892098500626e-16,-4.440892098500626e-16,0.0,-4.440892098500626e-16,400,0
gaussian,gaussian,riemannian_stl,riemannian,1,12,2,100.0,0.0,0.1,4,2000,-4.440892098500626e-16,-4.440892098500626e-16,0.0,-4.440892098500626e-16,400,0
gaussian,gaussian,riemannian_stl,riemannian,1,13,2,100.0,0.0,0.1,4,2000,-4.440892098500626e-16,-4.440892098500626e-16,0.0,-4.440892098500626e-16,400,0
gaussian,gaussian,riemannian_stl,riemannian,1,14,2,100.0,0.0,0.1,4,2000,-4.440892098500626e-16,-4.440892098500626e-16,0.0,-4.440892098500626e-16,400,0
gaussian,gaussian,riemannian_stl,riemannian,1,15,2,100.0,0.0,0.1,4,2000,-4.440892098500626e-16,-4.440892098500626e-16,0.0,-4.440892098500626e-16,400,0
gaussian,gaussian,riemannian_stl,riemannian,1,16,2,100.0,0.0,0.1,4,2000,-4.440892098500626e-16,-4.440892098500626e-16,0.0,-4.440892098500626e-16,400,0
gaussian,gaussian,riemannian_stl,riemannian,1,17,2,100.0,0.0,0.1,4,2000,-4.440892098500626e-16,-4.440892098500626e-16,0.0,-4.440892098500626e-16,400,0
gaussian,gaussian,riemannian_stl,riemannian,1,18,2,100.0,0.0,0.1,4,2000,-4.440892098500626e-16,-4.440892098500626e-16,0.0,-4.440892098500626e-16,400,0
gaussian,gaussian,riemannian_stl,riemannian,1,19,2,100.0,0.0,0.1,4,2000,-4.440892098500626e-16,-4.440892098500626e-16,0.0,-4.440892098500626e-16,400,0
gaussian,gaussian,kl_stl,kl,1,0,2,100.0,0.0,0.1,4,2000,-2.220446049250313e-16,-2.220446049250313e-16,0.0,-2.220446049250313e-16,400,0
gaussian,gaussian,kl_stl,kl,1,1,2,100.0,0.0,0.1,4,2000,-2.220446049250313e-16,-2.220446049250313e-16,0.0,-2.220446049250313e-16,400,0
gaussian,gaussian,kl_stl,kl,1,2,2,100.0,0.0,0.1,4,2000,-2.220446049250313e-16,-2.220446049250313e-16,0.0,-2.220446049250313e-16,400,0
gaussian,gaussian,kl_stl,kl,1,3,2,100.0,0.0,0.1,4,2000,-2.220446049250313e-16,-2.220446049250313e-16,0.0,-2.220446049250313e-16,400,0
gaussian,gaussian,kl_stl,kl,1,4,2,100.0,0.0,0.1,4,2000,-2.220446049250313e-16,-2.220446049250313e-16,0.0,-2.220446049250313e-16,400,0
gaussian,gaussian,kl_stl,kl,1,5,2,100.0,0.0,0.1,4,2000,-2.220446049250313e-16,-2.220446049250313e-16,0.0,-2.220446049250313e-16,400,0
gaussian,gaussian,kl_stl,kl,1,6,2,100.0,0.0,0.1,4,2000,-2.220446049250313e-16,-2.220446049250313e-16,0.0,-2.220446049250313e-16,400,0
gaussian,gaussian,kl_stl,kl,1,7,2,100.0,0.0,0.1,4,2000,-2.220446049250313e-16,-2.220446049250313e-16,0.0,-2.220446049250313e-16,400,0
gaussian,gaussian,kl_stl,kl,1,8,2,100.0,0.0,0.1,4,2000,-2.220446049250313e-16,-2.220446049250313e-16,0.0,-2.220446049250313e-16,400,0
gaussian,gaussian,kl_stl,kl,1,9,2,100.0,0.0,0.1,4,2000,-2.220446049250313e-16,-2.220446049250313e-16,0.0,-2.220446049250313e-16,400,0
gaussian,gaussian,kl_stl,kl,1,10,2,100.0,0.0,0.1,4,2000,-2.220446049250313e-16,-2.220446049250313e-16,0.0,-2.220446049250313e-16,400,0
gaussian,gaussian,kl_stl,kl,1,11,2,100.0,0.0,0.1,4,2000,-2.220446049250313e-16,-2.220446049250313e-16,0.0,-2.220446049250313e-16,400,0
gaussian,gaussian,kl_stl,kl,1,12,2,100.0,0.0,0.1,4,2000,-2.220446049250313e-16,-2.220446049250313e-16,0.0,-2.220446049250313e-16,400,0
gaussian,gaussian,kl_stl,kl,1,13,2,100.0,0.0,0.1,4,2000,-2.220446049250313e-16,-2.220446049250313e-16,0.0,-2.220446049250313e-16,400,0
gaussian,gaussian,kl_stl,kl,1,14,2,100.0,0.0,0.1,4,2000,-2.220446049250313e-16,-2.220446049250313e-16,0.0,-2.220446049250313e-16,400,0
gaussian,gaussian,kl_stl,kl,1,15,2,100.0,0.0,0.1,4,2000,-2.220446049250313e-16,-2.220446049250313e-16,0.0,-2.220446049250313e-16,400,0
gaussian,gaussian,kl_stl,kl,1,16,2,100.0,0.0,0.1,4,2000,-2.220446049250313e-16,-2.220446049250313e-16,0.0,-2.220446049250313e-16,400,0
gaussian,gaussian,kl_stl,kl,1,17,2,100.0,0.0,0.1,4,2000,-2.220446049250313e-16,-2.220446049250313e-16,0.0,-2.220446049250313e-16,400,0
gaussian,gaussian,kl_stl,kl,1,18,2,100.0,0.0,0.1,4,2000,-2.220446049250313e-16,-2.220446049250313e-16,0.0,-2.220446049250313e-16,400,0
gaussian,gaussian,kl_stl,kl,1,19,2,100.0,0.0,0.1,4,2000,-2.220446049250313e-16,-2.220446049250313e-16,0.0,-2.220446049250313e-16,400,0
gaussian,gaussian,riemannian_stl,riemannian,1,0,2,100.0,0.0,0.1,16,2000,-4.440892098500626e-16,-4.440892098500626e-16,0.0,-4.440892098500626e-16,400,0
gaussian,gaussian,riemannian_stl,riemannian,1,1,2,100.0,0.0,0.1,16,2000,-4.440892098500626e-16,-4.440892098500626e-16,0.0,-4.440892098500626e-16,400,0
gaussian,gaussian,riemannian_stl,riemannian,1,2,2,100.0,0.0,0.1,16,2000,-4.440892098500626e-16,-4.440892098500626e-16,0.0,-4.440892098500626e-16,400,0
gaussian,gaussian,riemannian_stl,riemannian,1,3,2,100.0,0.0,0.1,16,2000,-4.440892098500626e-16,-4.440892098500626e-16,0.0,-4.440892098500626e-16,400,0
gaussian,gaussian,riemannian_stl,riemannian,1,4,2,100.0,0.0,0.1,16,2000,-4.440892098500626e-16,-4.440892098500626e-16,0.0,-4.440892098500626e-16,400,0
gaussian,gaussian,riemannian_stl,riemannian,1,5,2,100.0,0.0,0.1,16,2000,-4.440892098500626e-16,-4.440892098500626e-16,0.0,-4.440892098500626e-16,400,0
gaussian,gaussian,riemannian_stl,riemannian,1,6,2,100.0,0.0,0.1,16,2000,-4.440892098500626e-16,-4.440892098500626e-16,0.0,-4.440892098500626e-16,400,0
gaussian,gaussian,riemannian_stl,riemannian,1,7,2,100.0,0.0,0.1,16,2000,-4.440892098500626e-16,-4.440892098500626e-16,0.0,-4.440892098500626e-16,400,0
gaussian,gaussian,riemannian_stl,riemannian,1,8,2,100.0,0.0,0.1,16,2000,-4.440892098500626e-16,-4.440892098500626e-16,0.0,-4.440892098500626e-16,400,0
gaussian,gaussian,riemannian_stl,riemannian,1,9,2,100.0,0.0,0.1,16,2000,-4.440892098500626e-16,-4.440892098500626e-16,0.0,-4.440892098500626e-16,400,0
gaussian,gaussian,riemannian_stl,riemannian,1,10,2,100.0,0.0,0.1,16,2000,-4.440892098500626e-16,-4.440892098500626e-16,0.0,-4.440892098500626e-16,400,0
gaussian,gaussian,riemannian_stl,riemannian,1,11,2,100.0,0.0,0.1,16,2000,-4.440892098500626e-16,-4.440892098500626e-16,0.0,-4.440892098500626e-16,400,0
gaussian,gaussian,riemannian_stl,riemannian,1,12,2,100.0,0.0,0.1,16,2000,-4.440892098500626e-16,-4.440892098500626e-16,0.0,-4.440892098500626e-16,400,0
gaussian,gaussian,riemannian_stl,riemannian,1,13,2,100.0,0.0,0.1,16,2000,-4.440892098500626e-16,-4.440892098500626e-16,0.0,-4.440892098500626e-16,400,0
gaussian,gaussian,riemannian_stl,riemannian,1,14,2,100.0,0.0,0.1,16,2000,-4.440892098500626e-16,-4.440892098500626e-16,0.0,-4.440892098500626e-16,400,0
gaussian,gaussian,riemannian_stl,riemannian,1,15,2,100.0,0.0,0.1,16,2000,-4.440892098500626e-16,-4.440892098500626e-16,0.0,-4.440892098500626e-16,400,0
gaussian,gaussian,riemannian_stl,riemannian,1,16,2,100.0,0.0,0.1,16,2000,-4.440892098500626e-16,-4.440892098500626e-16,0.0,-4.440892098500626e-16,400,0
gaussian,gaussian,riemannian_stl,riemannian,1,17,2,100.0,0.0,0.1,16,2000,-4.440892098500626e-16,-4.440892098500626e-16,0.0,-4.440892098500626e-16,400,0
gaussian,gaussian,riemannian_stl,riemannian,1,18,2,100.0,0.0,0.1,16,2000,-4.440892098500626e-16,-4.440892098500626e-16,0.0,-4.440892098500626e-16,400,0
gaussian,gaussian,riemannian_stl,riemannian,1,19,2,100.0,0.0,0.1,16,2000,-4.440892098500626e-16,-4.440892098500626e-16,0.0,-4.440892098500626e-16,400,0
gaussian,gaussian,kl_stl,kl,1,0,2,100.0,0.0,0.1,16,2000,-2.220446049250313e-16,-2.220446049250313e-16,0.0,-2.220446049250313e-16,400,0
gaussian,gaussian,kl_stl,kl,1,1,2,100.0,0.0,0.1,16,2000,-2.220446049250313e-16,-2.220446049250313e-16,0.0,-2.220446049250313e-16,400,0
gaussian,gaussian,kl_stl,kl,1,2,2,100.0,0.0,0.1,16,2000,-2.220446049250313e-16,-2.220446049250313e-16,0.0,-2.220446049250313e-16,400,0
gaussian,gaussian,kl_stl,kl,1,3,2,100.0,0.0,0.1,16,2000,-2.220446049250313e-16,-2.220446049250313e-16,0.0,-2.220446049250313e-16,400,0
gaussian,gaussian,kl_stl,kl,1,4,2,100.0,0.0,0.1,16,2000,-2.220446049250313e-16,-2.220446049250313e-16,0.0,-2.220446049250313e-16,400,0
gaussian,gaussian,kl_stl,kl,1,5,2,100.0,0.0,0.1,16,2000,-2.220446049250313e-16,-2.220446049250313e-16,0.0,-2.220446049250313e-16,400,0
gaussian,gaussian,kl_stl,kl,1,6,2,100.0,0.0,0.1,16,2000,-2.220446049250313e-16,-2.220446049250313e-16,0.0,-2.220446049250313e-16,400,0
gaussian,gaussian,kl_stl,kl,1,7,2,100.0,0.0,0.1,16,2000,-2.220446049250313e-16,-2.220446049250313e-16,0.0,-2.220446049250313e-16,400,0
gaussian,gaussian,kl_stl,kl,1,8,2,100.0,0.0,0.1,16,2000,-2.220446049250313e-16,-2.220446049250313e-16,0.0,-2.220446049250313e-16,400,0
gaussian,gaussian,kl_stl,kl,1,9,2,100.0,0.0,0.1,16,2000,-2.220446049250313e-16,-2.220446049250313e-16,0.0,-2.220446049250313e-16,400,0
gaussian,gaussian,kl_stl,kl,1,10,2,100.0,0.0,0.1,16,2000,-2.220446049250313e-16,-2.220446049250313e-16,0.0,-2.220446049250313e-16,400,0
gaussian,gaussian,kl_stl,kl,1,11,2,100.0,0.0,0.1,16,2000,-2.220446049250313e-16,-2.220446049250313e-16,0.0,-2.220446049250313e-16,400,0
gaussian,gaussian,kl_stl,kl,1,12,2,100.0,0.0,0.1,16,2000,-2.220446049250313e-16,-2.220446049250313e-16,0.0,-2.220446049250313e-16,400,0
gaussian,gaussian,kl_stl,kl,1,13,2,100.0,0.0,0.1,16,2000,-2.220446049250313e-16,-2.220446049250313e-16,0.0,-2.220446049250313e-16,400,0
gaussian,gaussian,kl_stl,kl,1,14,2,100.0,0.0,0.1,16,2000,-2.220446049250313e-16,-2.220446049250313e-16,0.0,-2.220446049250313e-16,400,0
gaussian,gaussian,kl_stl,kl,1,15,2,100.0,0.0,0.1,16,2000,-2.220446049250313e-16,-2.220446049250313e-16,0.0,-2.220446049250313e-16,400,0
gaussian,gaussian,kl_stl,kl,1,16,2,100.0,0.0,0.1,16,2000,-2.220446049250313e-16,-2.220446049250313e-16,0.0,-2.220446049250313e-16,400,0
gaussian,gaussian,kl_stl,kl,1,17,2,100.0,0.0,0.1,16,2000,-2.220446049250313e-16,-2.220446049250313e-16,0.0,-2.220446049250313e-16,400,0
gaussian,gaussian,kl_stl,kl,1,18,2,100.0,0.0,0.1,16,2000,-2.220446049250313e-16,-2.220446049250313e-16,0.0,-2.220446049250313e-16,400,0
gaussian,gaussian,kl_stl,kl,1,19,2,100.0,0.0,0.1,16,2000,-2.220446049250313e-16,-2.220446049250313e-16,0.0,-2.220446049250313e-16,400,0
gaussian,gaussian,riemannian_stl,riemannian,1,0,2,10000.0,0.0,0.1,1,2000,-1.1102230246251563e-16,-1.1102230246251563e-16,0.0,-1.1102230246251563e-16,400,0
gaussian,gaussian,riemannian_stl,riemannian,1,1,2,10000.0,0.0,0.1,1,2000,-1.1102230246251563e-16,-1.1102230246251563e-16,0.0,-1.1102230246251563e-16,400,0
gaussian,gaussian,riemannian_stl,riemannian,1,2,2,10000.0,0.0,0.1,1,2000,-1.1102230246251563e-16,-1.1102230246251563e-16,0.0,-1.1102230246251563e-16,400,0
gaussian,gaussian,riemannian_stl,riemannian,1,3,2,10000.0,0.0,0.1,1,2000,-1.1102230246251563e-16,-1.1102230246251563e-16,0.0,-1.1102230246251563e-16,400,0
gaussian,gaussian,riemannian_stl,riemannian,1,4,2,10000.0,0.0,0.1,1,2000,-1.1102230246251563e-16,-1.1102230246251563e-16,0.0,-1.1102230246251563e-16,400,0
gaussian,gaussian,riemannian_stl,riemannian,1,5,2,10000.0,0.0,0.1,1,2000,-1.1102230246251563e-16,-1.1102230246251563e-16,0.0,-1.1102230246251563e-16,400,0
gaussian,gaussian,riemannian_stl,riemannian,1,6,2,10000.0,0.0,0.1,1,2000,-1.1102230246251563e-16,-1.1102230246251563e-16,0.0,-1.1102230246251563e-16,400,0
gaussian,gaussian,riemannian_stl,riemannian,1,7,2,10000.0,0.0,0.1,1,2000,-1.1102230246251563e-16,-1.1102230246251563e-16,0.0,-1.1102230246251563e-16,400,0
gaussian,gaussian,riemannian_stl,riemannian,1,8,2,10000.0,0.0,0.1,1,2000,-1.1102230246251563e-16,-1.1102230246251563e-16,0.0,-1.1102230246251563e-16,400,0
gaussian,gaussian,riemannian_stl,riemannian,1,9,2,10000.0,0.0,0.1,1,2000,-1.1102230246251563e-16,-1.1102230246251563e-16,0.0,-1.1102230246251563e-16,400,0
gaussian,gaussian,riemannian_stl,riemannian,1,10,2,10000.0,0.0,0.1,1,2000,-1.1102230246251563e-16,-1.1102230246251563e-16,0.0,-1.1102230246251563e-16,400,0
gaussian,gaussian,riemannian_stl,riemannian,1,11,2,10000.0,0.0,0.1,1,2000,-1.1102230246251563e-16,-1.1102230246251563e-16,0.0,-1.1102230246251563e-16,400,0
gaussian,gaussian,riemannian_stl,riemannian,1,12,2,10000.0,0.0,0.1,1,2000,-1.1102230246251563e-16,-1.1102230246251563e-16,0.0,-1.1102230246251563e-16,400,0
gaussian,gaussian,riemannian_stl,riemannian,1,13,2,10000.0,0.0,0.1,1,2000,-1.1102230246251563e-16,-1.1102230246251563e-16,0.0,-1.1102230246251563e-16,400,0
gaussian,gaussian,riemannian_stl,riemannian,1,14,2,10000.0,0.0,0.1,1,2000,-1.1102230246251563e-16,-1.1102230246251563e-16,0.0,-1.1102230246251563e-16,400,0
gaussian,gaussian,riemannian_stl,riemannian,1,15,2,10000.0,0.0,0.1,1,2000,-1.1102230246251563e-16,-1.1102230246251563e-16,0.0,-1.1102230246251563e-16,400,0
gaussian,gaussian,riemannian_stl,riemannian,1,16,2,10000.0,0.0,0.1,1,2000,-1.1102230246251563e-16,-1.1102230246251563e-16,0.0,-1.1102230246251563e-16,400,0
gaussian,gaussian,riemannian_stl,riemannian,1,17,2,10000.0,0.0,0.1,1,2000,-1.1102230246251563e-16,-1.1102230246251563e-16,0.0,-1.1102230246251563e-16,400,0
gaussian,gaussian,riemannian_stl,riemannian,1,18,2,10000.0,0.0,0.1,1,2000,-1.1102230246251563e-16,-1.1102230246251563e-16,0.0,-1.1102230246251563e-16,400,0
gaussian,gaussian,riemannian_stl,riemannian,1,19,2,10000.0,0.0,0.1,1,2000,-1.1102230246251563e-16,-1.1102230246251563e-16,0.0,-1.1102230246251563e-16,400,0
gaussian,gaussian,kl_stl,kl,1,0,2,10000.0,0.0,0.1,1,2000,-2.220446049250313e-16,-2.220446049250313e-16,0.0,-2.220446049250313e-16,400,0
gaussian,gaussian,kl_stl,kl,1,1,2,10000.0,0.0,0.1,1,2000,-2.220446049250313e-16,-2.220446049250313e-16,0.0,-2.220446049250313e-16,400,0
gaussian,gaussian,kl_stl,kl,1,2,2,10000.0,0.0,0.1,1,2000,-2.220446049250313e-16,-2.220446049250313e-16,0.0,-2.220446049250313e-16,400,0
gaussian,gaussian,kl_stl,kl,1,3,2,10000.0,0.0,0.1,1,2000,-2.220446049250313e-16,-2.220446049250313e-16,0.0,-2.220446049250313e-16,400,0
gaussian,gaussian,kl_stl,kl,1,4,2,10000.0,0.0,0.1,1,2000,-2.220446049250313e-16,-2.220446049250313e-16,0.0,-2.220446049250313e-16,400,0
gaussian,gaussian,kl_stl,kl,1,5,2,10000.0,0.0,0.1,1,2000,-2.220446049250313e-16,-2.220446049250313e-16,0.0,-2.220446049250313e-16,400,0
gaussian,gaussian,kl_stl,kl,1,6,2,10000.0,0.0,0.1,1,2000,-2.220446049250313e-16,-2.220446049250313e-16,0.0,-2.220446049250313e-16,400,0
gaussian,gaussian,kl_stl,kl,1,7,2,10000.0,0.0,0.1,1,2000,-2.220446049250313e-16,-2.220446049250313e-16,0.0,-2.220446049250313e-16,400,0
gaussian,gaussian,kl_stl,kl,1,8,2,10000.0,0.0,0.1,1,2000,-2.220446049250313e-16,-2.220446049250313e-16,0.0,-2.220446049250313e-16,400,0
gaussian,gaussian,kl_stl,kl,1,9,2,10000.0,0.0,0.1,1,2000,-2.220446049250313e-16,-2.220446049250313e-16,0.0,-2.220446049250313e-16,400,0
gaussian,gaussian,kl_stl,kl,1,10,2,10000.0,0.0,0.1,1,2000,-2.220446049250313e-16,-2.220446049250313e-16,0.0,-2.220446049250313e-16,400,0
gaussian,gaussian,kl_stl,kl,1,11,2,10000.0,0.0,0.1,1,2000,-2.220446049250313e-16,-2.220446049250313e-16,0.0,-2.220446049250313e-16,400,0
gaussian,gaussian,kl_stl,kl,1,12,2,10000.0,0.0,0.1,1,2000,-2.220446049250313e-16,-2.220446049250313e-16,0.0,-2.220446049250313e-16,400,0
gaussian,gaussian,kl_stl,kl,1,13,2,10000.0,0.0,0.1,1,2000,-2.220446049250313e-16,-2.220446049250313e-16,0.0,-2.220446049250313e-16,400,0
gaussian,gaussian,kl_stl,kl,1,14,2,10000.0,0.0,0.1,1,2000,-2.220446049250313e-16,-2.220446049250313e-16,0.0,-2.220446049250313e-16,400,0
gaussian,gaussian,kl_stl,kl,1,15,2,10000.0,0.0,0.1,1,2000,-2.220446049250313e-16,-2.220446049250313e-16,0.0,-2.220446049250313e-16,400,0
gaussian,gaussian,kl_stl,kl,1,16,2,10000.0,0.0,0.1,1,2000,-2.220446049250313e-16,-2.220446049250313e-16,0.0,-2.220446049250313e-16,400,0
gaussian,gaussian,kl_stl,kl,1,17,2,10000.0,0.0,0.1,1,2000,-2.220446049250313e-16,-2.220446049250313e-16,0.0,-2.220446049250313e-16,400,0
gaussian,gaussian,kl_stl,kl,1,18,2,10000.0,0.0,0.1,1,2000,-2.220446049250313e-16,-2.220446049250313e-16,0.0,-2.220446049250313e-16,400,0
gaussian,gaussian,kl_stl,kl,1,19,2,10000.0,0.0,0.1,1,2000,-2.220446049250313e-16,-2.220446049250313e-16,0.0,-2.220446049250313e-16,400,0
gaussian,gaussian,riemannian_stl,riemannian,1,0,2,10000.0,0.0,0.1,4,2000,-1.1102230246251563e-16,-1.1102230246251563e-16,0.0,-1.1102230246251563e-16,400,0
gaussian,gaussian,riemannian_stl,riemannian,1,1,2,10000.0,0.0,0.1,4,2000,-1.1102230246251563e-16,-1.1102230246251563e-16,0.0,-1.1102230246251563e-16,400,0
gaussian,gaussian,riemannian_stl,riemannian,1,2,2,10000.0,0.0,0.1,4,2000,-1.1102230246251563e-16,-1.1102230246251563e-16,0.0,-1.1102230246251563e-16,400,0
gaussian,gaussian,riemannian_stl,riemannian,1,3,2,10000.0,0.0,0.1,4,2000,-1.1102230246251563e-16,-1.1102230246251563e-16,0.0,-1.1102230246251563e-16,400,0
gaussian,gaussian,riemannian_stl,riemannian,1,4,2,10000.0,0.0,0.1,4,2000,-1.1102230246251563e-16,-1.1102230246251563e-16,0.0,-1.1102230246251563e-16,400,0
gaussian,gaussian,riemannian_stl,riemannian,1,5,2,10000.0,0.0,0.1,4,2000,-1.1102230246251563e-16,-1.1102230246251563e-16,0.0,-1.1102230246251563e-16,400,0
gaussian,gaussian,riemannian_stl,riemannian,1,6,2,10000.0,0.0,0.1,4,2000,-1.1102230246251563e-16,-1.1102230246251563e-16,0.0,-1.1102230246251563e-16,400,0
gaussian,gaussian,riemannian_stl,riemannian,1,7,2,10000.0,0.0,0.1,4,2000,-1.1102230246251563e-16,-1.1102230246251563e-16,0.0,-1.1102230246251563e-16,400,0
gaussian,gaussian,riemannian_stl,riemannian,1,8,2,10000.0,0.0,0.1,4,2000,-1.1102230246251563e-16,-1.1102230246251563e-16,0.0,-1.1102230246251563e-16,400,0
gaussian,gaussian,riemannian_stl,riemannian,1,9,2,10000.0,0.0,0.1,4,2000,-1.1102230246251563e-16,-1.1102230246251563e-16,0.0,-1.1102230246251563e-16,400,0
gaussian,gaussian,riemannian_stl,riemannian,1,10,2,10000.0,0.0,0.1,4,2000,-1.1102230246251563e-16,-1.1102230246251563e-16,0.0,-1.1102230246251563e-16,400,0
gaussian,gaussian,riemannian_stl,riemannian,1,11,2,10000.0,0.0,0.1,4,2000,-1.1102230246251563e-16,-1.1102230246251563e-16,0.0,-1.1102230246251563e-16,400,0
gaussian,gaussian,riemannian_stl,riemannian,1,12,2,10000.0,0.0,0.1,4,2000,-1.1102230246251563e-16,-1.1102230246251563e-16,0.0,-1.1102230246251563e-16,400,0
gaussian,gaussian,riemannian_stl,riemannian,1,13,2,10000.0,0.0,0.1,4,2000,-1.1102230246251563e-16,-1.1102230246251563e-16,0.0,-1.1102230246251563e-16,400,0
gaussian,gaussian,riemannian_stl,riemannian,1,14,2,10000.0,0.0,0.1,4,2000,-1.1102230246251563e-16,-1.1102230246251563e-16,0.0,-1.1102230246251563e-16,400,0
gaussian,gaussian,riemannian_stl,riemannian,1,15,2,10000.0,0.0,0.1,4,2000,-1.1102230246251563e-16,-1.1102230246251563e-16,0.0,-1.1102230246251563e-16,400,0
gaussian,gaussian,riemannian_stl,riemannian,1,16,2,10000.0,0.0,0.1,4,2000,-1.1102230246251563e-16,-1.1102230246251563e-16,0.0,-1.1102230246251563e-16,400,0
gaussian,gaussian,riemannian_stl,riemannian,1,17,2,10000.0,0.0,0.1,4,2000,-1.1102230246251563e-16,-1.1102230246251563e-16,0.0,-1.1102230246251563e-16,400,0
gaussian,gaussian,riemannian_stl,riemannian,1,18,2,10000.0,0.0,0.1,4,2000,-1.1102230246251563e-16,-1.1102230246251563e-16,0.0,-1.1102230246251563e-16,400,0
gaussian,gaussian,riemannian_stl,riemannian,1,19,2,10000.0,0.0,0.1,4,2000,-1.1102230246251563e-16,-1.1102230246251563e-16,0.0,-1.1102230246251563e-16,400,0
gaussian,gaussian,kl_stl,kl,1,0,2,10000.0,0.0,0.1,4,2000,-2.220446049250313e-16,-2.220446049250313e-16,0.0,-2.220446049250313e-16,400,0
gaussian,gaussian,kl_stl,kl,1,1,2,10000.0,0.0,0.1,4,2000,-2.220446049250313e-16,-2.220446049250313e-16,0.0,-2.220446049250313e-16,400,0
gaussian,gaussian,kl_stl,kl,1,2,2,10000.0,0.0,0.1,4,2000,-2.220446049250313e-16,-2.220446049250313e-16,0.0,-2.220446049250313e-16,400,0
gaussian,gaussian,kl_stl,kl,1,3,2,10000.0,0.0,0.1,4,2000,-2.220446049250313e-16,-2.220446049250313e-16,0.0,-2.220446049250313e-16,400,0
gaussian,gaussian,kl_stl,kl,1,4,2,10000.0,0.0,0.1,4,2000,-2.220446049250313e-16,-2.220446049250313e-16,0.0,-2.220446049250313e-16,400,0
gaussian,gaussian,kl_stl,kl,1,5,2,10000.0,0.0,0.1,4,2000,-2.220446049250313e-16,-2.220446049250313e-16,0.0,-2.220446049250313e-16,400,0
gaussian,gaussian,kl_stl,kl,1,6,2,10000.0,0.0,0.1,4,2000,-2.220446049250313e-16,-2.220446049250313e-16,0.0,-2.220446049250313e-16,400,0
gaussian,gaussian,kl_stl,kl,1,7,2,10000.0,0.0,0.1,4,2000,-2.220446049250313e-16,-2.220446049250313e-16,0.0,-2.220446049250313e-16,400,0
gaussian,gaussian,kl_stl,kl,1,8,2,10000.0,0.0,0.1,4,2000,-2.220446049250313e-16,-2.220446049250313e-16,0.0,-2.220446049250313e-16,400,0
gaussian,gaussian,kl_stl,kl,1,9,2,10000.0,0.0,0.1,4,2000,-2.220446049250313e-16,-2.220446049250313e-16,0.0,-2.220446049250313e-16,400,0
gaussian,gaussian,kl_stl,kl,1,10,2,10000.0,0.0,0.1,4,2000,-2.220446049250313e-16,-2.220446049250313e-16,0.0,-2.220446049250313e-16,400,0
gaussian,gaussian,kl_stl,kl,1,11,2,10000.0,0.0,0.1,4,2000,-2.220446049250313e-16,-2.220446049250313e-16,0.0,-2.220446049250313e-16,400,0
gaussian,gaussian,kl_stl,kl,1,12,2,10000.0,0.0,0.1,4,2000,-2.220446049250313e-16,-2.220446049250313e-16,0.0,-2.220446049250313e-16,400,0
gaussian,gaussian,kl_stl,kl,1,13,2,10000.0,0.0,0.1,4,2000,-2.220446049250313e-16,-2.220446049250313e-16,0.0,-2.220446049250313e-16,400,0
gaussian,gaussian,kl_stl,kl,1,14,2,10000.0,0.0,0.1,4,2000,-2.220446049250313e-16,-2.220446049250313e-16,0.0,-2.220446049250313e-16,400,0
gaussian,gaussian,kl_stl,kl,1,15,2,10000.0,0.0,0.1,4,2000,-2.220446049250313e-16,-2.220446049250313e-16,0.0,-2.220446049250313e-16,400,0
gaussian,gaussian,kl_stl,kl,1,16,2,10000.0,0.0,0.1,4,2000,-2.220446049250313e-16,-2.220446049250313e-16,0.0,-2.220446049250313e-16,400,0
gaussian,gaussian,kl_stl,kl,1,17,2,10000.0,0.0,0.1,4,2000,-2.220446049250313e-16,-2.220446049250313e-16,0.0,-2.220446049250313e-16,400,0
gaussian,gaussian,kl_stl,kl,1,18,2,10000.0,0.0,0.1,4,2000,-2.220446049250313e-16,-2.220446049250313e-16,0.0,-2.220446049250313e-16,400,0
gaussian,gaussian,kl_stl,kl,1,19,2,10000.0,0.0,0.1,4,2000,-2.220446049250313e-16,-2.220446049250313e-16,0.0,-2.220446049250313e-16,400,0
gaussian,gaussian,riemannian_stl,riemannian,1,0,2,10000.0,0.0,0.1,16,2000,-1.1102230246251563e-16,-1.1102230246251563e-16,0.0,-1.1102230246251563e-16,400,0
gaussian,gaussian,riemannian_stl,riemannian,1,1,2,10000.0,0.0,0.1,16,2000,-1.1102230246251563e-16,-1.1102230246251563e-16,0.0,-1.1102230246251563e-16,400,0
gaussian,gaussian,riemannian_stl,riemannian,1,2,2,10000.0,0.0,0.1,16,2000,-1.1102230246251563e-16,-1.1102230246251563e-16,0.0,-1.1102230246251563e-16,400,0
gaussian,gaussian,riemannian_stl,riemannian,1,3,2,10000.0,0.0,0.1,16,2000,-1.1102230246251563e-16,-1.1102230246251563e-16,0.0,-1.1102230246251563e-16,400,0
gaussian,gaussian,riemannian_stl,riemannian,1,4,2,10000.0,0.0,0.1,16,2000,-1.1102230246251563e-16,-1.1102230246251563e-16,0.0,-1.1102230246251563e-16,400,0
gaussian,gaussian,riemannian_stl,riemannian,1,5,2,10000.0,0.0,0.1,16,2000,-1.1102230246251563e-16,-1.1102230246251563e-16,0.0,-1.1102230246251563e-16,400,0
gaussian,gaussian,riemannian_stl,riemannian,1,6,2,10000.0,0.0,0.1,16,2000,-1.1102230246251563e-16,-1.1102230246251563e-16,0.0,-1.1102230246251563e-16,400,0
gaussian,gaussian,riemannian_stl,riemannian,1,7,2,10000.0,0.0,0.1,16,2000,-1.1102230246251563e-16,-1.1102230246251563e-16,0.0,-1.1102230246251563e-16,400,0
gaussian,gaussian,riemannian_stl,riemannian,1,8,2,10000.0,0.0,0.1,16,2000,-1.1102230246251563e-16,-1.1102230246251563e-16,0.0,-1.1102230246251563e-16,400,0
gaussian,gaussian,riemannian_stl,riemannian,1,9,2,10000.0,0.0,0.1,16,2000,-1.1102230246251563e-16,-1.1102230246251563e-16,0.0,-1.1102230246251563e-16,400,0
gaussian,gaussian,riemannian_stl,riemannian,1,10,2,10000.0,0.0,0.1,16,2000,-1.1102230246251563e-16,-1.1102230246251563e-16,0.0,-1.1102230246251563e-16,400,0
gaussian,gaussian,riemannian_stl,riemannian,1,11,2,10000.0,0.0,0.1,16,2000,-1.1102230246251563e-16,-1.1102230246251563e-16,0.0,-1.1102230246251563e-16,400,0
gaussian,gaussian,riemannian_stl,riemannian,1,12,2,10000.0,0.0,0.1,16,2000,-1.1102230246251563e-16,-1.1102230246251563e-16,0.0,-1.1102230246251563e-16,400,0
gaussian,gaussian,riemannian_stl,riemannian,1,13,2,10000.0,0.0,0.1,16,2000,-1.1102230246251563e-16,-1.1102230246251563e-16,0.0,-1.1102230246251563e-16,400,0
gaussian,gaussian,riemannian_stl,riemannian,1,14,2,10000.0,0.0,0.1,16,2000,-1.1102230246251563e-16,-1.1102230246251563e-16,0.0,-1.1102230246251563e-16,400,0
gaussian,gaussian,riemannian_stl,riemannian,1,15,2,10000.0,0.0,0.1,16,2000,-1.1102230246251563e-16,-1.1102230246251563e-16,0.0,-1.1102230246251563e-16,400,0
gaussian,gaussian,riemannian_stl,riemannian,1,16,2,10000.0,0.0,0.1,16,2000,-1.1102230246251563e-16,-1.1102230246251563e-16,0.0,-1.1102230246251563e-16,400,0
gaussian,gaussian,riemannian_stl,riemannian,1,17,2,10000.0,0.0,0.1,16,2000,-1.1102230246251563e-16,-1.1102230246251563e-16,0.0,-1.1102230246251563e-16,400,0
gaussian,gaussian,riemannian_stl,riemannian,1,18,2,10000.0,0.0,0.1,16,2000,-1.1102230246251563e-16,-1.1102230246251563e-16,0.0,-1.1102230246251563e-16,400,0
gaussian,gaussian,riemannian_stl,riemannian,1,19,2,10000.0,0.0,0.1,16,2000,-1.1102230246251563e-16,-1.1102230246251563e-16,0.0,-1.1102230246251563e-16,400,0
gaussian,gaussian,kl_stl,kl,1,0,2,10000.0,0.0,0.1,16,2000,-2.220446049250313e-16,-2.220446049250313e-16,0.0,-2.220446049250313e-16,400,0
gaussian,gaussian,kl_stl,kl,1,1,2,10000.0,0.0,0.1,16,2000,-2.220446049250313e-16,-2.220446049250313e-16,0.0,-2.220446049250313e-16,400,0
gaussian,gaussian,kl_stl,kl,1,2,2,10000.0,0.0,0.1,16,2000,-2.220446049250313e-16,-2.220446049250313e-16,0.0,-2.220446049250313e-16,400,0
gaussian,gaussian,kl_stl,kl,1,3,2,10000.0,0.0,0.1,16,2000,-2.220446049250313e-16,-2.220446049250313e-16,0.0,-2.220446049250313e-16,400,0
gaussian,gaussian,kl_stl,kl,1,4,2,10000.0,0.0,0.1,16,2000,-2.220446049250313e-16,-2.220446049250313e-16,0.0,-2.220446049250313e-16,400,0
gaussian,gaussian,kl_stl,kl,1,5,2,10000.0,0.0,0.1,16,2000,-2.220446049250313e-16,-2.220446049250313e-16,0.0,-2.220446049250313e-16,400,0
gaussian,gaussian,kl_stl,kl,1,6,2,10000.0,0.0,0.1,16,2000,-2.220446049250313e-16,-2.220446049250313e-16,0.0,-2.220446049250313e-16,400,0
gaussian,gaussian,kl_stl,kl,1,7,2,10000.0,0.0,0.1,16,2000,-2.220446049250313e-16,-2.220446049250313e-16,0.0,-2.220446049250313e-16,400,0
gaussian,gaussian,kl_stl,kl,1,8,2,10000.0,0.0,0.1,16,2000,-2.220446049250313e-16,-2.220446049250313e-16,0.0,-2.220446049250313e-16,400,0
gaussian,gaussian,kl_stl,kl,1,9,2,10000.0,0.0,0.1,16,2000,-2.220446049250313e-16,-2.220446049250313e-16,0.0,-2.220446049250313e-16,400,0
gaussian,gaussian,kl_stl,kl,1,10,2,10000.0,0.0,0.1,16,2000,-2.220446049250313e-16,-2.220446049250313e-16,0.0,-2.220446049250313e-16,400,0
gaussian,gaussian,kl_stl,kl,1,11,2,10000.0,0.0,0.1,16,2000,-2.220446049250313e-16,-2.220446049250313e-16,0.0,-2.220446049250313e-16,400,0
gaussian,gaussian,kl_stl,kl,1,12,2,10000.0,0.0,0.1,16,2000,-2.220446049250313e-16,-2.220446049250313e-16,0.0,-2.220446049250313e-16,400,0
gaussian,gaussian,kl_stl,kl,1,13,2,10000.0,0.0,0.1,16,2000,-2.220446049250313e-16,-2.220446049250313e-16,0.0,-2.220446049250313e-16,400,0
gaussian,gaussian,kl_stl,kl,1,14,2,10000.0,0.0,0.1,16,2000,-2.220446049250313e-16,-2.220446049250313e-16,0.0,-2.220446049250313e-16,400,0
gaussian,gaussian,kl_stl,kl,1,15,2,10000.0,0.0,0.1,16,2000,-2.220446049250313e-16,-2.220446049250313e-16,0.0,-2.220446049250313e-16,400,0
gaussian,gaussian,kl_stl,kl,1,16,2,10000.0,0.0,0.1,16,2000,-2.220446049250313e-16,-2.220446049250313e-16,0.0,-2.220446049250313e-16,400,0
gaussian,gaussian,kl_stl,kl,1,17,2,10000.0,0.0,0.1,16,2000,-2.220446049250313e-16,-2.220446049250313e-16,0.0,-2.220446049250313e-16,400,0
gaussian,gaussian,kl_stl,kl,1,18,2,10000.0,0.0,0.1,16,2000,-2.220446049250313e-16,-2.220446049250313e-16,0.0,-2.220446049250313e-16,400,0
gaussian,gaussian,kl_stl,kl,1,19,2,10000.0,0.0,0.1,16,2000,-2.220446049250313e-16,-2.220446049250313e-16,0.0,-2.220446049250313e-16,400,0
gaussian,gaussian,riemannian_stl,riemannian,1,0,8,10.0,0.0,0.1,1,2000,8.881784197001252e-16,8.881784197001252e-16,0.0,8.881784197001252e-16,400,0
gaussian,gaussian,riemannian_stl,riemannian,1,1,8,10.0,0.0,0.1,1,2000,8.881784197001252e-16,8.881784197001252e-16,0.0,8.881784197001252e-16,400,0
gaussian,gaussian,riemannian_stl,riemannian,1,2,8,10.0,0.0,0.1,1,2000,8.881784197001252e-16,8.881784197001252e-16,0.0,8.881784197001252e-16,400,0
gaussian,gaussian,riemannian_stl,riemannian,1,3,8,10.0,0.0,0.1,1,2000,8.881784197001252e-16,8.881784197001252e-16,0.0,8.881784197001252e-16,400,0
gaussian,gaussian,riemannian_stl,riemannian,1,4,8,10.0,0.0,0.1,1,2000,8.881784197001252e-16,8.881784197001252e-16,0.0,8.881784197001252e-16,400,0
gaussian,gaussian,riemannian_stl,riemannian,1,5,8,10.0,0.0,0.1,1,2000,8.881784197001252e-16,8.881784197001252e-16,0.0,8.881784197001252e-16,400,0
gaussian,gaussian,riemannian_stl,riemannian,1,6,8,10.0,0.0,0.1,1,2000,8.881784197001252e-16,8.881784197001252e-16,0.0,8.881784197001252e-16,400,0
gaussian,gaussian,riemannian_stl,riemannian,1,7,8,10.0,0.0,0.1,1,2000,8.881784197001252e-16,8.881784197001252e-16,0.0,8.881784197001252e-16,400,0
gaussian,gaussian,riemannian_stl,riemannian,1,8,8,10.0,0.0,0.1,1,2000,8.881784197001252e-16,8.881784197001252e-16,0.0,8.881784197001252e-16,400,0
gaussian,gaussian,riemannian_stl,riemannian,1,9,8,10.0,0.0,0.1,1,2000,8.881784197001252e-16,8.881784197001252e-16,0.0,8.881784197001252e-16,400,0
gaussian,gaussian,riemannian_stl,riemannian,1,10,8,10.0,0.0,0.1,1,2000,8.881784197001252e-16,8.881784197001252e-16,0.0,8.881784197001252e-16,400,0
gaussian,gaussian,riemannian_stl,riemannian,1,11,8,10.0,0.0,0.1,1,2000,8.881784197001252e-16,8.881784197001252e-16,0.0,8.881784197001252e-16,400,0
gaussian,gaussian,riemannian_stl,riemannian,1,12,8,10.0,0.0,0.1,1,2000,8.881784197001252e-16,8.881784197001252e-16,0.0,8.881784197001252e-16,400,0
gaussian,gaussian,riemannian_stl,riemannian,1,13,8,10.0,0.0,0.1,1,2000,8.881784197001252e-16,8.881784197001252e-16,0.0,8.881784197001252e-16,400,0
gaussian,gaussian,riemannian_stl,riemannian,1,14,8,10.0,0.0,0.1,1,2000,8.881784197001252e-16,8.881784197001252e-16,0.0,8.881784197001252e-16,400,0
gaussian,gaussian,riemannian_stl,riemannian,1,15,8,10.0,0.0,0.1,1,2000,8.881784197001252e-16,8.881784197001252e-16,0.0,8.881784197001252e-16,400,0
gaussian,gaussian,riemannian_stl,riemannian,1,16,8,10.0,0.0,0.1,1,2000,8.881784197001252e-16,8.881784197001252e-16,0.0,8.881784197001252e-16,400,0
gaussian,gaussian,riemannian_stl,riemannian,1,17,8,10.0,0.0,0.1,1,2000,8.881784197001252e-16,8.881784197001252e-16,0.0,8.881784197001252e-16,400,0
gaussian,gaussian,riemannian_stl,riemannian,1,18,8,10.0,0.0,0.1,1,2000,8.881784197001252e-16,8.881784197001252e-16,0.0,8.881784197001252e-16,400,0
gaussian,gaussian,riemannian_stl,riemannian,1,19,8,10.0,0.0,0.1,1,2000,8.881784197001252e-16,8.881784197001252e-16,0.0,8.881784197001252e-16,400,0
gaussian,gaussian,kl_stl,kl,1,0,8,10.0,0.0,0.1,1,2000,0.0,0.0,0.0,0.0,400,0
gaussian,gaussian,kl_stl,kl,1,1,8,10.0,0.0,0.1,1,2000,0.0,0.0,0.0,0.0,400,0
gaussian,gaussian,kl_stl,kl,1,2,8,10.0,0.0,0.1,1,2000,0.0,0.0,0.0,0.0,400,0
gaussian,gaussian,kl_stl,kl,1,3,8,10.0,0.0,0.1,1,2000,0.0,0.0,0.0,0.0,400,0
gaussian,gaussian,kl_stl,kl,1,4,8,10.0,0.0,0.1,1,2000,0.0,0.0,0.0,0.0,400,0
gaussian,gaussian,kl_stl,kl,1,5,8,10.0,0.0,0.1,1,2000,0.0,0.0,0.0,0.0,400,0
gaussian,gaussian,kl_stl,kl,1,6,8,10.0,0.0,0.1,1,2000,0.0,0.0,0.0,0.0,400,0
gaussian,gaussian,kl_stl,kl,1,7,8,10.0,0.0,0.1,1,2000,0.0,0.0,0.0,0.0,400,0
gaussian,gaussian,kl_stl,kl,1,8,8,10.0,0.0,0.1,1,2000,0.0,0.0,0.0,0.0,400,0
gaussian,gaussian,kl_stl,kl,1,9,8,10.0,0.0,0.1,1,2000,0.0,0.0,0.0,0.0,400,0
gaussian,gaussian,kl_stl,kl,1,10,8,10.0,0.0,0.1,1,2000,0.0,0.0,0.0,0.0,400,0
gaussian,gaussian,kl_stl,kl,1,11,8,10.0,0.0,0.1,1,2000,0.0,0.0,0.0,0.0,400,0
gaussian,gaussian,kl_stl,kl,1,12,8,10.0,0.0,0.1,1,2000,0.0,0.0,0.0,0.0,400,0
gaussian,gaussian,kl_stl,kl,1,13,8,10.0,0.0,0.1,1,2000,0.0,0.0,0.0,0.0,400,0
gaussian,gaussian,kl_stl,kl,1,14,8,10.0,0.0,0.1,1,2000,0.0,0.0,0.0,0.0,400,0
gaussian,gaussian,kl_stl,kl,1,15,8,10.0,0.0,0.1,1,2000,0.0,0.0,0.0,0.0,400,0
gaussian,gaussian,kl_stl,kl,1,16,8,10.0,0.0,0.1,1,2000,0.0,0.0,0.0,0.0,400,0
gaussian,gaussian,kl_stl,kl,1,17,8,10.0,0.0,0.1,1,2000,0.0,0.0,0.0,0.0,400,0
gaussian,gaussian,kl_stl,kl,1,18,8,10.0,0.0,0.1,1,2000,0.0,0.0,0.0,0.0,400,0
gaussian,gaussian,kl_stl,kl,1,19,8,10.0,0.0,0.1,1,2000,0.0,0.0,0.0,0.0,400,0
gaussian,gaussian,riemannian_stl,riemannian,1,0,8,10.0,0.0,0.1,4,2000,8.881784197001252e-16,8.881784197001252e-16,0.0,8.881784197001252e-16,400,0
gaussian,gaussian,riemannian_stl,riemannian,1,1,8,10.0,0.0,0.1,4,2000,8.881784197001252e-16,8.881784197001252e-16,0.0,8.881784197001252e-16,400,0
gaussian,gaussian,riemannian_stl,riemannian,1,2,8,10.0,0.0,0.1,4,2000,8.881784197001252e-16,8.881784197001252e-16,0.0,8.881784197001252e-16,400,0
gaussian,gaussian,riemannian_stl,riemannian,1,3,8,10.0,0.0,0.1,4,2000,8.881784197001252e-16,8.881784197001252e-16,0.0,8.881784197001252e-16,400,0
gaussian,gaussian,riemannian_stl,riemannian,1,4,8,10.0,0.0,0.1,4,2000,8.881784197001252e-16,8.881784197001252e-16,0.0,8.881784197001252e-16,400,0
gaussian,gaussian,riemannian_stl,riemannian,1,5,8,10.0,0.0,0.1,4,2000,8.881784197001252e-16,8.881784197001252e-16,0.0,8.881784197001252e-16,400,0
gaussian,gaussian,riemannian_stl,riemannian,1,6,8,10.0,0.0,0.1,4,2000,8.881784197001252e-16,8.881784197001252e-16,0.0,8.881784197001252e-16,400,0
gaussian,gaussian,riemannian_stl,riemannian,1,7,8,10.0,0.0,0.1,4,2000,8.881784197001252e-16,8.881784197001252e-16,0.0,8.881784197001252e-16,400,0
gaussian,gaussian,riemannian_stl,riemannian,1,8,8,10.0,0.0,0.1,4,2000,8.881784197001252e-16,8.881784197001252e-16,0.0,8.881784197001252e-16,400,0
gaussian,gaussian,riemannian_stl,riemannian,1,9,8,10.0,0.0,0.1,4,2000,8.881784197001252e-16,8.881784197001252e-16,0.0,8.881784197001252e-16,400,0
gaussian,gaussian,riemannian_stl,riemannian,1,10,8,10.0,0.0,0.1,4,2000,8.881784197001252e-16,8.881784197001252e-16,0.0,8.881784197001252e-16,400,0
gaussian,gaussian,riemannian_stl,riemannian,1,11,8,10.0,0.0,0.1,4,2000,8.881784197001252e-16,8.881784197001252e-16,0.0,8.881784197001252e-16,400,0
gaussian,gaussian,riemannian_stl,riemannian,1,12,8,10.0,0.0,0.1,4,2000,8.881784197001252e-16,8.881784197001252e-16,0.0,8.881784197001252e-16,400,0
gaussian,gaussian,riemannian_stl,riemannian,1,13,8,10.0,0.0,0.1,4,2000,8.881784197001252e-16,8.881784197001252e-16,0.0,8.881784197001252e-16,400,0
gaussian,gaussian,riemannian_stl,riemannian,1,14,8,10.0,0.0,0.1,4,2000,8.881784197001252e-16,8.881784197001252e-16,0.0,8.881784197001252e-16,400,0
gaussian,gaussian,riemannian_stl,riemannian,1,15,8,10.0,0.0,0.1,4,2000,8.881784197001252e-16,8.881784197001252e-16,0.0,8.881784197001252e-16,400,0
gaussian,gaussian,riemannian_stl,riemannian,1,16,8,10.0,0.0,0.1,4,2000,8.881784197001252e-16,8.881784197001252e-16,0.0,8.881784197001252e-16,400,0
gaussian,gaussian,riemannian_stl,riemannian,1,17,8,10.0,0.0,0.1,4,2000,8.881784197001252e-16,8.881784197001252e-16,0.0,8.881784197001252e-16,400,0
gaussian,gaussian,riemannian_stl,riemannian,1,18,8,10.0,0.0,0.1,4,2000,8.881784197001252e-16,8.881784197001252e-16,0.0,8.881784197001252e-16,400,0
gaussian,gaussian,riemannian_stl,riemannian,1,19,8,10.0,0.0,0.1,4,2000,8.881784197001252e-16,8.881784197001252e-16,0.0,8.881784197001252e-16,400,0
gaussian,gaussian,kl_stl,kl,1,0,8,10.0,0.0,0.1,4,2000,0.0,0.0,0.0,0.0,400,0
gaussian,gaussian,kl_stl,kl,1,1,8,10.0,0.0,0.1,4,2000,0.0,0.0,0.0,0.0,400,0
gaussian,gaussian,kl_stl,kl,1,2,8,10.0,0.0,0.1,4,2000,0.0,0.0,0.0,0.0,400,0
gaussian,gaussian,kl_stl,kl,1,3,8,10.0,0.0,0.1,4,2000,0.0,0.0,0.0,0.0,400,0
gaussian,gaussian,kl_stl,kl,1,4,8,10.0,0.0,0.1,4,2000,0.0,0.0,0.0,0.0,400,0
gaussian,gaussian,kl_stl,kl,1,5,8,10.0,0.0,0.1,4,2000,0.0,0.0,0.0,0.0,400,0
gaussian,gaussian,kl_stl,kl,1,6,8,10.0,0.0,0.1,4,2000,0.0,0.0,0.0,0.0,400,0
gaussian,gaussian,kl_stl,kl,1,7,8,10.0,0.0,0.1,4,2000,0.0,0.0,0.0,0.0,400,0
gaussian,gaussian,kl_stl,kl,1,8,8,10.0,0.0,0.1,4,2000,0.0,0.0,0.0,0.0,400,0
gaussian,gaussian,kl_stl,kl,1,9,8,10.0,0.0,0.1,4,2000,0.0,0.0,0.0,0.0,400,0
gaussian,gaussian,kl_stl,kl,1,10,8,10.0,0.0,0.1,4,2000,0.0,0.0,0.0,0.0,400,0
gaussian,gaussian,kl_stl,kl,1,11,8,10.0,0.0,0.1,4,2000,0.0,0.0,0.0,0.0,400,0
gaussian,gaussian,kl_stl,kl,1,12,8,10.0,0.0,0.1,4,2000,0.0,0.0,0.0,0.0,400,0
gaussian,gaussian,kl_stl,kl,1,13,8,10.0,0.0,0.1,4,2000,0.0,0.0,0.0,0.0,400,0
gaussian,gaussian,kl_stl,kl,1,14,8,10.0,0.0,0.1,4,2000,0.0,0.0,0.0,0.0,400,0
gaussian,gaussian,kl_stl,kl,1,15,8,10.0,0.0,0.1,4,2000,0.0,0.0,0.0,0.0,400,0
gaussian,gaussian,kl_stl,kl,1,16,8,10.0,0.0,0.1,4,2000,0.0,0.0,0.0,0.0,400,0
gaussian,gaussian,kl_stl,kl,1,17,8,10.0,0.0,0.1,4,2000,0.0,0.0,0.0,0.0,400,0
gaussian,gaussian,kl_stl,kl,1,18,8,10.0,0.0,0.1,4,2000,0.0,0.0,0.0,0.0,400,0
gaussian,gaussian,kl_stl,kl,1,19,8,10.0,0.0,0.1,4,2000,0.0,0.0,0.0,0.0,400,0
gaussian,gaussian,riemannian_stl,riemannian,1,0,8,10.0,0.0,0.1,16,2000,8.881784197001252e-16,8.881784197001252e-16,0.0,8.881784197001252e-16,400,0
gaussian,gaussian,riemannian_stl,riemannian,1,1,8,10.0,0.0,0.1,16,2000,8.881784197001252e-16,8.881784197001252e-16,0.0,8.881784197001252e-16,400,0
gaussian,gaussian,riemannian_stl,riemannian,1,2,8,10.0,0.0,0.1,16,2000,8.881784197001252e-16,8.881784197001252e-16,0.0,8.881784197001252e-16,400,0
gaussian,gaussian,riemannian_stl,riemannian,1,3,8,10.0,0.0,0.1,16,2000,8.881784197001252e-16,8.881784197001252e-16,0.0,8.881784197001252e-16,400,0
gaussian,gaussian,riemannian_stl,riemannian,1,4,8,10.0,0.0,0.1,16,2000,8.881784197001252e-16,8.881784197001252e-16,0.0,8.881784197001252e-16,400,0
gaussian,gaussian,riemannian_stl,riemannian,1,5,8,10.0,0.0,0.1,16,2000,8.881784197001252e-16,8.881784197001252e-16,0.0,8.881784197001252e-16,400,0
gaussian,gaussian,riemannian_stl,riemannian,1,6,8,10.0,0.0,0.1,16,2000,8.881784197001252e-16,8.881784197001252e-16,0.0,8.881784197001252e-16,400,0
gaussian,gaussian,riemannian_stl,riemannian,1,7,8,10.0,0.0,0.1,16,2000,8.881784197001252e-16,8.881784197001252e-16,0.0,8.881784197001252e-16,400,0
gaussian,gaussian,riemannian_stl,riemannian,1,8,8,10.0,0.0,0.1,16,2000,8.881784197001252e-16,8.881784197001252e-16,0.0,8.881784197001252e-16,400,0
gaussian,gaussian,riemannian_stl,riemannian,1,9,8,10.0,0.0,0.1,16,2000,8.881784197001252e-16,8.881784197001252e-16,0.0,8.881784197001252e-16,400,0
gaussian,gaussian,riemannian_stl,riemannian,1,10,8,10.0,0.0,0.1,16,2000,8.881784197001252e-16,8.881784197001252e-16,0.0,8.881784197001252e-16,400,0
gaussian,gaussian,riemannian_stl,riemannian,1,11,8,10.0,0.0,0.1,16,2000,8.881784197001252e-16,8.881784197001252e-16,0.0,8.881784197001252e-16,400,0
gaussian,gaussian,riemannian_stl,riemannian,1,12,8,10.0,0.0,0.1,16,2000,8.881784197001252e-16,8.881784197001252e-16,0.0,8.881784197001252e-16,400,0
gaussian,gaussian,riemannian_stl,riemannian,1,13,8,10.0,0.0,0.1,16,2000,8.881784197001252e-16,8.881784197001252e-16,0.0,8.881784197001252e-16,400,0
gaussian,gaussian,riemannian_stl,riemannian,1,14,8,10.0,0.0,0.1,16,2000,8.881784197001252e-16,8.881784197001252e-16,0.0,8.881784197001252e-16,400,0
gaussian,gaussian,riemannian_stl,riemannian,1,15,8,10.0,0.0,0.1,16,2000,8.881784197001252e-16,8.881784197001252e-16,0.0,8.881784197001252e-16,400,0
gaussian,gaussian,riemannian_stl,riemannian,1,16,8,10.0,0.0,0.1,16,2000,8.881784197001252e-16,8.881784197001252e-16,0.0,8.881784197001252e-16,400,0
gaussian,gaussian,riemannian_stl,riemannian,1,17,8,10.0,0.0,0.1,16,2000,8.881784197001252e-16,8.881784197001252e-16,0.0,8.881784197001252e-16,400,0
gaussian,gaussian,riemannian_stl,riemannian,1,18,8,10.0,0.0,0.1,16,2000,8.881784197001252e-16,8.881784197001252e-16,0.0,8.881784197001252e-16,400,0
gaussian,gaussian,riemannian_stl,riemannian,1,19,8,10.0,0.0,0.1,16,2000,8.881784197001252e-16,8.881784197001252e-16,0.0,8.881784197001252e-16,400,0
gaussian,gaussian,kl_stl,kl,1,0,8,10.0,0.0,0.1,16,2000,0.0,0.0,0.0,0.0,400,0
gaussian,gaussian,kl_stl,kl,1,1,8,10.0,0.0,0.1,16,2000,0.0,0.0,0.0,0.0,400,0
gaussian,gaussian,kl_stl,kl,1,2,8,10.0,0.0,0.1,16,2000,0.0,0.0,0.0,0.0,400,0
gaussian,gaussian,kl_stl,kl,1,3,8,10.0,0.0,0.1,16,2000,0.0,0.0,0.0,0.0,400,0
gaussian,gaussian,kl_stl,kl,1,4,8,10.0,0.0,0.1,16,2000,0.0,0.0,0.0,0.0,400,0
gaussian,gaussian,kl_stl,kl,1,5,8,10.0,0.0,0.1,16,2000,0.0,0.0,0.0,0.0,400,0
gaussian,gaussian,kl_stl,kl,1,6,8,10.0,0.0,0.1,16,2000,0.0,0.0,0.0,0.0,400,0
gaussian,gaussian,kl_stl,kl,1,7,8,10.0,0.0,0.1,16,2000,0.0,0.0,0.0,0.0,400,0
gaussian,gaussian,kl_stl,kl,1,8,8,10.0,0.0,0.1,16,2000,0.0,0.0,0.0,0.0,400,0
gaussian,gaussian,kl_stl,kl,1,9,8,10.0,0.0,0.1,16,2000,0.0,0.0,0.0,0.0,400,0
gaussian,gaussian,kl_stl,kl,1,10,8,10.0,0.0,0.1,16,2000,0.0,0.0,0.0,0.0,400,0
gaussian,gaussian,kl_stl,kl,1,11,8,10.0,0.0,0.1,16,2000,0.0,0.0,0.0,0.0,400,0
gaussian,gaussian,kl_stl,kl,1,12,8,10.0,0.0,0.1,16,2000,0.0,0.0,0.0,0.0,400,0
gaussian,gaussian,kl_stl,kl,1,13,8,10.0,0.0,0.1,16,2000,0.0,0.0,0.0,0.0,400,0
gaussian,gaussian,kl_stl,kl,1,14,8,10.0,0.0,0.1,16,2000,0.0,0.0,0.0,0.0,400,0
gaussian,gaussian,kl_stl,kl,1,15,8,10.0,0.0,0.1,16,2000,0.0,0.0,0.0,0.0,400,0
gaussian,gaussian,kl_stl,kl,1,16,8,10.0,0.0,0.1,16,2000,0.0,0.0,0.0,0.0,400,0
gaussian,gaussian,kl_stl,kl,1,17,8,10.0,0.0,0.1,16,2000,0.0,0.0,0.0,0.0,400,0
gaussian,gaussian,kl_stl,kl,1,18,8,10.0,0.0,0.1,16,2000,0.0,0.0,0.0,0.0,400,0
gaussian,gaussian,kl_stl,kl,1,19,8,10.0,0.0,0.1,16,2000,0.0,0.0,0.0,0.0,400,0
gaussian,gaussian,riemannian_stl,riemannian,1,0,8,100.0,0.0,0.1,1,2000,-1.3322676295501878e-15,-1.3322676295501878e-15,0.0,-1.3322676295501878e-15,400,0
gaussian,gaussian,riemannian_stl,riemannian,1,1,8,100.0,0.0,0.1,1,2000,-1.3322676295501878e-15,-1.3322676295501878e-15,0.0,-1.3322676295501878e-15,400,0
gaussian,gaussian,riemannian_stl,riemannian,1,2,8,100.0,0.0,0.1,1,2000,-1.3322676295501878e-15,-1.3322676295501878e-15,0.0,-1.3322676295501878e-15,400,0
gaussian,gaussian,riemannian_stl,riemannian,1,3,8,100.0,0.0,0.1,1,2000,-1.3322676295501878e-15,-1.3322676295501878e-15,0.0,-1.3322676295501878e-15,400,0
gaussian,gaussian,riemannian_stl,riemannian,1,4,8,100.0,0.0,0.1,1,2000,-1.3322676295501878e-15,-1.3322676295501878e-15,0.0,-1.3322676295501878e-15,400,0
gaussian,gaussian,riemannian_stl,riemannian,1,5,8,100.0,0.0,0.1,1,2000,-1.3322676295501878e-15,-1.3322676295501878e-15,0.0,-1.3322676295501878e-15,400,0
gaussian,gaussian,riemannian_stl,riemannian,1,6,8,100.0,0.0,0.1,1,2000,-1.3322676295501878e-15,-1.3322676295501878e-15,0.0,-1.3322676295501878e-15,400,0
gaussian,gaussian,riemannian_stl,riemannian,1,7,8,100.0,0.0,0.1,1,2000,-1.3322676295501878e-15,-1.3322676295501878e-15,0.0,-1.3322676295501878e-15,400,0
gaussian,gaussian,riemannian_stl,riemannian,1,8,8,100.0,0.0,0.1,1,2000,-1.3322676295501878e-15,-1.3322676295501878e-15,0.0,-1.3322676295501878e-15,400,0
gaussian,gaussian,riemannian_stl,riemannian,1,9,8,100.0,0.0,0.1,1,2000,-1.3322676295501878e-15,-1.3322676295501878e-15,0.0,-1.3322676295501878e-15,400,0
gaussian,gaussian,riemannian_stl,riemannian,1,10,8,100.0,0.0,0.1,1,2000,-1.3322676295501878e-15,-1.3322676295501878e-15,0.0,-1.3322676295501878e-15,400,0
gaussian,gaussian,riemannian_stl,riemannian,1,11,8,100.0,0.0,0.1,1,2000,-1.3322676295501878e-15,-1.3322676295501878e-15,0.0,-1.3322676295501878e-15,400,0
gaussian,gaussian,riemannian_stl,riemannian,1,12,8,100.0,0.0,0.1,1,2000,-1.3322676295501878e-15,-1.3322676295501878e-15,0.0,-1.3322676295501878e-15,400,0
gaussian,gaussian,riemannian_stl,riemannian,1,13,8,100.0,0.0,0.1,1,2000,-1.3322676295501878e-15,-1.3322676295501878e-15,0.0,-1.3322676295501878e-15,400,0
gaussian,gaussian,riemannian_stl,riemannian,1,14,8,100.0,0.0,0.1,1,2000,-1.3322676295501878e-15,-1.3322676295501878e-15,0.0,-1.3322676295501878e-15,400,0
gaussian,gaussian,riemannian_stl,riemannian,1,15,8,100.0,0.0,0.1,1,2000,-1.3322676295501878e-15,-1.3322676295501878e-15,0.0,-1.3322676295501878e-15,400,0
gaussian,gaussian,riemannian_stl,riemannian,1,16,8,100.0,0.0,0.1,1,2000,-1.3322676295501878e-15,-1.3322676295501878e-15,0.0,-1.3322676295501878e-15,400,0
gaussian,gaussian,riemannian_stl,riemannian,1,17,8,100.0,0.0,0.1,1,2000,-1.3322676295501878e-15,-1.3322676295501878e-15,0.0,-1.3322676295501878e-15,400,0
gaussian,gaussian,riemannian_stl,riemannian,1,18,8,100.0,0.0,0.1,1,2000,-1.3322676295501878e-15,-1.3322676295501878e-15,0.0,-1.3322676295501878e-15,400,0
gaussian,gaussian,riemannian_stl,riemannian,1,19,8,100.0,0.0,0.1,1,2000,-1.3322676295501878e-15,-1.3322676295501878e-15,0.0,-1.3322676295501878e-15,400,0
gaussian,gaussian,kl_stl,kl,1,0,8,100.0,0.0,0.1,1,2000,0.0,0.0,0.0,0.0,400,0
gaussian,gaussian,kl_stl,kl,1,1,8,100.0,0.0,0.1,1,2000,0.0,0.0,0.0,0.0,400,0
gaussian,gaussian,kl_stl,kl,1,2,8,100.0,0.0,0.1,1,2000,0.0,0.0,0.0,0.0,400,0
gaussian,gaussian,kl_stl,kl,1,3,8,100.0,0.0,0.1,1,2000,0.0,0.0,0.0,0.0,400,0
gaussian,gaussian,kl_stl,kl,1,4,8,100.0,0.0,0.1,1,2000,0.0,0.0,0.0,0.0,400,0
gaussian,gaussian,kl_stl,kl,1,5,8,100.0,0.0,0.1,1,2000,0.0,0.0,0.0,0.0,400,0
gaussian,gaussian,kl_stl,kl,1,6,8,100.0,0.0,0.1,1,2000,0.0,0.0,0.0,0.0,400,0
gaussian,gaussian,kl_stl,kl,1,7,8,100.0,0.0,0.1,1,2000,0.0,0.0,0.0,0.0,400,0
gaussian,gaussian,kl_stl,kl,1,8,8,100.0,0.0,0.1,1,2000,0.0,0.0,0.0,0.0,400,0
gaussian,gaussian,kl_stl,kl,1,9,8,100.0,0.0,0.1,1,2000,0.0,0.0,0.0,0.0,400,0
gaussian,gaussian,kl_stl,kl,1,10,8,100.0,0.0,0.1,1,2000,0.0,0.0,0.0,0.0,400,0
gaussian,gaussian,kl_stl,kl,1,11,8,100.0,0.0,0.1,1,2000,0.0,0.0,0.0,0.0,400,0
gaussian,gaussian,kl_stl,kl,1,12,8,100.0,0.0,0.1,1,2000,0.0,0.0,0.0,0.0,400,0
gaussian,gaussian,kl_stl,kl,1,13,8,100.0,0.0,0.1,1,2000,0.0,0.0,0.0,0.0,400,0
gaussian,gaussian,kl_stl,kl,1,14,8,100.0,0.0,0.1,1,2000,0.0,0.0,0.0,0.0,400,0
gaussian,gaussian,kl_stl,kl,1,15,8,100.0,0.0,0.1,1,2000,0.0,0.0,0.0,0.0,400,0
gaussian,gaussian,kl_stl,kl,1,16,8,100.0,0.0,0.1,1,2000,0.0,0.0,0.0,0.0,400,0
gaussian,gaussian,kl_stl,kl,1,17,8,100.0,0.0,0.1,1,2000,0.0,0.0,0.0,0.0,400,0
gaussian,gaussian,kl_stl,kl,1,18,8,100.0,0.0,0.1,1,2000,0.0,0.0,0.0,0.0,400,0
gaussian,gaussian,kl_stl,kl,1,19,8,100.0,0.0,0.1,1,2000,0.0,0.0,0.0,0.0,400,0
gaussian,gaussian,riemannian_stl,riemannian,1,0,8,100.0,0.0,0.1,4,2000,-1.3322676295501878e-15,-1.3322676295501878e-15,0.0,-1.3322676295501878e-15,400,0
gaussian,gaussian,riemannian_stl,riemannian,1,1,8,100.0,0.0,0.1,4,2000,-1.3322676295501878e-15,-1.3322676295501878e-15,0.0,-1.3322676295501878e-15,400,0
gaussian,gaussian,riemannian_stl,riemannian,1,2,8,100.0,0.0,0.1,4,2000,-1.3322676295501878e-15,-1.3322676295501878e-15,0.0,-1.3322676295501878e-15,400,0
gaussian,gaussian,riemannian_stl,riemannian,1,3,8,100.0,0.0,0.1,4,2000,-1.3322676295501878e-15,-1.3322676295501878e-15,0.0,-1.3322676295501878e-15,400,0
gaussian,gaussian,riemannian_stl,riemannian,1,4,8,100.0,0.0,0.1,4,2000,-1.3322676295501878e-15,-1.3322676295501878e-15,0.0,-1.3322676295501878e-15,400,0
gaussian,gaussian,riemannian_stl,riemannian,1,5,8,100.0,0.0,0.1,4,2000,-1.3322676295501878e-15,-1.3322676295501878e-15,0.0,-1.3322676295501878e-15,400,0
gaussian,gaussian,riemannian_stl,riemannian,1,6,8,100.0,0.0,0.1,4,2000,-1.3322676295501878e-15,-1.3322676295501878e-15,0.0,-1.3322676295501878e-15,400,0
gaussian,gaussian,riemannian_stl,riemannian,1,7,8,100.0,0.0,0.1,4,2000,-1.3322676295501878e-15,-1.3322676295501878e-15,0.0,-1.3322676295501878e-15,400,0
gaussian,gaussian,riemannian_stl,riemannian,1,8,8,100.0,0.0,0.1,4,2000,-1.3322676295501878e-15,-1.3322676295501878e-15,0.0,-1.3322676295501878e-15,400,0
gaussian,gaussian,riemannian_stl,riemannian,1,9,8,100.0,0.0,0.1,4,2000,-1.3322676295501878e-15,-1.3322676295501878e-15,0.0,-1.3322676295501878e-15,400,0
gaussian,gaussian,riemannian_stl,riemannian,1,10,8,100.0,0.0,0.1,4,2000,-1.3322676295501878e-15,-1.3322676295501878e-15,0.0,-1.3322676295501878e-15,400,0
gaussian,gaussian,riemannian_stl,riemannian,1,11,8,100.0,0.0,0.1,4,2000,-1.3322676295501878e-15,-1.3322676295501878e-15,0.0,-1.3322676295501878e-15,400,0
gaussian,gaussian,riemannian_stl,riemannian,1,12,8,100.0,0.0,0.1,4,2000,-1.3322676295501878e-15,-1.3322676295501878e-15,0.0,-1.3322676295501878e-15,400,0
gaussian,gaussian,riemannian_stl,riemannian,1,13,8,100.0,0.0,0.1,4,2000,-1.3322676295501878e-15,-1.3322676295501878e-15,0.0,-1.3322676295501878e-15,400,0
gaussian,gaussian,riemannian_stl,riemannian,1,14,8,100.0,0.0,0.1,4,2000,-1.3322676295501878e-15,-1.3322676295501878e-15,0.0,-1.3322676295501878e-15,400,0
gaussian,gaussian,riemannian_stl,riemannian,1,15,8,100.0,0.0,0.1,4,2000,-1.3322676295501878e-15,-1.3322676295501878e-15,0.0,-1.3322676295501878e-15,400,0
gaussian,gaussian,riemannian_stl,riemannian,1,16,8,100.0,0.0,0.1,4,2000,-1.3322676295501878e-15,-1.3322676295501878e-15,0.0,-1.3322676295501878e-15,400,0
gaussian,gaussian,riemannian_stl,riemannian,1,17,8,100.0,0.0,0.1,4,2000,-1.3322676295501878e-15,-1.3322676295501878e-15,0.0,-1.3322676295501878e-15,400,0
gaussian,gaussian,riemannian_stl,riemannian,1,18,8,100.0,0.0,0.1,4,2000,-1.3322676295501878e-15,-1.3322676295501878e-15,0.0,-1.3322676295501878e-15,400,0
gaussian,gaussian,riemannian_stl,riemannian,1,19,8,100.0,0.0,0.1,4,2000,-1.3322676295501878e-15,-1.3322676295501878e-15,0.0,-1.3322676295501878e-15,400,0
gaussian,gaussian,kl_stl,kl,1,0,8,100.0,0.0,0.1,4,2000,0.0,0.0,0.0,0.0,400,0
gaussian,gaussian,kl_stl,kl,1,1,8,100.0,0.0,0.1,4,2000,0.0,0.0,0.0,0.0,400,0
gaussian,gaussian,kl_stl,kl,1,2,8,100.0,0.0,0.1,4,2000,0.0,0.0,0.0,0.0,400,0
gaussian,gaussian,kl_stl,kl,1,3,8,100.0,0.0,0.1,4,2000,0.0,0.0,0.0,0.0,400,0
gaussian,gaussian,kl_stl,kl,1,4,8,100.0,0.0,0.1,4,2000,0.0,0.0,0.0,0.0,400,0
gaussian,gaussian,kl_stl,kl,1,5,8,100.0,0.0,0.1,4,2000,0.0,0.0,0.0,0.0,400,0
gaussian,gaussian,kl_stl,kl,1,6,8,100.0,0.0,0.1,4,2000,0.0,0.0,0.0,0.0,400,0
gaussian,gaussian,kl_stl,kl,1,7,8,100.0,0.0,0.1,4,2000,0.0,0.0,0.0,0.0,400,0
gaussian,gaussian,kl_stl,kl,1,8,8,100.0,0.0,0.1,4,2000,0.0,0.0,0.0,0.0,400,0
gaussian,gaussian,kl_stl,kl,1,9,8,100.0,0.0,0.1,4,2000,0.0,0.0,0.0,0.0,400,0
gaussian,gaussian,kl_stl,kl,1,10,8,100.0,0.0,0.1,4,2000,0.0,0.0,0.0,0.0,400,0
gaussian,gaussian,kl_stl,kl,1,11,8,100.0,0.0,0.1,4,2000,0.0,0.0,0.0,0.0,400,0
gaussian,gaussian,kl_stl,kl,1,12,8,100.0,0.0,0.1,4,2000,0.0,0.0,0.0,0.0,400,0
gaussian,gaussian,kl_stl,kl,1,13,8,100.0,0.0,0.1,4,2000,0.0,0.0,0.0,0.0,400,0
gaussian,gaussian,kl_stl,kl,1,14,8,100.0,0.0,0.1,4,2000,0.0,0.0,0.0,0.0,400,0
gaussian,gaussian,kl_stl,kl,1,15,8,100.0,0.0,0.1,4,2000,0.0,0.0,0.0,0.0,400,0
gaussian,gaussian,kl_stl,kl,1,16,8,100.0,0.0,0.1,4,2000,0.0,0.0,0.0,0.0,400,0
gaussian,gaussian,kl_stl,kl,1,17,8,100.0,0.0,0.1,4,2000,0.0,0.0,0.0,0.0,400,0
gaussian,gaussian,kl_stl,kl,1,18,8,100.0,0.0,0.1,4,2000,0.0,0.0,0.0,0.0,400,0
gaussian,gaussian,kl_stl,kl,1,19,8,100.0,0.0,0.1,4,2000,0.0,0.0,0.0,0.0,400,0
gaussian,gaussian,riemannian_stl,riemannian,1,0,8,100.0,0.0,0.1,16,2000,-1.3322676295501878e-15,-1.3322676295501878e-15,0.0,-1.3322676295501878e-15,400,0
gaussian,gaussian,riemannian_stl,riemannian,1,1,8,100.0,0.0,0.1,16,2000,-1.3322676295501878e-15,-1.3322676295501878e-15,0.0,-1.3322676295501878e-15,400,0
gaussian,gaussian,riemannian_stl,riemannian,1,2,8,100.0,0.0,0.1,16,2000,-1.3322676295501878e-15,-1.3322676295501878e-15,0.0,-1.3322676295501878e-15,400,0
gaussian,gaussian,riemannian_stl,riemannian,1,3,8,100.0,0.0,0.1,16,2000,-1.3322676295501878e-15,-1.3322676295501878e-15,0.0,-1.3322676295501878e-15,400,0
gaussian,gaussian,riemannian_stl,riemannian,1,4,8,100.0,0.0,0.1,16,2000,-1.3322676295501878e-15,-1.3322676295501878e-15,0.0,-1.3322676295501878e-15,400,0
gaussian,gaussian,riemannian_stl,riemannian,1,5,8,100.0,0.0,0.1,16,2000,-1.3322676295501878e-15,-1.3322676295501878e-15,0.0,-1.3322676295501878e-15,400,0
gaussian,gaussian,riemannian_stl,riemannian,1,6,8,100.0,0.0,0.1,16,2000,-1.3322676295501878e-15,-1.3322676295501878e-15,0.0,-1.3322676295501878e-15,400,0
gaussian,gaussian,riemannian_stl,riemannian,1,7,8,100.0,0.0,0.1,16,2000,-1.3322676295501878e-15,-1.3322676295501878e-15,0.0,-1.3322676295501878e-15,400,0
gaussian,gaussian,riemannian_stl,riemannian,1,8,8,100.0,0.0,0.1,16,2000,-1.3322676295501878e-15,-1.3322676295501878e-15,0.0,-1.3322676295501878e-15,400,0
gaussian,gaussian,riemannian_stl,riemannian,1,9,8,100.0,0.0,0.1,16,2000,-1.3322676295501878e-15,-1.3322676295501878e-15,0.0,-1.3322676295501878e-15,400,0
gaussian,gaussian,riemannian_stl,riemannian,1,10,8,100.0,0.0,0.1,16,2000,-1.3322676295501878e-15,-1.3322676295501878e-15,0.0,-1.3322676295501878e-15,400,0
gaussian,gaussian,riemannian_stl,riemannian,1,11,8,100.0,0.0,0.1,16,2000,-1.3322676295501878e-15,-1.3322676295501878e-15,0.0,-1.3322676295501878e-15,400,0
gaussian,gaussian,riemannian_stl,riemannian,1,12,8,100.0,0.0,0.1,16,2000,-1.3322676295501878e-15,-1.3322676295501878e-15,0.0,-1.3322676295501878e-15,400,0
gaussian,gaussian,riemannian_stl,riemannian,1,13,8,100.0,0.0,0.1,16,2000,-1.3322676295501878e-15,-1.3322676295501878e-15,0.0,-1.3322676295501878e-15,400,0
gaussian,gaussian,riemannian_stl,riemannian,1,14,8,100.0,0.0,0.1,16,2000,-1.3322676295501878e-15,-1.3322676295501878e-15,0.0,-1.3322676295501878e-15,400,0
gaussian,gaussian,riemannian_stl,riemannian,1,15,8,100.0,0.0,0.1,16,2000,-1.3322676295501878e-15,-1.3322676295501878e-15,0.0,-1.3322676295501878e-15,400,0
gaussian,gaussian,riemannian_stl,riemannian,1,16,8,100.0,0.0,0.1,16,2000,-1.3322676295501878e-15,-1.3322676295501878e-15,0.0,-1.3322676295501878e-15,400,0
gaussian,gaussian,riemannian_stl,riemannian,1,17,8,100.0,0.0,0.1,16,2000,-1.3322676295501878e-15,-1.3322676295501878e-15,0.0,-1.3322676295501878e-15,400,0
gaussian,gaussian,riemannian_stl,riemannian,1,18,8,100.0,0.0,0.1,16,2000,-1.3322676295501878e-15,-1.3322676295501878e-15,0.0,-1.3322676295501878e-15,400,0
gaussian,gaussian,riemannian_stl,riemannian,1,19,8,100.0,0.0,0.1,16,2000,-1.3322676295501878e-15,-1.3322676295501878e-15,0.0,-1.3322676295501878e-15,400,0
gaussian,gaussian,kl_stl,kl,1,0,8,100.0,0.0,0.1,16,2000,0.0,0.0,0.0,0.0,400,0
gaussian,gaussian,kl_stl,kl,1,1,8,100.0,0.0,0.1,16,2000,0.0,0.0,0.0,0.0,400,0
gaussian,gaussian,kl_stl,kl,1,2,8,100.0,0.0,0.1,16,2000,0.0,0.0,0.0,0.0,400,0
gaussian,gaussian,kl_stl,kl,1,3,8,100.0,0.0,0.1,16,2000,0.0,0.0,0.0,0.0,400,0
gaussian,gaussian,kl_stl,kl,1,4,8,100.0,0.0,0.1,16,2000,0.0,0.0,0.0,0.0,400,0
gaussian,gaussian,kl_stl,kl,1,5,8,100.0,0.0,0.1,16,2000,0.0,0.0,0.0,0.0,400,0
gaussian,gaussian,kl_stl,kl,1,6,8,100.0,0.0,0.1,16,2000,0.0,0.0,0.0,0.0,400,0
gaussian,gaussian,kl_stl,kl,1,7,8,100.0,0.0,0.1,16,2000,0.0,0.0,0.0,0.0,400,0
gaussian,gaussian,kl_stl,kl,1,8,8,100.0,0.0,0.1,16,2000,0.0,0.0,0.0,0.0,400,0
gaussian,gaussian,kl_stl,kl,1,9,8,100.0,0.0,0.1,16,2000,0.0,0.0,0.0,0.0,400,0
gaussian,gaussian,kl_stl,kl,1,10,8,100.0,0.0,0.1,16,2000,0.0,0.0,0.0,0.0,400,0
gaussian,gaussian,kl_stl,kl,1,11,8,100.0,0.0,0.1,16,2000,0.0,0.0,0.0,0.0,400,0
gaussian,gaussian,kl_stl,kl,1,12,8,100.0,0.0,0.1,16,2000,0.0,0.0,0.0,0.0,400,0
gaussian,gaussian,kl_stl,kl,1,13,8,100.0,0.0,0.1,16,2000,0.0,0.0,0.0,0.0,400,0
gaussian,gaussian,kl_stl,kl,1,14,8,100.0,0.0,0.1,16,2000,0.0,0.0,0.0,0.0,400,0
gaussian,gaussian,kl_stl,kl,1,15,8,100.0,0.0,0.1,16,2000,0.0,0.0,0.0,0.0,400,0
gaussian,gaussian,kl_stl,kl,1,16,8,100.0,0.0,0.1,16,2000,0.0,0.0,0.0,0.0,400,0
gaussian,gaussian,kl_stl,kl,1,17,8,100.0,0.0,0.1,16,2000,0.0,0.0,0.0,0.0,400,0
gaussian,gaussian,kl_stl,kl,1,18,8,100.0,0.0,0.1,16,2000,0.0,0.0,0.0,0.0,400,0
gaussian,gaussian,kl_stl,kl,1,19,8,100.0,0.0,0.1,16,2000,0.0,0.0,0.0,0.0,400,0
gaussian,gaussian,riemannian_stl,riemannian,1,0,8,10000.0,0.0,0.1,1,2000,-3.1086244689504387e-15,-3.1086244689504387e-15,0.0,-3.1086244689504387e-15,400,0
gaussian,gaussian,riemannian_stl,riemannian,1,1,8,10000.0,0.0,0.1,1,2000,-3.1086244689504387e-15,-3.1086244689504387e-15,0.0,-3.1086244689504387e-15,400,0
gaussian,gaussian,riemannian_stl,riemannian,1,2,8,10000.0,0.0,0.1,1,2000,-3.1086244689504387e-15,-3.1086244689504387e-15,0.0,-3.1086244689504387e-15,400,0
gaussian,gaussian,riemannian_stl,riemannian,1,3,8,10000.0,0.0,0.1,1,2000,-3.1086244689504387e-15,-3.1086244689504387e-15,0.0,-3.1086244689504387e-15,400,0
gaussian,gaussian,riemannian_stl,riemannian,1,4,8,10000.0,0.0,0.1,1,2000,-3.1086244689504387e-15,-3.1086244689504387e-15,0.0,-3.1086244689504387e-15,400,0
gaussian,gaussian,riemannian_stl,riemannian,1,5,8,10000.0,0.0,0.1,1,2000,-3.1086244689504387e-15,-3.1086244689504387e-15,0.0,-3.1086244689504387e-15,400,0
gaussian,gaussian,riemannian_stl,riemannian,1,6,8,10000.0,0.0,0.1,1,2000,-3.1086244689504387e-15,-3.1086244689504387e-15,0.0,-3.1086244689504387e-15,400,0
gaussian,gaussian,riemannian_stl,riemannian,1,7,8,10000.0,0.0,0.1,1,2000,-3.1086244689504387e-15,-3.1086244689504387e-15,0.0,-3.1086244689504387e-15,400,0
gaussian,gaussian,riemannian_stl,riemannian,1,8,8,10000.0,0.0,0.1,1,2000,-3.1086244689504387e-15,-3.1086244689504387e-15,0.0,-3.1086244689504387e-15,400,0
gaussian,gaussian,riemannian_stl,riemannian,1,9,8,10000.0,0.0,0.1,1,2000,-3.1086244689504387e-15,-3.1086244689504387e-15,0.0,-3.1086244689504387e-15,400,0
gaussian,gaussian,riemannian_stl,riemannian,1,10,8,10000.0,0.0,0.1,1,2000,-3.1086244689504387e-15,-3.1086244689504387e-15,0.0,-3.1086244689504387e-15,400,0
gaussian,gaussian,riemannian_stl,riemannian,1,11,8,10000.0,0.0,0.1,1,2000,-3.1086244689504387e-15,-3.1086244689504387e-15,0.0,-3.1086244689504387e-15,400,0
gaussian,gaussian,riemannian_stl,riemannian,1,12,8,10000.0,0.0,0.1,1,2000,-3.1086244689504387e-15,-3.1086244689504387e-15,0.0,-3.1086244689504387e-15,400,0
gaussian,gaussian,riemannian_stl,riemannian,1,13,8,10000.0,0.0,0.1,1,2000,-3.1086244689504387e-15,-3.1086244689504387e-15,0.0,-3.1086244689504387e-15,400,0
gaussian,gaussian,riemannian_stl,riemannian,1,14,8,10000.0,0.0,0.1,1,2000,-3.1086244689504387e-15,-3.1086244689504387e-15,0.0,-3.1086244689504387e-15,400,0
gaussian,gaussian,riemannian_stl,riemannian,1,15,8,10000.0,0.0,0.1,1,2000,-3.1086244689504387e-15,-3.1086244689504387e-15,0.0,-3.1086244689504387e-15,400,0
gaussian,gaussian,riemannian_stl,riemannian,1,16,8,10000.0,0.0,0.1,1,2000,-3.1086244689504387e-15,-3.1086244689504387e-15,0.0,-3.1086244689504387e-15,400,0
gaussian,gaussian,riemannian_stl,riemannian,1,17,8,10000.0,0.0,0.1,1,2000,-3.1086244689504387e-15,-3.1086244689504387e-15,0.0,-3.1086244689504387e-15,400,0
gaussian,gaussian,riemannian_stl,riemannian,1,18,8,10000.0,0.0,0.1,1,2000,-3.1086244689504387e-15,-3.1086244689504387e-15,0.0,-3.1086244689504387e-15,400,0
gaussian,gaussian,riemannian_stl,riemannian,1,19,8,10000.0,0.0,0.1,1,2000,-3.1086244689504387e-15,-3.1086244689504387e-15,0.0,-3.1086244689504387e-15,400,0
gaussian,gaussian,kl_stl,kl,1,0,8,10000.0,0.0,0.1,1,2000,-3.552713678800501e-15,-3.552713678800501e-15,0.0,-3.552713678800501e-15,400,0
gaussian,gaussian,kl_stl,kl,1,1,8,10000.0,0.0,0.1,1,2000,-3.552713678800501e-15,-3.552713678800501e-15,0.0,-3.552713678800501e-15,400,0
gaussian,gaussian,kl_stl,kl,1,2,8,10000.0,0.0,0.1,1,2000,-3.552713678800501e-15,-3.552713678800501e-15,0.0,-3.552713678800501e-15,400,0
gaussian,gaussian,kl_stl,kl,1,3,8,10000.0,0.0,0.1,1,2000,-3.552713678800501e-15,-3.552713678800501e-15,0.0,-3.552713678800501e-15,400,0
gaussian,gaussian,kl_stl,kl,1,4,8,10000.0,0.0,0.1,1,2000,-3.552713678800501e-15,-3.552713678800501e-15,0.0,-3.552713678800501e-15,400,0
gaussian,gaussian,kl_stl,kl,1,5,8,10000.0,0.0,0.1,1,2000,-3.552713678800501e-15,-3.552713678800501e-15,0.0,-3.552713678800501e-15,400,0
gaussian,gaussian,kl_stl,kl,1,6,8,10000.0,0.0,0.1,1,2000,-3.552713678800501e-15,-3.552713678800501e-15,0.0,-3.552713678800501e-15,400,0
gaussian,gaussian,kl_stl,kl,1,7,8,10000.0,0.0,0.1,1,2000,-3.552713678800501e-15,-3.552713678800501e-15,0.0,-3.552713678800501e-15,400,0
gaussian,gaussian,kl_stl,kl,1,8,8,10000.0,0.0,0.1,1,2000,-3.552713678800501e-15,-3.552713678800501e-15,0.0,-3.552713678800501e-15,400,0
gaussian,gaussian,kl_stl,kl,1,9,8,10000.0,0.0,0.1,1,2000,-3.552713678800501e-15,-3.552713678800501e-15,0.0,-3.552713678800501e-15,400,0
gaussian,gaussian,kl_stl,kl,1,10,8,10000.0,0.0,0.1,1,2000,-3.552713678800501e-15,-3.552713678800501e-15,0.0,-3.552713678800501e-15,400,0
gaussian,gaussian,kl_stl,kl,1,11,8,10000.0,0.0,0.1,1,2000,-3.552713678800501e-15,-3.552713678800501e-15,0.0,-3.552713678800501e-15,400,0
gaussian,gaussian,kl_stl,kl,1,12,8,10000.0,0.0,0.1,1,2000,-3.552713678800501e-15,-3.552713678800501e-15,0.0,-3.552713678800501e-15,400,0
gaussian,gaussian,kl_stl,kl,1,13,8,10000.0,0.0,0.1,1,2000,-3.552713678800501e-15,-3.552713678800501e-15,0.0,-3.552713678800501e-15,400,0
gaussian,gaussian,kl_stl,kl,1,14,8,10000.0,0.0,0.1,1,2000,-3.552713678800501e-15,-3.552713678800501e-15,0.0,-3.552713678800501e-15,400,0
gaussian,gaussian,kl_stl,kl,1,15,8,10000.0,0.0,0.1,1,2000,-3.552713678800501e-15,-3.552713678800501e-15,0.0,-3.552713678800501e-15,400,0
gaussian,gaussian,kl_stl,kl,1,16,8,10000.0,0.0,0.1,1,2000,-3.552713678800501e-15,-3.552713678800501e-15,0.0,-3.552713678800501e-15,400,0
gaussian,gaussian,kl_stl,kl,1,17,8,10000.0,0.0,0.1,1,2000,-3.552713678800501e-15,-3.552713678800501e-15,0.0,-3.552713678800501e-15,400,0
gaussian,gaussian,kl_stl,kl,1,18,8,10000.0,0.0,0.1,1,2000,-3.552713678800501e-15,-3.552713678800501e-15,0.0,-3.552713678800501e-15,400,0
gaussian,gaussian,kl_stl,kl,1,19,8,10000.0,0.0,0.1,1,2000,-3.552713678800501e-15,-3.552713678800501e-15,0.0,-3.552713678800501e-15,400,0
gaussian,gaussian,riemannian_stl,riemannian,1,0,8,10000.0,0.0,0.1,4,2000,-3.1086244689504387e-15,-3.1086244689504387e-15,0.0,-3.1086244689504387e-15,400,0
gaussian,gaussian,riemannian_stl,riemannian,1,1,8,10000.0,0.0,0.1,4,2000,-3.1086244689504387e-15,-3.1086244689504387e-15,0.0,-3.1086244689504387e-15,400,0
gaussian,gaussian,riemannian_stl,riemannian,1,2,8,10000.0,0.0,0.1,4,2000,-3.1086244689504387e-15,-3.1086244689504387e-15,0.0,-3.1086244689504387e-15,400,0
gaussian,gaussian,riemannian_stl,riemannian,1,3,8,10000.0,0.0,0.1,4,2000,-3.1086244689504387e-15,-3.1086244689504387e-15,0.0,-3.1086244689504387e-15,400,0
gaussian,gaussian,riemannian_stl,riemannian,1,4,8,10000.0,0.0,0.1,4,2000,-3.1086244689504387e-15,-3.1086244689504387e-15,0.0,-3.1086244689504387e-15,400,0
gaussian,gaussian,riemannian_stl,riemannian,1,5,8,10000.0,0.0,0.1,4,2000,-3.1086244689504387e-15,-3.1086244689504387e-15,0.0,-3.1086244689504387e-15,400,0
gaussian,gaussian,riemannian_stl,riemannian,1,6,8,10000.0,0.0,0.1,4,2000,-3.1086244689504387e-15,-3.1086244689504387e-15,0.0,-3.1086244689504387e-15,400,0
gaussian,gaussian,riemannian_stl,riemannian,1,7,8,10000.0,0.0,0.1,4,2000,-3.1086244689504387e-15,-3.1086244689504387e-15,0.0,-3.1086244689504387e-15,400,0
gaussian,gaussian,riemannian_stl,riemannian,1,8,8,10000.0,0.0,0.1,4,2000,-3.1086244689504387e-15,-3.1086244689504387e-15,0.0,-3.1086244689504387e-15,400,0
gaussian,gaussian,riemannian_stl,riemannian,1,9,8,10000.0,0.0,0.1,4,2000,-3.1086244689504387e-15,-3.1086244689504387e-15,0.0,-3.1086244689504387e-15,400,0
gaussian,gaussian,riemannian_stl,riemannian,1,10,8,10000.0,0.0,0.1,4,2000,-3.1086244689504387e-15,-3.1086244689504387e-15,0.0,-3.1086244689504387e-15,400,0
gaussian,gaussian,riemannian_stl,riemannian,1,11,8,10000.0,0.0,0.1,4,2000,-3.1086244689504387e-15,-3.1086244689504387e-15,0.0,-3.1086244689504387e-15,400,0
gaussian,gaussian,riemannian_stl,riemannian,1,12,8,10000.0,0.0,0.1,4,2000,-3.1086244689504387e-15,-3.1086244689504387e-15,0.0,-3.1086244689504387e-15,400,0
gaussian,gaussian,riemannian_stl,riemannian,1,13,8,10000.0,0.0,0.1,4,2000,-3.1086244689504387e-15,-3.1086244689504387e-15,0.0,-3.1086244689504387e-15,400,0
gaussian,gaussian,riemannian_stl,riemannian,1,14,8,10000.0,0.0,0.1,4,2000,-3.1086244689504387e-15,-3.1086244689504387e-15,0.0,-3.1086244689504387e-15,400,0
gaussian,gaussian,riemannian_stl,riemannian,1,15,8,10000.0,0.0,0.1,4,2000,-3.1086244689504387e-15,-3.1086244689504387e-15,0.0,-3.1086244689504387e-15,400,0
gaussian,gaussian,riemannian_stl,riemannian,1,16,8,10000.0,0.0,0.1,4,2000,-3.1086244689504387e-15,-3.1086244689504387e-15,0.0,-3.1086244689504387e-15,400,0
gaussian,gaussian,riemannian_stl,riemannian,1,17,8,10000.0,0.0,0.1,4,2000,-3.1086244689504387e-15,-3.1086244689504387e-15,0.0,-3.1086244689504387e-15,400,0
gaussian,gaussian,riemannian_stl,riemannian,1,18,8,10000.0,0.0,0.1,4,2000,-3.1086244689504387e-15,-3.1086244689504387e-15,0.0,-3.1086244689504387e-15,400,0
gaussian,gaussian,riemannian_stl,riemannian,1,19,8,10000.0,0.0,0.1,4,2000,-3.1086244689504387e-15,-3.1086244689504387e-15,0.0,-3.1086244689504387e-15,400,0
gaussian,gaussian,kl_stl,kl,1,0,8,10000.0,0.0,0.1,4,2000,-3.552713678800501e-15,-3.552713678800501e-15,0.0,-3.552713678800501e-15,400,0
gaussian,gaussian,kl_stl,kl,1,1,8,10000.0,0.0,0.1,4,2000,-3.552713678800501e-15,-3.552713678800501e-15,0.0,-3.552713678800501e-15,400,0
gaussian,gaussian,kl_stl,kl,1,2,8,10000.0,0.0,0.1,4,2000,-3.552713678800501e-15,-3.552713678800501e-15,0.0,-3.552713678800501e-15,400,0
gaussian,gaussian,kl_stl,kl,1,3,8,10000.0,0.0,0.1,4,2000,-3.552713678800501e-15,-3.552713678800501e-15,0.0,-3.552713678800501e-15,400,0
gaussian,gaussian,kl_stl,kl,1,4,8,10000.0,0.0,0.1,4,2000,-3.552713678800501e-15,-3.552713678800501e-15,0.0,-3.552713678800501e-15,400,0
gaussian,gaussian,kl_stl,kl,1,5,8,10000.0,0.0,0.1,4,2000,-3.552713678800501e-15,-3.552713678800501e-15,0.0,-3.552713678800501e-15,400,0
gaussian,gaussian,kl_stl,kl,1,6,8,10000.0,0.0,0.1,4,2000,-3.552713678800501e-15,-3.552713678800501e-15,0.0,-3.552713678800501e-15,400,0
gaussian,gaussian,kl_stl,kl,1,7,8,10000.0,0.0,0.1,4,2000,-3.552713678800501e-15,-3.552713678800501e-15,0.0,-3.552713678800501e-15,400,0
gaussian,gaussian,kl_stl,kl,1,8,8,10000.0,0.0,0.1,4,2000,-3.552713678800501e-15,-3.552713678800501e-15,0.0,-3.552713678800501e-15,400,0
gaussian,gaussian,kl_stl,kl,1,9,8,10000.0,0.0,0.1,4,2000,-3.552713678800501e-15,-3.552713678800501e-15,0.0,-3.552713678800501e-15,400,0
gaussian,gaussian,kl_stl,kl,1,10,8,10000.0,0.0,0.1,4,2000,-3.552713678800501e-15,-3.552713678800501e-15,0.0,-3.552713678800501e-15,400,0
gaussian,gaussian,kl_stl,kl,1,11,8,10000.0,0.0,0.1,4,2000,-3.552713678800501e-15,-3.552713678800501e-15,0.0,-3.552713678800501e-15,400,0
gaussian,gaussian,kl_stl,kl,1,12,8,10000.0,0.0,0.1,4,2000,-3.552713678800501e-15,-3.552713678800501e-15,0.0,-3.552713678800501e-15,400,0
gaussian,gaussian,kl_stl,kl,1,13,8,10000.0,0.0,0.1,4,2000,-3.552713678800501e-15,-3.552713678800501e-15,0.0,-3.552713678800501e-15,400,0
gaussian,gaussian,kl_stl,kl,1,14,8,10000.0,0.0,0.1,4,2000,-3.552713678800501e-15,-3.552713678800501e-15,0.0,-3.552713678800501e-15,400,0
gaussian,gaussian,kl_stl,kl,1,15,8,10000.0,0.0,0.1,4,2000,-3.552713678800501e-15,-3.552713678800501e-15,0.0,-3.552713678800501e-15,400,0
gaussian,gaussian,kl_stl,kl,1,16,8,10000.0,0.0,0.1,4,2000,-3.552713678800501e-15,-3.552713678800501e-15,0.0,-3.552713678800501e-15,400,0
gaussian,gaussian,kl_stl,kl,1,17,8,10000.0,0.0,0.1,4,2000,-3.552713678800501e-15,-3.552713678800501e-15,0.0,-3.552713678800501e-15,400,0
gaussian,gaussian,kl_stl,kl,1,18,8,10000.0,0.0,0.1,4,2000,-3.552713678800501e-15,-3.552713678800501e-15,0.0,-3.552713678800501e-15,400,0
gaussian,gaussian,kl_stl,kl,1,19,8,10000.0,0.0,0.1,4,2000,-3.552713678800501e-15,-3.552713678800501e-15,0.0,-3.552713678800501e-15,400,0
gaussian,gaussian,riemannian_stl,riemannian,1,0,8,10000.0,0.0,0.1,16,2000,-3.1086244689504387e-15,-3.1086244689504387e-15,0.0,-3.1086244689504387e-15,400,0
gaussian,gaussian,riemannian_stl,riemannian,1,1,8,10000.0,0.0,0.1,16,2000,-3.1086244689504387e-15,-3.1086244689504387e-15,0.0,-3.1086244689504387e-15,400,0
gaussian,gaussian,riemannian_stl,riemannian,1,2,8,10000.0,0.0,0.1,16,2000,-3.1086244689504387e-15,-3.1086244689504387e-15,0.0,-3.1086244689504387e-15,400,0
gaussian,gaussian,riemannian_stl,riemannian,1,3,8,10000.0,0.0,0.1,16,2000,-3.1086244689504387e-15,-3.1086244689504387e-15,0.0,-3.1086244689504387e-15,400,0
gaussian,gaussian,riemannian_stl,riemannian,1,4,8,10000.0,0.0,0.1,16,2000,-3.1086244689504387e-15,-3.1086244689504387e-15,0.0,-3.1086244689504387e-15,400,0
gaussian,gaussian,riemannian_stl,riemannian,1,5,8,10000.0,0.0,0.1,16,2000,-3.1086244689504387e-15,-3.1086244689504387e-15,0.0,-3.1086244689504387e-15,400,0
gaussian,gaussian,riemannian_stl,riemannian,1,6,8,10000.0,0.0,0.1,16,2000,-3.1086244689504387e-15,-3.1086244689504387e-15,0.0,-3.1086244689504387e-15,400,0
gaussian,gaussian,riemannian_stl,riemannian,1,7,8,10000.0,0.0,0.1,16,2000,-3.1086244689504387e-15,-3.1086244689504387e-15,0.0,-3.1086244689504387e-15,400,0
gaussian,gaussian,riemannian_stl,riemannian,1,8,8,10000.0,0.0,0.1,16,2000,-3.1086244689504387e-15,-3.1086244689504387e-15,0.0,-3.1086244689504387e-15,400,0
gaussian,gaussian,riemannian_stl,riemannian,1,9,8,10000.0,0.0,0.1,16,2000,-3.1086244689504387e-15,-3.1086244689504387e-15,0.0,-3.1086244689504387e-15,400,0
gaussian,gaussian,riemannian_stl,riemannian,1,10,8,10000.0,0.0,0.1,16,2000,-3.1086244689504387e-15,-3.1086244689504387e-15,0.0,-3.1086244689504387e-15,400,0
gaussian,gaussian,riemannian_stl,riemannian,1,11,8,10000.0,0.0,0.1,16,2000,-3.1086244689504387e-15,-3.1086244689504387e-15,0.0,-3.1086244689504387e-15,400,0
gaussian,gaussian,riemannian_stl,riemannian,1,12,8,10000.0,0.0,0.1,16,2000,-3.1086244689504387e-15,-3.1086244689504387e-15,0.0,-3.1086244689504387e-15,400,0
gaussian,gaussian,riemannian_stl,riemannian,1,13,8,10000.0,0.0,0.1,16,2000,-3.1086244689504387e-15,-3.1086244689504387e-15,0.0,-3.1086244689504387e-15,400,0
gaussian,gaussian,riemannian_stl,riemannian,1,14,8,10000.0,0.0,0.1,16,2000,-3.1086244689504387e-15,-3.1086244689504387e-15,0.0,-3.1086244689504387e-15,400,0
gaussian,gaussian,riemannian_stl,riemannian,1,15,8,10000.0,0.0,0.1,16,2000,-3.1086244689504387e-15,-3.1086244689504387e-15,0.0,-3.1086244689504387e-15,400,0
gaussian,gaussian,riemannian_stl,riemannian,1,16,8,10000.0,0.0,0.1,16,2000,-3.1086244689504387e-15,-3.1086244689504387e-15,0.0,-3.1086244689504387e-15,400,0
gaussian,gaussian,riemannian_stl,riemannian,1,17,8,10000.0,0.0,0.1,16,2000,-3.1086244689504387e-15,-3.1086244689504387e-15,0.0,-3.1086244689504387e-15,400,0
gaussian,gaussian,riemannian_stl,riemannian,1,18,8,10000.0,0.0,0.1,16,2000,-3.1086244689504387e-15,-3.1086244689504387e-15,0.0,-3.1086244689504387e-15,400,0
gaussian,gaussian,riemannian_stl,riemannian,1,19,8,10000.0,0.0,0.1,16,2000,-3.1086244689504387e-15,-3.1086244689504387e-15,0.0,-3.1086244689504387e-15,400,0
gaussian,gaussian,kl_stl,kl,1,0,8,10000.0,0.0,0.1,16,2000,-3.552713678800501e-15,-3.552713678800501e-15,0.0,-3.552713678800501e-15,400,0
gaussian,gaussian,kl_stl,kl,1,1,8,10000.0,0.0,0.1,16,2000,-3.552713678800501e-15,-3.552713678800501e-15,0.0,-3.552713678800501e-15,400,0
gaussian,gaussian,kl_stl,kl,1,2,8,10000.0,0.0,0.1,16,2000,-3.552713678800501e-15,-3.552713678800501e-15,0.0,-3.552713678800501e-15,400,0
gaussian,gaussian,kl_stl,kl,1,3,8,10000.0,0.0,0.1,16,2000,-3.552713678800501e-15,-3.552713678800501e-15,0.0,-3.552713678800501e-15,400,0
gaussian,gaussian,kl_stl,kl,1,4,8,10000.0,0.0,0.1,16,2000,-3.552713678800501e-15,-3.552713678800501e-15,0.0,-3.552713678800501e-15,400,0
gaussian,gaussian,kl_stl,kl,1,5,8,10000.0,0.0,0.1,16,2000,-3.552713678800501e-15,-3.552713678800501e-15,0.0,-3.552713678800501e-15,400,0
gaussian,gaussian,kl_stl,kl,1,6,8,10000.0,0.0,0.1,16,2000,-3.552713678800501e-15,-3.552713678800501e-15,0.0,-3.552713678800501e-15,400,0
gaussian,gaussian,kl_stl,kl,1,7,8,10000.0,0.0,0.1,16,2000,-3.552713678800501e-15,-3.552713678800501e-15,0.0,-3.552713678800501e-15,400,0
gaussian,gaussian,kl_stl,kl,1,8,8,10000.0,0.0,0.1,16,2000,-3.552713678800501e-15,-3.552713678800501e-15,0.0,-3.552713678800501e-15,400,0
gaussian,gaussian,kl_stl,kl,1,9,8,10000.0,0.0,0.1,16,2000,-3.552713678800501e-15,-3.552713678800501e-15,0.0,-3.552713678800501e-15,400,0
gaussian,gaussian,kl_stl,kl,1,10,8,10000.0,0.0,0.1,16,2000,-3.552713678800501e-15,-3.552713678800501e-15,0.0,-3.552713678800501e-15,400,0
gaussian,gaussian,kl_stl,kl,1,11,8,10000.0,0.0,0.1,16,2000,-3.552713678800501e-15,-3.552713678800501e-15,0.0,-3.552713678800501e-15,400,0
gaussian,gaussian,kl_stl,kl,1,12,8,10000.0,0.0,0.1,16,2000,-3.552713678800501e-15,-3.552713678800501e-15,0.0,-3.552713678800501e-15,400,0
gaussian,gaussian,kl_stl,kl,1,13,8,10000.0,0.0,0.1,16,2000,-3.552713678800501e-15,-3.552713678800501e-15,0.0,-3.552713678800501e-15,400,0
gaussian,gaussian,kl_stl,kl,1,14,8,10000.0,0.0,0.1,16,2000,-3.552713678800501e-15,-3.552713678800501e-15,0.0,-3.552713678800501e-15,400,0
gaussian,gaussian,kl_stl,kl,1,15,8,10000.0,0.0,0.1,16,2000,-3.552713678800501e-15,-3.552713678800501e-15,0.0,-3.552713678800501e-15,400,0
gaussian,gaussian,kl_stl,kl,1,16,8,10000.0,0.0,0.1,16,2000,-3.552713678800501e-15,-3.552713678800501e-15,0.0,-3.552713678800501e-15,400,0
gaussian,gaussian,kl_stl,kl,1,17,8,10000.0,0.0,0.1,16,2000,-3.552713678800501e-15,-3.552713678800501e-15,0.0,-3.552713678800501e-15,400,0
gaussian,gaussian,kl_stl,kl,1,18,8,10000.0,0.0,0.1,16,2000,-3.552713678800501e-15,-3.552713678800501e-15,0.0,-3.552713678800501e-15,400,0
gaussian,gaussian,kl_stl,kl,1,19,8,10000.0,0.0,0.1,16,2000,-3.552713678800501e-15,-3.552713678800501e-15,0.0,-3.552713678800501e-15,400,0
gaussian,gaussian,riemannian_stl,riemannian,1,0,32,10.0,0.0,0.1,1,2000,0.0,0.0,0.0,0.0,400,0
gaussian,gaussian,riemannian_stl,riemannian,1,1,32,10.0,0.0,0.1,1,2000,0.0,0.0,0.0,0.0,400,0
gaussian,gaussian,riemannian_stl,riemannian,1,2,32,10.0,0.0,0.1,1,2000,0.0,0.0,0.0,0.0,400,0
gaussian,gaussian,riemannian_stl,riemannian,1,3,32,10.0,0.0,0.1,1,2000,0.0,0.0,0.0,0.0,400,0
gaussian,gaussian,riemannian_stl,riemannian,1,4,32,10.0,0.0,0.1,1,2000,0.0,0.0,0.0,0.0,400,0
gaussian,gaussian,riemannian_stl,riemannian,1,5,32,10.0,0.0,0.1,1,2000,0.0,0.0,0.0,0.0,400,0
gaussian,gaussian,riemannian_stl,riemannian,1,6,32,10.0,0.0,0.1,1,2000,0.0,0.0,0.0,0.0,400,0
gaussian,gaussian,riemannian_stl,riemannian,1,7,32,10.0,0.0,0.1,1,2000,0.0,0.0,0.0,0.0,400,0
gaussian,gaussian,riemannian_stl,riemannian,1,8,32,10.0,0.0,0.1,1,2000,0.0,0.0,0.0,0.0,400,0
gaussian,gaussian,riemannian_stl,riemannian,1,9,32,10.0,0.0,0.1,1,2000,0.0,0.0,0.0,0.0,400,0
gaussian,gaussian,riemannian_stl,riemannian,1,10,32,10.0,0.0,0.1,1,2000,0.0,0.0,0.0,0.0,400,0
gaussian,gaussian,riemannian_stl,riemannian,1,11,32,10.0,0.0,0.1,1,2000,0.0,0.0,0.0,0.0,400,0
gaussian,gaussian,riemannian_stl,riemannian,1,12,32,10.0,0.0,0.1,1,2000,0.0,0.0,0.0,0.0,400,0
gaussian,gaussian,riemannian_stl,riemannian,1,13,32,10.0,0.0,0.1,1,2000,0.0,0.0,0.0,0.0,400,0
gaussian,gaussian,riemannian_stl,riemannian,1,14,32,10.0,0.0,0.1,1,2000,0.0,0.0,0.0,0.0,400,0
gaussian,gaussian,riemannian_stl,riemannian,1,15,32,10.0,0.0,0.1,1,2000,0.0,0.0,0.0,0.0,400,0
gaussian,gaussian,riemannian_stl,riemannian,1,16,32,10.0,0.0,0.1,1,2000,0.0,0.0,0.0,0.0,400,0
gaussian,gaussian,riemannian_stl,riemannian,1,17,32,10.0,0.0,0.1,1,2000,0.0,0.0,0.0,0.0,400,0
gaussian,gaussian,riemannian_stl,riemannian,1,18,32,10.0,0.0,0.1,1,2000,0.0,0.0,0.0,0.0,400,0
gaussian,gaussian,riemannian_stl,riemannian,1,19,32,10.0,0.0,0.1,1,2000,0.0,0.0,0.0,0.0,400,0
gaussian,gaussian,kl_stl,kl,1,0,32,10.0,0.0,0.1,1,2000,0.0,0.0,0.0,0.0,400,0
gaussian,gaussian,kl_stl,kl,1,1,32,10.0,0.0,0.1,1,2000,0.0,0.0,0.0,0.0,400,0
gaussian,gaussian,kl_stl,kl,1,2,32,10.0,0.0,0.1,1,2000,0.0,0.0,0.0,0.0,400,0
gaussian,gaussian,kl_stl,kl,1,3,32,10.0,0.0,0.1,1,2000,0.0,0.0,0.0,0.0,400,0
gaussian,gaussian,kl_stl,kl,1,4,32,10.0,0.0,0.1,1,2000,0.0,0.0,0.0,0.0,400,0
gaussian,gaussian,kl_stl,kl,1,5,32,10.0,0.0,0.1,1,2000,0.0,0.0,0.0,0.0,400,0
gaussian,gaussian,kl_stl,kl,1,6,32,10.0,0.0,0.1,1,2000,0.0,0.0,0.0,0.0,400,0
gaussian,gaussian,kl_stl,kl,1,7,32,10.0,0.0,0.1,1,2000,0.0,0.0,0.0,0.0,400,0
gaussian,gaussian,kl_stl,kl,1,8,32,10.0,0.0,0.1,1,2000,0.0,0.0,0.0,0.0,400,0
gaussian,gaussian,kl_stl,kl,1,9,32,10.0,0.0,0.1,1,2000,0.0,0.0,0.0,0.0,400,0
gaussian,gaussian,kl_stl,kl,1,10,32,10.0,0.0,0.1,1,2000,0.0,0.0,0.0,0.0,400,0
gaussian,gaussian,kl_stl,kl,1,11,32,10.0,0.0,0.1,1,2000,0.0,0.0,0.0,0.0,400,0
gaussian,gaussian,kl_stl,kl,1,12,32,10.0,0.0,0.1,1,2000,0.0,0.0,0.0,0.0,400,0
gaussian,gaussian,kl_stl,kl,1,13,32,10.0,0.0,0.1,1,2000,0.0,0.0,0.0,0.0,400,0
gaussian,gaussian,kl_stl,kl,1,14,32,10.0,0.0,0.1,1,2000,0.0,0.0,0.0,0.0,400,0
gaussian,gaussian,kl_stl,kl,1,15,32,10.0,0.0,0.1,1,2000,0.0,0.0,0.0,0.0,400,0
gaussian,gaussian,kl_stl,kl,1,16,32,10.0,0.0,0.1,1,2000,0.0,0.0,0.0,0.0,400,0
gaussian,gaussian,kl_stl,kl,1,17,32,10.0,0.0,0.1,1,2000,0.0,0.0,0.0,0.0,400,0
gaussian,gaussian,kl_stl,kl,1,18,32,10.0,0.0,0.1,1,2000,0.0,0.0,0.0,0.0,400,0
gaussian,gaussian,kl_stl,kl,1,19,32,10.0,0.0,0.1,1,2000,0.0,0.0,0.0,0.0,400,0
gaussian,gaussian,riemannian_stl,riemannian,1,0,32,10.0,0.0,0.1,4,2000,0.0,0.0,0.0,0.0,400,0
gaussian,gaussian,riemannian_stl,riemannian,1,1,32,10.0,0.0,0.1,4,2000,0.0,0.0,0.0,0.0,400,0
gaussian,gaussian,riemannian_stl,riemannian,1,2,32,10.0,0.0,0.1,4,2000,0.0,0.0,0.0,0.0,400,0
gaussian,gaussian,riemannian_stl,riemannian,1,3,32,10.0,0.0,0.1,4,2000,0.0,0.0,0.0,0.0,400,0
gaussian,gaussian,riemannian_stl,riemannian,1,4,32,10.0,0.0,0.1,4,2000,0.0,0.0,0.0,0.0,400,0
gaussian,gaussian,riemannian_stl,riemannian,1,5,32,10.0,0.0,0.1,4,2000,0.0,0.0,0.0,0.0,400,0
gaussian,gaussian,riemannian_stl,riemannian,1,6,32,10.0,0.0,0.1,4,2000,0.0,0.0,0.0,0.0,400,0
gaussian,gaussian,riemannian_stl,riemannian,1,7,32,10.0,0.0,0.1,4,2000,0.0,0.0,0.0,0.0,400,0
gaussian,gaussian,riemannian_stl,riemannian,1,8,32,10.0,0.0,0.1,4,2000,0.0,0.0,0.0,0.0,400,0
gaussian,gaussian,riemannian_stl,riemannian,1,9,32,10.0,0.0,0.1,4,2000,0.0,0.0,0.0,0.0,400,0
gaussian,gaussian,riemannian_stl,riemannian,1,10,32,10.0,0.0,0.1,4,2000,0.0,0.0,0.0,0.0,400,0
gaussian,gaussian,riemannian_stl,riemannian,1,11,32,10.0,0.0,0.1,4,2000,0.0,0.0,0.0,0.0,400,0
gaussian,gaussian,riemannian_stl,riemannian,1,12,32,10.0,0.0,0.1,4,2000,0.0,0.0,0.0,0.0,400,0
gaussian,gaussian,riemannian_stl,riemannian,1,13,32,10.0,0.0,0.1,4,2000,0.0,0.0,0.0,0.0,400,0
gaussian,gaussian,riemannian_stl,riemannian,1,14,32,10.0,0.0,0.1,4,2000,0.0,0.0,0.0,0.0,400,0
gaussian,gaussian,riemannian_stl,riemannian,1,15,32,10.0,0.0,0.1,4,2000,0.0,0.0,0.0,0.0,400,0
gaussian,gaussian,riemannian_stl,riemannian,1,16,32,10.0,0.0,0.1,4,2000,0.0,0.0,0.0,0.0,400,0
gaussian,gaussian,riemannian_stl,riemannian,1,17,32,10.0,0.0,0.1,4,2000,0.0,0.0,0.0,0.0,400,0
gaussian,gaussian,riemannian_stl,riemannian,1,18,32,10.0,0.0,0.1,4,2000,0.0,0.0,0.0,0.0,400,0
gaussian,gaussian,riemannian_stl,riemannian,1,19,32,10.0,0.0,0.1,4,2000,0.0,0.0,0.0,0.0,400,0
gaussian,gaussian,kl_stl,kl,1,0,32,10.0,0.0,0.1,4,2000,0.0,0.0,0.0,0.0,400,0
gaussian,gaussian,kl_stl,kl,1,1,32,10.0,0.0,0.1,4,2000,0.0,0.0,0.0,0.0,400,0
gaussian,gaussian,kl_stl,kl,1,2,32,10.0,0.0,0.1,4,2000,0.0,0.0,0.0,0.0,400,0
gaussian,gaussian,kl_stl,kl,1,3,32,10.0,0.0,0.1,4,2000,0.0,0.0,0.0,0.0,400,0
gaussian,gaussian,kl_stl,kl,1,4,32,10.0,0.0,0.1,4,2000,0.0,0.0,0.0,0.0,400,0
gaussian,gaussian,kl_stl,kl,1,5,32,10.0,0.0,0.1,4,2000,0.0,0.0,0.0,0.0,400,0
gaussian,gaussian,kl_stl,kl,1,6,32,10.0,0.0,0.1,4,2000,0.0,0.0,0.0,0.0,400,0
gaussian,gaussian,kl_stl,kl,1,7,32,10.0,0.0,0.1,4,2000,0.0,0.0,0.0,0.0,400,0
gaussian,gaussian,kl_stl,kl,1,8,32,10.0,0.0,0.1,4,2000,0.0,0.0,0.0,0.0,400,0
gaussian,gaussian,kl_stl,kl,1,9,32,10.0,0.0,0.1,4,2000,0.0,0.0,0.0,0.0,400,0
gaussian,gaussian,kl_stl,kl,1,10,32,10.0,0.0,0.1,4,2000,0.0,0.0,0.0,0.0,400,0
gaussian,gaussian,kl_stl,kl,1,11,32,10.0,0.0,0.1,4,2000,0.0,0.0,0.0,0.0,400,0
gaussian,gaussian,kl_stl,kl,1,12,32,10.0,0.0,0.1,4,2000,0.0,0.0,0.0,0.0,400,0
gaussian,gaussian,kl_stl,kl,1,13,32,10.0,0.0,0.1,4,2000,0.0,0.0,0.0,0.0,400,0
gaussian,gaussian,kl_stl,kl,1,14,32,10.0,0.0,0.1,4,2000,0.0,0.0,0.0,0.0,400,0
gaussian,gaussian,kl_stl,kl,1,15,32,10.0,0.0,0.1,4,2000,0.0,0.0,0.0,0.0,400,0
gaussian,gaussian,kl_stl,kl,1,16,32,10.0,0.0,0.1,4,2000,0.0,0.0,0.0,0.0,400,0
gaussian,gaussian,kl_stl,kl,1,17,32,10.0,0.0,0.1,4,2000,0.0,0.0,0.0,0.0,400,0
gaussian,gaussian,kl_stl,kl,1,18,32,10.0,0.0,0.1,4,2000,0.0,0.0,0.0,0.0,400,0
gaussian,gaussian,kl_stl,kl,1,19,32,10.0,0.0,0.1,4,2000,0.0,0.0,0.0,0.0,400,0
gaussian,gaussian,riemannian_stl,riemannian,1,0,32,10.0,0.0,0.1,16,2000,0.0,0.0,0.0,0.0,400,0
gaussian,gaussian,riemannian_stl,riemannian,1,1,32,10.0,0.0,0.1,16,2000,0.0,0.0,0.0,0.0,400,0
gaussian,gaussian,riemannian_stl,riemannian,1,2,32,10.0,0.0,0.1,16,2000,0.0,0.0,0.0,0.0,400,0
gaussian,gaussian,riemannian_stl,riemannian,1,3,32,10.0,0.0,0.1,16,2000,0.0,0.0,0.0,0.0,400,0
gaussian,gaussian,riemannian_stl,riemannian,1,4,32,10.0,0.0,0.1,16,2000,0.0,0.0,0.0,0.0,400,0
gaussian,gaussian,riemannian_stl,riemannian,1,5,32,10.0,0.0,0.1,16,2000,0.0,0.0,0.0,0.0,400,0
gaussian,gaussian,riemannian_stl,riemannian,1,6,32,10.0,0.0,0.1,16,2000,0.0,0.0,0.0,0.0,400,0
gaussian,gaussian,riemannian_stl,riemannian,1,7,32,10.0,0.0,0.1,16,2000,0.0,0.0,0.0,0.0,400,0
gaussian,gaussian,riemannian_stl,riemannian,1,8,32,10.0,0.0,0.1,16,2000,0.0,0.0,0.0,0.0,400,0
gaussian,gaussian,riemannian_stl,riemannian,1,9,32,10.0,0.0,0.1,16,2000,0.0,0.0,0.0,0.0,400,0
gaussian,gaussian,riemannian_stl,riemannian,1,10,32,10.0,0.0,0.1,16,2000,0.0,0.0,0.0,0.0,400,0
gaussian,gaussian,riemannian_stl,riemannian,1,11,32,10.0,0.0,0.1,16,2000,0.0,0.0,0.0,0.0,400,0
gaussian,gaussian,riemannian_stl,riemannian,1,12,32,10.0,0.0,0.1,16,2000,0.0,0.0,0.0,0.0,400,0
gaussian,gaussian,riemannian_stl,riemannian,1,13,32,10.0,0.0,0.1,16,2000,0.0,0.0,0.0,0.0,400,0
gaussian,gaussian,riemannian_stl,riemannian,1,14,32,10.0,0.0,0.1,16,2000,0.0,0.0,0.0,0.0,400,0
gaussian,gaussian,riemannian_stl,riemannian,1,15,32,10.0,0.0,0.1,16,2000,0.0,0.0,0.0,0.0,400,0
gaussian,gaussian,riemannian_stl,riemannian,1,16,32,10.0,0.0,0.1,16,2000,0.0,0.0,0.0,0.0,400,0
gaussian,gaussian,riemannian_stl,riemannian,1,17,32,10.0,0.0,0.1,16,2000,0.0,0.0,0.0,0.0,400,0
gaussian,gaussian,riemannian_stl,riemannian,1,18,32,10.0,0.0,0.1,16,2000,0.0,0.0,0.0,0.0,400,0
gaussian,gaussian,riemannian_stl,riemannian,1,19,32,10.0,0.0,0.1,16,2000,0.0,0.0,0.0,0.0,400,0
gaussian,gaussian,kl_stl,kl,1,0,32,10.0,0.0,0.1,16,2000,0.0,0.0,0.0,0.0,400,0
gaussian,gaussian,kl_stl,kl,1,1,32,10.0,0.0,0.1,16,2000,0.0,0.0,0.0,0.0,400,0
gaussian,gaussian,kl_stl,kl,1,2,32,10.0,0.0,0.1,16,2000,0.0,0.0,0.0,0.0,400,0
gaussian,gaussian,kl_stl,kl,1,3,32,10.0,0.0,0.1,16,2000,0.0,0.0,0.0,0.0,400,0
gaussian,gaussian,kl_stl,kl,1,4,32,10.0,0.0,0.1,16,2000,0.0,0.0,0.0,0.0,400,0
gaussian,gaussian,kl_stl,kl,1,5,32,10.0,0.0,0.1,16,2000,0.0,0.0,0.0,0.0,400,0
gaussian,gaussian,kl_stl,kl,1,6,32,10.0,0.0,0.1,16,2000,0.0,0.0,0.0,0.0,400,0
gaussian,gaussian,kl_stl,kl,1,7,32,10.0,0.0,0.1,16,2000,0.0,0.0,0.0,0.0,400,0
gaussian,gaussian,kl_stl,kl,1,8,32,10.0,0.0,0.1,16,2000,0.0,0.0,0.0,0.0,400,0
gaussian,gaussian,kl_stl,kl,1,9,32,10.0,0.0,0.1,16,2000,0.0,0.0,0.0,0.0,400,0
gaussian,gaussian,kl_stl,kl,1,10,32,10.0,0.0,0.1,16,2000,0.0,0.0,0.0,0.0,400,0
gaussian,gaussian,kl_stl,kl,1,11,32,10.0,0.0,0.1,16,2000,0.0,0.0,0.0,0.0,400,0
gaussian,gaussian,kl_stl,kl,1,12,32,10.0,0.0,0.1,16,2000,0.0,0.0,0.0,0.0,400,0
gaussian,gaussian,kl_stl,kl,1,13,32,10.0,0.0,0.1,16,2000,0.0,0.0,0.0,0.0,400,0
gaussian,gaussian,kl_stl,kl,1,14,32,10.0,0.0,0.1,16,2000,0.0,0.0,0.0,0.0,400,0
gaussian,gaussian,kl_stl,kl,1,15,32,10.0,0.0,0.1,16,2000,0.0,0.0,0.0,0.0,400,0
gaussian,gaussian,kl_stl,kl,1,16,32,10.0,0.0,0.1,16,2000,0.0,0.0,0.0,0.0,400,0
gaussian,gaussian,kl_stl,kl,1,17,32,10.0,0.0,0.1,16,2000,0.0,0.0,0.0,0.0,400,0
gaussian,gaussian,kl_stl,kl,1,18,32,10.0,0.0,0.1,16,2000,0.0,0.0,0.0,0.0,400,0
gaussian,gaussian,kl_stl,kl,1,19,32,10.0,0.0,0.1,16,2000,0.0,0.0,0.0,0.0,400,0
gaussian,gaussian,riemannian_stl,riemannian,1,0,32,100.0,0.0,0.1,1,2000,3.552713678800501e-15,3.552713678800501e-15,0.0,3.552713678800501e-15,400,0
gaussian,gaussian,riemannian_stl,riemannian,1,1,32,100.0,0.0,0.1,1,2000,3.552713678800501e-15,3.552713678800501e-15,0.0,3.552713678800501e-15,400,0
gaussian,gaussian,riemannian_stl,riemannian,1,2,32,100.0,0.0,0.1,1,2000,3.552713678800501e-15,3.552713678800501e-15,0.0,3.552713678800501e-15,400,0
gaussian,gaussian,riemannian_stl,riemannian,1,3,32,100.0,0.0,0.1,1,2000,3.552713678800501e-15,3.552713678800501e-15,0.0,3.552713678800501e-15,400,0
gaussian,gaussian,riemannian_stl,riemannian,1,4,32,100.0,0.0,0.1,1,2000,3.552713678800501e-15,3.552713678800501e-15,0.0,3.552713678800501e-15,400,0
gaussian,gaussian,riemannian_stl,riemannian,1,5,32,100.0,0.0,0.1,1,2000,3.552713678800501e-15,3.552713678800501e-15,0.0,3.552713678800501e-15,400,0
gaussian,gaussian,riemannian_stl,riemannian,1,6,32,100.0,0.0,0.1,1,2000,3.552713678800501e-15,3.552713678800501e-15,0.0,3.552713678800501e-15,400,0
gaussian,gaussian,riemannian_stl,riemannian,1,7,32,100.0,0.0,0.1,1,2000,3.552713678800501e-15,3.552713678800501e-15,0.0,3.552713678800501e-15,400,0
gaussian,gaussian,riemannian_stl,riemannian,1,8,32,100.0,0.0,0.1,1,2000,3.552713678800501e-15,3.552713678800501e-15,0.0,3.552713678800501e-15,400,0
gaussian,gaussian,riemannian_stl,riemannian,1,9,32,100.0,0.0,0.1,1,2000,3.552713678800501e-15,3.552713678800501e-15,0.0,3.552713678800501e-15,400,0
gaussian,gaussian,riemannian_stl,riemannian,1,10,32,100.0,0.0,0.1,1,2000,3.552713678800501e-15,3.552713678800501e-15,0.0,3.552713678800501e-15,400,0
gaussian,gaussian,riemannian_stl,riemannian,1,11,32,100.0,0.0,0.1,1,2000,3.552713678800501e-15,3.552713678800501e-15,0.0,3.552713678800501e-15,400,0
gaussian,gaussian,riemannian_stl,riemannian,1,12,32,100.0,0.0,0.1,1,2000,3.552713678800501e-15,3.552713678800501e-15,0.0,3.552713678800501e-15,400,0
gaussian,gaussian,riemannian_stl,riemannian,1,13,32,100.0,0.0,0.1,1,2000,3.552713678800501e-15,3.552713678800501e-15,0.0,3.552713678800501e-15,400,0
gaussian,gaussian,riemannian_stl,riemannian,1,14,32,100.0,0.0,0.1,1,2000,3.552713678800501e-15,3.552713678800501e-15,0.0,3.552713678800501e-15,400,0
gaussian,gaussian,riemannian_stl,riemannian,1,15,32,100.0,0.0,0.1,1,2000,3.552713678800501e-15,3.552713678800501e-15,0.0,3.552713678800501e-15,400,0
gaussian,gaussian,riemannian_stl,riemannian,1,16,32,100.0,0.0,0.1,1,2000,3.552713678800501e-15,3.552713678800501e-15,0.0,3.552713678800501e-15,400,0
gaussian,gaussian,riemannian_stl,riemannian,1,17,32,100.0,0.0,0.1,1,2000,3.552713678800501e-15,3.552713678800501e-15,0.0,3.552713678800501e-15,400,0
gaussian,gaussian,riemannian_stl,riemannian,1,18,32,100.0,0.0,0.1,1,2000,3.552713678800501e-15,3.552713678800501e-15,0.0,3.552713678800501e-15,400,0
gaussian,gaussian,riemannian_stl,riemannian,1,19,32,100.0,0.0,0.1,1,2000,3.552713678800501e-15,3.552713678800501e-15,0.0,3.552713678800501e-15,400,0
gaussian,gaussian,kl_stl,kl,1,0,32,100.0,0.0,0.1,1,2000,3.552713678800501e-15,3.552713678800501e-15,0.0,3.552713678800501e-15,400,0
gaussian,gaussian,kl_stl,kl,1,1,32,100.0,0.0,0.1,1,2000,3.552713678800501e-15,3.552713678800501e-15,0.0,3.552713678800501e-15,400,0
gaussian,gaussian,kl_stl,kl,1,2,32,100.0,0.0,0.1,1,2000,3.552713678800501e-15,3.552713678800501e-15,0.0,3.552713678800501e-15,400,0
gaussian,gaussian,kl_stl,kl,1,3,32,100.0,0.0,0.1,1,2000,3.552713678800501e-15,3.552713678800501e-15,0.0,3.552713678800501e-15,400,0
gaussian,gaussian,kl_stl,kl,1,4,32,100.0,0.0,0.1,1,2000,3.552713678800501e-15,3.552713678800501e-15,0.0,3.552713678800501e-15,400,0
gaussian,gaussian,kl_stl,kl,1,5,32,100.0,0.0,0.1,1,2000,3.552713678800501e-15,3.552713678800501e-15,0.0,3.552713678800501e-15,400,0
gaussian,gaussian,kl_stl,kl,1,6,32,100.0,0.0,0.1,1,2000,3.552713678800501e-15,3.552713678800501e-15,0.0,3.552713678800501e-15,400,0
gaussian,gaussian,kl_stl,kl,1,7,32,100.0,0.0,0.1,1,2000,3.552713678800501e-15,3.552713678800501e-15,0.0,3.552713678800501e-15,400,0
gaussian,gaussian,kl_stl,kl,1,8,32,100.0,0.0,0.1,1,2000,3.552713678800501e-15,3.552713678800501e-15,0.0,3.552713678800501e-15,400,0
gaussian,gaussian,kl_stl,kl,1,9,32,100.0,0.0,0.1,1,2000,3.552713678800501e-15,3.552713678800501e-15,0.0,3.552713678800501e-15,400,0
gaussian,gaussian,kl_stl,kl,1,10,32,100.0,0.0,0.1,1,2000,3.552713678800501e-15,3.552713678800501e-15,0.0,3.552713678800501e-15,400,0
gaussian,gaussian,kl_stl,kl,1,11,32,100.0,0.0,0.1,1,2000,3.552713678800501e-15,3.552713678800501e-15,0.0,3.552713678800501e-15,400,0
gaussian,gaussian,kl_stl,kl,1,12,32,100.0,0.0,0.1,1,2000,3.552713678800501e-15,3.552713678800501e-15,0.0,3.552713678800501e-15,400,0
gaussian,gaussian,kl_stl,kl,1,13,32,100.0,0.0,0.1,1,2000,3.552713678800501e-15,3.552713678800501e-15,0.0,3.552713678800501e-15,400,0
gaussian,gaussian,kl_stl,kl,1,14,32,100.0,0.0,0.1,1,2000,3.552713678800501e-15,3.552713678800501e-15,0.0,3.552713678800501e-15,400,0
gaussian,gaussian,kl_stl,kl,1,15,32,100.0,0.0,0.1,1,2000,3.552713678800501e-15,3.552713678800501e-15,0.0,3.552713678800501e-15,400,0
gaussian,gaussian,kl_stl,kl,1,16,32,100.0,0.0,0.1,1,2000,3.552713678800501e-15,3.552713678800501e-15,0.0,3.552713678800501e-15,400,0
gaussian,gaussian,kl_stl,kl,1,17,32,100.0,0.0,0.1,1,2000,3.552713678800501e-15,3.552713678800501e-15,0.0,3.552713678800501e-15,400,0
gaussian,gaussian,kl_stl,kl,1,18,32,100.0,0.0,0.1,1,2000,3.552713678800501e-15,3.552713678800501e-15,0.0,3.552713678800501e-15,400,0
gaussian,gaussian,kl_stl,kl,1,19,32,100.0,0.0,0.1,1,2000,3.552713678800501e-15,3.552713678800501e-15,0.0,3.552713678800501e-15,400,0
gaussian,gaussian,riemannian_stl,riemannian,1,0,32,100.0,0.0,0.1,4,2000,3.552713678800501e-15,3.552713678800501e-15,0.0,3.552713678800501e-15,400,0
gaussian,gaussian,riemannian_stl,riemannian,1,1,32,100.0,0.0,0.1,4,2000,3.552713678800501e-15,3.552713678800501e-15,0.0,3.552713678800501e-15,400,0
gaussian,gaussian,riemannian_stl,riemannian,1,2,32,100.0,0.0,0.1,4,2000,3.552713678800501e-15,3.552713678800501e-15,0.0,3.552713678800501e-15,400,0
gaussian,gaussian,riemannian_stl,riemannian,1,3,32,100.0,0.0,0.1,4,2000,3.552713678800501e-15,3.552713678800501e-15,0.0,3.552713678800501e-15,400,0
gaussian,gaussian,riemannian_stl,riemannian,1,4,32,100.0,0.0,0.1,4,2000,3.552713678800501e-15,3.552713678800501e-15,0.0,3.552713678800501e-15,400,0
gaussian,gaussian,riemannian_stl,riemannian,1,5,32,100.0,0.0,0.1,4,2000,3.552713678800501e-15,3.552713678800501e-15,0.0,3.552713678800501e-15,400,0
gaussian,gaussian,riemannian_stl,riemannian,1,6,32,100.0,0.0,0.1,4,2000,3.552713678800501e-15,3.552713678800501e-15,0.0,3.552713678800501e-15,400,0
gaussian,gaussian,riemannian_stl,riemannian,1,7,32,100.0,0.0,0.1,4,2000,3.552713678800501e-15,3.552713678800501e-15,0.0,3.552713678800501e-15,400,0
gaussian,gaussian,riemannian_stl,riemannian,1,8,32,100.0,0.0,0.1,4,2000,3.552713678800501e-15,3.552713678800501e-15,0.0,3.552713678800501e-15,400,0
gaussian,gaussian,riemannian_stl,riemannian,1,9,32,100.0,0.0,0.1,4,2000,3.552713678800501e-15,3.552713678800501e-15,0.0,3.552713678800501e-15,400,0
gaussian,gaussian,riemannian_stl,riemannian,1,10,32,100.0,0.0,0.1,4,2000,3.552713678800501e-15,3.552713678800501e-15,0.0,3.552713678800501e-15,400,0
gaussian,gaussian,riemannian_stl,riemannian,1,11,32,100.0,0.0,0.1,4,2000,3.552713678800501e-15,3.552713678800501e-15,0.0,3.552713678800501e-15,400,0
gaussian,gaussian,riemannian_stl,riemannian,1,12,32,100.0,0.0,0.1,4,2000,3.552713678800501e-15,3.552713678800501e-15,0.0,3.552713678800501e-15,400,0
gaussian,gaussian,riemannian_stl,riemannian,1,13,32,100.0,0.0,0.1,4,2000,3.552713678800501e-15,3.552713678800501e-15,0.0,3.552713678800501e-15,400,0
gaussian,gaussian,riemannian_stl,riemannian,1,14,32,100.0,0.0,0.1,4,2000,3.552713678800501e-15,3.552713678800501e-15,0.0,3.552713678800501e-15,400,0
gaussian,gaussian,riemannian_stl,riemannian,1,15,32,100.0,0.0,0.1,4,2000,3.552713678800501e-15,3.552713678800501e-15,0.0,3.552713678800501e-15,400,0
gaussian,gaussian,riemannian_stl,riemannian,1,16,32,100.0,0.0,0.1,4,2000,3.552713678800501e-15,3.552713678800501e-15,0.0,3.552713678800501e-15,400,0
gaussian,gaussian,riemannian_stl,riemannian,1,17,32,100.0,0.0,0.1,4,2000,3.552713678800501e-15,3.552713678800501e-15,0.0,3.552713678800501e-15,400,0
gaussian,gaussian,riemannian_stl,riemannian,1,18,32,100.0,0.0,0.1,4,2000,3.552713678800501e-15,3.552713678800501e-15,0.0,3.552713678800501e-15,400,0
gaussian,gaussian,riemannian_stl,riemannian,1,19,32,100.0,0.0,0.1,4,2000,3.552713678800501e-15,3.552713678800501e-15,0.0,3.552713678800501e-15,400,0
gaussian,gaussian,kl_stl,kl,1,0,32,100.0,0.0,0.1,4,2000,3.552713678800501e-15,3.552713678800501e-15,0.0,3.552713678800501e-15,400,0
gaussian,gaussian,kl_stl,kl,1,1,32,100.0,0.0,0.1,4,2000,3.552713678800501e-15,3.552713678800501e-15,0.0,3.552713678800501e-15,400,0
gaussian,gaussian,kl_stl,kl,1,2,32,100.0,0.0,0.1,4,2000,3.552713678800501e-15,3.552713678800501e-15,0.0,3.552713678800501e-15,400,0
gaussian,gaussian,kl_stl,kl,1,3,32,100.0,0.0,0.1,4,2000,3.552713678800501e-15,3.552713678800501e-15,0.0,3.552713678800501e-15,400,0
gaussian,gaussian,kl_stl,kl,1,4,32,100.0,0.0,0.1,4,2000,3.552713678800501e-15,3.552713678800501e-15,0.0,3.552713678800501e-15,400,0
gaussian,gaussian,kl_stl,kl,1,5,32,100.0,0.0,0.1,4,2000,3.552713678800501e-15,3.552713678800501e-15,0.0,3.552713678800501e-15,400,0
gaussian,gaussian,kl_stl,kl,1,6,32,100.0,0.0,0.1,4,2000,3.552713678800501e-15,3.552713678800501e-15,0.0,3.552713678800501e-15,400,0
gaussian,gaussian,kl_stl,kl,1,7,32,100.0,0.0,0.1,4,2000,3.552713678800501e-15,3.552713678800501e-15,0.0,3.552713678800501e-15,400,0
gaussian,gaussian,kl_stl,kl,1,8,32,100.0,0.0,0.1,4,2000,3.552713678800501e-15,3.552713678800501e-15,0.0,3.552713678800501e-15,400,0
gaussian,gaussian,kl_stl,kl,1,9,32,100.0,0.0,0.1,4,2000,3.552713678800501e-15,3.552713678800501e-15,0.0,3.552713678800501e-15,400,0
gaussian,gaussian,kl_stl,kl,1,10,32,100.0,0.0,0.1,4,2000,3.552713678800501e-15,3.552713678800501e-15,0.0,3.552713678800501e-15,400,0
gaussian,gaussian,kl_stl,kl,1,11,32,100.0,0.0,0.1,4,2000,3.552713678800501e-15,3.552713678800501e-15,0.0,3.552713678800501e-15,400,0
gaussian,gaussian,kl_stl,kl,1,12,32,100.0,0.0,0.1,4,2000,3.552713678800501e-15,3.552713678800501e-15,0.0,3.552713678800501e-15,400,0
gaussian,gaussian,kl_stl,kl,1,13,32,100.0,0.0,0.1,4,2000,3.552713678800501e-15,3.552713678800501e-15,0.0,3.552713678800501e-15,400,0
gaussian,gaussian,kl_stl,kl,1,14,32,100.0,0.0,0.1,4,2000,3.552713678800501e-15,3.552713678800501e-15,0.0,3.552713678800501e-15,400,0
gaussian,gaussian,kl_stl,kl,1,15,32,100.0,0.0,0.1,4,2000,3.552713678800501e-15,3.552713678800501e-15,0.0,3.552713678800501e-15,400,0
gaussian,gaussian,kl_stl,kl,1,16,32,100.0,0.0,0.1,4,2000,3.552713678800501e-15,3.552713678800501e-15,0.0,3.552713678800501e-15,400,0
gaussian,gaussian,kl_stl,kl,1,17,32,100.0,0.0,0.1,4,2000,3.552713678800501e-15,3.552713678800501e-15,0.0,3.552713678800501e-15,400,0
gaussian,gaussian,kl_stl,kl,1,18,32,100.0,0.0,0.1,4,2000,3.552713678800501e-15,3.552713678800501e-15,0.0,3.552713678800501e-15,400,0
gaussian,gaussian,kl_stl,kl,1,19,32,100.0,0.0,0.1,4,2000,3.552713678800501e-15,3.552713678800501e-15,0.0,3.552713678800501e-15,400,0
gaussian,gaussian,riemannian_stl,riemannian,1,0,32,100.0,0.0,0.1,16,2000,3.552713678800501e-15,3.552713678800501e-15,0.0,3.552713678800501e-15,400,0
gaussian,gaussian,riemannian_stl,riemannian,1,1,32,100.0,0.0,0.1,16,2000,3.552713678800501e-15,3.552713678800501e-15,0.0,3.552713678800501e-15,400,0
gaussian,gaussian,riemannian_stl,riemannian,1,2,32,100.0,0.0,0.1,16,2000,3.552713678800501e-15,3.552713678800501e-15,0.0,3.552713678800501e-15,400,0
gaussian,gaussian,riemannian_stl,riemannian,1,3,32,100.0,0.0,0.1,16,2000,3.552713678800501e-15,3.552713678800501e-15,0.0,3.552713678800501e-15,400,0
gaussian,gaussian,riemannian_stl,riemannian,1,4,32,100.0,0.0,0.1,16,2000,3.552713678800501e-15,3.552713678800501e-15,0.0,3.552713678800501e-15,400,0
gaussian,gaussian,riemannian_stl,riemannian,1,5,32,100.0,0.0,0.1,16,2000,3.552713678800501e-15,3.552713678800501e-15,0.0,3.552713678800501e-15,400,0
gaussian,gaussian,riemannian_stl,riemannian,1,6,32,100.0,0.0,0.1,16,2000,3.552713678800501e-15,3.552713678800501e-15,0.0,3.552713678800501e-15,400,0
gaussian,gaussian,riemannian_stl,riemannian,1,7,32,100.0,0.0,0.1,16,2000,3.552713678800501e-15,3.552713678800501e-15,0.0,3.552713678800501e-15,400,0
gaussian,gaussian,riemannian_stl,riemannian,1,8,32,100.0,0.0,0.1,16,2000,3.552713678800501e-15,3.552713678800501e-15,0.0,3.552713678800501e-15,400,0
gaussian,gaussian,riemannian_stl,riemannian,1,9,32,100.0,0.0,0.1,16,2000,3.552713678800501e-15,3.552713678800501e-15,0.0,3.552713678800501e-15,400,0
gaussian,gaussian,riemannian_stl,riemannian,1,10,32,100.0,0.0,0.1,16,2000,3.552713678800501e-15,3.552713678800501e-15,0.0,3.552713678800501e-15,400,0
gaussian,gaussian,riemannian_stl,riemannian,1,11,32,100.0,0.0,0.1,16,2000,3.552713678800501e-15,3.552713678800501e-15,0.0,3.552713678800501e-15,400,0
gaussian,gaussian,riemannian_stl,riemannian,1,12,32,100.0,0.0,0.1,16,2000,3.552713678800501e-15,3.552713678800501e-15,0.0,3.552713678800501e-15,400,0
gaussian,gaussian,riemannian_stl,riemannian,1,13,32,100.0,0.0,0.1,16,2000,3.552713678800501e-15,3.552713678800501e-15,0.0,3.552713678800501e-15,400,0
gaussian,gaussian,riemannian_stl,riemannian,1,14,32,100.0,0.0,0.1,16,2000,3.552713678800501e-15,3.552713678800501e-15,0.0,3.552713678800501e-15,400,0
gaussian,gaussian,riemannian_stl,riemannian,1,15,32,100.0,0.0,0.1,16,2000,3.552713678800501e-15,3.552713678800501e-15,0.0,3.552713678800501e-15,400,0
gaussian,gaussian,riemannian_stl,riemannian,1,16,32,100.0,0.0,0.1,16,2000,3.552713678800501e-15,3.552713678800501e-15,0.0,3.552713678800501e-15,400,0
gaussian,gaussian,riemannian_stl,riemannian,1,17,32,100.0,0.0,0.1,16,2000,3.552713678800501e-15,3.552713678800501e-15,0.0,3.552713678800501e-15,400,0
gaussian,gaussian,riemannian_stl,riemannian,1,18,32,100.0,0.0,0.1,16,2000,3.552713678800501e-15,3.552713678800501e-15,0.0,3.552713678800501e-15,400,0
gaussian,gaussian,riemannian_stl,riemannian,1,19,32,100.0,0.0,0.1,16,2000,3.552713678800501e-15,3.552713678800501e-15,0.0,3.552713678800501e-15,400,0
gaussian,gaussian,kl_stl,kl,1,0,32,100.0,0.0,0.1,16,2000,3.552713678800501e-15,3.552713678800501e-15,0.0,3.552713678800501e-15,400,0
gaussian,gaussian,kl_stl,kl,1,1,32,100.0,0.0,0.1,16,2000,3.552713678800501e-15,3.552713678800501e-15,0.0,3.552713678800501e-15,400,0
gaussian,gaussian,kl_stl,kl,1,2,32,100.0,0.0,0.1,16,2000,3.552713678800501e-15,3.552713678800501e-15,0.0,3.552713678800501e-15,400,0
gaussian,gaussian,kl_stl,kl,1,3,32,100.0,0.0,0.1,16,2000,3.552713678800501e-15,3.552713678800501e-15,0.0,3.552713678800501e-15,400,0
gaussian,gaussian,kl_stl,kl,1,4,32,100.0,0.0,0.1,16,2000,3.552713678800501e-15,3.552713678800501e-15,0.0,3.552713678800501e-15,400,0
gaussian,gaussian,kl_stl,kl,1,5,32,100.0,0.0,0.1,16,2000,3.552713678800501e-15,3.552713678800501e-15,0.0,3.552713678800501e-15,400,0
gaussian,gaussian,kl_stl,kl,1,6,32,100.0,0.0,0.1,16,2000,3.552713678800501e-15,3.552713678800501e-15,0.0,3.552713678800501e-15,400,0
gaussian,gaussian,kl_stl,kl,1,7,32,100.0,0.0,0.1,16,2000,3.552713678800501e-15,3.552713678800501e-15,0.0,3.552713678800501e-15,400,0
gaussian,gaussian,kl_stl,kl,1,8,32,100.0,0.0,0.1,16,2000,3.552713678800501e-15,3.552713678800501e-15,0.0,3.552713678800501e-15,400,0
gaussian,gaussian,kl_stl,kl,1,9,32,100.0,0.0,0.1,16,2000,3.552713678800501e-15,3.552713678800501e-15,0.0,3.552713678800501e-15,400,0
gaussian,gaussian,kl_stl,kl,1,10,32,100.0,0.0,0.1,16,2000,3.552713678800501e-15,3.552713678800501e-15,0.0,3.552713678800501e-15,400,0
gaussian,gaussian,kl_stl,kl,1,11,32,100.0,0.0,0.1,16,2000,3.552713678800501e-15,3.552713678800501e-15,0.0,3.552713678800501e-15,400,0
gaussian,gaussian,kl_stl,kl,1,12,32,100.0,0.0,0.1,16,2000,3.552713678800501e-15,3.552713678800501e-15,0.0,3.552713678800501e-15,400,0
gaussian,gaussian,kl_stl,kl,1,13,32,100.0,0.0,0.1,16,2000,3.552713678800501e-15,3.552713678800501e-15,0.0,3.552713678800501e-15,400,0
gaussian,gaussian,kl_stl,kl,1,14,32,100.0,0.0,0.1,16,2000,3.552713678800501e-15,3.552713678800501e-15,0.0,3.552713678800501e-15,400,0
gaussian,gaussian,kl_stl,kl,1,15,32,100.0,0.0,0.1,16,2000,3.552713678800501e-15,3.552713678800501e-15,0.0,3.552713678800501e-15,400,0
gaussian,gaussian,kl_stl,kl,1,16,32,100.0,0.0,0.1,16,2000,3.552713678800501e-15,3.552713678800501e-15,0.0,3.552713678800501e-15,400,0
gaussian,gaussian,kl_stl,kl,1,17,32,100.0,0.0,0.1,16,2000,3.552713678800501e-15,3.552713678800501e-15,0.0,3.552713678800501e-15,400,0
gaussian,gaussian,kl_stl,kl,1,18,32,100.0,0.0,0.1,16,2000,3.552713678800501e-15,3.552713678800501e-15,0.0,3.552713678800501e-15,400,0
gaussian,gaussian,kl_stl,kl,1,19,32,100.0,0.0,0.1,16,2000,3.552713678800501e-15,3.552713678800501e-15,0.0,3.552713678800501e-15,400,0
gaussian,gaussian,riemannian_stl,riemannian,1,0,32,10000.0,0.0,0.1,1,2000,-3.552713678800501e-15,-3.552713678800501e-15,0.0,-3.552713678800501e-15,400,0
gaussian,gaussian,riemannian_stl,riemannian,1,1,32,10000.0,0.0,0.1,1,2000,-3.552713678800501e-15,-3.552713678800501e-15,0.0,-3.552713678800501e-15,400,0
gaussian,gaussian,riemannian_stl,riemannian,1,2,32,10000.0,0.0,0.1,1,2000,-3.552713678800501e-15,-3.552713678800501e-15,0.0,-3.552713678800501e-15,400,0
gaussian,gaussian,riemannian_stl,riemannian,1,3,32,10000.0,0.0,0.1,1,2000,-3.552713678800501e-15,-3.552713678800501e-15,0.0,-3.552713678800501e-15,400,0
gaussian,gaussian,riemannian_stl,riemannian,1,4,32,10000.0,0.0,0.1,1,2000,-3.552713678800501e-15,-3.552713678800501e-15,0.0,-3.552713678800501e-15,400,0
gaussian,gaussian,riemannian_stl,riemannian,1,5,32,10000.0,0.0,0.1,1,2000,-3.552713678800501e-15,-3.552713678800501e-15,0.0,-3.552713678800501e-15,400,0
gaussian,gaussian,riemannian_stl,riemannian,1,6,32,10000.0,0.0,0.1,1,2000,-3.552713678800501e-15,-3.552713678800501e-15,0.0,-3.552713678800501e-15,400,0
gaussian,gaussian,riemannian_stl,riemannian,1,7,32,10000.0,0.0,0.1,1,2000,-3.552713678800501e-15,-3.552713678800501e-15,0.0,-3.552713678800501e-15,400,0
gaussian,gaussian,riemannian_stl,riemannian,1,8,32,10000.0,0.0,0.1,1,2000,-3.552713678800501e-15,-3.552713678800501e-15,0.0,-3.552713678800501e-15,400,0
gaussian,gaussian,riemannian_stl,riemannian,1,9,32,10000.0,0.0,0.1,1,2000,-3.552713678800501e-15,-3.552713678800501e-15,0.0,-3.552713678800501e-15,400,0
gaussian,gaussian,riemannian_stl,riemannian,1,10,32,10000.0,0.0,0.1,1,2000,-3.552713678800501e-15,-3.552713678800501e-15,0.0,-3.552713678800501e-15,400,0
gaussian,gaussian,riemannian_stl,riemannian,1,11,32,10000.0,0.0,0.1,1,2000,-3.552713678800501e-15,-3.552713678800501e-15,0.0,-3.552713678800501e-15,400,0
gaussian,gaussian,riemannian_stl,riemannian,1,12,32,10000.0,0.0,0.1,1,2000,-3.552713678800501e-15,-3.552713678800501e-15,0.0,-3.552713678800501e-15,400,0
gaussian,gaussian,riemannian_stl,riemannian,1,13,32,10000.0,0.0,0.1,1,2000,-3.552713678800501e-15,-3.552713678800501e-15,0.0,-3.552713678800501e-15,400,0
gaussian,gaussian,riemannian_stl,riemannian,1,14,32,10000.0,0.0,0.1,1,2000,-3.552713678800501e-15,-3.552713678800501e-15,0.0,-3.552713678800501e-15,400,0
gaussian,gaussian,riemannian_stl,riemannian,1,15,32,10000.0,0.0,0.1,1,2000,-3.552713678800501e-15,-3.552713678800501e-15,0.0,-3.552713678800501e-15,400,0
gaussian,gaussian,riemannian_stl,riemannian,1,16,32,10000.0,0.0,0.1,1,2000,-3.552713678800501e-15,-3.552713678800501e-15,0.0,-3.552713678800501e-15,400,0
gaussian,gaussian,riemannian_stl,riemannian,1,17,32,10000.0,0.0,0.1,1,2000,-3.552713678800501e-15,-3.552713678800501e-15,0.0,-3.552713678800501e-15,400,0
gaussian,gaussian,riemannian_stl,riemannian,1,18,32,10000.0,0.0,0.1,1,2000,-3.552713678800501e-15,-3.552713678800501e-15,0.0,-3.552713678800501e-15,400,0
gaussian,gaussian,riemannian_stl,riemannian,1,19,32,10000.0,0.0,0.1,1,2000,-3.552713678800501e-15,-3.552713678800501e-15,0.0,-3.552713678800501e-15,400,0
gaussian,gaussian,kl_stl,kl,1,0,32,10000.0,0.0,0.1,1,2000,7.105427357601002e-15,7.105427357601002e-15,0.0,7.105427357601002e-15,400,0
gaussian,gaussian,kl_stl,kl,1,1,32,10000.0,0.0,0.1,1,2000,7.105427357601002e-15,7.105427357601002e-15,0.0,7.105427357601002e-15,400,0
gaussian,gaussian,kl_stl,kl,1,2,32,10000.0,0.0,0.1,1,2000,7.105427357601002e-15,7.105427357601002e-15,0.0,7.105427357601002e-15,400,0
gaussian,gaussian,kl_stl,kl,1,3,32,10000.0,0.0,0.1,1,2000,7.105427357601002e-15,7.105427357601002e-15,0.0,7.105427357601002e-15,400,0
gaussian,gaussian,kl_stl,kl,1,4,32,10000.0,0.0,0.1,1,2000,7.105427357601002e-15,7.105427357601002e-15,0.0,7.105427357601002e-15,400,0
gaussian,gaussian,kl_stl,kl,1,5,32,10000.0,0.0,0.1,1,2000,7.105427357601002e-15,7.105427357601002e-15,0.0,7.105427357601002e-15,400,0
gaussian,gaussian,kl_stl,kl,1,6,32,10000.0,0.0,0.1,1,2000,7.105427357601002e-15,7.105427357601002e-15,0.0,7.105427357601002e-15,400,0
gaussian,gaussian,kl_stl,kl,1,7,32,10000.0,0.0,0.1,1,2000,7.105427357601002e-15,7.105427357601002e-15,0.0,7.105427357601002e-15,400,0
gaussian,gaussian,kl_stl,kl,1,8,32,10000.0,0.0,0.1,1,2000,7.105427357601002e-15,7.105427357601002e-15,0.0,7.105427357601002e-15,400,0
gaussian,gaussian,kl_stl,kl,1,9,32,10000.0,0.0,0.1,1,2000,7.105427357601002e-15,7.105427357601002e-15,0.0,7.105427357601002e-15,400,0
gaussian,gaussian,kl_stl,kl,1,10,32,10000.0,0.0,0.1,1,2000,7.105427357601002e-15,7.105427357601002e-15,0.0,7.105427357601002e-15,400,0
gaussian,gaussian,kl_stl,kl,1,11,32,10000.0,0.0,0.1,1,2000,7.105427357601002e-15,7.105427357601002e-15,0.0,7.105427357601002e-15,400,0
gaussian,gaussian,kl_stl,kl,1,12,32,10000.0,0.0,0.1,1,2000,7.105427357601002e-15,7.105427357601002e-15,0.0,7.105427357601002e-15,400,0
gaussian,gaussian,kl_stl,kl,1,13,32,10000.0,0.0,0.1,1,2000,7.105427357601002e-15,7.105427357601002e-15,0.0,7.105427357601002e-15,400,0
gaussian,gaussian,kl_stl,kl,1,14,32,10000.0,0.0,0.1,1,2000,7.105427357601002e-15,7.105427357601002e-15,0.0,7.105427357601002e-15,400,0
gaussian,gaussian,kl_stl,kl,1,15,32,10000.0,0.0,0.1,1,2000,7.105427357601002e-15,7.105427357601002e-15,0.0,7.105427357601002e-15,400,0
gaussian,gaussian,kl_stl,kl,1,16,32,10000.0,0.0,0.1,1,2000,7.105427357601002e-15,7.105427357601002e-15,0.0,7.105427357601002e-15,400,0
gaussian,gaussian,kl_stl,kl,1,17,32,10000.0,0.0,0.1,1,2000,7.105427357601002e-15,7.105427357601002e-15,0.0,7.105427357601002e-15,400,0
gaussian,gaussian,kl_stl,kl,1,18,32,10000.0,0.0,0.1,1,2000,7.105427357601002e-15,7.105427357601002e-15,0.0,7.105427357601002e-15,400,0
gaussian,gaussian,kl_stl,kl,1,19,32,10000.0,0.0,0.1,1,2000,7.105427357601002e-15,7.105427357601002e-15,0.0,7.105427357601002e-15,400,0
gaussian,gaussian,riemannian_stl,riemannian,1,0,32,10000.0,0.0,0.1,4,2000,-3.552713678800501e-15,-3.552713678800501e-15,0.0,-3.552713678800501e-15,400,0
gaussian,gaussian,riemannian_stl,riemannian,1,1,32,10000.0,0.0,0.1,4,2000,-3.552713678800501e-15,-3.552713678800501e-15,0.0,-3.552713678800501e-15,400,0
gaussian,gaussian,riemannian_stl,riemannian,1,2,32,10000.0,0.0,0.1,4,2000,-3.552713678800501e-15,-3.552713678800501e-15,0.0,-3.552713678800501e-15,400,0
gaussian,gaussian,riemannian_stl,riemannian,1,3,32,10000.0,0.0,0.1,4,2000,-3.552713678800501e-15,-3.552713678800501e-15,0.0,-3.552713678800501e-15,400,0
gaussian,gaussian,riemannian_stl,riemannian,1,4,32,10000.0,0.0,0.1,4,2000,-3.552713678800501e-15,-3.552713678800501e-15,0.0,-3.552713678800501e-15,400,0
gaussian,gaussian,riemannian_stl,riemannian,1,5,32,10000.0,0.0,0.1,4,2000,-3.552713678800501e-15,-3.552713678800501e-15,0.0,-3.552713678800501e-15,400,0
gaussian,gaussian,riemannian_stl,riemannian,1,6,32,10000.0,0.0,0.1,4,2000,-3.552713678800501e-15,-3.552713678800501e-15,0.0,-3.552713678800501e-15,400,0
gaussian,gaussian,riemannian_stl,riemannian,1,7,32,10000.0,0.0,0.1,4,2000,-3.552713678800501e-15,-3.552713678800501e-15,0.0,-3.552713678800501e-15,400,0
gaussian,gaussian,riemannian_stl,riemannian,1,8,32,10000.0,0.0,0.1,4,2000,-3.552713678800501e-15,-3.552713678800501e-15,0.0,-3.552713678800501e-15,400,0
gaussian,gaussian,riemannian_stl,riemannian,1,9,32,10000.0,0.0,0.1,4,2000,-3.552713678800501e-15,-3.552713678800501e-15,0.0,-3.552713678800501e-15,400,0
gaussian,gaussian,riemannian_stl,riemannian,1,10,32,10000.0,0.0,0.1,4,2000,-3.552713678800501e-15,-3.552713678800501e-15,0.0,-3.552713678800501e-15,400,0
gaussian,gaussian,riemannian_stl,riemannian,1,11,32,10000.0,0.0,0.1,4,2000,-3.552713678800501e-15,-3.552713678800501e-15,0.0,-3.552713678800501e-15,400,0
gaussian,gaussian,riemannian_stl,riemannian,1,12,32,10000.0,0.0,0.1,4,2000,-3.552713678800501e-15,-3.552713678800501e-15,0.0,-3.552713678800501e-15,400,0
gaussian,gaussian,riemannian_stl,riemannian,1,13,32,10000.0,0.0,0.1,4,2000,-3.552713678800501e-15,-3.552713678800501e-15,0.0,-3.552713678800501e-15,400,0
gaussian,gaussian,riemannian_stl,riemannian,1,14,32,10000.0,0.0,0.1,4,2000,-3.552713678800501e-15,-3.552713678800501e-15,0.0,-3.552713678800501e-15,400,0
gaussian,gaussian,riemannian_stl,riemannian,1,15,32,10000.0,0.0,0.1,4,2000,-3.552713678800501e-15,-3.552713678800501e-15,0.0,-3.552713678800501e-15,400,0
gaussian,gaussian,riemannian_stl,riemannian,1,16,32,10000.0,0.0,0.1,4,2000,-3.552713678800501e-15,-3.552713678800501e-15,0.0,-3.552713678800501e-15,400,0
gaussian,gaussian,riemannian_stl,riemannian,1,17,32,10000.0,0.0,0.1,4,2000,-3.552713678800501e-15,-3.552713678800501e-15,0.0,-3.552713678800501e-15,400,0
gaussian,gaussian,riemannian_stl,riemannian,1,18,32,10000.0,0.0,0.1,4,2000,-3.552713678800501e-15,-3.552713678800501e-15,0.0,-3.552713678800501e-15,400,0
gaussian,gaussian,riemannian_stl,riemannian,1,19,32,10000.0,0.0,0.1,4,2000,-3.552713678800501e-15,-3.552713678800501e-15,0.0,-3.552713678800501e-15,400,0
gaussian,gaussian,kl_stl,kl,1,0,32,10000.0,0.0,0.1,4,2000,7.105427357601002e-15,7.105427357601002e-15,0.0,7.105427357601002e-15,400,0
gaussian,gaussian,kl_stl,kl,1,1,32,10000.0,0.0,0.1,4,2000,7.105427357601002e-15,7.105427357601002e-15,0.0,7.105427357601002e-15,400,0
gaussian,gaussian,kl_stl,kl,1,2,32,10000.0,0.0,0.1,4,2000,7.105427357601002e-15,7.105427357601002e-15,0.0,7.105427357601002e-15,400,0
gaussian,gaussian,kl_stl,kl,1,3,32,10000.0,0.0,0.1,4,2000,7.105427357601002e-15,7.105427357601002e-15,0.0,7.105427357601002e-15,400,0
gaussian,gaussian,kl_stl,kl,1,4,32,10000.0,0.0,0.1,4,2000,7.105427357601002e-15,7.105427357601002e-15,0.0,7.105427357601002e-15,400,0
gaussian,gaussian,kl_stl,kl,1,5,32,10000.0,0.0,0.1,4,2000,7.105427357601002e-15,7.105427357601002e-15,0.0,7.105427357601002e-15,400,0
gaussian,gaussian,kl_stl,kl,1,6,32,10000.0,0.0,0.1,4,2000,7.105427357601002e-15,7.105427357601002e-15,0.0,7.105427357601002e-15,400,0
gaussian,gaussian,kl_stl,kl,1,7,32,10000.0,0.0,0.1,4,2000,7.105427357601002e-15,7.105427357601002e-15,0.0,7.105427357601002e-15,400,0
gaussian,gaussian,kl_stl,kl,1,8,32,10000.0,0.0,0.1,4,2000,7.105427357601002e-15,7.105427357601002e-15,0.0,7.105427357601002e-15,400,0
gaussian,gaussian,kl_stl,kl,1,9,32,10000.0,0.0,0.1,4,2000,7.105427357601002e-15,7.105427357601002e-15,0.0,7.105427357601002e-15,400,0
gaussian,gaussian,kl_stl,kl,1,10,32,10000.0,0.0,0.1,4,2000,7.105427357601002e-15,7.105427357601002e-15,0.0,7.105427357601002e-15,400,0
gaussian,gaussian,kl_stl,kl,1,11,32,10000.0,0.0,0.1,4,2000,7.105427357601002e-15,7.105427357601002e-15,0.0,7.105427357601002e-15,400,0
gaussian,gaussian,kl_stl,kl,1,12,32,10000.0,0.0,0.1,4,2000,7.105427357601002e-15,7.105427357601002e-15,0.0,7.105427357601002e-15,400,0
gaussian,gaussian,kl_stl,kl,1,13,32,10000.0,0.0,0.1,4,2000,7.105427357601002e-15,7.105427357601002e-15,0.0,7.105427357601002e-15,400,0
gaussian,gaussian,kl_stl,kl,1,14,32,10000.0,0.0,0.1,4,2000,7.105427357601002e-15,7.105427357601002e-15,0.0,7.105427357601002e-15,400,0
gaussian,gaussian,kl_stl,kl,1,15,32,10000.0,0.0,0.1,4,2000,7.105427357601002e-15,7.105427357601002e-15,0.0,7.105427357601002e-15,400,0
gaussian,gaussian,kl_stl,kl,1,16,32,10000.0,0.0,0.1,4,2000,7.105427357601002e-15,7.105427357601002e-15,0.0,7.105427357601002e-15,400,0
gaussian,gaussian,kl_stl,kl,1,17,32,10000.0,0.0,0.1,4,2000,7.105427357601002e-15,7.105427357601002e-15,0.0,7.105427357601002e-15,400,0
gaussian,gaussian,kl_stl,kl,1,18,32,10000.0,0.0,0.1,4,2000,7.105427357601002e-15,7.105427357601002e-15,0.0,7.105427357601002e-15,400,0
gaussian,gaussian,kl_stl,kl,1,19,32,10000.0,0.0,0.1,4,2000,7.105427357601002e-15,7.105427357601002e-15,0.0,7.105427357601002e-15,400,0
gaussian,gaussian,riemannian_stl,riemannian,1,0,32,10000.0,0.0,0.1,16,2000,-3.552713678800501e-15,-3.552713678800501e-15,0.0,-3.552713678800501e-15,400,0
gaussian,gaussian,riemannian_stl,riemannian,1,1,32,10000.0,0.0,0.1,16,2000,-3.552713678800501e-15,-3.552713678800501e-15,0.0,-3.552713678800501e-15,400,0
gaussian,gaussian,riemannian_stl,riemannian,1,2,32,10000.0,0.0,0.1,16,2000,-3.552713678800501e-15,-3.552713678800501e-15,0.0,-3.552713678800501e-15,400,0
gaussian,gaussian,riemannian_stl,riemannian,1,3,32,10000.0,0.0,0.1,16,2000,-3.552713678800501e-15,-3.552713678800501e-15,0.0,-3.552713678800501e-15,400,0
gaussian,gaussian,riemannian_stl,riemannian,1,4,32,10000.0,0.0,0.1,16,2000,-3.552713678800501e-15,-3.552713678800501e-15,0.0,-3.552713678800501e-15,400,0
gaussian,gaussian,riemannian_stl,riemannian,1,5,32,10000.0,0.0,0.1,16,2000,-3.552713678800501e-15,-3.552713678800501e-15,0.0,-3.552713678800501e-15,400,0
gaussian,gaussian,riemannian_stl,riemannian,1,6,32,10000.0,0.0,0.1,16,2000,-3.552713678800501e-15,-3.552713678800501e-15,0.0,-3.552713678800501e-15,400,0
gaussian,gaussian,riemannian_stl,riemannian,1,7,32,10000.0,0.0,0.1,16,2000,-3.552713678800501e-15,-3.552713678800501e-15,0.0,-3.552713678800501e-15,400,0
gaussian,gaussian,riemannian_stl,riemannian,1,8,32,10000.0,0.0,0.1,16,2000,-3.552713678800501e-15,-3.552713678800501e-15,0.0,-3.552713678800501e-15,400,0
gaussian,gaussian,riemannian_stl,riemannian,1,9,32,10000.0,0.0,0.1,16,2000,-3.552713678800501e-15,-3.552713678800501e-15,0.0,-3.552713678800501e-15,400,0
gaussian,gaussian,riemannian_stl,riemannian,1,10,32,10000.0,0.0,0.1,16,2000,-3.552713678800501e-15,-3.552713678800501e-15,0.0,-3.552713678800501e-15,400,0
gaussian,gaussian,riemannian_stl,riemannian,1,11,32,10000.0,0.0,0.1,16,2000,-3.552713678800501e-15,-3.552713678800501e-15,0.0,-3.552713678800501e-15,400,0
gaussian,gaussian,riemannian_stl,riemannian,1,12,32,10000.0,0.0,0.1,16,2000,-3.552713678800501e-15,-3.552713678800501e-15,0.0,-3.552713678800501e-15,400,0
gaussian,gaussian,riemannian_stl,riemannian,1,13,32,10000.0,0.0,0.1,16,2000,-3.552713678800501e-15,-3.552713678800501e-15,0.0,-3.552713678800501e-15,400,0
gaussian,gaussian,riemannian_stl,riemannian,1,14,32,10000.0,0.0,0.1,16,2000,-3.552713678800501e-15,-3.552713678800501e-15,0.0,-3.552713678800501e-15,400,0
gaussian,gaussian,riemannian_stl,riemannian,1,15,32,10000.0,0.0,0.1,16,2000,-3.552713678800501e-15,-3.552713678800501e-15,0.0,-3.552713678800501e-15,400,0
gaussian,gaussian,riemannian_stl,riemannian,1,16,32,10000.0,0.0,0.1,16,2000,-3.552713678800501e-15,-3.552713678800501e-15,0.0,-3.552713678800501e-15,400,0
gaussian,gaussian,riemannian_stl,riemannian,1,17,32,10000.0,0.0,0.1,16,2000,-3.552713678800501e-15,-3.552713678800501e-15,0.0,-3.552713678800501e-15,400,0
gaussian,gaussian,riemannian_stl,riemannian,1,18,32,10000.0,0.0,0.1,16,2000,-3.552713678800501e-15,-3.552713678800501e-15,0.0,-3.552713678800501e-15,400,0
gaussian,gaussian,riemannian_stl,riemannian,1,19,32,10000.0,0.0,0.1,16,2000,-3.552713678800501e-15,-3.552713678800501e-15,0.0,-3.552713678800501e-15,400,0
gaussian,gaussian,kl_stl,kl,1,0,32,10000.0,0.0,0.1,16,2000,7.105427357601002e-15,7.105427357601002e-15,0.0,7.105427357601002e-15,400,0
gaussian,gaussian,kl_stl,kl,1,1,32,10000.0,0.0,0.1,16,2000,7.105427357601002e-15,7.105427357601002e-15,0.0,7.105427357601002e-15,400,0
gaussian,gaussian,kl_stl,kl,1,2,32,10000.0,0.0,0.1,16,2000,7.105427357601002e-15,7.105427357601002e-15,0.0,7.105427357601002e-15,400,0
gaussian,gaussian,kl_stl,kl,1,3,32,10000.0,0.0,0.1,16,2000,7.105427357601002e-15,7.105427357601002e-15,0.0,7.105427357601002e-15,400,0
gaussian,gaussian,kl_stl,kl,1,4,32,10000.0,0.0,0.1,16,2000,7.105427357601002e-15,7.105427357601002e-15,0.0,7.105427357601002e-15,400,0
gaussian,gaussian,kl_stl,kl,1,5,32,10000.0,0.0,0.1,16,2000,7.105427357601002e-15,7.105427357601002e-15,0.0,7.105427357601002e-15,400,0
gaussian,gaussian,kl_stl,kl,1,6,32,10000.0,0.0,0.1,16,2000,7.105427357601002e-15,7.105427357601002e-15,0.0,7.105427357601002e-15,400,0
gaussian,gaussian,kl_stl,kl,1,7,32,10000.0,0.0,0.1,16,2000,7.105427357601002e-15,7.105427357601002e-15,0.0,7.105427357601002e-15,400,0
gaussian,gaussian,kl_stl,kl,1,8,32,10000.0,0.0,0.1,16,2000,7.105427357601002e-15,7.105427357601002e-15,0.0,7.105427357601002e-15,400,0
gaussian,gaussian,kl_stl,kl,1,9,32,10000.0,0.0,0.1,16,2000,7.105427357601002e-15,7.105427357601002e-15,0.0,7.105427357601002e-15,400,0
gaussian,gaussian,kl_stl,kl,1,10,32,10000.0,0.0,0.1,16,2000,7.105427357601002e-15,7.105427357601002e-15,0.0,7.105427357601002e-15,400,0
gaussian,gaussian,kl_stl,kl,1,11,32,10000.0,0.0,0.1,16,2000,7.105427357601002e-15,7.105427357601002e-15,0.0,7.105427357601002e-15,400,0
gaussian,gaussian,kl_stl,kl,1,12,32,10000.0,0.0,0.1,16,2000,7.105427357601002e-15,7.105427357601002e-15,0.0,7.105427357601002e-15,400,0
gaussian,gaussian,kl_stl,kl,1,13,32,10000.0,0.0,0.1,16,2000,7.105427357601002e-15,7.105427357601002e-15,0.0,7.105427357601002e-15,400,0
gaussian,gaussian,kl_stl,kl,1,14,32,10000.0,0.0,0.1,16,2000,7.105427357601002e-15,7.105427357601002e-15,0.0,7.105427357601002e-15,400,0
gaussian,gaussian,kl_stl,kl,1,15,32,10000.0,0.0,0.1,16,2000,7.105427357601002e-15,7.105427357601002e-15,0.0,7.105427357601002e-15,400,0
gaussian,gaussian,kl_stl,kl,1,16,32,10000.0,0.0,0.1,16,2000,7.105427357601002e-15,7.105427357601002e-15,0.0,7.105427357601002e-15,400,0
gaussian,gaussian,kl_stl,kl,1,17,32,10000.0,0.0,0.1,16,2000,7.105427357601002e-15,7.105427357601002e-15,0.0,7.105427357601002e-15,400,0
gaussian,gaussian,kl_stl,kl,1,18,32,10000.0,0.0,0.1,16,2000,7.105427357601002e-15,7.105427357601002e-15,0.0,7.105427357601002e-15,400,0
gaussian,gaussian,kl_stl,kl,1,19,32,10000.0,0.0,0.1,16,2000,7.105427357601002e-15,7.105427357601002e-15,0.0,7.105427357601002e-15,400,0
log_cosh,log_cosh,riemannian_stl,riemannian,1,0,2,10.0,0.1,0.1,1,3000,1.5467848439948048e-05,1.1787418928488336e-05,1.418686585929869e-05,1.6068513662315098e-05,600,0
log_cosh,log_cosh,riemannian_stl,riemannian,1,1,2,10.0,0.1,0.1,1,3000,2.786185574517264e-05,1.822493365999378e-05,2.7118289439939505e-05,1.5486556480315272e-05,600,0
log_cosh,log_cosh,riemannian_stl,riemannian,1,2,2,10.0,0.1,0.1,1,3000,1.5274473533556005e-05,1.0613646781454378e-05,1.634612613065937e-05,2.4115610075536864e-05,600,0
log_cosh,log_cosh,riemannian_stl,riemannian,1,3,2,10.0,0.1,0.1,1,3000,1.806697765387296e-05,1.1936716380667178e-05,1.95829676644196e-05,8.373880648893106e-06,600,0
log_cosh,log_cosh,riemannian_stl,riemannian,1,4,2,10.0,0.1,0.1,1,3000,1.718200052159687e-05,1.1590832404317908e-05,1.8740209951467128e-05,1.5956506200787146e-06,600,0
log_cosh,log_cosh,riemannian_stl,riemannian,1,5,2,10.0,0.1,0.1,1,3000,1.67195056363334e-05,1.0388627493584934e-05,1.9848055340782372e-05,8.6382090231929e-06,600,0
log_cosh,log_cosh,riemannian_stl,riemannian,1,6,2,10.0,0.1,0.1,1,3000,1.8915283693585748e-05,1.1659976756783765e-05,2.0705177442190477e-05,1.2565063194358572e-06,600,0
log_cosh,log_cosh,riemannian_stl,riemannian,1,7,2,10.0,0.1,0.1,1,3000,1.7084744661862346e-05,1.358425797559626e-05,1.4731113147178792e-05,9.813767892552503e-06,600,0
log_cosh,log_cosh,riemannian_stl,riemannian,1,8,2,10.0,0.1,0.1,1,3000,2.4635984840012026e-05,1.809593469692672e-05,2.4181224243348324e-05,3.2021009064742145e-05,600,0
log_cosh,log_cosh,riemannian_stl,riemannian,1,9,2,10.0,0.1,0.1,1,3000,1.4389282352034925e-05,1.0077233439265145e-05,1.4075366608718706e-05,7.515994066409348e-05,600,0
log_cosh,log_cosh,riemannian_stl,riemannian,1,10,2,10.0,0.1,0.1,1,3000,1.9133268779909507e-05,1.1764882884346406e-05,2.155730464023157e-05,3.116156336258058e-05,600,0
log_cosh,log_cosh,riemannian_stl,riemannian,1,11,2,10.0,0.1,0.1,1,3000,1.969517313334205e-05,1.2197319759099656e-05,2.1084126770181053e-05,3.0509495866137822e-05,600,0
log_cosh,log_cosh,riemannian_stl,riemannian,1,12,2,10.0,0.1,0.1,1,3000,2.2845900059370963e-05,1.5053647903773282e-05,2.513987813958075e-05,4.241816755623518e-07,600,0
log_cosh,log_cosh,riemannian_stl,riemannian,1,13,2,10.0,0.1,0.1,1,3000,1.5644339764174414e-05,1.163080971711139e-05,1.4534265301154058e-05,4.392966452826386e-07,600,0
log_cosh,log_cosh,riemannian_stl,riemannian,1,14,2,10.0,0.1,0.1,1,3000,2.3403144189723484e-05,1.6804122253022413e-05,2.069514553576645e-05,1.6308215577076624e-05,600,0
log_cosh,log_cosh,riemannian_stl,riemannian,1,15,2,10.0,0.1,0.1,1,3000,1.931194064674753e-05,1.3550250842708778e-05,1.894549862626966e-05,2.4207489714545005e-05,600,0
log_cosh,log_cosh,riemannian_stl,riemannian,1,16,2,10.0,0.1,0.1,1,3000,1.5908195270499065e-05,1.1111306187805424e-05,1.682261964968523e-05,2.146976832007041e-05,600,0
log_cosh,log_cosh,riemannian_stl,riemannian,1,17,2,10.0,0.1,0.1,1,3000,1.7939058664052283e-05,9.920218391634704e-06,2.313463692412696e-05,3.725725528536117e-06,600,0
log_cosh,log_cosh,riemannian_stl,riemannian,1,18,2,10.0,0.1,0.1,1,3000,2.1912770469481038e-05,1.5032145465054825e-05,2.220559665131129e-05,2.2442688295765123e-05,600,0
log_cosh,log_cosh,riemannian_stl,riemannian,1,19,2,10.0,0.1,0.1,1,3000,1.5059707847495664e-05,1.040114311612328e-05,1.5353134585776965e-05,2.4350027794106666e-06,600,0
log_cosh,log_cosh,kl_stl,kl,1,0,2,10.0,0.1,0.1,1,3000,1.4437128081596176e-05,1.0820752208484665e-05,1.3042157396188502e-05,1.2522284900118308e-05,600,0
log_cosh,log_cosh,kl_stl,kl,1,1,2,10.0,0.1,0.1,1,3000,2.655912849389264e-05,1.7708357311629896e-05,2.5923518558774018e-05,1.3113923563512486e-05,600,0
log_cosh,log_cosh,kl_stl,kl,1,2,2,10.0,0.1,0.1,1,3000,1.424552547198014e-05,1.0195753926023343e-05,1.5035028294558082e-05,2.162864588539648e-05,600,0
log_cosh,log_cosh,kl_stl,kl,1,3,2,10.0,0.1,0.1,1,3000,1.692512787392871e-05,1.1224705394274892e-05,1.8346959471978464e-05,8.230292212640933e-06,600,0
log_cosh,log_cosh,kl_stl,kl,1,4,2,10.0,0.1,0.1,1,3000,1.6222114639310446e-05,1.0597876847207033e-05,1.7751160525853505e-05,1.993042835213288e-06,600,0
log_cosh,log_cosh,kl_stl,kl,1,5,2,10.0,0.1,0.1,1,3000,1.5611192700953532e-05,9.525018201061997e-06,1.848235079792059e-05,7.029565132210536e-06,600,0
log_cosh,log_cosh,kl_stl,kl,1,6,2,10.0,0.1,0.1,1,3000,1.787407069974156e-05,1.1160801308029988e-05,1.961430281681189e-05,9.751397289647912e-07,600,0
log_cosh,log_cosh,kl_stl,kl,1,7,2,10.0,0.1,0.1,1,3000,1.589736094596154e-05,1.2511188668185014e-05,1.390576989375077e-05,1.0190282692779109e-05,600,0
log_cosh,log_cosh,kl_stl,kl,1,8,2,10.0,0.1,0.1,1,3000,2.323170397740067e-05,1.6906168961661194e-05,2.283482545314048e-05,3.284881044152144e-05,600,0
log_cosh,log_cosh,kl_stl,kl,1,9,2,10.0,0.1,0.1,1,3000,1.3357707899406268e-05,9.34436139066186e-06,1.31965927985296e-05,6.790710495296892e-05,600,0
log_cosh,log_cosh,kl_stl,kl,1,10,2,10.0,0.1,0.1,1,3000,1.7811231391707447e-05,1.1029688006258809e-05,2.0070107404007972e-05,3.1316782113766095e-05,600,0
log_cosh,log_cosh,kl_stl,kl,1,11,2,10.0,0.1,0.1,1,3000,1.8334154241888743e-05,1.1139352239952773e-05,1.9461832841992262e-05,2.651747033688423e-05,600,0
log_cosh,log_cosh,kl_stl,kl,1,12,2,10.0,0.1,0.1,1,3000,2.149916235281528e-05,1.42053083671545e-05,2.351033118795252e-05,2.9751204744243864e-07,600,0
log_cosh,log_cosh,kl_stl,kl,1,13,2,10.0,0.1,0.1,1,3000,1.4414474223739168e-05,1.0588351249785076e-05,1.3352122708881742e-05,4.547633589702116e-07,600,0
log_cosh,log_cosh,kl_stl,kl,1,14,2,10.0,0.1,0.1,1,3000,2.2075443465777356e-05,1.636370893209893e-05,1.9284661649688167e-05,1.6278227251476096e-05,600,0
log_cosh,log_cosh,kl_stl,kl,1,15,2,10.0,0.1,0.1,1,3000,1.8144685845882983e-05,1.260031317462662e-05,1.793826610642529e-05,2.2029946553203672e-05,600,0
log_cosh,log_cosh,kl_stl,kl,1,16,2,10.0,0.1,0.1,1,3000,1.4923307565950506e-05,1.0333756361724513e-05,1.60385010385649e-05,1.9574210959216742e-05,600,0
log_cosh,log_cosh,kl_stl,kl,1,17,2,10.0,0.1,0.1,1,3000,1.678366025706553e-05,9.13822954862198e-06,2.213031368461031e-05,2.9543174950852347e-06,600,0
log_cosh,log_cosh,kl_stl,kl,1,18,2,10.0,0.1,0.1,1,3000,2.062798351320394e-05,1.3735118878255292e-05,2.1191557070861483e-05,1.8839467827991285e-05,600,0
log_cosh,log_cosh,kl_stl,kl,1,19,2,10.0,0.1,0.1,1,3000,1.3976166524591142e-05,9.708670029695554e-06,1.4115541844228434e-05,2.3144316569911894e-06,600,0
log_cosh,log_cosh,riemannian_stl,riemannian,1,0,2,10.0,0.1,0.1,4,3000,3.662451890461919e-06,2.678517632581645e-06,3.4238036623917795e-06,3.2730300492112008e-06,600,0
log_cosh,log_cosh,riemannian_stl,riemannian,1,1,2,10.0,0.1,0.1,4,3000,3.971328299641197e-06,2.509400011563301e-06,4.614767278497842e-06,1.2105066695689004e-06,600,0
log_cosh,log_cosh,riemannian_stl,riemannian,1,2,2,10.0,0.1,0.1,4,3000,4.536115124626298e-06,3.222934525926036e-06,4.4179261759810686e-06,8.208780148954986e-07,600,0
log_cosh,log_cosh,riemannian_stl,riemannian,1,3,2,10.0,0.1,0.1,4,3000,5.030049385058947e-06,3.4360705849501016e-06,5.131615799523699e-06,1.072876951679902e-05,600,0
log_cosh,log_cosh,riemannian_stl,riemannian,1,4,2,10.0,0.1,0.1,4,3000,5.461053696191876e-06,3.397405042848689e-06,5.912361346158829e-06,1.7194818404675516e-06,600,0
log_cosh,log_cosh,riemannian_stl,riemannian,1,5,2,10.0,0.1,0.1,4,3000,5.123611059150897e-06,3.4013022380818825e-06,6.123701231642612e-06,4.028439902103997e-06,600,0
log_cosh,log_cosh,riemannian_stl,riemannian,1,6,2,10.0,0.1,0.1,4,3000,4.674300704778922e-06,3.1767966444107287e-06,4.558575937986565e-06,6.275931123678191e-06,600,0
log_cosh,log_cosh,riemannian_stl,riemannian,1,7,2,10.0,0.1,0.1,4,3000,4.2255728641464135e-06,2.4444543762491837e-06,5.246063614351094e-06,1.0234891827387571e-06,600,0
log_cosh,log_cosh,riemannian_stl,riemannian,1,8,2,10.0,0.1,0.1,4,3000,4.907287660170419e-06,3.6325229757494526e-06,4.601097019699383e-06,3.2442209119132315e-06,600,0
log_cosh,log_cosh,riemannian_stl,riemannian,1,9,2,10.0,0.1,0.1,4,3000,3.997880375445166e-06,2.9989508794070474e-06,3.676057019511972e-06,6.587227288079589e-07,600,0
log_cosh,log_cosh,riemannian_stl,riemannian,1,10,2,10.0,0.1,0.1,4,3000,4.443592500779451e-06,2.7215897997479037e-06,4.826316541841509e-06,3.509259796086184e-06,600,0
log_cosh,log_cosh,riemannian_stl,riemannian,1,11,2,10.0,0.1,0.1,4,3000,4.119227518679658e-06,3.1422658963720096e-06,3.616032115997989e-06,3.799752247513055e-06,600,0
log_cosh,log_cosh,riemannian_stl,riemannian,1,12,2,10.0,0.1,0.1,4,3000,4.7520818919040885e-06,2.92614826191695e-06,5.506286433326313e-06,9.215201348222736e-06,600,0
log_cosh,log_cosh,riemannian_stl,riemannian,1,13,2,10.0,0.1,0.1,4,3000,4.086675576641478e-06,2.9163086974204333e-06,4.060807635797957e-06,5.036776011824173e-06,600,0
log_cosh,log_cosh,riemannian_stl,riemannian,1,14,2,10.0,0.1,0.1,4,3000,5.0150581534184425e-06,3.1454446209888687e-06,5.827011695602567e-06,3.1097288339942963e-06,600,0
log_cosh,log_cosh,riemannian_stl,riemannian,1,15,2,10.0,0.1,0.1,4,3000,3.85116621777426e-06,2.5156609901877403e-06,3.7937887012933343e-06,7.0460582572984265e-06,600,0
log_cosh,log_cosh,riemannian_stl,riemannian,1,16,2,10.0,0.1,0.1,4,3000,4.1362333366179445e-06,2.787823248251442e-06,4.1870585014207215e-06,8.079927877879811e-07,600,0
log_cosh,log_cosh,riemannian_stl,riemannian,1,17,2,10.0,0.1,0.1,4,3000,4.2267164834123664e-06,3.040672288845414e-06,4.103484803818298e-06,7.2698543691629425e-06,600,0
log_cosh,log_cosh,riemannian_stl,riemannian,1,18,2,10.0,0.1,0.1,4,3000,5.85762448589063e-06,4.129108087003175e-06,5.512025736293581e-06,1.1650243303407137e-07,600,0
log_cosh,log_cosh,riemannian_stl,riemannian,1,19,2,10.0,0.1,0.1,4,3000,4.567570885986397e-06,3.039251730951875e-06,4.354648256048612e-06,1.2066018830747538e-05,600,0
log_cosh,log_cosh,kl_stl,kl,1,0,2,10.0,0.1,0.1,4,3000,3.4346150734654303e-06,2.566772117962301e-06,3.158210770764013e-06,2.673252061935472e-06,600,0
log_cosh,log_cosh,kl_stl,kl,1,1,2,10.0,0.1,0.1,4,3000,3.744676444542202e-06,2.4267739207051164e-06,4.378367020785151e-06,1.0632599880544549e-06,600,0
log_cosh,log_cosh,kl_stl,kl,1,2,2,10.0,0.1,0.1,4,3000,4.301861863410898e-06,3.006546578809832e-06,4.148798291904182e-06,9.549387010032715e-07,600,0
log_cosh,log_cosh,kl_stl,kl,1,3,2,10.0,0.1,0.1,4,3000,4.71843121442402e-06,3.2290776912358155e-06,4.748883781429261e-06,9.76511869010821e-06,600,0
log_cosh,log_cosh,kl_stl,kl,1,4,2,10.0,0.1,0.1,4,3000,5.074323890930839e-06,3.189038961126656e-06,5.432850551229516e-06,1.8901119154257628e-06,600,0
log_cosh,log_cosh,kl_stl,kl,1,5,2,10.0,0.1,0.1,4,3000,4.839733153874833e-06,3.155811398869446e-06,5.645209392080591e-06,4.084518858693542e-06,600,0
log_cosh,log_cosh,kl_stl,kl,1,6,2,10.0,0.1,0.1,4,3000,4.404635715309357e-06,2.914523479002895e-06,4.249947162663529e-06,6.238289064430802e-06,600,0
log_cosh,log_cosh,kl_stl,kl,1,7,2,10.0,0.1,0.1,4,3000,3.9075487504036666e-06,2.276706896342517e-06,4.857939834813434e-06,1.0270833930015044e-06,600,0
log_cosh,log_cosh,kl_stl,kl,1,8,2,10.0,0.1,0.1,4,3000,4.58724498611692e-06,3.430068570287048e-06,4.233289813907648e-06,2.898886422020297e-06,600,0
log_cosh,log_cosh,kl_stl,kl,1,9,2,10.0,0.1,0.1,4,3000,3.773681073000468e-06,2.777366107986623e-06,3.4739607559760286e-06,6.047337399728292e-07,600,0
log_cosh,log_cosh,kl_stl,kl,1,10,2,10.0,0.1,0.1,4,3000,4.103080287979714e-06,2.635010154961037e-06,4.423733455330113e-06,3.1863301366286123e-06,600,0
log_cosh,log_cosh,kl_stl,kl,1,11,2,10.0,0.1,0.1,4,3000,3.878551426953851e-06,3.072020943184484e-06,3.369561672420746e-06,3.110169944697816e-06,600,0
log_cosh,log_cosh,kl_stl,kl,1,12,2,10.0,0.1,0.1,4,3000,4.396698137061339e-06,2.6859824329150683e-06,5.0638072358225975e-06,9.03521759143544e-06,600,0
log_cosh,log_cosh,kl_stl,kl,1,13,2,10.0,0.1,0.1,4,3000,3.841385494896728e-06,2.8005948673470726e-06,3.754261080258612e-06,4.6514024965027545e-06,600,0
log_cosh,log_cosh,kl_stl,kl,1,14,2,10.0,0.1,0.1,4,3000,4.690636186955496e-06,2.993894228975336e-06,5.361905095306896e-06,3.237143924916808e-06,600,0
log_cosh,log_cosh,kl_stl,kl,1,15,2,10.0,0.1,0.1,4,3000,3.613446790963574e-06,2.3521383483160463e-06,3.5555878268468817e-06,5.741416047921888e-06,600,0
log_cosh,log_cosh,kl_stl,kl,1,16,2,10.0,0.1,0.1,4,3000,3.8837099694100095e-06,2.5805662593469947e-06,3.935536100400032e-06,6.620021983927415e-07,600,0
log_cosh,log_cosh,kl_stl,kl,1,17,2,10.0,0.1,0.1,4,3000,3.961164364207903e-06,2.813767496112618e-06,3.883600800851336e-06,6.445449241443413e-06,600,0
log_cosh,log_cosh,kl_stl,kl,1,18,2,10.0,0.1,0.1,4,3000,5.5971771943208455e-06,3.996166295427983e-06,5.222102015646154e-06,1.5000820896560185e-07,600,0
log_cosh,log_cosh,kl_stl,kl,1,19,2,10.0,0.1,0.1,4,3000,4.336595774121488e-06,2.8936338090090885e-06,4.1725168858737615e-06,1.2001566728425672e-05,600,0
log_cosh,log_cosh,riemannian_stl,riemannian,1,0,2,10.0,0.1,0.1,16,3000,1.2988462609434908e-06,9.97833224491984e-07,1.1841794600349556e-06,2.510005656208847e-06,600,0
log_cosh,log_cosh,riemannian_stl,riemannian,1,1,2,10.0,0.1,0.1,16,3000,1.065734772745704e-06,6.875286886476317e-07,1.0922659024193902e-06,7.154337460235638e-07,600,0
log_cosh,log_cosh,riemannian_stl,riemannian,1,2,2,10.0,0.1,0.1,16,3000,1.1769944701015925e-06,7.807773132473272e-07,1.1703948731114382e-06,9.334191326537676e-07,600,0
log_cosh,log_cosh,riemannian_stl,riemannian,1,3,2,10.0,0.1,0.1,16,3000,1.0887348938000882e-06,7.241033916915995e-07,1.130662099894965e-06,3.4029100537402712e-06,600,0
log_cosh,log_cosh,riemannian_stl,riemannian,1,4,2,10.0,0.1,0.1,16,3000,1.144440384541016e-06,7.732539484273104e-07,1.2354622605790215e-06,1.38192229703904e-06,600,0
log_cosh,log_cosh,riemannian_stl,riemannian,1,5,2,10.0,0.1,0.1,16,3000,8.948858334623111e-07,5.192661685082811e-07,8.994116484793601e-07,1.0322387242744924e-06,600,0
log_cosh,log_cosh,riemannian_stl,riemannian,1,6,2,10.0,0.1,0.1,16,3000,1.103303158154952e-06,8.845621650710456e-07,9.58188148865902e-07,1.0000147083744082e-06,600,0
log_cosh,log_cosh,riemannian_stl,riemannian,1,7,2,10.0,0.1,0.1,16,3000,1.0013970560159477e-06,6.298737464938142e-07,1.0682603189236348e-06,1.2982416026652288e-06,600,0
log_cosh,log_cosh,riemannian_stl,riemannian,1,8,2,10.0,0.1,0.1,16,3000,1.3657563504865245e-06,1.099075541244332e-06,1.1258339075685789e-06,7.26201422107664e-07,600,0
log_cosh,log_cosh,riemannian_stl,riemannian,1,9,2,10.0,0.1,0.1,16,3000,9.79499003393632e-07,7.122723779673379e-07,8.962293323624976e-07,1.5987456891686236e-06,600,0
log_cosh,log_cosh,riemannian_stl,riemannian,1,10,2,10.0,0.1,0.1,16,3000,1.292475185334929e-06,8.872492358591444e-07,1.26782467532282e-06,1.6948567385099975e-06,600,0
log_cosh,log_cosh,riemannian_stl,riemannian,1,11,2,10.0,0.1,0.1,16,3000,1.0736935286244829e-06,7.993948543116858e-07,9.84011524100326e-07,1.9747254920154944e-06,600,0
log_cosh,log_cosh,riemannian_stl,riemannian,1,12,2,10.0,0.1,0.1,16,3000,8.508359126209915e-07,6.688580294067492e-07,7.136887376380939e-07,5.10572593981351e-07,600,0
log_cosh,log_cosh,riemannian_stl,riemannian,1,13,2,10.0,0.1,0.1,16,3000,1.1907687130974232e-06,9.035143917479616e-07,1.0819987577955717e-06,1.2018113513256878e-06,600,0
log_cosh,log_cosh,riemannian_stl,riemannian,1,14,2,10.0,0.1,0.1,16,3000,8.721553341647e-07,6.495592852484577e-07,8.208750947806324e-07,1.1332792850815563e-06,600,0
log_cosh,log_cosh,riemannian_stl,riemannian,1,15,2,10.0,0.1,0.1,16,3000,1.3554407897808928e-06,8.781419542636115e-07,1.4152480670090247e-06,1.6447873418812264e-07,600,0
log_cosh,log_cosh,riemannian_stl,riemannian,1,16,2,10.0,0.1,0.1,16,3000,1.1744953491536297e-06,8.638726090026694e-07,1.0910768963697164e-06,1.5364860441735573e-06,600,0
log_cosh,log_cosh,riemannian_stl,riemannian,1,17,2,10.0,0.1,0.1,16,3000,1.1358279808300805e-06,7.630647693712689e-07,1.0923408114688277e-06,2.6826380228328617e-08,600,0
log_cosh,log_cosh,riemannian_stl,riemannian,1,18,2,10.0,0.1,0.1,16,3000,1.361466362993132e-06,1.0940300805284409e-06,1.1385374025316664e-06,1.4818353748502489e-06,600,0
log_cosh,log_cosh,riemannian_stl,riemannian,1,19,2,10.0,0.1,0.1,16,3000,1.0891993458576424e-06,7.583449876946702e-07,1.0850925329341835e-06,2.478704466124526e-06,600,0
log_cosh,log_cosh,kl_stl,kl,1,0,2,10.0,0.1,0.1,16,3000,1.2242149217563575e-06,9.350833491961196e-07,1.109432365321947e-06,2.275093966108699e-06,600,0
log_cosh,log_cosh,kl_stl,kl,1,1,2,10.0,0.1,0.1,16,3000,1.0053052963635936e-06,6.491740232039689e-07,1.0187243371127892e-06,5.874836146446683e-07,600,0
log_cosh,log_cosh,kl_stl,kl,1,2,2,10.0,0.1,0.1,16,3000,1.117046711156533e-06,7.723215915689252e-07,1.0945282517714526e-06,8.743827932811143e-07,600,0
log_cosh,log_cosh,kl_stl,kl,1,3,2,10.0,0.1,0.1,16,3000,1.016820018407601e-06,6.726061414497053e-07,1.0459555771036397e-06,2.968378629564228e-06,600,0
log_cosh,log_cosh,kl_stl,kl,1,4,2,10.0,0.1,0.1,16,3000,1.0798421488937098e-06,7.422021874869955e-07,1.1578041942940116e-06,1.1709709819562877e-06,600,0
log_cosh,log_cosh,kl_stl,kl,1,5,2,10.0,0.1,0.1,16,3000,8.390117617514589e-07,4.952109227129853e-07,8.409824743702633e-07,9.805585858835286e-07,600,0
log_cosh,log_cosh,kl_stl,kl,1,6,2,10.0,0.1,0.1,16,3000,1.046043370029152e-06,8.627726615362263e-07,8.95911529345657e-07,1.0148520428465702e-06,600,0
log_cosh,log_cosh,kl_stl,kl,1,7,2,10.0,0.1,0.1,16,3000,9.322714764000336e-07,5.756512100330013e-07,1.0027788860633822e-06,1.309024147300164e-06,600,0
log_cosh,log_cosh,kl_stl,kl,1,8,2,10.0,0.1,0.1,16,3000,1.283558370739346e-06,1.041588896910639e-06,1.0430101345925948e-06,6.73758973501748e-07,600,0
log_cosh,log_cosh,kl_stl,kl,1,9,2,10.0,0.1,0.1,16,3000,9.190937545685192e-07,6.863500701115299e-07,8.328157718440942e-07,1.573790780806661e-06,600,0
log_cosh,log_cosh,kl_stl,kl,1,10,2,10.0,0.1,0.1,16,3000,1.193759447127481e-06,8.398162041345358e-07,1.146115130034776e-06,1.722951729288269e-06,600,0
log_cosh,log_cosh,kl_stl,kl,1,11,2,10.0,0.1,0.1,16,3000,9.99199299213475e-07,7.44427501198075e-07,8.996040793826982e-07,1.592680006545777e-06,600,0
log_cosh,log_cosh,kl_stl,kl,1,12,2,10.0,0.1,0.1,16,3000,7.881426129419111e-07,6.273732262584986e-07,6.516331096067691e-07,5.266536686754364e-07,600,0
log_cosh,log_cosh,kl_stl,kl,1,13,2,10.0,0.1,0.1,16,3000,1.1135574265412157e-06,8.38773864808573e-07,1.0084639178861386e-06,1.1027794584173025e-06,600,0
log_cosh,log_cosh,kl_stl,kl,1,14,2,10.0,0.1,0.1,16,3000,8.230667135430044e-07,6.081289973813853e-07,7.735227151233267e-07,1.0063316504549391e-06,600,0
log_cosh,log_cosh,kl_stl,kl,1,15,2,10.0,0.1,0.1,16,3000,1.2690999664773568e-06,8.22347694606762e-07,1.3187246466700882e-06,1.519616676937119e-07,600,0
log_cosh,log_cosh,kl_stl,kl,1,16,2,10.0,0.1,0.1,16,3000,1.1075513953821374e-06,8.214121138827579e-07,1.0173848761471603e-06,1.5266058324137075e-06,600,0
log_cosh,log_cosh,kl_stl,kl,1,17,2,10.0,0.1,0.1,16,3000,1.0662798590736304e-06,7.249342157678029e-07,1.0200051570361551e-06,1.213983313874678e-08,600,0
log_cosh,log_cosh,kl_stl,kl,1,18,2,10.0,0.1,0.1,16,3000,1.280939865387539e-06,1.0478896601551213e-06,1.0538270410500896e-06,1.454060124750356e-06,600,0
log_cosh,log_cosh,kl_stl,kl,1,19,2,10.0,0.1,0.1,16,3000,1.0257776782029992e-06,7.233481573720724e-07,1.0101220788765454e-06,2.262735842695207e-06,600,0
log_cosh,log_cosh,riemannian_stl,riemannian,1,0,2,10.0,1.0,0.1,1,3000,0.0005298778498147,0.0003230034942078,0.0006420606282159,0.0036946535713298,600,0
log_cosh,log_cosh,riemannian_stl,riemannian,1,1,2,10.0,1.0,0.1,1,3000,0.0005691047612551,0.0003839762984558,0.0005959486954276,0.0002687049763698,600,0
log_cosh,log_cosh,riemannian_stl,riemannian,1,2,2,10.0,1.0,0.1,1,3000,0.0004537136903695,0.0003425758576296,0.0003829681226322,0.0001840760243467,600,0
log_cosh,log_cosh,riemannian_stl,riemannian,1,3,2,10.0,1.0,0.1,1,3000,0.0005420378043476,0.0003452484318473,0.00058414988194,0.0004965295149421,600,0
log_cosh,log_cosh,riemannian_stl,riemannian,1,4,2,10.0,1.0,0.1,1,3000,0.0004781648754038,0.0003421398916207,0.0004475717807107,1.848826263195491e-05,600,0
log_cosh,log_cosh,riemannian_stl,riemannian,1,5,2,10.0,1.0,0.1,1,3000,0.0006254615649068,0.0003391460952706,0.00087962353205,0.0009605859312058,600,0
log_cosh,log_cosh,riemannian_stl,riemannian,1,6,2,10.0,1.0,0.1,1,3000,0.0007747363424442,0.0004701761587737,0.0009110836153971,0.0011279295625357,600,0
log_cosh,log_cosh,riemannian_stl,riemannian,1,7,2,10.0,1.0,0.1,1,3000,0.0007314502238762,0.0004674701115847,0.000810702261955,0.0005200651198364,600,0
log_cosh,log_cosh,riemannian_stl,riemannian,1,8,2,10.0,1.0,0.1,1,3000,0.0005415925029687,0.0004043668554241,0.0004923153798355,0.0005994284827508,600,0
log_cosh,log_cosh,riemannian_stl,riemannian,1,9,2,10.0,1.0,0.1,1,3000,0.0004816674997323,0.0003238522578192,0.0005090397314062,0.0006069321553603,600,0
log_cosh,log_cosh,riemannian_stl,riemannian,1,10,2,10.0,1.0,0.1,1,3000,0.0006130851029362,0.0004148820909817,0.0006912967889867,0.0064949135095071,600,0
log_cosh,log_cosh,riemannian_stl,riemannian,1,11,2,10.0,1.0,0.1,1,3000,0.0003848196096653,0.0002630205026534,0.0003841043357435,0.0003933736262746,600,0
log_cosh,log_cosh,riemannian_stl,riemannian,1,12,2,10.0,1.0,0.1,1,3000,0.0005415096678511,0.0003553525170829,0.0005678509253809,0.0003124068385123,600,0
log_cosh,log_cosh,riemannian_stl,riemannian,1,13,2,10.0,1.0,0.1,1,3000,0.0005918847359562,0.0003785848102928,0.0007128920021489,0.0024699717249463,600,0
log_cosh,log_cosh,riemannian_stl,riemannian,1,14,2,10.0,1.0,0.1,1,3000,0.0005637369991642,0.0003666003438744,0.0005551542263887,0.0009063218002438,600,0
log_cosh,log_cosh,riemannian_stl,riemannian,1,15,2,10.0,1.0,0.1,1,3000,0.0004526312892596,0.0003214644284721,0.0004778243544745,0.0005637946609642,600,0
log_cosh,log_cosh,riemannian_stl,riemannian,1,16,2,10.0,1.0,0.1,1,3000,0.0004806383275934,0.0003055403103451,0.0006147228482767,1.8272121891094173e-05,600,0
log_cosh,log_cosh,riemannian_stl,riemannian,1,17,2,10.0,1.0,0.1,1,3000,0.0004907476787797,0.0003762669643143,0.0004426787831991,0.001830228903461,600,0
log_cosh,log_cosh,riemannian_stl,riemannian,1,18,2,10.0,1.0,0.1,1,3000,0.0006888206535179,0.0005127390807642,0.0006723576164538,9.30560638483513e-05,600,0
log_cosh,log_cosh,riemannian_stl,riemannian,1,19,2,10.0,1.0,0.1,1,3000,0.0005889219147896,0.0003718675087389,0.0006591877816949,1.542001789545111e-05,600,0
log_cosh,log_cosh,kl_stl,kl,1,0,2,10.0,1.0,0.1,1,3000,0.0005003450476237,0.0002972410324748,0.0006134605077274,0.0036285970886646,600,0
log_cosh,log_cosh,kl_stl,kl,1,1,2,10.0,1.0,0.1,1,3000,0.000546950555594,0.0003602459153577,0.0005792069495425,0.0002514927438581,600,0
log_cosh,log_cosh,kl_stl,kl,1,2,2,10.0,1.0,0.1,1,3000,0.0004240920942895,0.0003149904008243,0.0003549564625181,0.0001837226584147,600,0
log_cosh,log_cosh,kl_stl,kl,1,3,2,10.0,1.0,0.1,1,3000,0.0005194914787553,0.000329423847529,0.0005644326518211,0.0004693964104296,600,0
log_cosh,log_cosh,kl_stl,kl,1,4,2,10.0,1.0,0.1,1,3000,0.000452375285698,0.0003257342563085,0.0004276440119208,1.634012319673417e-05,600,0
log_cosh,log_cosh,kl_stl,kl,1,5,2,10.0,1.0,0.1,1,3000,0.0005995724412488,0.0003256537407807,0.0008378127765714,0.0008941895907024,600,0
log_cosh,log_cosh,kl_stl,kl,1,6,2,10.0,1.0,0.1,1,3000,0.0007376146864355,0.000446441959953,0.0008778908193573,0.0010096730211222,600,0
log_cosh,log_cosh,kl_stl,kl,1,7,2,10.0,1.0,0.1,1,3000,0.0006879048014481,0.0004282983669761,0.0007691144405554,0.0004633751254718,600,0
log_cosh,log_cosh,kl_stl,kl,1,8,2,10.0,1.0,0.1,1,3000,0.0005107303795061,0.0003827851049533,0.0004725400840595,0.000652376490196,600,0
log_cosh,log_cosh,kl_stl,kl,1,9,2,10.0,1.0,0.1,1,3000,0.0004542960235547,0.000302646894188,0.0004826060227322,0.0005798953601372,600,0
log_cosh,log_cosh,kl_stl,kl,1,10,2,10.0,1.0,0.1,1,3000,0.0005724752283886,0.0003885430231422,0.0006336799912676,0.0058396600638905,600,0
log_cosh,log_cosh,kl_stl,kl,1,11,2,10.0,1.0,0.1,1,3000,0.0003605392863459,0.0002466990344631,0.0003593005352962,0.0003909725107802,600,0
log_cosh,log_cosh,kl_stl,kl,1,12,2,10.0,1.0,0.1,1,3000,0.0005137659766775,0.0003412067037409,0.0005397981937356,0.0003059981192947,600,0
log_cosh,log_cosh,kl_stl,kl,1,13,2,10.0,1.0,0.1,1,3000,0.0005686557216028,0.0003760660451226,0.000675786387869,0.0024560400302879,600,0
log_cosh,log_cosh,kl_stl,kl,1,14,2,10.0,1.0,0.1,1,3000,0.0005284875305973,0.000349208942854,0.0005196701384107,0.0009632180726817,600,0
log_cosh,log_cosh,kl_stl,kl,1,15,2,10.0,1.0,0.1,1,3000,0.000427002891409,0.000299913923015,0.0004548914809518,0.0005544668368808,600,0
log_cosh,log_cosh,kl_stl,kl,1,16,2,10.0,1.0,0.1,1,3000,0.0004521124059254,0.0002887947461154,0.0005876866553618,2.3336367414916737e-05,600,0
log_cosh,log_cosh,kl_stl,kl,1,17,2,10.0,1.0,0.1,1,3000,0.0004584955751817,0.0003486301218764,0.0004155672933488,0.0017156571043872,600,0
log_cosh,log_cosh,kl_stl,kl,1,18,2,10.0,1.0,0.1,1,3000,0.0006597772388774,0.0005118714261924,0.0006431490844311,5.270759561515348e-05,600,0
log_cosh,log_cosh,kl_stl,kl,1,19,2,10.0,1.0,0.1,1,3000,0.0005575599177202,0.0003395957982965,0.0006341376622618,1.7263216157026307e-05,600,0
log_cosh,log_cosh,riemannian_stl,riemannian,1,0,2,10.0,1.0,0.1,4,3000,9.883351010159616e-05,7.570809348877994e-05,9.094806122905504e-05,0.0002225058989568,600,0
log_cosh,log_cosh,riemannian_stl,riemannian,1,1,2,10.0,1.0,0.1,4,3000,0.0001272238552566,8.896058837848386e-05,0.0001266137859025,0.000217222104355,600,0
log_cosh,log_cosh,riemannian_stl,riemannian,1,2,2,10.0,1.0,0.1,4,3000,0.0001572442740281,0.0001141898232459,0.0001507313992456,8.175588099357256e-05,600,0
log_cosh,log_cosh,riemannian_stl,riemannian,1,3,2,10.0,1.0,0.1,4,3000,0.0001215078964741,8.874944127956752e-05,0.0001156797841462,9.463682463817236e-05,600,0
log_cosh,log_cosh,riemannian_stl,riemannian,1,4,2,10.0,1.0,0.1,4,3000,0.000168027834014,0.0001012206336328,0.0002200141938366,2.488561977820325e-05,600,0
log_cosh,log_cosh,riemannian_stl,riemannian,1,5,2,10.0,1.0,0.1,4,3000,0.0001504442398318,9.1606415825618e-05,0.0001783197541509,3.557609849291765e-05,600,0
log_cosh,log_cosh,riemannian_stl,riemannian,1,6,2,10.0,1.0,0.1,4,3000,0.0001346881044154,8.27841195218948e-05,0.0001556421902015,8.384972247199585e-05,600,0
log_cosh,log_cosh,riemannian_stl,riemannian,1,7,2,10.0,1.0,0.1,4,3000,0.0001151000495889,7.826075416117462e-05,0.0001162034494404,4.324845304015668e-05,600,0
log_cosh,log_cosh,riemannian_stl,riemannian,1,8,2,10.0,1.0,0.1,4,3000,0.0001273853144026,8.157725704172059e-05,0.0001305607082591,2.228014046146143e-06,600,0
log_cosh,log_cosh,riemannian_stl,riemannian,1,9,2,10.0,1.0,0.1,4,3000,0.0001092941937719,7.02643097854061e-05,0.0001189936020691,8.815025974939772e-05,600,0
log_cosh,log_cosh,riemannian_stl,riemannian,1,10,2,10.0,1.0,0.1,4,3000,0.0001663867825575,9.049231563218464e-05,0.0002191018728321,0.0003135670403571,600,0
log_cosh,log_cosh,riemannian_stl,riemannian,1,11,2,10.0,1.0,0.1,4,3000,0.0001758752310162,0.0001433775017887,0.0001424543351477,7.662212736736507e-05,600,0
log_cosh,log_cosh,riemannian_stl,riemannian,1,12,2,10.0,1.0,0.1,4,3000,0.0001541414156295,9.624875730773752e-05,0.0001747853799997,0.0001392131481896,600,0
log_cosh,log_cosh,riemannian_stl,riemannian,1,13,2,10.0,1.0,0.1,4,3000,0.0001649788482482,9.856247203021697e-05,0.0001866663586763,0.0001106580596768,600,0
log_cosh,log_cosh,riemannian_stl,riemannian,1,14,2,10.0,1.0,0.1,4,3000,0.0001485899991272,9.763405967477824e-05,0.000153086090265,4.818113526372514e-05,600,0
log_cosh,log_cosh,riemannian_stl,riemannian,1,15,2,10.0,1.0,0.1,4,3000,0.0001389502477233,0.0001013247439689,0.0001301547071264,0.0001745868403046,600,0
log_cosh,log_cosh,riemannian_stl,riemannian,1,16,2,10.0,1.0,0.1,4,3000,0.0001394074493378,8.23766099518064e-05,0.0001645382264293,9.469034378817298e-06,600,0
log_cosh,log_cosh,riemannian_stl,riemannian,1,17,2,10.0,1.0,0.1,4,3000,0.0001241830058564,8.810887247956423e-05,0.0001231809276852,0.0002058786181735,600,0
log_cosh,log_cosh,riemannian_stl,riemannian,1,18,2,10.0,1.0,0.1,4,3000,0.0001367335113702,9.67409881085235e-05,0.0001372343094302,2.2753874417524852e-05,600,0
log_cosh,log_cosh,riemannian_stl,riemannian,1,19,2,10.0,1.0,0.1,4,3000,0.000113087614614,6.918575984871111e-05,0.0001189318387417,4.786200419548692e-05,600,0
log_cosh,log_cosh,kl_stl,kl,1,0,2,10.0,1.0,0.1,4,3000,9.322435806481474e-05,7.295626654091336e-05,8.614322621908614e-05,0.0001857991206222,600,0
log_cosh,log_cosh,kl_stl,kl,1,1,2,10.0,1.0,0.1,4,3000,0.0001184090250065,8.299074124051842e-05,0.0001192362376564,0.0001858970349744,600,0
log_cosh,log_cosh,kl_stl,kl,1,2,2,10.0,1.0,0.1,4,3000,0.00014830525401,0.0001075080156396,0.0001402077912304,8.42196255241845e-05,600,0
log_cosh,log_cosh,kl_stl,kl,1,3,2,10.0,1.0,0.1,4,3000,0.0001145654111266,8.369176068168116e-05,0.0001088134875754,8.791543176922545e-05,600,0
log_cosh,log_cosh,kl_stl,kl,1,4,2,10.0,1.0,0.1,4,3000,0.0001592894119816,9.692876788758298e-05,0.0002064350315694,2.4102732803399363e-05,600,0
log_cosh,log_cosh,kl_stl,kl,1,5,2,10.0,1.0,0.1,4,3000,0.0001422399753234,8.716466966074421e-05,0.0001670707591657,3.690341123530061e-05,600,0
log_cosh,log_cosh,kl_stl,kl,1,6,2,10.0,1.0,0.1,4,3000,0.0001272318404652,8.048132914795225e-05,0.0001468718186786,7.277365014601855e-05,600,0
log_cosh,log_cosh,kl_stl,kl,1,7,2,10.0,1.0,0.1,4,3000,0.0001083857683088,7.453906990684267e-05,0.00010867013818,4.157190684361822e-05,600,0
log_cosh,log_cosh,kl_stl,kl,1,8,2,10.0,1.0,0.1,4,3000,0.000119989379728,7.575561139328002e-05,0.0001223736741095,2.9950023221481104e-06,600,0
log_cosh,log_cosh,kl_stl,kl,1,9,2,10.0,1.0,0.1,4,3000,0.0001026916742542,6.713342646236242e-05,0.0001107545818213,8.635048171168336e-05,600,0
log_cosh,log_cosh,kl_stl,kl,1,10,2,10.0,1.0,0.1,4,3000,0.0001575788949731,8.485596730545275e-05,0.0002058032750003,0.0003080458957427,600,0
log_cosh,log_cosh,kl_stl,kl,1,11,2,10.0,1.0,0.1,4,3000,0.0001667087715079,0.0001377707583558,0.0001338961736258,6.78541998353488e-05,600,0
log_cosh,log_cosh,kl_stl,kl,1,12,2,10.0,1.0,0.1,4,3000,0.0001466725580265,9.393152741665745e-05,0.0001638409095513,0.0001328290884439,600,0
log_cosh,log_cosh,kl_stl,kl,1,13,2,10.0,1.0,0.1,4,3000,0.0001564069851775,9.462647134350632e-05,0.0001769596171442,0.0001067776490439,600,0
log_cosh,log_cosh,kl_stl,kl,1,14,2,10.0,1.0,0.1,4,3000,0.0001404103244673,9.246260663386964e-05,0.0001450147607163,4.734565455999373e-05,600,0
log_cosh,log_cosh,kl_stl,kl,1,15,2,10.0,1.0,0.1,4,3000,0.0001315617900501,9.536346101812754e-05,0.0001221199957152,0.0001732812608294,600,0
log_cosh,log_cosh,kl_stl,kl,1,16,2,10.0,1.0,0.1,4,3000,0.0001329214927309,7.811028056448066e-05,0.0001579925181878,8.875510578931767e-06,600,0
log_cosh,log_cosh,kl_stl,kl,1,17,2,10.0,1.0,0.1,4,3000,0.0001166037205693,8.312750502215138e-05,0.0001142600773887,0.0001869123645881,600,0
log_cosh,log_cosh,kl_stl,kl,1,18,2,10.0,1.0,0.1,4,3000,0.0001280991567707,8.791137586738884e-05,0.0001273923105888,2.6270591097610207e-05,600,0
log_cosh,log_cosh,kl_stl,kl,1,19,2,10.0,1.0,0.1,4,3000,0.000107344879449,6.72694019487885e-05,0.000112849242528,4.848108057009526e-05,600,0
log_cosh,log_cosh,riemannian_stl,riemannian,1,0,2,10.0,1.0,0.1,16,3000,2.9289500733025905e-05,1.9295630543814116e-05,3.136065124236687e-05,9.122838889252805e-05,600,0
log_cosh,log_cosh,riemannian_stl,riemannian,1,1,2,10.0,1.0,0.1,16,3000,4.020359094046855e-05,2.760482941610576e-05,4.1221734502232274e-05,0.0001064616836816,600,0
log_cosh,log_cosh,riemannian_stl,riemannian,1,2,2,10.0,1.0,0.1,16,3000,3.147882368228272e-05,2.3292064595725748e-05,2.8852269113085566e-05,9.314252742420592e-06,600,0
log_cosh,log_cosh,riemannian_stl,riemannian,1,3,2,10.0,1.0,0.1,16,3000,3.3571503204480696e-05,2.36510925952782e-05,3.303120663877456e-05,3.4865306645315286e-05,600,0
log_cosh,log_cosh,riemannian_stl,riemannian,1,4,2,10.0,1.0,0.1,16,3000,2.807213941564024e-05,1.855804201844613e-05,2.961601748007362e-05,3.5175542075549515e-05,600,0
log_cosh,log_cosh,riemannian_stl,riemannian,1,5,2,10.0,1.0,0.1,16,3000,3.099842193051113e-05,2.178127094332183e-05,3.218692801261761e-05,2.4199871220709213e-05,600,0
log_cosh,log_cosh,riemannian_stl,riemannian,1,6,2,10.0,1.0,0.1,16,3000,3.60301244102638e-05,2.515924225421351e-05,3.5267223983196885e-05,3.3090700214621904e-05,600,0
log_cosh,log_cosh,riemannian_stl,riemannian,1,7,2,10.0,1.0,0.1,16,3000,3.559412484145819e-05,2.9630596212415483e-05,2.8907828392692465e-05,6.422824985907738e-05,600,0
log_cosh,log_cosh,riemannian_stl,riemannian,1,8,2,10.0,1.0,0.1,16,3000,3.549484879185124e-05,2.5360795055773263e-05,3.335701107376869e-05,0.0001084538430848,600,0
log_cosh,log_cosh,riemannian_stl,riemannian,1,9,2,10.0,1.0,0.1,16,3000,3.170865119412151e-05,2.428988658897957e-05,2.7040687991777967e-05,6.798329139900972e-05,600,0
log_cosh,log_cosh,riemannian_stl,riemannian,1,10,2,10.0,1.0,0.1,16,3000,4.029500851228107e-05,2.493768037892252e-05,4.526869732781758e-05,3.525553648131563e-06,600,0
log_cosh,log_cosh,riemannian_stl,riemannian,1,11,2,10.0,1.0,0.1,16,3000,3.0164424139979365e-05,2.4996558294132495e-05,2.6162513306050684e-05,2.4831963470361984e-05,600,0
log_cosh,log_cosh,riemannian_stl,riemannian,1,12,2,10.0,1.0,0.1,16,3000,3.392040499458515e-05,2.443907788851618e-05,3.119798349444022e-05,9.48703327097178e-06,600,0
log_cosh,log_cosh,riemannian_stl,riemannian,1,13,2,10.0,1.0,0.1,16,3000,2.8806055183922354e-05,1.9999213174637376e-05,2.8724019234659446e-05,3.1183535451617672e-06,600,0
log_cosh,log_cosh,riemannian_stl,riemannian,1,14,2,10.0,1.0,0.1,16,3000,3.732754474968643e-05,2.476371359105833e-05,3.7614887826852376e-05,0.0001404732355654,600,0
log_cosh,log_cosh,riemannian_stl,riemannian,1,15,2,10.0,1.0,0.1,16,3000,3.268219048011482e-05,2.193107968295749e-05,3.370748588419251e-05,5.105797098714504e-05,600,0
log_cosh,log_cosh,riemannian_stl,riemannian,1,16,2,10.0,1.0,0.1,16,3000,3.08976563921363e-05,1.9071919407753768e-05,3.714040156482637e-05,3.659995789018211e-05,600,0
log_cosh,log_cosh,riemannian_stl,riemannian,1,17,2,10.0,1.0,0.1,16,3000,4.590642356685714e-05,3.163259824057185e-05,4.626487893218876e-05,4.8431874971388567e-05,600,0
log_cosh,log_cosh,riemannian_stl,riemannian,1,18,2,10.0,1.0,0.1,16,3000,3.079629136930532e-05,1.992151910479301e-05,3.1785230580605114e-05,6.19562054504641e-06,600,0
log_cosh,log_cosh,riemannian_stl,riemannian,1,19,2,10.0,1.0,0.1,16,3000,3.772403955489168e-05,2.424621973373675e-05,4.1548484255713006e-05,4.162043965294515e-05,600,0
log_cosh,log_cosh,kl_stl,kl,1,0,2,10.0,1.0,0.1,16,3000,2.7798262168650854e-05,1.828820327931524e-05,2.9715544172418927e-05,9.104386398250952e-05,600,0
log_cosh,log_cosh,kl_stl,kl,1,1,2,10.0,1.0,0.1,16,3000,3.757511781646998e-05,2.632769908927912e-05,3.7967959986514826e-05,0.0001018339630642,600,0
log_cosh,log_cosh,kl_stl,kl,1,2,2,10.0,1.0,0.1,16,3000,2.975663869612788e-05,2.19649554438206e-05,2.7002510550369163e-05,7.373602854521266e-06,600,0
log_cosh,log_cosh,kl_stl,kl,1,3,2,10.0,1.0,0.1,16,3000,3.175857435999981e-05,2.181906509202136e-05,3.0901849198313774e-05,3.479053480504035e-05,600,0
log_cosh,log_cosh,kl_stl,kl,1,4,2,10.0,1.0,0.1,16,3000,2.650109314039861e-05,1.735349632081551e-05,2.7957471575267138e-05,2.781883401237195e-05,600,0
log_cosh,log_cosh,kl_stl,kl,1,5,2,10.0,1.0,0.1,16,3000,2.888901943178812e-05,1.998019410454077e-05,2.9989719923130262e-05,2.177322214524935e-05,600,0
log_cosh,log_cosh,kl_stl,kl,1,6,2,10.0,1.0,0.1,16,3000,3.397442842887936e-05,2.366484299654026e-05,3.2916429723414426e-05,3.116628427424217e-05,600,0
log_cosh,log_cosh,kl_stl,kl,1,7,2,10.0,1.0,0.1,16,3000,3.3730010912331745e-05,2.787600791620548e-05,2.7050642905152367e-05,5.487992352382065e-05,600,0
log_cosh,log_cosh,kl_stl,kl,1,8,2,10.0,1.0,0.1,16,3000,3.355769378380188e-05,2.4104205510244725e-05,3.132290928553527e-05,9.669388817901135e-05,600,0
log_cosh,log_cosh,kl_stl,kl,1,9,2,10.0,1.0,0.1,16,3000,2.9703890018453197e-05,2.2287334668247283e-05,2.5083563077117004e-05,6.6965960411558e-05,600,0
log_cosh,log_cosh,kl_stl,kl,1,10,2,10.0,1.0,0.1,16,3000,3.816412990386967e-05,2.336269938374436e-05,4.253701996110865e-05,1.7942494894285232e-06,600,0
log_cosh,log_cosh,kl_stl,kl,1,11,2,10.0,1.0,0.1,16,3000,2.8257363998011414e-05,2.3449788018270468e-05,2.404174844634576e-05,2.1129183527257567e-05,600,0
log_cosh,log_cosh,kl_stl,kl,1,12,2,10.0,1.0,0.1,16,3000,3.18785446434607e-05,2.25639667901234e-05,2.920917502821017e-05,9.047206313894662e-06,600,0
log_cosh,log_cosh,kl_stl,kl,1,13,2,10.0,1.0,0.1,16,3000,2.7110147304913272e-05,1.8503982628148563e-05,2.7115587864294923e-05,3.1455731952512167e-06,600,0
log_cosh,log_cosh,kl_stl,kl,1,14,2,10.0,1.0,0.1,16,3000,3.543651926659027e-05,2.427653932990381e-05,3.50463683339394e-05,0.000127976230126,600,0
log_cosh,log_cosh,kl_stl,kl,1,15,2,10.0,1.0,0.1,16,3000,3.076872178088423e-05,2.070649004415337e-05,3.1599613194049174e-05,5.162176677320218e-05,600,0
log_cosh,log_cosh,kl_stl,kl,1,16,2,10.0,1.0,0.1,16,3000,2.8981882215718036e-05,1.815690466733244e-05,3.429456474956651e-05,3.6441979152535e-05,600,0
log_cosh,log_cosh,kl_stl,kl,1,17,2,10.0,1.0,0.1,16,3000,4.354339176667018e-05,3.132259425875361e-05,4.294357980354301e-05,4.85665252853984e-05,600,0
log_cosh,log_cosh,kl_stl,kl,1,18,2,10.0,1.0,0.1,16,3000,2.885028825637015e-05,1.9414332702138992e-05,2.93245706089546e-05,6.955051446322358e-06,600,0
log_cosh,log_cosh,kl_stl,kl,1,19,2,10.0,1.0,0.1,16,3000,3.513771962610379e-05,2.2885904150671262e-05,3.820506981721574e-05,4.061243040442975e-05,600,0
log_cosh,log_cosh,riemannian_stl,riemannian,1,0,2,100.0,0.1,0.1,1,3000,2.067147590552561e-05,1.5400130179088478e-05,1.8415590932153507e-05,3.4828857100599464e-06,600,0
log_cosh,log_cosh,riemannian_stl,riemannian,1,1,2,100.0,0.1,0.1,1,3000,2.012630944995116e-05,1.2979778626798222e-05,2.22587569614664e-05,4.083590083414634e-06,600,0
log_cosh,log_cosh,riemannian_stl,riemannian,1,2,2,100.0,0.1,0.1,1,3000,1.5009416926205314e-05,1.0147934197846098e-05,1.5689549771207547e-05,1.925044980755075e-06,600,0
log_cosh,log_cosh,riemannian_stl,riemannian,1,3,2,100.0,0.1,0.1,1,3000,1.4707031599846171e-05,1.0658974327171222e-05,1.3865023654193476e-05,1.215080175276384e-05,600,0
log_cosh,log_cosh,riemannian_stl,riemannian,1,4,2,100.0,0.1,0.1,1,3000,1.502019247064057e-05,1.04478822768872e-05,1.4514610397985144e-05,4.988604383404649e-05,600,0
log_cosh,log_cosh,riemannian_stl,riemannian,1,5,2,100.0,0.1,0.1,1,3000,1.4444577020675808e-05,9.5930766903507e-06,1.445165028288189e-05,6.289800982717253e-06,600,0
log_cosh,log_cosh,riemannian_stl,riemannian,1,6,2,100.0,0.1,0.1,1,3000,1.460879003364705e-05,8.972135258744629e-06,1.8894791686497564e-05,2.399335038250072e-05,600,0
log_cosh,log_cosh,riemannian_stl,riemannian,1,7,2,100.0,0.1,0.1,1,3000,1.553020768134387e-05,1.0356310150339e-05,1.6770870358386457e-05,1.1222983106851103e-05,600,0
log_cosh,log_cosh,riemannian_stl,riemannian,1,8,2,100.0,0.1,0.1,1,3000,1.8971905147517897e-05,1.249524475088748e-05,1.9345524533420346e-05,6.768481718655295e-06,600,0
log_cosh,log_cosh,riemannian_stl,riemannian,1,9,2,100.0,0.1,0.1,1,3000,1.9554249283492512e-05,1.4152508551967811e-05,1.8168062878519157e-05,6.783906040919163e-06,600,0
log_cosh,log_cosh,riemannian_stl,riemannian,1,10,2,100.0,0.1,0.1,1,3000,1.3651348784139056e-05,1.0476347590326895e-05,1.151305859414676e-05,7.13322337775324e-06,600,0
log_cosh,log_cosh,riemannian_stl,riemannian,1,11,2,100.0,0.1,0.1,1,3000,1.5728782691992736e-05,1.092123541868162e-05,1.6063137266864994e-05,2.1624035313472234e-06,600,0
log_cosh,log_cosh,riemannian_stl,riemannian,1,12,2,100.0,0.1,0.1,1,3000,1.9998294318760065e-05,1.5247494488335178e-05,1.790864173790959e-05,2.8290003419861875e-05,600,0
log_cosh,log_cosh,riemannian_stl,riemannian,1,13,2,100.0,0.1,0.1,1,3000,1.957543709993607e-05,1.447382072083947e-05,1.9122828790323884e-05,1.436585465519613e-05,600,0
log_cosh,log_cosh,riemannian_stl,riemannian,1,14,2,100.0,0.1,0.1,1,3000,1.816426328543249e-05,1.2384115986696642e-05,1.957615109879469e-05,6.46479011523482e-06,600,0
log_cosh,log_cosh,riemannian_stl,riemannian,1,15,2,100.0,0.1,0.1,1,3000,1.6652484158617605e-05,1.1040710049980971e-05,2.143485502872084e-05,4.324743269590314e-05,600,0
log_cosh,log_cosh,riemannian_stl,riemannian,1,16,2,100.0,0.1,0.1,1,3000,1.672623394918397e-05,9.919882448805596e-06,2.0754189788976e-05,2.203204525352831e-05,600,0
log_cosh,log_cosh,riemannian_stl,riemannian,1,17,2,100.0,0.1,0.1,1,3000,1.9015670395392536e-05,1.3916674920011474e-05,1.7730397057407747e-05,3.2410496482615514e-05,600,0
log_cosh,log_cosh,riemannian_stl,riemannian,1,18,2,100.0,0.1,0.1,1,3000,1.6534941279333636e-05,1.1528867890575611e-05,1.62380728651868e-05,6.111246975581963e-06,600,0
log_cosh,log_cosh,riemannian_stl,riemannian,1,19,2,100.0,0.1,0.1,1,3000,1.6149619775701247e-05,1.0466113799179055e-05,1.821356880705364e-05,1.0043948157623106e-06,600,0
log_cosh,log_cosh,kl_stl,kl,1,0,2,100.0,0.1,0.1,1,3000,1.9252609264733453e-05,1.438714236012828e-05,1.7085438944278447e-05,3.653219669441654e-06,600,0
log_cosh,log_cosh,kl_stl,kl,1,1,2,100.0,0.1,0.1,1,3000,1.8877246738432754e-05,1.1891128539609497e-05,2.0854623413053043e-05,3.970716003554031e-06,600,0
log_cosh,log_cosh,kl_stl,kl,1,2,2,100.0,0.1,0.1,1,3000,1.3908521624361736e-05,9.56046150868417e-06,1.4250318109303052e-05,2.210136089253467e-06,600,0
log_cosh,log_cosh,kl_stl,kl,1,3,2,100.0,0.1,0.1,1,3000,1.3672832880611274e-05,9.92621762607726e-06,1.2925184908031482e-05,1.2131298837925186e-05,600,0
log_cosh,log_cosh,kl_stl,kl,1,4,2,100.0,0.1,0.1,1,3000,1.394221406285719e-05,9.88008922520045e-06,1.3451291622738138e-05,4.684976599955704e-05,600,0
log_cosh,log_cosh,kl_stl,kl,1,5,2,100.0,0.1,0.1,1,3000,1.336298554436066e-05,8.909558930181305e-06,1.3383358162325595e-05,6.044190170584329e-06,600,0
log_cosh,log_cosh,kl_stl,kl,1,6,2,100.0,0.1,0.1,1,3000,1.3645130542558892e-05,8.28132485519717e-06,1.7404946780956584e-05,2.1600106178354395e-05,600,0
log_cosh,log_cosh,kl_stl,kl,1,7,2,100.0,0.1,0.1,1,3000,1.4618665941778336e-05,9.90175134929494e-06,1.5624058696239233e-05,1.1637621498916673e-05,600,0
log_cosh,log_cosh,kl_stl,kl,1,8,2,100.0,0.1,0.1,1,3000,1.7820475384831742e-05,1.1557672188411416e-05,1.8191726454805517e-05,6.477867446452734e-06,600,0
log_cosh,log_cosh,kl_stl,kl,1,9,2,100.0,0.1,0.1,1,3000,1.828863378672274e-05,1.349528500327324e-05,1.680879328074664e-05,6.476347554684736e-06,600,0
log_cosh,log_cosh,kl_stl,kl,1,10,2,100.0,0.1,0.1,1,3000,1.2642807349965146e-05,9.915604122223698e-06,1.0495969156921675e-05,7.585963549328056e-06,600,0
log_cosh,log_cosh,kl_stl,kl,1,11,2,100.0,0.1,0.1,1,3000,1.4687554326990133e-05,1.0409118740284384e-05,1.5023281189857978e-05,2.2563593291557997e-06,600,0
log_cosh,log_cosh,kl_stl,kl,1,12,2,100.0,0.1,0.1,1,3000,1.870684386826804e-05,1.4187582395575047e-05,1.6525306114044268e-05,2.6495221010502945e-05,600,0
log_cosh,log_cosh,kl_stl,kl,1,13,2,100.0,0.1,0.1,1,3000,1.8549356529652763e-05,1.3820744873438429e-05,1.8005014150491317e-05,1.2262633247495104e-05,600,0
log_cosh,log_cosh,kl_stl,kl,1,14,2,100.0,0.1,0.1,1,3000,1.6856810259162637e-05,1.1533312822553654e-05,1.829913451713439e-05,6.187305837457302e-06,600,0
log_cosh,log_cosh,kl_stl,kl,1,15,2,100.0,0.1,0.1,1,3000,1.5580308837255994e-05,1.019253474932036e-05,2.0782837658955385e-05,3.967417881911573e-05,600,0
log_cosh,log_cosh,kl_stl,kl,1,16,2,100.0,0.1,0.1,1,3000,1.5516474441645833e-05,9.279882159818342e-06,1.9203658547624604e-05,1.936258362222887e-05,600,0
log_cosh,log_cosh,kl_stl,kl,1,17,2,100.0,0.1,0.1,1,3000,1.7909940857990432e-05,1.3477129717998082e-05,1.640818289022487e-05,3.2739823180083505e-05,600,0
log_cosh,log_cosh,kl_stl,kl,1,18,2,100.0,0.1,0.1,1,3000,1.539363877264647e-05,1.0950739063986248e-05,1.5119062889229572e-05,5.578932432470651e-06,600,0
log_cosh,log_cosh,kl_stl,kl,1,19,2,100.0,0.1,0.1,1,3000,1.4985313475712749e-05,9.85413323051354e-06,1.673082034831829e-05,8.767429093836654e-07,600,0
log_cosh,log_cosh,riemannian_stl,riemannian,1,0,2,100.0,0.1,0.1,4,3000,4.623329328981759e-06,2.7798732293859985e-06,5.02605832007727e-06,2.522421540529507e-06,600,0
log_cosh,log_cosh,riemannian_stl,riemannian,1,1,2,100.0,0.1,0.1,4,3000,3.97155253213007e-06,2.679178660924819e-06,4.099412668768262e-06,5.120011968617888e-06,600,0
log_cosh,log_cosh,riemannian_stl,riemannian,1,2,2,100.0,0.1,0.1,4,3000,4.176245339026312e-06,3.111462507199292e-06,3.820745687924357e-06,1.0448399791140872e-05,600,0
log_cosh,log_cosh,riemannian_stl,riemannian,1,3,2,100.0,0.1,0.1,4,3000,3.84311885302487e-06,2.617461322351744e-06,3.8295335653923415e-06,1.0257644853961525e-05,600,0
log_cosh,log_cosh,riemannian_stl,riemannian,1,4,2,100.0,0.1,0.1,4,3000,5.199345523941486e-06,3.234834542675813e-06,5.538467246658448e-06,4.184768988224619e-06,600,0
log_cosh,log_cosh,riemannian_stl,riemannian,1,5,2,100.0,0.1,0.1,4,3000,4.2819097549233e-06,3.06200822075553e-06,4.027688363884755e-06,2.2605552452148459e-07,600,0
log_cosh,log_cosh,riemannian_stl,riemannian,1,6,2,100.0,0.1,0.1,4,3000,4.34232882443375e-06,3.226982827175817e-06,4.113945678425599e-06,5.528651234598669e-06,600,0
log_cosh,log_cosh,riemannian_stl,riemannian,1,7,2,100.0,0.1,0.1,4,3000,3.778753895461081e-06,2.6679756781611275e-06,3.574819338771488e-06,2.0585861797428606e-06,600,0
log_cosh,log_cosh,riemannian_stl,riemannian,1,8,2,100.0,0.1,0.1,4,3000,4.289532112317455e-06,2.9438079027777064e-06,4.243406095589647e-06,1.6332011294473148e-06,600,0
log_cosh,log_cosh,riemannian_stl,riemannian,1,9,2,100.0,0.1,0.1,4,3000,5.029342366408655e-06,3.6327226140553392e-06,4.6583322730786085e-06,1.2463145324659308e-06,600,0
log_cosh,log_cosh,riemannian_stl,riemannian,1,10,2,100.0,0.1,0.1,4,3000,5.407208709093207e-06,3.019987175445493e-06,6.436587355941644e-06,2.263824621095978e-06,600,0
log_cosh,log_cosh,riemannian_stl,riemannian,1,11,2,100.0,0.1,0.1,4,3000,4.1348052460047726e-06,2.810759354821002e-06,4.403837813803474e-06,1.0895725846005178e-06,600,0
log_cosh,log_cosh,riemannian_stl,riemannian,1,12,2,100.0,0.1,0.1,4,3000,4.617843684876869e-06,3.64353110704485e-06,4.211509786899867e-06,1.75896435683498e-06,600,0
log_cosh,log_cosh,riemannian_stl,riemannian,1,13,2,100.0,0.1,0.1,4,3000,4.0248767240758095e-06,2.478348559709076e-06,4.559051641840503e-06,1.3796561892931436e-07,600,0
log_cosh,log_cosh,riemannian_stl,riemannian,1,14,2,100.0,0.1,0.1,4,3000,4.205716028350774e-06,3.274294287924917e-06,3.832629811737992e-06,2.484584687767466e-06,600,0
log_cosh,log_cosh,riemannian_stl,riemannian,1,15,2,100.0,0.1,0.1,4,3000,3.937600365767254e-06,2.8897390904614184e-06,3.7138918961028e-06,6.38727195578781e-08,600,0
log_cosh,log_cosh,riemannian_stl,riemannian,1,16,2,100.0,0.1,0.1,4,3000,4.063235651583508e-06,2.6953189551370822e-06,4.024961466392923e-06,7.827973092400242e-06,600,0
log_cosh,log_cosh,riemannian_stl,riemannian,1,17,2,100.0,0.1,0.1,4,3000,4.45345293423142e-06,3.1704961369616318e-06,4.190872164298594e-06,5.009732794380994e-06,600,0
log_cosh,log_cosh,riemannian_stl,riemannian,1,18,2,100.0,0.1,0.1,4,3000,4.70632460607634e-06,3.210248603613408e-06,4.6345659373877175e-06,4.615209656666508e-06,600,0
log_cosh,log_cosh,riemannian_stl,riemannian,1,19,2,100.0,0.1,0.1,4,3000,4.270228014973861e-06,2.94750467455529e-06,4.395854093953762e-06,9.76925491613656e-08,600,0
log_cosh,log_cosh,kl_stl,kl,1,0,2,100.0,0.1,0.1,4,3000,4.320410890015965e-06,2.663275947112353e-06,4.629946215437127e-06,2.092116347274242e-06,600,0
log_cosh,log_cosh,kl_stl,kl,1,1,2,100.0,0.1,0.1,4,3000,3.7362476996246248e-06,2.560074441104732e-06,3.774758051502128e-06,4.399228099583041e-06,600,0
log_cosh,log_cosh,kl_stl,kl,1,2,2,100.0,0.1,0.1,4,3000,3.960357068549432e-06,2.920997805855308e-06,3.605799277372217e-06,9.281269868655072e-06,600,0
log_cosh,log_cosh,kl_stl,kl,1,3,2,100.0,0.1,0.1,4,3000,3.5815719962872803e-06,2.4844774986210183e-06,3.500644740858177e-06,8.961790351147414e-06,600,0
log_cosh,log_cosh,kl_stl,kl,1,4,2,100.0,0.1,0.1,4,3000,4.9198571633798e-06,3.0153491001883026e-06,5.188033437794676e-06,4.1360404954282615e-06,600,0
log_cosh,log_cosh,kl_stl,kl,1,5,2,100.0,0.1,0.1,4,3000,3.99626945550032e-06,2.841824324750774e-06,3.7439148500459466e-06,3.125505361190051e-07,600,0
log_cosh,log_cosh,kl_stl,kl,1,6,2,100.0,0.1,0.1,4,3000,4.143750624870564e-06,2.9098787401871107e-06,3.823252886440083e-06,4.996790456512912e-06,600,0
log_cosh,log_cosh,kl_stl,kl,1,7,2,100.0,0.1,0.1,4,3000,3.5792178310659982e-06,2.5318626601933403e-06,3.37040414955833e-06,2.0865092982269573e-06,600,0
log_cosh,log_cosh,kl_stl,kl,1,8,2,100.0,0.1,0.1,4,3000,4.032134596364164e-06,2.8284901016917274e-06,3.981008731358846e-06,1.6354460288248165e-06,600,0
log_cosh,log_cosh,kl_stl,kl,1,9,2,100.0,0.1,0.1,4,3000,4.7409744108787655e-06,3.5394717223802274e-06,4.363660821916448e-06,9.207229543228834e-07,600,0
log_cosh,log_cosh,kl_stl,kl,1,10,2,100.0,0.1,0.1,4,3000,5.050671488779912e-06,2.8501005835401827e-06,5.99181905748331e-06,1.9833475799480027e-06,600,0
log_cosh,log_cosh,kl_stl,kl,1,11,2,100.0,0.1,0.1,4,3000,3.852966981669296e-06,2.661093198241815e-06,4.081779338305342e-06,8.722046551667972e-07,600,0
log_cosh,log_cosh,kl_stl,kl,1,12,2,100.0,0.1,0.1,4,3000,4.35589206655207e-06,3.42613390436064e-06,3.903590871788544e-06,1.7897450899084788e-06,600,0
log_cosh,log_cosh,kl_stl,kl,1,13,2,100.0,0.1,0.1,4,3000,3.7681445816373222e-06,2.303844818030143e-06,4.2752628361439954e-06,1.4551404214913077e-07,600,0
log_cosh,log_cosh,kl_stl,kl,1,14,2,100.0,0.1,0.1,4,3000,3.924624408602935e-06,3.058698986091457e-06,3.517304393537355e-06,2.336332910690686e-06,600,0
log_cosh,log_cosh,kl_stl,kl,1,15,2,100.0,0.1,0.1,4,3000,3.701083630833768e-06,2.743802431703912e-06,3.4286936158410124e-06,4.6824308430615253e-08,600,0
log_cosh,log_cosh,kl_stl,kl,1,16,2,100.0,0.1,0.1,4,3000,3.804603269991584e-06,2.602640007953738e-06,3.7113029720251392e-06,7.391817624657904e-06,600,0
log_cosh,log_cosh,kl_stl,kl,1,17,2,100.0,0.1,0.1,4,3000,4.202335615181388e-06,2.9979907889554624e-06,3.921811488998572e-06,4.777737110384095e-06,600,0
log_cosh,log_cosh,kl_stl,kl,1,18,2,100.0,0.1,0.1,4,3000,4.442187872603457e-06,3.068950628071221e-06,4.325012704352149e-06,4.389726749653988e-06,600,0
log_cosh,log_cosh,kl_stl,kl,1,19,2,100.0,0.1,0.1,4,3000,3.974304850933308e-06,2.8236058078334736e-06,3.956510194480401e-06,6.766997540097465e-08,600,0
log_cosh,log_cosh,riemannian_stl,riemannian,1,0,2,100.0,0.1,0.1,16,3000,8.854629989748138e-07,6.230694706843565e-07,8.721460365286405e-07,1.2465264163097345e-06,600,0
log_cosh,log_cosh,riemannian_stl,riemannian,1,1,2,100.0,0.1,0.1,16,3000,9.005871098466401e-07,5.947724597277215e-07,9.527832491043248e-07,1.886510303528155e-07,600,0
log_cosh,log_cosh,riemannian_stl,riemannian,1,2,2,100.0,0.1,0.1,16,3000,1.227643487620167e-06,8.214846631826589e-07,1.2459792493924583e-06,4.0791555466768166e-08,600,0
log_cosh,log_cosh,riemannian_stl,riemannian,1,3,2,100.0,0.1,0.1,16,3000,1.1630071796549695e-06,8.782716123256762e-07,1.0627105288588635e-06,1.3320694822738233e-06,600,0
log_cosh,log_cosh,riemannian_stl,riemannian,1,4,2,100.0,0.1,0.1,16,3000,1.0000997253375074e-06,6.281331477175911e-07,1.105414896924388e-06,7.578125971186012e-07,600,0
log_cosh,log_cosh,riemannian_stl,riemannian,1,5,2,100.0,0.1,0.1,16,3000,1.1578072065813554e-06,8.003703961811937e-07,1.179202299967725e-06,3.151206806606411e-07,600,0
log_cosh,log_cosh,riemannian_stl,riemannian,1,6,2,100.0,0.1,0.1,16,3000,1.107998092998071e-06,8.449581669900397e-07,9.764578632697495e-07,1.3300588803666358e-06,600,0
log_cosh,log_cosh,riemannian_stl,riemannian,1,7,2,100.0,0.1,0.1,16,3000,1.1824499363122244e-06,8.070258110670636e-07,1.0894371901225702e-06,2.2383356101940421e-07,600,0
log_cosh,log_cosh,riemannian_stl,riemannian,1,8,2,100.0,0.1,0.1,16,3000,1.1197186053276316e-06,6.981515567883179e-07,1.1829721700132084e-06,9.625237784582907e-07,600,0
log_cosh,log_cosh,riemannian_stl,riemannian,1,9,2,100.0,0.1,0.1,16,3000,1.0162055061058162e-06,6.932309346563414e-07,1.0404060155398534e-06,2.643634453569632e-07,600,0
log_cosh,log_cosh,riemannian_stl,riemannian,1,10,2,100.0,0.1,0.1,16,3000,8.947144857322324e-07,5.777181277810683e-07,9.71741861913962e-07,5.654686154876742e-07,600,0
log_cosh,log_cosh,riemannian_stl,riemannian,1,11,2,100.0,0.1,0.1,16,3000,9.936537187978565e-07,7.783450670650893e-07,8.661843825312154e-07,7.338502050480145e-07,600,0
log_cosh,log_cosh,riemannian_stl,riemannian,1,12,2,100.0,0.1,0.1,16,3000,1.071157584307721e-06,7.369836729775869e-07,9.946811359321236e-07,4.437959058023466e-07,600,0
log_cosh,log_cosh,riemannian_stl,riemannian,1,13,2,100.0,0.1,0.1,16,3000,1.2692875785188148e-06,8.651311329543887e-07,1.2848024764086812e-06,1.8898624398744346e-07,600,0
log_cosh,log_cosh,riemannian_stl,riemannian,1,14,2,100.0,0.1,0.1,16,3000,1.1852565621180606e-06,8.294052775692506e-07,1.2017510264539746e-06,1.5045354695431e-06,600,0
log_cosh,log_cosh,riemannian_stl,riemannian,1,15,2,100.0,0.1,0.1,16,3000,1.1445897681627849e-06,7.17586783771651e-07,1.25221246483472e-06,2.107860530564665e-07,600,0
log_cosh,log_cosh,riemannian_stl,riemannian,1,16,2,100.0,0.1,0.1,16,3000,1.1456547496990766e-06,7.117053595351308e-07,1.3168610884568867e-06,5.798585109850762e-07,600,0
log_cosh,log_cosh,riemannian_stl,riemannian,1,17,2,100.0,0.1,0.1,16,3000,1.1351978974734796e-06,8.273801361813327e-07,1.0472902687795794e-06,8.263388138196603e-07,600,0
log_cosh,log_cosh,riemannian_stl,riemannian,1,18,2,100.0,0.1,0.1,16,3000,1.1010685079374896e-06,7.00587670765529e-07,1.228695413178277e-06,3.157729963287892e-06,600,0
log_cosh,log_cosh,riemannian_stl,riemannian,1,19,2,100.0,0.1,0.1,16,3000,1.008646921504634e-06,6.075316982823153e-07,1.1114384286399928e-06,7.447626257928164e-07,600,0
log_cosh,log_cosh,kl_stl,kl,1,0,2,100.0,0.1,0.1,16,3000,8.240434456870579e-07,5.932275215503324e-07,7.951432344681739e-07,1.2388149985831376e-06,600,0
log_cosh,log_cosh,kl_stl,kl,1,1,2,100.0,0.1,0.1,16,3000,8.33141651371457e-07,5.517957604173063e-07,8.769115126307417e-07,1.764629695699682e-07,600,0
log_cosh,log_cosh,kl_stl,kl,1,2,2,100.0,0.1,0.1,16,3000,1.1616790456359106e-06,7.775434605061804e-07,1.1647544456706e-06,3.812042548290151e-08,600,0
log_cosh,log_cosh,kl_stl,kl,1,3,2,100.0,0.1,0.1,16,3000,1.1009564551645034e-06,8.162281790458081e-07,9.95868738291009e-07,1.3454045748595431e-06,600,0
log_cosh,log_cosh,kl_stl,kl,1,4,2,100.0,0.1,0.1,16,3000,9.342258343577232e-07,5.859326406287835e-07,1.0315493175110455e-06,7.634643433007682e-07,600,0
log_cosh,log_cosh,kl_stl,kl,1,5,2,100.0,0.1,0.1,16,3000,1.0867180802594708e-06,7.529764110003612e-07,1.0725129852372163e-06,2.7808057145861653e-07,600,0
log_cosh,log_cosh,kl_stl,kl,1,6,2,100.0,0.1,0.1,16,3000,1.0409613696575153e-06,7.651321722867976e-07,9.203442931355484e-07,1.369782419047283e-06,600,0
log_cosh,log_cosh,kl_stl,kl,1,7,2,100.0,0.1,0.1,16,3000,1.115188079517567e-06,7.689513059627728e-07,1.0091083089139323e-06,2.451687026727712e-07,600,0
log_cosh,log_cosh,kl_stl,kl,1,8,2,100.0,0.1,0.1,16,3000,1.0565948363061572e-06,6.634358000745522e-07,1.1093816629449911e-06,9.160304244026918e-07,600,0
log_cosh,log_cosh,kl_stl,kl,1,9,2,100.0,0.1,0.1,16,3000,9.599607380813188e-07,6.672531043250274e-07,9.63948086271672e-07,2.451456087015913e-07,600,0
log_cosh,log_cosh,kl_stl,kl,1,10,2,100.0,0.1,0.1,16,3000,8.393631058667417e-07,5.644573271013087e-07,8.978029924470903e-07,5.583424536048653e-07,600,0
log_cosh,log_cosh,kl_stl,kl,1,11,2,100.0,0.1,0.1,16,3000,9.396711320904436e-07,7.368872070312449e-07,8.047299824081295e-07,7.175303262663135e-07,600,0
log_cosh,log_cosh,kl_stl,kl,1,12,2,100.0,0.1,0.1,16,3000,1.00379074763568e-06,7.056620685563786e-07,9.185870093563418e-07,4.312518919746822e-07,600,0
log_cosh,log_cosh,kl_stl,kl,1,13,2,100.0,0.1,0.1,16,3000,1.1980640883191283e-06,8.241831352950868e-07,1.2082633083272472e-06,1.841513257438976e-07,600,0
log_cosh,log_cosh,kl_stl,kl,1,14,2,100.0,0.1,0.1,16,3000,1.1176658097674282e-06,7.8886138554779e-07,1.103648346911754e-06,1.4648823345453366e-06,600,0
log_cosh,log_cosh,kl_stl,kl,1,15,2,100.0,0.1,0.1,16,3000,1.0696581059299603e-06,6.560500869223773e-07,1.1703148709898825e-06,2.140480019896529e-07,600,0
log_cosh,log_cosh,kl_stl,kl,1,16,2,100.0,0.1,0.1,16,3000,1.0700848465453975e-06,6.78784443985947e-07,1.208068710766178e-06,5.574091086479882e-07,600,0
log_cosh,log_cosh,kl_stl,kl,1,17,2,100.0,0.1,0.1,16,3000,1.0684789244560142e-06,7.703562574512546e-07,9.839595154380596e-07,6.901665279279712e-07,600,0
log_cosh,log_cosh,kl_stl,kl,1,18,2,100.0,0.1,0.1,16,3000,1.0373537220546383e-06,6.4335310656638e-07,1.153761046381655e-06,2.985027128143969e-06,600,0
log_cosh,log_cosh,kl_stl,kl,1,19,2,100.0,0.1,0.1,16,3000,9.426885959632852e-07,5.787358083875205e-07,1.0334650612028078e-06,7.315400254448434e-07,600,0
log_cosh,log_cosh,riemannian_stl,riemannian,1,0,2,100.0,1.0,0.1,1,3000,0.0004017319016028,0.0002632305840659,0.0004353293352456,0.0004372666769292,600,0
log_cosh,log_cosh,riemannian_stl,riemannian,1,1,2,100.0,1.0,0.1,1,3000,0.0007189988129063,0.0004339832917144,0.0008448277784485,0.0020482379698485,600,0
log_cosh,log_cosh,riemannian_stl,riemannian,1,2,2,100.0,1.0,0.1,1,3000,0.0004848736767791,0.0003212768026921,0.0005511778566803,0.0002829940045585,600,0
log_cosh,log_cosh,riemannian_stl,riemannian,1,3,2,100.0,1.0,0.1,1,3000,0.0005813935697986,0.0003641071755389,0.0007167737220535,5.996975443078867e-05,600,0
log_cosh,log_cosh,riemannian_stl,riemannian,1,4,2,100.0,1.0,0.1,1,3000,0.0005489357973906,0.0002819273863954,0.001063657399876,0.0001308868461391,600,0
log_cosh,log_cosh,riemannian_stl,riemannian,1,5,2,100.0,1.0,0.1,1,3000,0.0005730633468486,0.0003781421695516,0.0005865882802979,0.0001159502642478,600,0
log_cosh,log_cosh,riemannian_stl,riemannian,1,6,2,100.0,1.0,0.1,1,3000,0.0005071799875297,0.0003496207943207,0.0005270459566905,0.0006905440987856,600,0
log_cosh,log_cosh,riemannian_stl,riemannian,1,7,2,100.0,1.0,0.1,1,3000,0.0006677946086288,0.0004239248380362,0.0007114279868888,0.0008614328507499,600,0
log_cosh,log_cosh,riemannian_stl,riemannian,1,8,2,100.0,1.0,0.1,1,3000,0.000529848218102,0.0004102486805352,0.0004771112963942,0.0018322702517403,600,0
log_cosh,log_cosh,riemannian_stl,riemannian,1,9,2,100.0,1.0,0.1,1,3000,0.0005398745910854,0.0003768517835482,0.0006034693815232,0.00041708887146,600,0
log_cosh,log_cosh,riemannian_stl,riemannian,1,10,2,100.0,1.0,0.1,1,3000,0.0005098661245655,0.0003516831793848,0.000525338107463,0.0003805214066581,600,0
log_cosh,log_cosh,riemannian_stl,riemannian,1,11,2,100.0,1.0,0.1,1,3000,0.0004739461360587,0.0002978973086988,0.0005538395208586,0.0012580552940475,600,0
log_cosh,log_cosh,riemannian_stl,riemannian,1,12,2,100.0,1.0,0.1,1,3000,0.0004758032752635,0.000337374808355,0.0004806764974161,0.0011675968322735,600,0
log_cosh,log_cosh,riemannian_stl,riemannian,1,13,2,100.0,1.0,0.1,1,3000,0.0005266652797064,0.0003632942790583,0.0005604231085806,0.0003816230027609,600,0
log_cosh,log_cosh,riemannian_stl,riemannian,1,14,2,100.0,1.0,0.1,1,3000,0.0006134669227273,0.0003653027243573,0.0007808592296813,0.0007040207217645,600,0
log_cosh,log_cosh,riemannian_stl,riemannian,1,15,2,100.0,1.0,0.1,1,3000,0.0005488221839843,0.0003479618787813,0.0006957609780649,0.0002521926437544,600,0
log_cosh,log_cosh,riemannian_stl,riemannian,1,16,2,100.0,1.0,0.1,1,3000,0.0004458933413151,0.0002773125201995,0.0004607036396689,0.0001295861836183,600,0
log_cosh,log_cosh,riemannian_stl,riemannian,1,17,2,100.0,1.0,0.1,1,3000,0.0006254717478597,0.0004182146612239,0.0006564627341551,0.000399608353073,600,0
log_cosh,log_cosh,riemannian_stl,riemannian,1,18,2,100.0,1.0,0.1,1,3000,0.0005440174550015,0.0003941884107392,0.0006034862250556,0.0003379048296552,600,0
log_cosh,log_cosh,riemannian_stl,riemannian,1,19,2,100.0,1.0,0.1,1,3000,0.0005141805200165,0.0002991758758097,0.0006126659433741,0.0002489968806829,600,0
log_cosh,log_cosh,kl_stl,kl,1,0,2,100.0,1.0,0.1,1,3000,0.0003815061396093,0.0002492431069609,0.0004219976101639,0.0004534567468348,600,0
log_cosh,log_cosh,kl_stl,kl,1,1,2,100.0,1.0,0.1,1,3000,0.0006815802542511,0.0003959342399666,0.000807833444137,0.0020716618608718,600,0
log_cosh,log_cosh,kl_stl,kl,1,2,2,100.0,1.0,0.1,1,3000,0.0004570087534461,0.00030067095215,0.0005201800790738,0.0002289290914481,600,0
log_cosh,log_cosh,kl_stl,kl,1,3,2,100.0,1.0,0.1,1,3000,0.0005612875261695,0.0003591402321019,0.0006864253163514,8.319606607631869e-05,600,0
log_cosh,log_cosh,kl_stl,kl,1,4,2,100.0,1.0,0.1,1,3000,0.0005213998438688,0.0002728937399316,0.0010094102400893,0.0001912065935574,600,0
log_cosh,log_cosh,kl_stl,kl,1,5,2,100.0,1.0,0.1,1,3000,0.0005423329156927,0.0003576555266211,0.0005628261829682,0.0001199883266114,600,0
log_cosh,log_cosh,kl_stl,kl,1,6,2,100.0,1.0,0.1,1,3000,0.0004884453090755,0.000335475651916,0.0005120763726276,0.000629800281036,600,0
log_cosh,log_cosh,kl_stl,kl,1,7,2,100.0,1.0,0.1,1,3000,0.0006431987112113,0.0004041608070037,0.0006874723889957,0.0008858907847253,600,0
log_cosh,log_cosh,kl_stl,kl,1,8,2,100.0,1.0,0.1,1,3000,0.0005031679270642,0.000396446397366,0.0004548956875489,0.0017600472680543,600,0
log_cosh,log_cosh,kl_stl,kl,1,9,2,100.0,1.0,0.1,1,3000,0.0005093984185476,0.0003386183161315,0.0005832699353333,0.0004159206042473,600,0
log_cosh,log_cosh,kl_stl,kl,1,10,2,100.0,1.0,0.1,1,3000,0.0004829477606439,0.0003312378658271,0.0005048634774545,0.0003661930595071,600,0
log_cosh,log_cosh,kl_stl,kl,1,11,2,100.0,1.0,0.1,1,3000,0.0004471727227273,0.0002771711444127,0.0005244058280466,0.0013100020682315,600,0
log_cosh,log_cosh,kl_stl,kl,1,12,2,100.0,1.0,0.1,1,3000,0.0004542417316052,0.0003108649090812,0.0004657785947708,0.0011984934819517,600,0
log_cosh,log_cosh,kl_stl,kl,1,13,2,100.0,1.0,0.1,1,3000,0.000499098832242,0.0003376701508344,0.0005411635723486,0.0003979847574604,600,0
log_cosh,log_cosh,kl_stl,kl,1,14,2,100.0,1.0,0.1,1,3000,0.0005829084477621,0.0003343856935105,0.0007703544180786,0.0005923324057941,600,0
log_cosh,log_cosh,kl_stl,kl,1,15,2,100.0,1.0,0.1,1,3000,0.0005154484156123,0.0003217413987026,0.0006636874088568,0.000173494615141,600,0
log_cosh,log_cosh,kl_stl,kl,1,16,2,100.0,1.0,0.1,1,3000,0.0004107722998242,0.0002547094920219,0.0004256981284826,0.0001097330405057,600,0
log_cosh,log_cosh,kl_stl,kl,1,17,2,100.0,1.0,0.1,1,3000,0.0005988643911826,0.0003969892186712,0.0006318697230966,0.0003467977170061,600,0
log_cosh,log_cosh,kl_stl,kl,1,18,2,100.0,1.0,0.1,1,3000,0.0005148166253483,0.0003711452591086,0.0005686683194366,0.0003233617204694,600,0
log_cosh,log_cosh,kl_stl,kl,1,19,2,100.0,1.0,0.1,1,3000,0.0004893605668375,0.0002848868387956,0.0005966374906495,0.0001956746054543,600,0
log_cosh,log_cosh,riemannian_stl,riemannian,1,0,2,100.0,1.0,0.1,4,3000,0.0001219697123699,8.16846297062579e-05,0.0001244679195045,3.328545803737981e-05,600,0
log_cosh,log_cosh,riemannian_stl,riemannian,1,1,2,100.0,1.0,0.1,4,3000,0.0001321200210239,9.565775622633056e-05,0.0001190279603626,0.0004470249113963,600,0
log_cosh,log_cosh,riemannian_stl,riemannian,1,2,2,100.0,1.0,0.1,4,3000,0.0001138409358385,8.270441253643845e-05,0.0001049341522527,8.870528249360632e-05,600,0
log_cosh,log_cosh,riemannian_stl,riemannian,1,3,2,100.0,1.0,0.1,4,3000,0.0001057469183633,8.47596735800149e-05,9.019077381697884e-05,0.0002649503277543,600,0
log_cosh,log_cosh,riemannian_stl,riemannian,1,4,2,100.0,1.0,0.1,4,3000,0.0001231272597913,9.152407163948162e-05,0.0001124911140155,0.0001060757182362,600,0
log_cosh,log_cosh,riemannian_stl,riemannian,1,5,2,100.0,1.0,0.1,4,3000,0.0001616800493472,0.0001137385188165,0.0001517360909068,0.0004640964968682,600,0
log_cosh,log_cosh,riemannian_stl,riemannian,1,6,2,100.0,1.0,0.1,4,3000,0.0001175394968967,8.557773145212444e-05,0.0001026250307555,1.2388218022074682e-05,600,0
log_cosh,log_cosh,riemannian_stl,riemannian,1,7,2,100.0,1.0,0.1,4,3000,0.0001335856419631,9.391545985337756e-05,0.0001327152510219,2.296678734481361e-05,600,0
log_cosh,log_cosh,riemannian_stl,riemannian,1,8,2,100.0,1.0,0.1,4,3000,0.0001289974961999,8.150670631623669e-05,0.0001648778925789,0.000502969776873,600,0
log_cosh,log_cosh,riemannian_stl,riemannian,1,9,2,100.0,1.0,0.1,4,3000,0.0001256078982599,8.924624841033513e-05,0.0001194867598513,0.0001369916791813,600,0
log_cosh,log_cosh,riemannian_stl,riemannian,1,10,2,100.0,1.0,0.1,4,3000,0.0001277062974166,8.998444147167994e-05,0.0001265519433028,5.697972563600828e-05,600,0
log_cosh,log_cosh,riemannian_stl,riemannian,1,11,2,100.0,1.0,0.1,4,3000,0.0001530027246208,0.0001028574745636,0.0001627083759317,0.0001141037320562,600,0
log_cosh,log_cosh,riemannian_stl,riemannian,1,12,2,100.0,1.0,0.1,4,3000,0.0001535567200963,0.0001150294550038,0.0001491688425905,0.0001849761741441,600,0
log_cosh,log_cosh,riemannian_stl,riemannian,1,13,2,100.0,1.0,0.1,4,3000,0.0001357498902223,7.485349517200035e-05,0.0001541831895292,8.211004816027767e-05,600,0
log_cosh,log_cosh,riemannian_stl,riemannian,1,14,2,100.0,1.0,0.1,4,3000,0.0001158529691603,8.389609927417219e-05,0.0001119598979279,1.9715464175895647e-05,600,0
log_cosh,log_cosh,riemannian_stl,riemannian,1,15,2,100.0,1.0,0.1,4,3000,0.0001024654928081,6.901925802860198e-05,0.0001057038019298,0.0003624239641801,600,0
log_cosh,log_cosh,riemannian_stl,riemannian,1,16,2,100.0,1.0,0.1,4,3000,0.0001455544217359,0.0001024744941375,0.000143852221821,2.7961390596686897e-05,600,0
log_cosh,log_cosh,riemannian_stl,riemannian,1,17,2,100.0,1.0,0.1,4,3000,0.0001378555214016,0.0001107820773678,0.0001207721973668,0.0001787575662346,600,0
log_cosh,log_cosh,riemannian_stl,riemannian,1,18,2,100.0,1.0,0.1,4,3000,0.000155430248606,0.0001227394676701,0.0001425140680175,0.0001480894070615,600,0
log_cosh,log_cosh,riemannian_stl,riemannian,1,19,2,100.0,1.0,0.1,4,3000,0.0001228541852607,8.459793267490134e-05,0.0001204070906978,0.0001871664589652,600,0
log_cosh,log_cosh,kl_stl,kl,1,0,2,100.0,1.0,0.1,4,3000,0.0001136288928712,7.719593950827885e-05,0.0001135924865563,3.749138472652902e-05,600,0
log_cosh,log_cosh,kl_stl,kl,1,1,2,100.0,1.0,0.1,4,3000,0.000124504407096,9.210855051700052e-05,0.0001117888648569,0.0004408694182629,600,0
log_cosh,log_cosh,kl_stl,kl,1,2,2,100.0,1.0,0.1,4,3000,0.0001058363552477,7.86853937388976e-05,9.77457643181235e-05,7.545116397533747e-05,600,0
log_cosh,log_cosh,kl_stl,kl,1,3,2,100.0,1.0,0.1,4,3000,9.946616633430032e-05,8.167561916794241e-05,8.424645752229725e-05,0.0002579472887189,600,0
log_cosh,log_cosh,kl_stl,kl,1,4,2,100.0,1.0,0.1,4,3000,0.0001163404189843,8.819495320211423e-05,0.0001052411753923,0.0001060471160547,600,0
log_cosh,log_cosh,kl_stl,kl,1,5,2,100.0,1.0,0.1,4,3000,0.0001525772314043,0.0001107254133452,0.0001429447452765,0.0004354981292835,600,0
log_cosh,log_cosh,kl_stl,kl,1,6,2,100.0,1.0,0.1,4,3000,0.0001108215225454,8.174492154777724e-05,9.661527087869036e-05,1.3071945778264649e-05,600,0
log_cosh,log_cosh,kl_stl,kl,1,7,2,100.0,1.0,0.1,4,3000,0.0001257929888051,8.859356378243533e-05,0.0001225681723169,2.222822447972561e-05,600,0
log_cosh,log_cosh,kl_stl,kl,1,8,2,100.0,1.0,0.1,4,3000,0.0001209777521851,7.394603219679219e-05,0.0001528757473146,0.0004341942852565,600,0
log_cosh,log_cosh,kl_stl,kl,1,9,2,100.0,1.0,0.1,4,3000,0.0001189993487201,8.572007380536206e-05,0.0001124407303911,0.0001362097161292,600,0
log_cosh,log_cosh,kl_stl,kl,1,10,2,100.0,1.0,0.1,4,3000,0.0001186428368505,8.33281287082599e-05,0.0001150678195478,5.258115282247289e-05,600,0
log_cosh,log_cosh,kl_stl,kl,1,11,2,100.0,1.0,0.1,4,3000,0.0001446252125812,9.672974519769896e-05,0.0001502692598043,0.0001052457267327,600,0
log_cosh,log_cosh,kl_stl,kl,1,12,2,100.0,1.0,0.1,4,3000,0.0001465191860354,0.0001110756019313,0.0001392042423152,0.0001756763496181,600,0
log_cosh,log_cosh,kl_stl,kl,1,13,2,100.0,1.0,0.1,4,3000,0.0001286774525135,7.094613499258884e-05,0.0001474533565954,8.084853602863262e-05,600,0
log_cosh,log_cosh,kl_stl,kl,1,14,2,100.0,1.0,0.1,4,3000,0.00010792182787,8.166978981161144e-05,0.000102245296807,1.0301879385110624e-05,600,0
log_cosh,log_cosh,kl_stl,kl,1,15,2,100.0,1.0,0.1,4,3000,9.542866471515958e-05,6.57384540436734e-05,9.784691066116246e-05,0.0003625605779271,600,0
log_cosh,log_cosh,kl_stl,kl,1,16,2,100.0,1.0,0.1,4,3000,0.0001379858046647,9.717224975180903e-05,0.0001358549721444,2.5461092576506417e-05,600,0
log_cosh,log_cosh,kl_stl,kl,1,17,2,100.0,1.0,0.1,4,3000,0.000131105852393,0.0001017045333069,0.0001156051232612,0.0001833324827389,600,0
log_cosh,log_cosh,kl_stl,kl,1,18,2,100.0,1.0,0.1,4,3000,0.0001456369687552,0.000118716934252,0.0001306715912342,0.0001457723762992,600,0
log_cosh,log_cosh,kl_stl,kl,1,19,2,100.0,1.0,0.1,4,3000,0.0001163881725525,8.173000324340762e-05,0.0001144185599461,0.0001885320066143,600,0
log_cosh,log_cosh,riemannian_stl,riemannian,1,0,2,100.0,1.0,0.1,16,3000,3.907555617978102e-05,2.588806146119893e-05,4.028156840768271e-05,2.0847349487596038e-05,600,0
log_cosh,log_cosh,riemannian_stl,riemannian,1,1,2,100.0,1.0,0.1,16,3000,3.4786196673320576e-05,2.8464211429879427e-05,2.8224107138149124e-05,0.0001233561998619,600,0
log_cosh,log_cosh,riemannian_stl,riemannian,1,2,2,100.0,1.0,0.1,16,3000,2.6762274214047935e-05,1.838725886482706e-05,2.7293422645785856e-05,6.317390088117492e-05,600,0
log_cosh,log_cosh,riemannian_stl,riemannian,1,3,2,100.0,1.0,0.1,16,3000,3.1592037543381285e-05,1.9775886069384185e-05,3.569942407843186e-05,1.3679019543744175e-05,600,0
log_cosh,log_cosh,riemannian_stl,riemannian,1,4,2,100.0,1.0,0.1,16,3000,3.687082531489416e-05,2.041907659444675e-05,4.490920967955775e-05,5.9818965572056015e-06,600,0
log_cosh,log_cosh,riemannian_stl,riemannian,1,5,2,100.0,1.0,0.1,16,3000,3.826364075955121e-05,2.342114137166007e-05,3.953172175013719e-05,9.23761172977322e-06,600,0
log_cosh,log_cosh,riemannian_stl,riemannian,1,6,2,100.0,1.0,0.1,16,3000,4.056621106189947e-05,2.9061272545538586e-05,4.2712025326642713e-05,6.0511740056057306e-05,600,0
log_cosh,log_cosh,riemannian_stl,riemannian,1,7,2,100.0,1.0,0.1,16,3000,3.8180401845270645e-05,2.6099787199029837e-05,3.8266321963235446e-05,8.610876703674109e-06,600,0
log_cosh,log_cosh,riemannian_stl,riemannian,1,8,2,100.0,1.0,0.1,16,3000,3.116539661516186e-05,2.206479718602772e-05,3.0506591884180603e-05,5.48248564595788e-05,600,0
log_cosh,log_cosh,riemannian_stl,riemannian,1,9,2,100.0,1.0,0.1,16,3000,3.1692940653226624e-05,2.425019158103225e-05,2.787307237292241e-05,3.7109476758168114e-05,600,0
log_cosh,log_cosh,riemannian_stl,riemannian,1,10,2,100.0,1.0,0.1,16,3000,4.021347270670791e-05,2.7979621279206057e-05,4.04303484151678e-05,8.207986100927656e-05,600,0
log_cosh,log_cosh,riemannian_stl,riemannian,1,11,2,100.0,1.0,0.1,16,3000,3.447296625259444e-05,2.0111406086043004e-05,3.9544755036103165e-05,4.462712701336358e-05,600,0
log_cosh,log_cosh,riemannian_stl,riemannian,1,12,2,100.0,1.0,0.1,16,3000,3.270829902813836e-05,2.37419384672144e-05,3.093542655097671e-05,9.639950131701268e-05,600,0
log_cosh,log_cosh,riemannian_stl,riemannian,1,13,2,100.0,1.0,0.1,16,3000,2.789869528451616e-05,1.8700982393315968e-05,2.7363606785763964e-05,4.353206231044737e-06,600,0
log_cosh,log_cosh,riemannian_stl,riemannian,1,14,2,100.0,1.0,0.1,16,3000,3.022813896673767e-05,2.1687152326643755e-05,3.104101931611113e-05,1.415728379017267e-05,600,0
log_cosh,log_cosh,riemannian_stl,riemannian,1,15,2,100.0,1.0,0.1,16,3000,4.0475062608650673e-05,2.842112982737177e-05,3.914934223090493e-05,2.079890341288859e-06,600,0
log_cosh,log_cosh,riemannian_stl,riemannian,1,16,2,100.0,1.0,0.1,16,3000,2.8510083862194336e-05,1.951892833140789e-05,2.770836731881194e-05,5.558837670971428e-05,600,0
log_cosh,log_cosh,riemannian_stl,riemannian,1,17,2,100.0,1.0,0.1,16,3000,4.004786756747351e-05,2.8001800617349915e-05,3.774634427341853e-05,1.6633863110016023e-05,600,0
log_cosh,log_cosh,riemannian_stl,riemannian,1,18,2,100.0,1.0,0.1,16,3000,3.430063735329725e-05,2.538728709478022e-05,3.0848199174654634e-05,1.3319168988168428e-05,600,0
log_cosh,log_cosh,riemannian_stl,riemannian,1,19,2,100.0,1.0,0.1,16,3000,3.480098904355892e-05,2.3621320896172197e-05,3.576621669255417e-05,0.0001311243920891,600,0
log_cosh,log_cosh,kl_stl,kl,1,0,2,100.0,1.0,0.1,16,3000,3.707001383592479e-05,2.46170150079994e-05,3.732511727203321e-05,1.832118039990505e-05,600,0
log_cosh,log_cosh,kl_stl,kl,1,1,2,100.0,1.0,0.1,16,3000,3.278632228079707e-05,2.700463296845257e-05,2.648941359543288e-05,0.0001161050738178,600,0
log_cosh,log_cosh,kl_stl,kl,1,2,2,100.0,1.0,0.1,16,3000,2.472747165286485e-05,1.6581247559654955e-05,2.5306889818642744e-05,5.437840017608053e-05,600,0
log_cosh,log_cosh,kl_stl,kl,1,3,2,100.0,1.0,0.1,16,3000,2.966449920576301e-05,1.8452129474599843e-05,3.296929722045477e-05,1.3641368345140847e-05,600,0
log_cosh,log_cosh,kl_stl,kl,1,4,2,100.0,1.0,0.1,16,3000,3.491096688926998e-05,1.9678036964343448e-05,4.304336864396123e-05,5.384118316520414e-06,600,0
log_cosh,log_cosh,kl_stl,kl,1,5,2,100.0,1.0,0.1,16,3000,3.610865586829659e-05,2.2492158256115505e-05,3.737825624610919e-05,6.87642810115463e-06,600,0
log_cosh,log_cosh,kl_stl,kl,1,6,2,100.0,1.0,0.1,16,3000,3.850515543336005e-05,2.7975900133370143e-05,3.999263651749186e-05,6.308686123546181e-05,600,0
log_cosh,log_cosh,kl_stl,kl,1,7,2,100.0,1.0,0.1,16,3000,3.614367867731024e-05,2.46410400959185e-05,3.5870600708090896e-05,9.681852624954246e-06,600,0
log_cosh,log_cosh,kl_stl,kl,1,8,2,100.0,1.0,0.1,16,3000,2.932821659651808e-05,2.111634799373263e-05,2.8407723791963024e-05,5.010867289989562e-05,600,0
log_cosh,log_cosh,kl_stl,kl,1,9,2,100.0,1.0,0.1,16,3000,2.958032091357588e-05,2.2685064660299403e-05,2.5607421386670587e-05,3.625625630832019e-05,600,0
log_cosh,log_cosh,kl_stl,kl,1,10,2,100.0,1.0,0.1,16,3000,3.798386487104881e-05,2.594845060643891e-05,3.795482802583287e-05,7.322518369790032e-05,600,0
log_cosh,log_cosh,kl_stl,kl,1,11,2,100.0,1.0,0.1,16,3000,3.250010902714854e-05,1.895020850284368e-05,3.720574807646656e-05,4.166409431460849e-05,600,0
log_cosh,log_cosh,kl_stl,kl,1,12,2,100.0,1.0,0.1,16,3000,3.056844034908727e-05,2.228913867075022e-05,2.871609173021827e-05,9.664844643886283e-05,600,0
log_cosh,log_cosh,kl_stl,kl,1,13,2,100.0,1.0,0.1,16,3000,2.569899125939153e-05,1.7509294533368802e-05,2.4880454976631147e-05,4.691733736628123e-06,600,0
log_cosh,log_cosh,kl_stl,kl,1,14,2,100.0,1.0,0.1,16,3000,2.829104992936537e-05,2.0764172124154712e-05,2.837775360725226e-05,1.2578513550742798e-05,600,0
log_cosh,log_cosh,kl_stl,kl,1,15,2,100.0,1.0,0.1,16,3000,3.857741044025772e-05,2.687709148041506e-05,3.7350792379436886e-05,2.1732349853031963e-06,600,0
log_cosh,log_cosh,kl_stl,kl,1,16,2,100.0,1.0,0.1,16,3000,2.678932656960509e-05,1.902074277371213e-05,2.55360173579374e-05,5.1589792930517575e-05,600,0
log_cosh,log_cosh,kl_stl,kl,1,17,2,100.0,1.0,0.1,16,3000,3.808391475323821e-05,2.6837150701508605e-05,3.557494469608806e-05,1.6082796579830472e-05,600,0
log_cosh,log_cosh,kl_stl,kl,1,18,2,100.0,1.0,0.1,16,3000,3.173772746777696e-05,2.4415943120637e-05,2.80776467114994e-05,1.3472699882832728e-05,600,0
log_cosh,log_cosh,kl_stl,kl,1,19,2,100.0,1.0,0.1,16,3000,3.2442030305555034e-05,2.27189663362104e-05,3.250894555940611e-05,0.0001115088569778,600,0
log_cosh,log_cosh,riemannian_stl,riemannian,1,0,8,10.0,0.1,0.1,1,3000,3.1858918838854793e-05,2.6622581358992647e-05,2.2143729504476895e-05,1.2884568047155652e-05,600,0
log_cosh,log_cosh,riemannian_stl,riemannian,1,1,8,10.0,0.1,0.1,1,3000,3.330334884190952e-05,3.0026806766336733e-05,2.023987893450943e-05,0.0001725506269529,600,0
log_cosh,log_cosh,riemannian_stl,riemannian,1,2,8,10.0,0.1,0.1,1,3000,3.8276804259052e-05,3.178271794546106e-05,2.6860628301758735e-05,2.1573607632774383e-05,600,0
log_cosh,log_cosh,riemannian_stl,riemannian,1,3,8,10.0,0.1,0.1,1,3000,3.606051566125738e-05,3.031728590041638e-05,2.258074302508941e-05,6.683341497293327e-05,600,0
log_cosh,log_cosh,riemannian_stl,riemannian,1,4,8,10.0,0.1,0.1,1,3000,3.154538080596107e-05,2.61875098495068e-05,1.964581060704225e-05,0.00010402267403,600,0
log_cosh,log_cosh,riemannian_stl,riemannian,1,5,8,10.0,0.1,0.1,1,3000,3.41915224256469e-05,2.926979317052769e-05,2.0765020302777267e-05,2.502269325255213e-05,600,0
log_cosh,log_cosh,riemannian_stl,riemannian,1,6,8,10.0,0.1,0.1,1,3000,3.371949664455679e-05,2.8816562630318288e-05,2.09246327819472e-05,3.246595564121435e-05,600,0
log_cosh,log_cosh,riemannian_stl,riemannian,1,7,8,10.0,0.1,0.1,1,3000,3.380438241292379e-05,2.660629250250679e-05,2.6820442469566145e-05,4.855592032626532e-05,600,0
log_cosh,log_cosh,riemannian_stl,riemannian,1,8,8,10.0,0.1,0.1,1,3000,3.4567128664126184e-05,2.9719075326006816e-05,2.218811787764957e-05,1.9104192926278077e-05,600,0
log_cosh,log_cosh,riemannian_stl,riemannian,1,9,8,10.0,0.1,0.1,1,3000,3.3937217149825706e-05,2.8608316108957865e-05,2.200476870384017e-05,4.425018619613752e-05,600,0
log_cosh,log_cosh,riemannian_stl,riemannian,1,10,8,10.0,0.1,0.1,1,3000,3.16253705841311e-05,2.6341011950314908e-05,2.0970208470055225e-05,1.9353550923639773e-05,600,0
log_cosh,log_cosh,riemannian_stl,riemannian,1,11,8,10.0,0.1,0.1,1,3000,3.170811767234956e-05,2.847925647131433e-05,1.8464652283512192e-05,4.136181614811108e-05,600,0
log_cosh,log_cosh,riemannian_stl,riemannian,1,12,8,10.0,0.1,0.1,1,3000,3.369786041877395e-05,2.684294526922315e-05,2.689121744403505e-05,2.4397114817276133e-05,600,0
log_cosh,log_cosh,riemannian_stl,riemannian,1,13,8,10.0,0.1,0.1,1,3000,3.412366205160685e-05,2.913999329479111e-05,2.1705834214783054e-05,3.1225317894012505e-05,600,0
log_cosh,log_cosh,riemannian_stl,riemannian,1,14,8,10.0,0.1,0.1,1,3000,3.339951337726651e-05,3.009418548494125e-05,1.926994339783589e-05,3.735352015254989e-05,600,0
log_cosh,log_cosh,riemannian_stl,riemannian,1,15,8,10.0,0.1,0.1,1,3000,3.226433492384236e-05,2.7675574102659084e-05,2.037096807765856e-05,1.838075782245596e-05,600,0
log_cosh,log_cosh,riemannian_stl,riemannian,1,16,8,10.0,0.1,0.1,1,3000,2.9314870023252244e-05,2.5237672412359306e-05,1.9469012506993223e-05,1.8593670358058038e-05,600,0
log_cosh,log_cosh,riemannian_stl,riemannian,1,17,8,10.0,0.1,0.1,1,3000,3.08989858742977e-05,2.4801123795548108e-05,2.3509791448589294e-05,2.180650311167653e-05,600,0
log_cosh,log_cosh,riemannian_stl,riemannian,1,18,8,10.0,0.1,0.1,1,3000,3.17504899440646e-05,2.633947437225004e-05,2.167220882765081e-05,6.69631782130864e-05,600,0
log_cosh,log_cosh,riemannian_stl,riemannian,1,19,8,10.0,0.1,0.1,1,3000,3.3691344950449084e-05,2.89898054157689e-05,2.035486060772584e-05,3.629296505280877e-05,600,0
log_cosh,log_cosh,kl_stl,kl,1,0,8,10.0,0.1,0.1,1,3000,2.988112814187834e-05,2.495590084539145e-05,2.074286681386504e-05,1.2704298713472896e-05,600,0
log_cosh,log_cosh,kl_stl,kl,1,1,8,10.0,0.1,0.1,1,3000,3.1159648817326394e-05,2.7940029754702778e-05,1.8745214769571052e-05,0.0001632585741155,600,0
log_cosh,log_cosh,kl_stl,kl,1,2,8,10.0,0.1,0.1,1,3000,3.5920683198809776e-05,3.008790227454483e-05,2.492071576715695e-05,2.0049714468228785e-05,600,0
log_cosh,log_cosh,kl_stl,kl,1,3,8,10.0,0.1,0.1,1,3000,3.40636766018824e-05,2.8624114095876507e-05,2.147601463320241e-05,6.367473017832026e-05,600,0
log_cosh,log_cosh,kl_stl,kl,1,4,8,10.0,0.1,0.1,1,3000,2.9454698242948516e-05,2.4723839483264957e-05,1.8224461444644485e-05,9.9397596160955e-05,600,0
log_cosh,log_cosh,kl_stl,kl,1,5,8,10.0,0.1,0.1,1,3000,3.216578158476461e-05,2.7237871890406492e-05,1.9663834477740856e-05,2.589699804111945e-05,600,0
log_cosh,log_cosh,kl_stl,kl,1,6,8,10.0,0.1,0.1,1,3000,3.170218325768322e-05,2.705315531326136e-05,1.991455015603648e-05,3.135397673048601e-05,600,0
log_cosh,log_cosh,kl_stl,kl,1,7,8,10.0,0.1,0.1,1,3000,3.149989573240456e-05,2.4696285835013043e-05,2.470371660972682e-05,4.4979287290303205e-05,600,0
log_cosh,log_cosh,kl_stl,kl,1,8,8,10.0,0.1,0.1,1,3000,3.2523210241167297e-05,2.7687768401563065e-05,2.100606279662015e-05,1.8480036471757444e-05,600,0
log_cosh,log_cosh,kl_stl,kl,1,9,8,10.0,0.1,0.1,1,3000,3.159774694643088e-05,2.6264719070745457e-05,2.0571559504545223e-05,4.222794922270623e-05,600,0
log_cosh,log_cosh,kl_stl,kl,1,10,8,10.0,0.1,0.1,1,3000,2.9453497380282916e-05,2.498047375087964e-05,1.9195173868540108e-05,1.8868667082116986e-05,600,0
log_cosh,log_cosh,kl_stl,kl,1,11,8,10.0,0.1,0.1,1,3000,2.96357390675824e-05,2.6344125657828957e-05,1.7386523006112654e-05,3.9152053187052616e-05,600,0
log_cosh,log_cosh,kl_stl,kl,1,12,8,10.0,0.1,0.1,1,3000,3.1683056950443007e-05,2.5357389929148155e-05,2.5869171302169324e-05,2.189376577099722e-05,600,0
log_cosh,log_cosh,kl_stl,kl,1,13,8,10.0,0.1,0.1,1,3000,3.211090049973701e-05,2.7673363317326505e-05,2.035108063988188e-05,2.922447418285401e-05,600,0
log_cosh,log_cosh,kl_stl,kl,1,14,8,10.0,0.1,0.1,1,3000,3.1312465679412445e-05,2.7865159220930025e-05,1.8099799918182003e-05,3.546904622808711e-05,600,0
log_cosh,log_cosh,kl_stl,kl,1,15,8,10.0,0.1,0.1,1,3000,3.035229657240457e-05,2.5909616188535267e-05,1.932655018281591e-05,1.750926677601683e-05,600,0
log_cosh,log_cosh,kl_stl,kl,1,16,8,10.0,0.1,0.1,1,3000,2.750725021648452e-05,2.3592441272590747e-05,1.8371814972322904e-05,1.609221302700803e-05,600,0
log_cosh,log_cosh,kl_stl,kl,1,17,8,10.0,0.1,0.1,1,3000,2.8630917878643323e-05,2.290076249789053e-05,2.1645470503425893e-05,2.0795451321831138e-05,600,0
log_cosh,log_cosh,kl_stl,kl,1,18,8,10.0,0.1,0.1,1,3000,2.993132987622419e-05,2.4777381812945976e-05,2.050718269884368e-05,6.570245244574835e-05,600,0
log_cosh,log_cosh,kl_stl,kl,1,19,8,10.0,0.1,0.1,1,3000,3.1724504719283786e-05,2.7887614844956943e-05,1.9066221393937268e-05,3.4764683025656495e-05,600,0
log_cosh,log_cosh,riemannian_stl,riemannian,1,0,8,10.0,0.1,0.1,4,3000,6.788993648190929e-06,6.062850161470124e-06,3.860358844673802e-06,8.346503152623086e-06,600,0
log_cosh,log_cosh,riemannian_stl,riemannian,1,1,8,10.0,0.1,0.1,4,3000,7.756682366079441e-06,6.51307187560235e-06,5.228828633888914e-06,8.568243700324274e-06,600,0
log_cosh,log_cosh,riemannian_stl,riemannian,1,2,8,10.0,0.1,0.1,4,3000,7.677470115809252e-06,6.77881231148092e-06,4.627443994328895e-06,5.985777686845495e-06,600,0
log_cosh,log_cosh,riemannian_stl,riemannian,1,3,8,10.0,0.1,0.1,4,3000,7.874037399758411e-06,6.912634150424424e-06,4.4261820170972304e-06,6.150015851247304e-06,600,0
log_cosh,log_cosh,riemannian_stl,riemannian,1,4,8,10.0,0.1,0.1,4,3000,8.372916430857321e-06,6.9885138209713205e-06,5.9849910751620825e-06,1.4152500018127512e-05,600,0
log_cosh,log_cosh,riemannian_stl,riemannian,1,5,8,10.0,0.1,0.1,4,3000,8.070371412554067e-06,6.654942571238109e-06,5.263458337215689e-06,6.231314252147513e-06,600,0
log_cosh,log_cosh,riemannian_stl,riemannian,1,6,8,10.0,0.1,0.1,4,3000,7.837952313153688e-06,6.773627341694066e-06,4.64441547166894e-06,5.506649742414993e-06,600,0
log_cosh,log_cosh,riemannian_stl,riemannian,1,7,8,10.0,0.1,0.1,4,3000,8.538902203776289e-06,7.272236078215144e-06,5.003107673954842e-06,8.927648069700922e-06,600,0
log_cosh,log_cosh,riemannian_stl,riemannian,1,8,8,10.0,0.1,0.1,4,3000,7.843059639724241e-06,6.698250952119622e-06,4.93506296869936e-06,6.734265102892323e-06,600,0
log_cosh,log_cosh,riemannian_stl,riemannian,1,9,8,10.0,0.1,0.1,4,3000,8.16090844174037e-06,6.704312102812082e-06,5.1809382220315644e-06,9.347692669692265e-06,600,0
log_cosh,log_cosh,riemannian_stl,riemannian,1,10,8,10.0,0.1,0.1,4,3000,8.32366039461796e-06,7.19601326881758e-06,5.069548915444565e-06,1.232151896068956e-05,600,0
log_cosh,log_cosh,riemannian_stl,riemannian,1,11,8,10.0,0.1,0.1,4,3000,7.17838488398866e-06,6.30288665881551e-06,3.997030756910453e-06,9.715312220492931e-06,600,0
log_cosh,log_cosh,riemannian_stl,riemannian,1,12,8,10.0,0.1,0.1,4,3000,7.564170118155762e-06,6.03929371756351e-06,5.708697724207224e-06,8.494101466638426e-06,600,0
log_cosh,log_cosh,riemannian_stl,riemannian,1,13,8,10.0,0.1,0.1,4,3000,8.242882680929616e-06,6.827489328564695e-06,5.41326566189293e-06,1.67147844614135e-05,600,0
log_cosh,log_cosh,riemannian_stl,riemannian,1,14,8,10.0,0.1,0.1,4,3000,7.278156641253493e-06,6.70497507648804e-06,3.823975898479083e-06,6.008415855518479e-06,600,0
log_cosh,log_cosh,riemannian_stl,riemannian,1,15,8,10.0,0.1,0.1,4,3000,7.585894700573211e-06,6.5435335034891295e-06,4.444302442901311e-06,1.2586777451417674e-05,600,0
log_cosh,log_cosh,riemannian_stl,riemannian,1,16,8,10.0,0.1,0.1,4,3000,7.911735064685861e-06,6.488509748159288e-06,5.267787141894894e-06,4.795736852969412e-06,600,0
log_cosh,log_cosh,riemannian_stl,riemannian,1,17,8,10.0,0.1,0.1,4,3000,8.8307972129531e-06,7.159834488845718e-06,6.209506423731894e-06,7.987392049102482e-06,600,0
log_cosh,log_cosh,riemannian_stl,riemannian,1,18,8,10.0,0.1,0.1,4,3000,7.218973588386153e-06,6.132389509971858e-06,4.790967709792189e-06,1.460261024099907e-05,600,0
log_cosh,log_cosh,riemannian_stl,riemannian,1,19,8,10.0,0.1,0.1,4,3000,7.91093790573368e-06,6.573918983399096e-06,5.145296642561679e-06,9.516073539828083e-06,600,0
log_cosh,log_cosh,kl_stl,kl,1,0,8,10.0,0.1,0.1,4,3000,6.360135278059195e-06,5.713542774010705e-06,3.589947758736081e-06,7.667084910067956e-06,600,0
log_cosh,log_cosh,kl_stl,kl,1,1,8,10.0,0.1,0.1,4,3000,7.269078863047322e-06,6.121240980760945e-06,4.84239067553367e-06,7.579891139641859e-06,600,0
log_cosh,log_cosh,kl_stl,kl,1,2,8,10.0,0.1,0.1,4,3000,7.184439393551993e-06,6.37119176616352e-06,4.313002300956187e-06,5.16703422626108e-06,600,0
log_cosh,log_cosh,kl_stl,kl,1,3,8,10.0,0.1,0.1,4,3000,7.395455523913815e-06,6.575015335741341e-06,4.07293045627827e-06,6.062850474108927e-06,600,0
log_cosh,log_cosh,kl_stl,kl,1,4,8,10.0,0.1,0.1,4,3000,7.874147200238231e-06,6.681069624647762e-06,5.563668243832551e-06,1.1733067044161771e-05,600,0
log_cosh,log_cosh,kl_stl,kl,1,5,8,10.0,0.1,0.1,4,3000,7.592768112931007e-06,6.397438887084661e-06,4.89011980479688e-06,6.008517258848656e-06,600,0
log_cosh,log_cosh,kl_stl,kl,1,6,8,10.0,0.1,0.1,4,3000,7.367620440573338e-06,6.402615234435416e-06,4.277231070664092e-06,5.778965071812081e-06,600,0
log_cosh,log_cosh,kl_stl,kl,1,7,8,10.0,0.1,0.1,4,3000,8.025464366644048e-06,6.80374496475622e-06,4.6448997713611735e-06,8.348038303296335e-06,600,0
log_cosh,log_cosh,kl_stl,kl,1,8,8,10.0,0.1,0.1,4,3000,7.336995872240238e-06,6.282742484486903e-06,4.60197126787082e-06,6.300585171814532e-06,600,0
log_cosh,log_cosh,kl_stl,kl,1,9,8,10.0,0.1,0.1,4,3000,7.713541468179486e-06,6.35711856311616e-06,4.840352773501891e-06,9.218611715766656e-06,600,0
log_cosh,log_cosh,kl_stl,kl,1,10,8,10.0,0.1,0.1,4,3000,7.835825381589482e-06,6.598762988474505e-06,4.801263268019909e-06,1.1257389946450758e-05,600,0
log_cosh,log_cosh,kl_stl,kl,1,11,8,10.0,0.1,0.1,4,3000,6.712218114307925e-06,5.914195988054871e-06,3.693460387378703e-06,9.528618107879083e-06,600,0
log_cosh,log_cosh,kl_stl,kl,1,12,8,10.0,0.1,0.1,4,3000,7.059586383884782e-06,5.640401351314495e-06,5.323736761185173e-06,7.93113016683833e-06,600,0
log_cosh,log_cosh,kl_stl,kl,1,13,8,10.0,0.1,0.1,4,3000,7.714549285156025e-06,6.538394143440485e-06,4.952404284598505e-06,1.6216588097250906e-05,600,0
log_cosh,log_cosh,kl_stl,kl,1,14,8,10.0,0.1,0.1,4,3000,6.799761329681076e-06,6.249226219168236e-06,3.528670911674968e-06,5.754669086144304e-06,600,0
log_cosh,log_cosh,kl_stl,kl,1,15,8,10.0,0.1,0.1,4,3000,7.08956218760548e-06,6.0404588007045845e-06,4.116083027282468e-06,1.211361483299811e-05,600,0
log_cosh,log_cosh,kl_stl,kl,1,16,8,10.0,0.1,0.1,4,3000,7.4386251209427696e-06,6.131030558798045e-06,4.973244857993798e-06,4.64741042804917e-06,600,0
log_cosh,log_cosh,kl_stl,kl,1,17,8,10.0,0.1,0.1,4,3000,8.320908277278013e-06,6.863825464442641e-06,5.829195712584377e-06,7.421659244499779e-06,600,0
log_cosh,log_cosh,kl_stl,kl,1,18,8,10.0,0.1,0.1,4,3000,6.819542501090107e-06,5.729327380521454e-06,4.508312587700548e-06,1.4433899185206656e-05,600,0
log_cosh,log_cosh,kl_stl,kl,1,19,8,10.0,0.1,0.1,4,3000,7.424844307060141e-06,6.0667984911333406e-06,4.78767957349485e-06,8.825299079973092e-06,600,0
log_cosh,log_cosh,riemannian_stl,riemannian,1,0,8,10.0,0.1,0.1,16,3000,1.981725196591455e-06,1.7368716678234364e-06,1.2428310575388829e-06,7.537702533255697e-07,600,0
log_cosh,log_cosh,riemannian_stl,riemannian,1,1,8,10.0,0.1,0.1,16,3000,2.00424400532917e-06,1.655773417041928e-06,1.2678931311797604e-06,2.668254186488639e-06,600,0
log_cosh,log_cosh,riemannian_stl,riemannian,1,2,8,10.0,0.1,0.1,16,3000,2.0502779049902387e-06,1.8476522170018936e-06,1.1949929877406658e-06,1.0250041491133288e-06,600,0
log_cosh,log_cosh,riemannian_stl,riemannian,1,3,8,10.0,0.1,0.1,16,3000,1.8932402726582845e-06,1.578679233560365e-06,1.1820930691031136e-06,2.4246802574623416e-06,600,0
log_cosh,log_cosh,riemannian_stl,riemannian,1,4,8,10.0,0.1,0.1,16,3000,1.9700076320017245e-06,1.6558092346130593e-06,1.2963028340062838e-06,8.62255539857415e-07,600,0
log_cosh,log_cosh,riemannian_stl,riemannian,1,5,8,10.0,0.1,0.1,16,3000,1.8758872547171752e-06,1.5134173283470886e-06,1.3096746708289009e-06,1.5116441645091072e-06,600,0
log_cosh,log_cosh,riemannian_stl,riemannian,1,6,8,10.0,0.1,0.1,16,3000,2.0534418045977297e-06,1.7987691851573118e-06,1.297659744443455e-06,1.0782271289144774e-06,600,0
log_cosh,log_cosh,riemannian_stl,riemannian,1,7,8,10.0,0.1,0.1,16,3000,1.891086934315093e-06,1.6181131510251134e-06,1.1823501532327424e-06,2.056251688031807e-06,600,0
log_cosh,log_cosh,riemannian_stl,riemannian,1,8,8,10.0,0.1,0.1,16,3000,2.0314400005982945e-06,1.7747854963445775e-06,1.11042550742992e-06,1.052671091628099e-06,600,0
log_cosh,log_cosh,riemannian_stl,riemannian,1,9,8,10.0,0.1,0.1,16,3000,2.04963354719645e-06,1.699640751695597e-06,1.2573561448838342e-06,6.983497300439012e-07,600,0
log_cosh,log_cosh,riemannian_stl,riemannian,1,10,8,10.0,0.1,0.1,16,3000,1.7781629566204771e-06,1.5799487806944512e-06,1.0725897287581658e-06,2.6316184467134462e-06,600,0
log_cosh,log_cosh,riemannian_stl,riemannian,1,11,8,10.0,0.1,0.1,16,3000,2.062583405303779e-06,1.777649997869446e-06,1.3168296303859403e-06,1.870041685947399e-06,600,0
log_cosh,log_cosh,riemannian_stl,riemannian,1,12,8,10.0,0.1,0.1,16,3000,1.830702609364465e-06,1.5725535043031869e-06,1.1734995967266563e-06,5.427574674143898e-07,600,0
log_cosh,log_cosh,riemannian_stl,riemannian,1,13,8,10.0,0.1,0.1,16,3000,1.8218017422159483e-06,1.5349134638853457e-06,1.2059302030078282e-06,9.02825238568994e-07,600,0
log_cosh,log_cosh,riemannian_stl,riemannian,1,14,8,10.0,0.1,0.1,16,3000,1.7304962275114611e-06,1.5414046421469152e-06,9.385789825391916e-07,2.3111438274270317e-06,600,0
log_cosh,log_cosh,riemannian_stl,riemannian,1,15,8,10.0,0.1,0.1,16,3000,1.8930132725714088e-06,1.6193048439916424e-06,1.3148305684258348e-06,3.0665449504141407e-06,600,0
log_cosh,log_cosh,riemannian_stl,riemannian,1,16,8,10.0,0.1,0.1,16,3000,1.7906059232331018e-06,1.524084558113259e-06,1.1821478842758567e-06,2.1354711634558043e-06,600,0
log_cosh,log_cosh,riemannian_stl,riemannian,1,17,8,10.0,0.1,0.1,16,3000,1.706793893762419e-06,1.480076596394042e-06,9.90853903430851e-07,1.0453936774013073e-06,600,0
log_cosh,log_cosh,riemannian_stl,riemannian,1,18,8,10.0,0.1,0.1,16,3000,2.239539238090653e-06,2.024163600289341e-06,1.208510221592254e-06,2.265955021840682e-06,600,0
log_cosh,log_cosh,riemannian_stl,riemannian,1,19,8,10.0,0.1,0.1,16,3000,2.049483151645622e-06,1.7255184543429891e-06,1.2630733771744394e-06,3.069465943639216e-06,600,0
log_cosh,log_cosh,kl_stl,kl,1,0,8,10.0,0.1,0.1,16,3000,1.8613695174026409e-06,1.6207008943780463e-06,1.138220233817595e-06,7.089077556088341e-07,600,0
log_cosh,log_cosh,kl_stl,kl,1,1,8,10.0,0.1,0.1,16,3000,1.8952499482693952e-06,1.593724977766442e-06,1.1922203331227962e-06,2.4585897442364057e-06,600,0
log_cosh,log_cosh,kl_stl,kl,1,2,8,10.0,0.1,0.1,16,3000,1.930227997588574e-06,1.7616365486361474e-06,1.1023472896671216e-06,1.0147873936716678e-06,600,0
log_cosh,log_cosh,kl_stl,kl,1,3,8,10.0,0.1,0.1,16,3000,1.779989105186175e-06,1.4814441868793438e-06,1.1004911126197482e-06,2.399579283718367e-06,600,0
log_cosh,log_cosh,kl_stl,kl,1,4,8,10.0,0.1,0.1,16,3000,1.8606189825150683e-06,1.572982803565992e-06,1.2261776999441403e-06,8.320326294608549e-07,600,0
log_cosh,log_cosh,kl_stl,kl,1,5,8,10.0,0.1,0.1,16,3000,1.7541930578731287e-06,1.4261399732262705e-06,1.2019562281025834e-06,1.5456282298487167e-06,600,0
log_cosh,log_cosh,kl_stl,kl,1,6,8,10.0,0.1,0.1,16,3000,1.933106188989342e-06,1.7114778652072005e-06,1.213883857567843e-06,9.995377077132162e-07,600,0
log_cosh,log_cosh,kl_stl,kl,1,7,8,10.0,0.1,0.1,16,3000,1.7773510482310685e-06,1.5330385485512463e-06,1.1175526320857926e-06,1.989008680425286e-06,600,0
log_cosh,log_cosh,kl_stl,kl,1,8,8,10.0,0.1,0.1,16,3000,1.9080699496913192e-06,1.7176727542533854e-06,1.0246510660900397e-06,9.844109740697604e-07,600,0
log_cosh,log_cosh,kl_stl,kl,1,9,8,10.0,0.1,0.1,16,3000,1.9310897515101288e-06,1.612017221930273e-06,1.171306725794696e-06,7.114187781098735e-07,600,0
log_cosh,log_cosh,kl_stl,kl,1,10,8,10.0,0.1,0.1,16,3000,1.6702669309154315e-06,1.4729174884209328e-06,1.0070140599332648e-06,2.541481796569656e-06,600,0
log_cosh,log_cosh,kl_stl,kl,1,11,8,10.0,0.1,0.1,16,3000,1.9485178475076024e-06,1.688726435133958e-06,1.2247004239027635e-06,1.736524382067728e-06,600,0
log_cosh,log_cosh,kl_stl,kl,1,12,8,10.0,0.1,0.1,16,3000,1.719561229253467e-06,1.4970861226260013e-06,1.0865364259174383e-06,5.324716880750202e-07,600,0
log_cosh,log_cosh,kl_stl,kl,1,13,8,10.0,0.1,0.1,16,3000,1.6996131982841925e-06,1.4334609641508678e-06,1.1014338163148229e-06,8.40049960260103e-07,600,0
log_cosh,log_cosh,kl_stl,kl,1,14,8,10.0,0.1,0.1,16,3000,1.6169976367900556e-06,1.4515986572760653e-06,8.572988504321435e-07,2.181032622061707e-06,600,0
log_cosh,log_cosh,kl_stl,kl,1,15,8,10.0,0.1,0.1,16,3000,1.7701240191788277e-06,1.501412004500935e-06,1.2203765457630055e-06,2.904326530384082e-06,600,0
log_cosh,log_cosh,kl_stl,kl,1,16,8,10.0,0.1,0.1,16,3000,1.6759516362855702e-06,1.4138681319053603e-06,1.1079275380180276e-06,2.0082804184085035e-06,600,0
log_cosh,log_cosh,kl_stl,kl,1,17,8,10.0,0.1,0.1,16,3000,1.5999824833941763e-06,1.384953517202803e-06,9.136628844016866e-07,9.788529666820978e-07,600,0
log_cosh,log_cosh,kl_stl,kl,1,18,8,10.0,0.1,0.1,16,3000,2.10782377486396e-06,1.9177816232840428e-06,1.106416668943553e-06,2.086246372101641e-06,600,0
log_cosh,log_cosh,kl_stl,kl,1,19,8,10.0,0.1,0.1,16,3000,1.94288266698391e-06,1.6437652359257982e-06,1.1919826755769871e-06,3.0468853395859696e-06,600,0
log_cosh,log_cosh,riemannian_stl,riemannian,1,0,8,10.0,1.0,0.1,1,3000,0.0012841408860328,0.0010505246737491,0.0009065949968625,0.0015895499408511,600,0
log_cosh,log_cosh,riemannian_stl,riemannian,1,1,8,10.0,1.0,0.1,1,3000,0.0010593272016005,0.0009247207728675,0.0006440045585302,0.0008602805682222,600,0
log_cosh,log_cosh,riemannian_stl,riemannian,1,2,8,10.0,1.0,0.1,1,3000,0.0010638221284461,0.0009247128023268,0.0006531122095668,0.0008715999707966,600,0
log_cosh,log_cosh,riemannian_stl,riemannian,1,3,8,10.0,1.0,0.1,1,3000,0.0010961085236534,0.0009781983872336,0.0006276562384835,0.0009772412298936,600,0
log_cosh,log_cosh,riemannian_stl,riemannian,1,4,8,10.0,1.0,0.1,1,3000,0.0011204722385805,0.0009610289766728,0.000668957614224,0.002884153742336,600,0
log_cosh,log_cosh,riemannian_stl,riemannian,1,5,8,10.0,1.0,0.1,1,3000,0.0013064191980691,0.0010766884617572,0.0009252103244327,0.0016461479564569,600,0
log_cosh,log_cosh,riemannian_stl,riemannian,1,6,8,10.0,1.0,0.1,1,3000,0.0010243379671663,0.0008633880049657,0.0006230896149921,0.0005119116432048,600,0
log_cosh,log_cosh,riemannian_stl,riemannian,1,7,8,10.0,1.0,0.1,1,3000,0.0011957233353104,0.000960188475207,0.000837871646164,0.0004646477143506,600,0
log_cosh,log_cosh,riemannian_stl,riemannian,1,8,8,10.0,1.0,0.1,1,3000,0.0010992596183178,0.0008950807348524,0.0007488999547104,0.000615388261794,600,0
log_cosh,log_cosh,riemannian_stl,riemannian,1,9,8,10.0,1.0,0.1,1,3000,0.0010622987189901,0.0009064945969576,0.000646215916467,0.0010488375016972,600,0
log_cosh,log_cosh,riemannian_stl,riemannian,1,10,8,10.0,1.0,0.1,1,3000,0.0010412692638061,0.000907317856412,0.0005939790165677,0.0004337745236568,600,0
log_cosh,log_cosh,riemannian_stl,riemannian,1,11,8,10.0,1.0,0.1,1,3000,0.0012681495372636,0.0010803203783016,0.0008434503954917,0.0017506711800727,600,0
log_cosh,log_cosh,riemannian_stl,riemannian,1,12,8,10.0,1.0,0.1,1,3000,0.0011101316535987,0.0009928218926367,0.0006208303988196,0.0006987937557632,600,0
log_cosh,log_cosh,riemannian_stl,riemannian,1,13,8,10.0,1.0,0.1,1,3000,0.0013002084615073,0.0009298733018772,0.0010049280971207,0.0015160109969087,600,0
log_cosh,log_cosh,riemannian_stl,riemannian,1,14,8,10.0,1.0,0.1,1,3000,0.0010630302279877,0.0009080952309776,0.0006478131018427,0.0010457840837467,600,0
log_cosh,log_cosh,riemannian_stl,riemannian,1,15,8,10.0,1.0,0.1,1,3000,0.0010825097096297,0.0009663872953646,0.0005946596908253,0.00086123697589,600,0
log_cosh,log_cosh,riemannian_stl,riemannian,1,16,8,10.0,1.0,0.1,1,3000,0.0011605198710712,0.0009676693379514,0.0007225297757974,0.0001556484774241,600,0
log_cosh,log_cosh,riemannian_stl,riemannian,1,17,8,10.0,1.0,0.1,1,3000,0.0012865590765969,0.0011448497540591,0.0007538528281288,0.0010990733778868,600,0
log_cosh,log_cosh,riemannian_stl,riemannian,1,18,8,10.0,1.0,0.1,1,3000,0.0011018445201569,0.0009614906811847,0.0006531637340851,0.0019025661837339,600,0
log_cosh,log_cosh,riemannian_stl,riemannian,1,19,8,10.0,1.0,0.1,1,3000,0.0010438912379462,0.0008778960596806,0.0006429717629306,0.0007982110748905,600,0
log_cosh,log_cosh,kl_stl,kl,1,0,8,10.0,1.0,0.1,1,3000,0.0012271222187283,0.0009941482268169,0.0008787392847375,0.0015987712382106,600,0
log_cosh,log_cosh,kl_stl,kl,1,1,8,10.0,1.0,0.1,1,3000,0.0009975884783075,0.0008578514028272,0.0006161489906829,0.0008853118833087,600,0
log_cosh,log_cosh,kl_stl,kl,1,2,8,10.0,1.0,0.1,1,3000,0.0010172469780136,0.0008670021992038,0.0006375117705644,0.000784134507386,600,0
log_cosh,log_cosh,kl_stl,kl,1,3,8,10.0,1.0,0.1,1,3000,0.0010316398616612,0.0009157968322295,0.0005968313071704,0.0009386903133208,600,0
log_cosh,log_cosh,kl_stl,kl,1,4,8,10.0,1.0,0.1,1,3000,0.0010698397617346,0.0009204399571016,0.0006387974289808,0.0027994482973099,600,0
log_cosh,log_cosh,kl_stl,kl,1,5,8,10.0,1.0,0.1,1,3000,0.0012520828508092,0.0010319719820737,0.0008989393981163,0.0015107295857568,600,0
log_cosh,log_cosh,kl_stl,kl,1,6,8,10.0,1.0,0.1,1,3000,0.0009668524547283,0.0007996893969384,0.0005990357004353,0.0004532337246754,600,0
log_cosh,log_cosh,kl_stl,kl,1,7,8,10.0,1.0,0.1,1,3000,0.0011346989720486,0.0008970093167821,0.0007999807402678,0.0004535693794522,600,0
log_cosh,log_cosh,kl_stl,kl,1,8,8,10.0,1.0,0.1,1,3000,0.0010426729055944,0.0008458703786793,0.0007225541740714,0.0006302795520127,600,0
log_cosh,log_cosh,kl_stl,kl,1,9,8,10.0,1.0,0.1,1,3000,0.0009916643922139,0.0008485639778585,0.000605433552999,0.0009781556781689,600,0
log_cosh,log_cosh,kl_stl,kl,1,10,8,10.0,1.0,0.1,1,3000,0.0009890268962395,0.0008526923880625,0.0005731981895962,0.0004285645022772,600,0
log_cosh,log_cosh,kl_stl,kl,1,11,8,10.0,1.0,0.1,1,3000,0.0011975297892613,0.0010062751851585,0.0008033510705579,0.0015883954204056,600,0
log_cosh,log_cosh,kl_stl,kl,1,12,8,10.0,1.0,0.1,1,3000,0.0010512866573829,0.0009384226007984,0.0005899722722737,0.0006056962872165,600,0
log_cosh,log_cosh,kl_stl,kl,1,13,8,10.0,1.0,0.1,1,3000,0.0012369867993021,0.0008970465726614,0.0009644703351103,0.0014985477799616,600,0
log_cosh,log_cosh,kl_stl,kl,1,14,8,10.0,1.0,0.1,1,3000,0.0009951914263232,0.0008566375803038,0.0006091385733442,0.0009411417556162,600,0
log_cosh,log_cosh,kl_stl,kl,1,15,8,10.0,1.0,0.1,1,3000,0.0010219826375075,0.0009165353711564,0.0005638375461184,0.0007564673114224,600,0
log_cosh,log_cosh,kl_stl,kl,1,16,8,10.0,1.0,0.1,1,3000,0.0011113945187222,0.0009271685580234,0.0007010769586908,0.0001564670398543,600,0
log_cosh,log_cosh,kl_stl,kl,1,17,8,10.0,1.0,0.1,1,3000,0.0012255314983753,0.0010811332219393,0.0007266950906549,0.0010364910084845,600,0
log_cosh,log_cosh,kl_stl,kl,1,18,8,10.0,1.0,0.1,1,3000,0.001048593024153,0.0008936600978017,0.0006323948731184,0.0018654420252204,600,0
log_cosh,log_cosh,kl_stl,kl,1,19,8,10.0,1.0,0.1,1,3000,0.0009830371016338,0.0008208263183488,0.0006022183329995,0.0008239917786045,600,0
log_cosh,log_cosh,riemannian_stl,riemannian,1,0,8,10.0,1.0,0.1,4,3000,0.0002310004379067,0.000206208954915,0.0001208179344386,0.000138911428424,600,0
log_cosh,log_cosh,riemannian_stl,riemannian,1,1,8,10.0,1.0,0.1,4,3000,0.0002849752666379,0.000245626278998,0.0001748080756716,0.0002498159007391,600,0
log_cosh,log_cosh,riemannian_stl,riemannian,1,2,8,10.0,1.0,0.1,4,3000,0.0002756878846593,0.0002356330163042,0.0001672489621155,0.0002315853811545,600,0
log_cosh,log_cosh,riemannian_stl,riemannian,1,3,8,10.0,1.0,0.1,4,3000,0.0002692391040282,0.0002421173621529,0.0001530046980497,0.000330685797957,600,0
log_cosh,log_cosh,riemannian_stl,riemannian,1,4,8,10.0,1.0,0.1,4,3000,0.0002573995135739,0.0002231986590652,0.0001398408072048,0.0001527591968724,600,0
log_cosh,log_cosh,riemannian_stl,riemannian,1,5,8,10.0,1.0,0.1,4,3000,0.0002800893276404,0.0002418908466985,0.0001618280415256,0.0001843647543857,600,0
log_cosh,log_cosh,riemannian_stl,riemannian,1,6,8,10.0,1.0,0.1,4,3000,0.0002481901796868,0.0002030183301249,0.0001664813131611,9.853534473336369e-05,600,0
log_cosh,log_cosh,riemannian_stl,riemannian,1,7,8,10.0,1.0,0.1,4,3000,0.0002945948746626,0.0002642301844995,0.0001535738374218,0.000234694988709,600,0
log_cosh,log_cosh,riemannian_stl,riemannian,1,8,8,10.0,1.0,0.1,4,3000,0.0002732954159981,0.0002514699555522,0.0001323836514877,0.0001658141397893,600,0
log_cosh,log_cosh,riemannian_stl,riemannian,1,9,8,10.0,1.0,0.1,4,3000,0.000248248464801,0.0002222552527513,0.0001285705053081,0.0003004747672541,600,0
log_cosh,log_cosh,riemannian_stl,riemannian,1,10,8,10.0,1.0,0.1,4,3000,0.0002296215432057,0.0002034405892015,0.0001347508019465,0.0003663908331823,600,0
log_cosh,log_cosh,riemannian_stl,riemannian,1,11,8,10.0,1.0,0.1,4,3000,0.0002767883059514,0.0002360976165833,0.0001475005289907,0.0001248689924135,600,0
log_cosh,log_cosh,riemannian_stl,riemannian,1,12,8,10.0,1.0,0.1,4,3000,0.0002499555860288,0.0002009676515966,0.0001808859382283,0.0001369587958386,600,0
log_cosh,log_cosh,riemannian_stl,riemannian,1,13,8,10.0,1.0,0.1,4,3000,0.0002558603305519,0.0002326970831809,0.000137930951476,0.0001739592712937,600,0
log_cosh,log_cosh,riemannian_stl,riemannian,1,14,8,10.0,1.0,0.1,4,3000,0.0002601131601257,0.0002189211949819,0.0001521819237134,0.0001553994587677,600,0
log_cosh,log_cosh,riemannian_stl,riemannian,1,15,8,10.0,1.0,0.1,4,3000,0.0002988842064708,0.0002675044813482,0.0001807324316255,0.000271127424261,600,0
log_cosh,log_cosh,riemannian_stl,riemannian,1,16,8,10.0,1.0,0.1,4,3000,0.0002863527605136,0.0002570747322145,0.0001574037236957,0.0001860572737442,600,0
log_cosh,log_cosh,riemannian_stl,riemannian,1,17,8,10.0,1.0,0.1,4,3000,0.00025488349143,0.0002229041944383,0.0001505019188207,0.0005893214163084,600,0
log_cosh,log_cosh,riemannian_stl,riemannian,1,18,8,10.0,1.0,0.1,4,3000,0.0002937089845401,0.0002676994394779,0.0001433209491419,0.0002260778284934,600,0
log_cosh,log_cosh,riemannian_stl,riemannian,1,19,8,10.0,1.0,0.1,4,3000,0.0002830037303165,0.0002347914669345,0.0001860738572932,0.0004779775584502,600,0
log_cosh,log_cosh,kl_stl,kl,1,0,8,10.0,1.0,0.1,4,3000,0.000216193221203,0.0001933078615756,0.0001113028765818,0.000133014458818,600,0
log_cosh,log_cosh,kl_stl,kl,1,1,8,10.0,1.0,0.1,4,3000,0.0002691125242093,0.0002307013006248,0.0001634004419756,0.0002584836551449,600,0
log_cosh,log_cosh,kl_stl,kl,1,2,8,10.0,1.0,0.1,4,3000,0.0002586098638487,0.0002174751782728,0.0001579327814873,0.0002177385783603,600,0
log_cosh,log_cosh,kl_stl,kl,1,3,8,10.0,1.0,0.1,4,3000,0.0002518961008942,0.0002234886784258,0.0001410706191774,0.0002976525579363,600,0
log_cosh,log_cosh,kl_stl,kl,1,4,8,10.0,1.0,0.1,4,3000,0.0002416420127373,0.0002106345224346,0.0001302563073206,0.0001395492171401,600,0
log_cosh,log_cosh,kl_stl,kl,1,5,8,10.0,1.0,0.1,4,3000,0.0002657061092861,0.000230661518084,0.0001522041890598,0.0001725603432873,600,0
log_cosh,log_cosh,kl_stl,kl,1,6,8,10.0,1.0,0.1,4,3000,0.0002344328389414,0.0001897512067836,0.0001574263111619,9.40523914625402e-05,600,0
log_cosh,log_cosh,kl_stl,kl,1,7,8,10.0,1.0,0.1,4,3000,0.0002779672277976,0.0002472547037788,0.0001443971754058,0.0002408450377906,600,0
log_cosh,log_cosh,kl_stl,kl,1,8,8,10.0,1.0,0.1,4,3000,0.0002559696897253,0.000233457942997,0.0001234060231141,0.0001643674199467,600,0
log_cosh,log_cosh,kl_stl,kl,1,9,8,10.0,1.0,0.1,4,3000,0.0002327119001579,0.000207389945853,0.000118613830944,0.0002675607044473,600,0
log_cosh,log_cosh,kl_stl,kl,1,10,8,10.0,1.0,0.1,4,3000,0.0002171055103477,0.0001919345178524,0.0001276040568602,0.0003565403290419,600,0
log_cosh,log_cosh,kl_stl,kl,1,11,8,10.0,1.0,0.1,4,3000,0.0002623004554687,0.0002248012520151,0.0001385724288575,0.0001220080046806,600,0
log_cosh,log_cosh,kl_stl,kl,1,12,8,10.0,1.0,0.1,4,3000,0.0002338962171342,0.0001876150706401,0.0001687462846236,0.0001439687063999,600,0
log_cosh,log_cosh,kl_stl,kl,1,13,8,10.0,1.0,0.1,4,3000,0.000239738505929,0.0002178361666143,0.0001280287359762,0.0001678650991099,600,0
log_cosh,log_cosh,kl_stl,kl,1,14,8,10.0,1.0,0.1,4,3000,0.0002456606642203,0.0002111210105404,0.0001423727131478,0.0001446186586271,600,0
log_cosh,log_cosh,kl_stl,kl,1,15,8,10.0,1.0,0.1,4,3000,0.0002849292461767,0.0002548013426562,0.0001726466438777,0.0002616272364797,600,0
log_cosh,log_cosh,kl_stl,kl,1,16,8,10.0,1.0,0.1,4,3000,0.000271221230616,0.0002464556575576,0.0001485378542052,0.0001842563479037,600,0
log_cosh,log_cosh,kl_stl,kl,1,17,8,10.0,1.0,0.1,4,3000,0.0002400484673701,0.0002105991644505,0.0001414997797036,0.0005275881319555,600,0
log_cosh,log_cosh,kl_stl,kl,1,18,8,10.0,1.0,0.1,4,3000,0.000277852877481,0.0002546545606119,0.0001351635895492,0.0002277779468293,600,0
log_cosh,log_cosh,kl_stl,kl,1,19,8,10.0,1.0,0.1,4,3000,0.0002683975384315,0.000224809132467,0.0001774291194243,0.0004595305737069,600,0
log_cosh,log_cosh,riemannian_stl,riemannian,1,0,8,10.0,1.0,0.1,16,3000,7.161983653428904e-05,6.150984417718774e-05,3.898175146593669e-05,0.0001460288680945,600,0
log_cosh,log_cosh,riemannian_stl,riemannian,1,1,8,10.0,1.0,0.1,16,3000,7.510054944756502e-05,6.270122640295028e-05,4.666850531974128e-05,5.60101899136356e-05,600,0
log_cosh,log_cosh,riemannian_stl,riemannian,1,2,8,10.0,1.0,0.1,16,3000,5.780472540628227e-05,5.122083464481619e-05,3.09571884000937e-05,4.733180392157976e-05,600,0
log_cosh,log_cosh,riemannian_stl,riemannian,1,3,8,10.0,1.0,0.1,16,3000,7.315487103743005e-05,6.390791849675281e-05,4.115867582849762e-05,3.860845514935818e-05,600,0
log_cosh,log_cosh,riemannian_stl,riemannian,1,4,8,10.0,1.0,0.1,16,3000,5.663201020117488e-05,4.9124429303049055e-05,3.245612213404107e-05,3.74323304086488e-05,600,0
log_cosh,log_cosh,riemannian_stl,riemannian,1,5,8,10.0,1.0,0.1,16,3000,5.701240989757217e-05,5.126964115298449e-05,3.287799309637744e-05,9.513655944459742e-05,600,0
log_cosh,log_cosh,riemannian_stl,riemannian,1,6,8,10.0,1.0,0.1,16,3000,6.845606151326678e-05,5.921346157133911e-05,3.916164619423757e-05,4.370236873540989e-05,600,0
log_cosh,log_cosh,riemannian_stl,riemannian,1,7,8,10.0,1.0,0.1,16,3000,6.848689021820083e-05,6.229041321237361e-05,3.904797193742235e-05,5.797672557861233e-05,600,0
log_cosh,log_cosh,riemannian_stl,riemannian,1,8,8,10.0,1.0,0.1,16,3000,6.598442996867663e-05,5.72849552344934e-05,3.7967222869111415e-05,5.790416311235447e-05,600,0
log_cosh,log_cosh,riemannian_stl,riemannian,1,9,8,10.0,1.0,0.1,16,3000,6.21007372207553e-05,5.683732907169059e-05,3.3372028385407284e-05,8.915031691358877e-05,600,0
log_cosh,log_cosh,riemannian_stl,riemannian,1,10,8,10.0,1.0,0.1,16,3000,6.404424178178658e-05,5.625210565085581e-05,3.813172664440578e-05,2.8686337703476283e-05,600,0
log_cosh,log_cosh,riemannian_stl,riemannian,1,11,8,10.0,1.0,0.1,16,3000,6.75086533542905e-05,5.7388270569447286e-05,4.0403617531464535e-05,3.495822189414355e-05,600,0
log_cosh,log_cosh,riemannian_stl,riemannian,1,12,8,10.0,1.0,0.1,16,3000,7.427916961460686e-05,6.637581484802979e-05,4.352399581602889e-05,3.20225542367325e-05,600,0
log_cosh,log_cosh,riemannian_stl,riemannian,1,13,8,10.0,1.0,0.1,16,3000,6.119767245250726e-05,5.419941383522087e-05,3.5011240545786605e-05,8.949747628150817e-05,600,0
log_cosh,log_cosh,riemannian_stl,riemannian,1,14,8,10.0,1.0,0.1,16,3000,7.557394472856712e-05,6.678629374601286e-05,4.651008693830003e-05,3.137721897239487e-05,600,0
log_cosh,log_cosh,riemannian_stl,riemannian,1,15,8,10.0,1.0,0.1,16,3000,6.898306704917386e-05,5.2154286007244366e-05,5.192600361796257e-05,5.42763986288719e-05,600,0
log_cosh,log_cosh,riemannian_stl,riemannian,1,16,8,10.0,1.0,0.1,16,3000,7.192443928880483e-05,6.633866362459884e-05,3.987666795886619e-05,0.0001121357896085,600,0
log_cosh,log_cosh,riemannian_stl,riemannian,1,17,8,10.0,1.0,0.1,16,3000,7.539030110543503e-05,6.340668172200026e-05,4.675965237674157e-05,0.0001356066541102,600,0
log_cosh,log_cosh,riemannian_stl,riemannian,1,18,8,10.0,1.0,0.1,16,3000,7.11379740541999e-05,6.294777185633649e-05,3.874317534345637e-05,5.100714316874644e-05,600,0
log_cosh,log_cosh,riemannian_stl,riemannian,1,19,8,10.0,1.0,0.1,16,3000,7.436491213515713e-05,6.056973075896366e-05,5.00874362765171e-05,0.0001445786679461,600,0
log_cosh,log_cosh,kl_stl,kl,1,0,8,10.0,1.0,0.1,16,3000,6.723897227161047e-05,5.832758935220284e-05,3.669270965804416e-05,0.0001396872812371,600,0
log_cosh,log_cosh,kl_stl,kl,1,1,8,10.0,1.0,0.1,16,3000,7.113835495876112e-05,5.918974276664102e-05,4.410074778750011e-05,5.242193518739669e-05,600,0
log_cosh,log_cosh,kl_stl,kl,1,2,8,10.0,1.0,0.1,16,3000,5.419704585325924e-05,4.775443360305332e-05,2.871622673413873e-05,4.3871301361519954e-05,600,0
log_cosh,log_cosh,kl_stl,kl,1,3,8,10.0,1.0,0.1,16,3000,6.873903167509058e-05,6.072243546206835e-05,3.77297424925413e-05,3.793344080449401e-05,600,0
log_cosh,log_cosh,kl_stl,kl,1,4,8,10.0,1.0,0.1,16,3000,5.314449918067806e-05,4.5958597553408254e-05,2.9939818706855347e-05,3.3875026195673286e-05,600,0
log_cosh,log_cosh,kl_stl,kl,1,5,8,10.0,1.0,0.1,16,3000,5.315466697707253e-05,4.813420309091043e-05,3.063753734465489e-05,8.520588757221503e-05,600,0
log_cosh,log_cosh,kl_stl,kl,1,6,8,10.0,1.0,0.1,16,3000,6.471630416047999e-05,5.684405861750008e-05,3.652764896764082e-05,4.423940645281732e-05,600,0
log_cosh,log_cosh,kl_stl,kl,1,7,8,10.0,1.0,0.1,16,3000,6.42707138994562e-05,5.849701749394143e-05,3.631487347489087e-05,5.699007150461455e-05,600,0
log_cosh,log_cosh,kl_stl,kl,1,8,8,10.0,1.0,0.1,16,3000,6.194841096426096e-05,5.368543484873811e-05,3.520243759534789e-05,5.246389205915136e-05,600,0
log_cosh,log_cosh,kl_stl,kl,1,9,8,10.0,1.0,0.1,16,3000,5.871922230840987e-05,5.3467558233322166e-05,3.164626519776565e-05,8.252494783533848e-05,600,0
log_cosh,log_cosh,kl_stl,kl,1,10,8,10.0,1.0,0.1,16,3000,6.047137302245117e-05,5.347406430811219e-05,3.568435808453076e-05,2.807270556814956e-05,600,0
log_cosh,log_cosh,kl_stl,kl,1,11,8,10.0,1.0,0.1,16,3000,6.350377869113188e-05,5.4588287285106674e-05,3.7918099555178736e-05,3.394997036210157e-05,600,0
log_cosh,log_cosh,kl_stl,kl,1,12,8,10.0,1.0,0.1,16,3000,7.020651728486982e-05,6.348131053268702e-05,4.099345829711147e-05,3.246187160499403e-05,600,0
log_cosh,log_cosh,kl_stl,kl,1,13,8,10.0,1.0,0.1,16,3000,5.743273461093897e-05,5.068838586197444e-05,3.239444433572981e-05,8.312794575360272e-05,600,0
log_cosh,log_cosh,kl_stl,kl,1,14,8,10.0,1.0,0.1,16,3000,7.161052249574418e-05,6.32632318726678e-05,4.376006972162034e-05,3.0481087986089506e-05,600,0
log_cosh,log_cosh,kl_stl,kl,1,15,8,10.0,1.0,0.1,16,3000,6.481579270907645e-05,4.862717412912332e-05,4.8529168053703165e-05,4.735355170026878e-05,600,0
log_cosh,log_cosh,kl_stl,kl,1,16,8,10.0,1.0,0.1,16,3000,6.774476052567498e-05,6.195758926974548e-05,3.716906242468809e-05,0.0001051875726929,600,0
log_cosh,log_cosh,kl_stl,kl,1,17,8,10.0,1.0,0.1,16,3000,7.100824927894618e-05,6.002059297394169e-05,4.363552520376017e-05,0.0001284676202431,600,0
log_cosh,log_cosh,kl_stl,kl,1,18,8,10.0,1.0,0.1,16,3000,6.687019697784772e-05,5.901170087785346e-05,3.545558459802887e-05,4.84942780083486e-05,600,0
log_cosh,log_cosh,kl_stl,kl,1,19,8,10.0,1.0,0.1,16,3000,7.017653946789733e-05,5.660385677419555e-05,4.710402801253748e-05,0.0001461227827022,600,0
log_cosh,log_cosh,riemannian_stl,riemannian,1,0,8,100.0,0.1,0.1,1,3000,2.5704299512755804e-05,2.040870204211842e-05,2.3021503158583417e-05,1.963260172388459e-05,600,0
log_cosh,log_cosh,riemannian_stl,riemannian,1,1,8,100.0,0.1,0.1,1,3000,2.452673841652005e-05,1.9204296975772195e-05,2.0754727460631116e-05,5.652912344622507e-05,600,0
log_cosh,log_cosh,riemannian_stl,riemannian,1,2,8,100.0,0.1,0.1,1,3000,1.966555103378731e-05,1.4562775233706304e-05,1.7682628550906027e-05,1.7813888014472923e-05,600,0
log_cosh,log_cosh,riemannian_stl,riemannian,1,3,8,100.0,0.1,0.1,1,3000,2.206808160891249e-05,1.6607986861316704e-05,1.7992739586245236e-05,3.430208645127664e-06,600,0
log_cosh,log_cosh,riemannian_stl,riemannian,1,4,8,100.0,0.1,0.1,1,3000,2.663001177957961e-05,1.8808319223850845e-05,2.470077055454357e-05,1.29224431262287e-05,600,0
log_cosh,log_cosh,riemannian_stl,riemannian,1,5,8,100.0,0.1,0.1,1,3000,2.733596909730925e-05,1.931997205684155e-05,2.6999693713422257e-05,1.9488566985970124e-05,600,0
log_cosh,log_cosh,riemannian_stl,riemannian,1,6,8,100.0,0.1,0.1,1,3000,2.5243881201098736e-05,1.8780337592616547e-05,2.363433653061816e-05,2.821579488987425e-05,600,0
log_cosh,log_cosh,riemannian_stl,riemannian,1,7,8,100.0,0.1,0.1,1,3000,2.182269001385665e-05,1.4981700273253296e-05,1.9658248936757703e-05,1.1445245831964712e-05,600,0
log_cosh,log_cosh,riemannian_stl,riemannian,1,8,8,100.0,0.1,0.1,1,3000,2.5599119834944044e-05,1.5959102361406963e-05,2.724684145647684e-05,4.360601873365511e-05,600,0
log_cosh,log_cosh,riemannian_stl,riemannian,1,9,8,100.0,0.1,0.1,1,3000,2.126319349708972e-05,1.6438093435766632e-05,1.7013431526618554e-05,2.566794261760208e-05,600,0
log_cosh,log_cosh,riemannian_stl,riemannian,1,10,8,100.0,0.1,0.1,1,3000,2.31308355491174e-05,1.849183487578898e-05,1.8202013392113915e-05,1.4746244479724169e-05,600,0
log_cosh,log_cosh,riemannian_stl,riemannian,1,11,8,100.0,0.1,0.1,1,3000,1.9564875797358403e-05,1.5446001307317658e-05,1.4848663661721408e-05,2.430832573452335e-06,600,0
log_cosh,log_cosh,riemannian_stl,riemannian,1,12,8,100.0,0.1,0.1,1,3000,1.839892168901495e-05,1.4840613792088677e-05,1.404360546454576e-05,2.5966151792289335e-05,600,0
log_cosh,log_cosh,riemannian_stl,riemannian,1,13,8,100.0,0.1,0.1,1,3000,2.172159366137905e-05,1.7522864760977086e-05,1.7096664644645026e-05,4.622738801174364e-05,600,0
log_cosh,log_cosh,riemannian_stl,riemannian,1,14,8,100.0,0.1,0.1,1,3000,2.442258948234096e-05,1.881472629072789e-05,2.246285138667708e-05,3.819314067499136e-05,600,0
log_cosh,log_cosh,riemannian_stl,riemannian,1,15,8,100.0,0.1,0.1,1,3000,2.0711357317357108e-05,1.654136937467854e-05,1.6324720290998238e-05,1.7341611789234435e-05,600,0
log_cosh,log_cosh,riemannian_stl,riemannian,1,16,8,100.0,0.1,0.1,1,3000,3.084226197823744e-05,2.1020211233846453e-05,3.074861289190717e-05,2.3855401840577883e-05,600,0
log_cosh,log_cosh,riemannian_stl,riemannian,1,17,8,100.0,0.1,0.1,1,3000,2.1599716878778115e-05,1.6841591594207728e-05,1.769013773341492e-05,2.9786508227047648e-05,600,0
log_cosh,log_cosh,riemannian_stl,riemannian,1,18,8,100.0,0.1,0.1,1,3000,1.952819176089508e-05,1.5112161951158498e-05,1.5184025922220188e-05,1.010949901569802e-05,600,0
log_cosh,log_cosh,riemannian_stl,riemannian,1,19,8,100.0,0.1,0.1,1,3000,2.1970387511682788e-05,1.709378581971066e-05,1.767986753655993e-05,1.935571076749909e-05,600,0
log_cosh,log_cosh,kl_stl,kl,1,0,8,100.0,0.1,0.1,1,3000,2.3962398548252515e-05,1.909415974843398e-05,2.116509663194932e-05,1.8915222673498988e-05,600,0
log_cosh,log_cosh,kl_stl,kl,1,1,8,100.0,0.1,0.1,1,3000,2.31307075207828e-05,1.8062974487698117e-05,1.9654002374204425e-05,5.448386581363707e-05,600,0
log_cosh,log_cosh,kl_stl,kl,1,2,8,100.0,0.1,0.1,1,3000,1.8435277241026783e-05,1.3943462192855804e-05,1.6082310191248697e-05,1.6876547851651935e-05,600,0
log_cosh,log_cosh,kl_stl,kl,1,3,8,100.0,0.1,0.1,1,3000,2.0827296553897293e-05,1.5584945241009507e-05,1.6833168303081835e-05,3.07560633849846e-06,600,0
log_cosh,log_cosh,kl_stl,kl,1,4,8,100.0,0.1,0.1,1,3000,2.538299631498949e-05,1.7751769584961608e-05,2.368805138249297e-05,1.1716038047282495e-05,600,0
log_cosh,log_cosh,kl_stl,kl,1,5,8,100.0,0.1,0.1,1,3000,2.56747731144132e-05,1.8579065488744103e-05,2.4830713228208818e-05,1.855602028655312e-05,600,0
log_cosh,log_cosh,kl_stl,kl,1,6,8,100.0,0.1,0.1,1,3000,2.376675158540268e-05,1.762388553849803e-05,2.2194739856156074e-05,2.657912605918966e-05,600,0
log_cosh,log_cosh,kl_stl,kl,1,7,8,100.0,0.1,0.1,1,3000,2.043361809612065e-05,1.441170734928221e-05,1.8188089476815605e-05,1.0695085702394636e-05,600,0
log_cosh,log_cosh,kl_stl,kl,1,8,8,100.0,0.1,0.1,1,3000,2.401972878333621e-05,1.5227621758207022e-05,2.5216949903012114e-05,4.05255213760114e-05,600,0
log_cosh,log_cosh,kl_stl,kl,1,9,8,100.0,0.1,0.1,1,3000,1.9852584838873828e-05,1.5390164671558182e-05,1.5878872210381393e-05,2.25126968107503e-05,600,0
log_cosh,log_cosh,kl_stl,kl,1,10,8,100.0,0.1,0.1,1,3000,2.1848857798773363e-05,1.7757273602647672e-05,1.7026457250682717e-05,1.554130959213751e-05,600,0
log_cosh,log_cosh,kl_stl,kl,1,11,8,100.0,0.1,0.1,1,3000,1.8223523018641903e-05,1.4303301400175885e-05,1.3755725557915096e-05,2.231373924743707e-06,600,0
log_cosh,log_cosh,kl_stl,kl,1,12,8,100.0,0.1,0.1,1,3000,1.72012535303967e-05,1.3967927108282652e-05,1.3166045429718603e-05,2.4372262414473767e-05,600,0
log_cosh,log_cosh,kl_stl,kl,1,13,8,100.0,0.1,0.1,1,3000,2.029441982754084e-05,1.6449953164965336e-05,1.5855721509878613e-05,4.402636171185748e-05,600,0
log_cosh,log_cosh,kl_stl,kl,1,14,8,100.0,0.1,0.1,1,3000,2.2961083755953144e-05,1.749834410258444e-05,2.1427312475590145e-05,3.564968419667025e-05,600,0
log_cosh,log_cosh,kl_stl,kl,1,15,8,100.0,0.1,0.1,1,3000,1.951558318374088e-05,1.582924695231469e-05,1.5272703652784703e-05,1.577445480904771e-05,600,0
log_cosh,log_cosh,kl_stl,kl,1,16,8,100.0,0.1,0.1,1,3000,2.9211662217954645e-05,1.98270267519618e-05,2.893068060768226e-05,2.0704144555239168e-05,600,0
log_cosh,log_cosh,kl_stl,kl,1,17,8,100.0,0.1,0.1,1,3000,2.0341045540751187e-05,1.6078419475817896e-05,1.651440710048451e-05,3.0175001528576217e-05,600,0
log_cosh,log_cosh,kl_stl,kl,1,18,8,100.0,0.1,0.1,1,3000,1.8184875932310735e-05,1.3799076833187485e-05,1.4016335666093554e-05,8.998864300835407e-06,600,0
log_cosh,log_cosh,kl_stl,kl,1,19,8,100.0,0.1,0.1,1,3000,2.045830432419571e-05,1.5909014150494727e-05,1.639044937255805e-05,1.833237911519348e-05,600,0
log_cosh,log_cosh,riemannian_stl,riemannian,1,0,8,100.0,0.1,0.1,4,3000,5.350091397720765e-06,3.952586238753497e-06,4.82096556850632e-06,6.7996283981131e-06,600,0
log_cosh,log_cosh,riemannian_stl,riemannian,1,1,8,100.0,0.1,0.1,4,3000,5.713547478508237e-06,4.482210939293907e-06,4.665452402522232e-06,3.671247457148752e-06,600,0
log_cosh,log_cosh,riemannian_stl,riemannian,1,2,8,100.0,0.1,0.1,4,3000,5.280997228389594e-06,4.379322072978198e-06,4.1534761547974974e-06,1.1677532762988108e-05,600,0
log_cosh,log_cosh,riemannian_stl,riemannian,1,3,8,100.0,0.1,0.1,4,3000,4.554723916981492e-06,3.2805552745429623e-06,3.945404540122931e-06,4.0719497249597225e-06,600,0
log_cosh,log_cosh,riemannian_stl,riemannian,1,4,8,100.0,0.1,0.1,4,3000,5.04427975504503e-06,3.950298125943164e-06,3.801750672188175e-06,1.5728304685325156e-06,600,0
log_cosh,log_cosh,riemannian_stl,riemannian,1,5,8,100.0,0.1,0.1,4,3000,5.59408605654473e-06,4.520077748537688e-06,4.343654027477723e-06,1.0135789684895258e-05,600,0
log_cosh,log_cosh,riemannian_stl,riemannian,1,6,8,100.0,0.1,0.1,4,3000,3.96652901576348e-06,3.1211353670457243e-06,3.0135846253646225e-06,1.742730590947872e-06,600,0
log_cosh,log_cosh,riemannian_stl,riemannian,1,7,8,100.0,0.1,0.1,4,3000,5.084561965148874e-06,3.888723604461575e-06,4.0919032053937655e-06,2.0774161111347667e-06,600,0
log_cosh,log_cosh,riemannian_stl,riemannian,1,8,8,100.0,0.1,0.1,4,3000,5.770790757940366e-06,4.354560683594855e-06,4.782230750795333e-06,5.903177624944078e-06,600,0
log_cosh,log_cosh,riemannian_stl,riemannian,1,9,8,100.0,0.1,0.1,4,3000,4.18769242081396e-06,3.2481351466273622e-06,3.397353475444788e-06,5.4569124188219575e-06,600,0
log_cosh,log_cosh,riemannian_stl,riemannian,1,10,8,100.0,0.1,0.1,4,3000,5.673837846928247e-06,4.19821951602728e-06,5.01465295673357e-06,1.8687201386313743e-06,600,0
log_cosh,log_cosh,riemannian_stl,riemannian,1,11,8,100.0,0.1,0.1,4,3000,5.577702790227808e-06,4.200752973027022e-06,4.956558130316701e-06,1.417727643726607e-06,600,0
log_cosh,log_cosh,riemannian_stl,riemannian,1,12,8,100.0,0.1,0.1,4,3000,5.623292407313703e-06,4.493160838947574e-06,4.630978184187941e-06,5.115823546120168e-06,600,0
log_cosh,log_cosh,riemannian_stl,riemannian,1,13,8,100.0,0.1,0.1,4,3000,6.26171402895596e-06,4.881853844729278e-06,5.324768327406408e-06,9.862277488892346e-06,600,0
log_cosh,log_cosh,riemannian_stl,riemannian,1,14,8,100.0,0.1,0.1,4,3000,6.0086031062341525e-06,4.617317108213115e-06,5.161742626637819e-06,2.674053087403649e-06,600,0
log_cosh,log_cosh,riemannian_stl,riemannian,1,15,8,100.0,0.1,0.1,4,3000,5.912208274905239e-06,4.003104958627546e-06,6.418734374471379e-06,8.626946053524875e-06,600,0
log_cosh,log_cosh,riemannian_stl,riemannian,1,16,8,100.0,0.1,0.1,4,3000,5.27218873897913e-06,4.040369439906044e-06,4.243785065251505e-06,6.614038257524157e-06,600,0
log_cosh,log_cosh,riemannian_stl,riemannian,1,17,8,100.0,0.1,0.1,4,3000,4.87350489596435e-06,3.875525512953004e-06,3.895851202768915e-06,4.670745216373007e-06,600,0
log_cosh,log_cosh,riemannian_stl,riemannian,1,18,8,100.0,0.1,0.1,4,3000,5.6965047365883e-06,3.91688609280294e-06,5.1772898887133975e-06,1.137842919973764e-05,600,0
log_cosh,log_cosh,riemannian_stl,riemannian,1,19,8,100.0,0.1,0.1,4,3000,5.386151999274465e-06,3.945378870717775e-06,4.74007989733694e-06,2.85436600577782e-07,600,0
log_cosh,log_cosh,kl_stl,kl,1,0,8,100.0,0.1,0.1,4,3000,4.986935704873001e-06,3.6366513551655535e-06,4.491625899114492e-06,6.215870147485703e-06,600,0
log_cosh,log_cosh,kl_stl,kl,1,1,8,100.0,0.1,0.1,4,3000,5.364646849965737e-06,4.187493016338806e-06,4.340662216517621e-06,3.755014420292469e-06,600,0
log_cosh,log_cosh,kl_stl,kl,1,2,8,100.0,0.1,0.1,4,3000,4.952396764442332e-06,4.1678733548877744e-06,3.910356750210588e-06,1.1004504582246e-05,600,0
log_cosh,log_cosh,kl_stl,kl,1,3,8,100.0,0.1,0.1,4,3000,4.278321316040963e-06,3.129385336642088e-06,3.721364908159661e-06,3.69601037242262e-06,600,0
log_cosh,log_cosh,kl_stl,kl,1,4,8,100.0,0.1,0.1,4,3000,4.722566129678659e-06,3.695026124184153e-06,3.514170546043623e-06,1.1980059309024682e-06,600,0
log_cosh,log_cosh,kl_stl,kl,1,5,8,100.0,0.1,0.1,4,3000,5.240193805562399e-06,4.288317873246683e-06,4.018070729736305e-06,9.708864405766349e-06,600,0
log_cosh,log_cosh,kl_stl,kl,1,6,8,100.0,0.1,0.1,4,3000,3.699117984024743e-06,2.945280542121509e-06,2.784267004037861e-06,1.749024962194312e-06,600,0
log_cosh,log_cosh,kl_stl,kl,1,7,8,100.0,0.1,0.1,4,3000,4.798884049342552e-06,3.567149183147933e-06,3.872100362642156e-06,2.139171293435993e-06,600,0
log_cosh,log_cosh,kl_stl,kl,1,8,8,100.0,0.1,0.1,4,3000,5.415669897782157e-06,4.172703381932763e-06,4.429238825708095e-06,5.840001293222485e-06,600,0
log_cosh,log_cosh,kl_stl,kl,1,9,8,100.0,0.1,0.1,4,3000,3.937310539561996e-06,3.115260747144077e-06,3.152103462345388e-06,5.341845414008617e-06,600,0
log_cosh,log_cosh,kl_stl,kl,1,10,8,100.0,0.1,0.1,4,3000,5.306247511012903e-06,3.9726254286165386e-06,4.671598982705561e-06,1.891456511415868e-06,600,0
log_cosh,log_cosh,kl_stl,kl,1,11,8,100.0,0.1,0.1,4,3000,5.262440481956787e-06,3.896157622307328e-06,4.633089326346528e-06,1.2922819667693377e-06,600,0
log_cosh,log_cosh,kl_stl,kl,1,12,8,100.0,0.1,0.1,4,3000,5.311891102938541e-06,4.285314978424992e-06,4.419535612636196e-06,4.85428782504016e-06,600,0
log_cosh,log_cosh,kl_stl,kl,1,13,8,100.0,0.1,0.1,4,3000,5.93799620212702e-06,4.590346296851067e-06,5.0324130021620025e-06,9.5402008053469e-06,600,0
log_cosh,log_cosh,kl_stl,kl,1,14,8,100.0,0.1,0.1,4,3000,5.68362379604596e-06,4.304968711288382e-06,4.830520735013612e-06,2.5693734961862447e-06,600,0
log_cosh,log_cosh,kl_stl,kl,1,15,8,100.0,0.1,0.1,4,3000,5.584489433614337e-06,3.818835158320155e-06,6.002914332650194e-06,8.562190410899007e-06,600,0
log_cosh,log_cosh,kl_stl,kl,1,16,8,100.0,0.1,0.1,4,3000,4.909854827216028e-06,3.81362973733701e-06,3.873927800955057e-06,6.447967932032839e-06,600,0
log_cosh,log_cosh,kl_stl,kl,1,17,8,100.0,0.1,0.1,4,3000,4.556069400226311e-06,3.6688879436752586e-06,3.5785288979721344e-06,4.306845481139021e-06,600,0
log_cosh,log_cosh,kl_stl,kl,1,18,8,100.0,0.1,0.1,4,3000,5.3506087183811484e-06,3.6442307385087247e-06,4.897066286614145e-06,1.0384848559752411e-05,600,0
log_cosh,log_cosh,kl_stl,kl,1,19,8,100.0,0.1,0.1,4,3000,5.012312877192097e-06,3.744665994176444e-06,4.377339886327775e-06,2.184144616279582e-07,600,0
log_cosh,log_cosh,riemannian_stl,riemannian,1,0,8,100.0,0.1,0.1,16,3000,1.325027266204278e-06,1.0415703730615178e-06,1.0526272263285016e-06,8.679621625873324e-07,600,0
log_cosh,log_cosh,riemannian_stl,riemannian,1,1,8,100.0,0.1,0.1,16,3000,1.1234210371953896e-06,8.66419753720038e-07,9.187292554839576e-07,2.261612300102911e-06,600,0
log_cosh,log_cosh,riemannian_stl,riemannian,1,2,8,100.0,0.1,0.1,16,3000,1.3460677086148583e-06,9.163435619186088e-07,1.1831549849485862e-06,3.42879958914466e-06,600,0
log_cosh,log_cosh,riemannian_stl,riemannian,1,3,8,100.0,0.1,0.1,16,3000,1.0074941389219088e-06,7.934232915118855e-07,7.577737304639347e-07,4.916762303963651e-07,600,0
log_cosh,log_cosh,riemannian_stl,riemannian,1,4,8,100.0,0.1,0.1,16,3000,1.3192486926912511e-06,1.0426267964547264e-06,1.042358085380455e-06,2.208817386772921e-06,600,0
log_cosh,log_cosh,riemannian_stl,riemannian,1,5,8,100.0,0.1,0.1,16,3000,1.4321415308859995e-06,1.0761058346631105e-06,1.203291624648284e-06,4.114763184404069e-06,600,0
log_cosh,log_cosh,riemannian_stl,riemannian,1,6,8,100.0,0.1,0.1,16,3000,1.5725017166623445e-06,1.1734979192823405e-06,1.3405964726731937e-06,6.733167801087347e-07,600,0
log_cosh,log_cosh,riemannian_stl,riemannian,1,7,8,100.0,0.1,0.1,16,3000,1.363315792814272e-06,9.905004452193111e-07,1.1495474217375731e-06,1.3265266378681415e-06,600,0
log_cosh,log_cosh,riemannian_stl,riemannian,1,8,8,100.0,0.1,0.1,16,3000,1.6207866259776438e-06,1.1779640756159893e-06,1.4935041264780515e-06,3.69127040045214e-08,600,0
log_cosh,log_cosh,riemannian_stl,riemannian,1,9,8,100.0,0.1,0.1,16,3000,1.4124341857909192e-06,9.911693172881542e-07,1.3245894924630797e-06,1.0654315865110675e-06,600,0
log_cosh,log_cosh,riemannian_stl,riemannian,1,10,8,100.0,0.1,0.1,16,3000,1.2621888465395396e-06,8.88527726949917e-07,1.159797821236147e-06,3.913024162471857e-07,600,0
log_cosh,log_cosh,riemannian_stl,riemannian,1,11,8,100.0,0.1,0.1,16,3000,1.2980883134824005e-06,1.009996962508808e-06,1.000299972661178e-06,1.2467042544983542e-06,600,0
log_cosh,log_cosh,riemannian_stl,riemannian,1,12,8,100.0,0.1,0.1,16,3000,1.6732085172825132e-06,1.2117638661379717e-06,1.7017165115497352e-06,1.5243062954084508e-06,600,0
log_cosh,log_cosh,riemannian_stl,riemannian,1,13,8,100.0,0.1,0.1,16,3000,1.4090818736948544e-06,9.93032112539538e-07,1.300572490860369e-06,3.4582904362423506e-07,600,0
log_cosh,log_cosh,riemannian_stl,riemannian,1,14,8,100.0,0.1,0.1,16,3000,1.502932404440216e-06,1.2146486287889502e-06,1.1540064081058057e-06,8.661078343408235e-07,600,0
log_cosh,log_cosh,riemannian_stl,riemannian,1,15,8,100.0,0.1,0.1,16,3000,1.295186363821088e-06,9.210499491985048e-07,1.2578165515915384e-06,4.966566908848336e-07,600,0
log_cosh,log_cosh,riemannian_stl,riemannian,1,16,8,100.0,0.1,0.1,16,3000,1.449522811780568e-06,1.0409731894256424e-06,1.15319586047596e-06,3.223901641646876e-06,600,0
log_cosh,log_cosh,riemannian_stl,riemannian,1,17,8,100.0,0.1,0.1,16,3000,1.2195871364095725e-06,1.0150154459154237e-06,9.448209667768332e-07,9.35340372265614e-07,600,0
log_cosh,log_cosh,riemannian_stl,riemannian,1,18,8,100.0,0.1,0.1,16,3000,1.2266395663651508e-06,9.798898936708156e-07,9.801808751614785e-07,7.031463962192674e-07,600,0
log_cosh,log_cosh,riemannian_stl,riemannian,1,19,8,100.0,0.1,0.1,16,3000,1.3767495611668087e-06,9.468381412247596e-07,1.194818925406849e-06,4.2973234037901886e-07,600,0
log_cosh,log_cosh,kl_stl,kl,1,0,8,100.0,0.1,0.1,16,3000,1.2519728806263213e-06,1.0170030746436964e-06,9.82289636948367e-07,7.653908919991181e-07,600,0
log_cosh,log_cosh,kl_stl,kl,1,1,8,100.0,0.1,0.1,16,3000,1.0497527593352393e-06,8.019858048768924e-07,8.438679131905712e-07,2.0669307563281336e-06,600,0
log_cosh,log_cosh,kl_stl,kl,1,2,8,100.0,0.1,0.1,16,3000,1.2601315064723432e-06,8.655733747531258e-07,1.0925684826505223e-06,3.1870778993692284e-06,600,0
log_cosh,log_cosh,kl_stl,kl,1,3,8,100.0,0.1,0.1,16,3000,9.439917187226144e-07,7.523855387603362e-07,7.118898574316453e-07,4.481355393437525e-07,600,0
log_cosh,log_cosh,kl_stl,kl,1,4,8,100.0,0.1,0.1,16,3000,1.2340442727717023e-06,9.834275509490451e-07,9.618396600405118e-07,2.0854039899376176e-06,600,0
log_cosh,log_cosh,kl_stl,kl,1,5,8,100.0,0.1,0.1,16,3000,1.3368535330352907e-06,1.0268711641003847e-06,1.1009420079571677e-06,3.720067871526567e-06,600,0
log_cosh,log_cosh,kl_stl,kl,1,6,8,100.0,0.1,0.1,16,3000,1.4882617662514974e-06,1.124473294922268e-06,1.2614307785945017e-06,6.920484540984262e-07,600,0
log_cosh,log_cosh,kl_stl,kl,1,7,8,100.0,0.1,0.1,16,3000,1.277966362585777e-06,9.292432245899818e-07,1.0775827835554198e-06,1.2084165827985771e-06,600,0
log_cosh,log_cosh,kl_stl,kl,1,8,8,100.0,0.1,0.1,16,3000,1.5270631126866144e-06,1.1210552930407405e-06,1.399895306266813e-06,4.877021453353336e-08,600,0
log_cosh,log_cosh,kl_stl,kl,1,9,8,100.0,0.1,0.1,16,3000,1.331435124525271e-06,9.456772875893192e-07,1.2172048328628171e-06,1.0452102561231411e-06,600,0
log_cosh,log_cosh,kl_stl,kl,1,10,8,100.0,0.1,0.1,16,3000,1.1824011684572848e-06,8.458183327064717e-07,1.073375983812844e-06,4.255664887153898e-07,600,0
log_cosh,log_cosh,kl_stl,kl,1,11,8,100.0,0.1,0.1,16,3000,1.2221951226543126e-06,9.600270685083956e-07,9.338560378421358e-07,1.2384757095418308e-06,600,0
log_cosh,log_cosh,kl_stl,kl,1,12,8,100.0,0.1,0.1,16,3000,1.5629426573700771e-06,1.143827291549826e-06,1.5403087204083897e-06,1.3716484286163675e-06,600,0
log_cosh,log_cosh,kl_stl,kl,1,13,8,100.0,0.1,0.1,16,3000,1.3373006658786343e-06,9.454367777550488e-07,1.2331271183842997e-06,3.117718332390496e-07,600,0
log_cosh,log_cosh,kl_stl,kl,1,14,8,100.0,0.1,0.1,16,3000,1.4086692546536977e-06,1.119730984378009e-06,1.0663600262691417e-06,6.997827970423032e-07,600,0
log_cosh,log_cosh,kl_stl,kl,1,15,8,100.0,0.1,0.1,16,3000,1.2094840712221591e-06,8.831650593066342e-07,1.1402201720161703e-06,4.611672483889606e-07,600,0
log_cosh,log_cosh,kl_stl,kl,1,16,8,100.0,0.1,0.1,16,3000,1.3712147909335688e-06,9.979542294757948e-07,1.0912123458429145e-06,2.6888297455229804e-06,600,0
log_cosh,log_cosh,kl_stl,kl,1,17,8,100.0,0.1,0.1,16,3000,1.1427178207827164e-06,9.520327450829312e-07,8.717658268127326e-07,9.206589748345096e-07,600,0
log_cosh,log_cosh,kl_stl,kl,1,18,8,100.0,0.1,0.1,16,3000,1.146780687311851e-06,9.121248911725388e-07,9.080137540612152e-07,6.891246666640427e-07,600,0
log_cosh,log_cosh,kl_stl,kl,1,19,8,100.0,0.1,0.1,16,3000,1.2956836261205733e-06,8.944937217592042e-07,1.1184329602704295e-06,4.014459999979181e-07,600,0
log_cosh,log_cosh,riemannian_stl,riemannian,1,0,8,100.0,1.0,0.1,1,3000,0.0007464177159992,0.0006130596506741,0.0005382624232938,0.0002516357091781,600,0
log_cosh,log_cosh,riemannian_stl,riemannian,1,1,8,100.0,1.0,0.1,1,3000,0.0007479964632853,0.0005355037981846,0.0006928360984657,0.0004513245916566,600,0
log_cosh,log_cosh,riemannian_stl,riemannian,1,2,8,100.0,1.0,0.1,1,3000,0.0007690223658128,0.0005603644310312,0.0006251560819634,0.0011083278113233,600,0
log_cosh,log_cosh,riemannian_stl,riemannian,1,3,8,100.0,1.0,0.1,1,3000,0.0007014676789781,0.0004703980108562,0.0008357414685247,0.0005785419920538,600,0
log_cosh,log_cosh,riemannian_stl,riemannian,1,4,8,100.0,1.0,0.1,1,3000,0.0007515391595701,0.0005647635655794,0.0006361455120607,0.0004288959870137,600,0
log_cosh,log_cosh,riemannian_stl,riemannian,1,5,8,100.0,1.0,0.1,1,3000,0.0006493769922825,0.0004669961017667,0.0006067448148907,0.000268226668421,600,0
log_cosh,log_cosh,riemannian_stl,riemannian,1,6,8,100.0,1.0,0.1,1,3000,0.0006690736341895,0.000542172066364,0.0004994874478089,0.0015310190868085,600,0
log_cosh,log_cosh,riemannian_stl,riemannian,1,7,8,100.0,1.0,0.1,1,3000,0.0008391494085352,0.0006255374716017,0.0007721497187253,0.0010455757934089,600,0
log_cosh,log_cosh,riemannian_stl,riemannian,1,8,8,100.0,1.0,0.1,1,3000,0.0007166920211034,0.00052315694235,0.0006684996519882,0.000168900124839,600,0
log_cosh,log_cosh,riemannian_stl,riemannian,1,9,8,100.0,1.0,0.1,1,3000,0.0006338354132883,0.0004434371348063,0.000566846944013,0.000600829592253,600,0
log_cosh,log_cosh,riemannian_stl,riemannian,1,10,8,100.0,1.0,0.1,1,3000,0.0007726059409933,0.000554134368925,0.0006842286978279,0.0013896046968326,600,0
log_cosh,log_cosh,riemannian_stl,riemannian,1,11,8,100.0,1.0,0.1,1,3000,0.0008166099965601,0.0006091036507864,0.0006839513951332,0.0012043084294042,600,0
log_cosh,log_cosh,riemannian_stl,riemannian,1,12,8,100.0,1.0,0.1,1,3000,0.0007707676121591,0.0006231101727749,0.0006338294049331,0.0005716474428325,600,0
log_cosh,log_cosh,riemannian_stl,riemannian,1,13,8,100.0,1.0,0.1,1,3000,0.0007813179129427,0.0006722646679646,0.0005289000143073,0.0026644496472592,600,0
log_cosh,log_cosh,riemannian_stl,riemannian,1,14,8,100.0,1.0,0.1,1,3000,0.0006525025761361,0.0005466234820392,0.0004768357705099,0.0005908733406521,600,0
log_cosh,log_cosh,riemannian_stl,riemannian,1,15,8,100.0,1.0,0.1,1,3000,0.0007243153275457,0.0005852268668835,0.0005498353738773,0.0006939364791946,600,0
log_cosh,log_cosh,riemannian_stl,riemannian,1,16,8,100.0,1.0,0.1,1,3000,0.0006477407091564,0.000566120707294,0.0004426422538933,0.0001933375964444,600,0
log_cosh,log_cosh,riemannian_stl,riemannian,1,17,8,100.0,1.0,0.1,1,3000,0.000750450512186,0.0005723709385732,0.0006948239975753,0.0016813053245421,600,0
log_cosh,log_cosh,riemannian_stl,riemannian,1,18,8,100.0,1.0,0.1,1,3000,0.0005599880568638,0.0004728371357165,0.0003819900304946,0.000784631699215,600,0
log_cosh,log_cosh,riemannian_stl,riemannian,1,19,8,100.0,1.0,0.1,1,3000,0.0006415835695814,0.0005035327720168,0.0005048613398176,0.0002696419981624,600,0
log_cosh,log_cosh,kl_stl,kl,1,0,8,100.0,1.0,0.1,1,3000,0.0007042647964399,0.0005901057629795,0.000512971263072,0.0002540390328622,600,0
log_cosh,log_cosh,kl_stl,kl,1,1,8,100.0,1.0,0.1,1,3000,0.0007124606186898,0.0005127633682002,0.0006694886103875,0.0004141673424378,600,0
log_cosh,log_cosh,kl_stl,kl,1,2,8,100.0,1.0,0.1,1,3000,0.0007351892054521,0.0005265459790688,0.000607670124141,0.0010853062892657,600,0
log_cosh,log_cosh,kl_stl,kl,1,3,8,100.0,1.0,0.1,1,3000,0.0006605032317238,0.0004437523660039,0.000788301269253,0.0004776370113308,600,0
log_cosh,log_cosh,kl_stl,kl,1,4,8,100.0,1.0,0.1,1,3000,0.0007071213643614,0.0005152698307835,0.0006121046074911,0.0004134083607514,600,0
log_cosh,log_cosh,kl_stl,kl,1,5,8,100.0,1.0,0.1,1,3000,0.0006134901432254,0.0004291879051043,0.0005792815417401,0.000249050168767,600,0
log_cosh,log_cosh,kl_stl,kl,1,6,8,100.0,1.0,0.1,1,3000,0.0006310092126017,0.0005058160631721,0.0004656798117888,0.0013850536270965,600,0
log_cosh,log_cosh,kl_stl,kl,1,7,8,100.0,1.0,0.1,1,3000,0.0007976915865801,0.0005862416807254,0.0007436002417986,0.000948701522855,600,0
log_cosh,log_cosh,kl_stl,kl,1,8,8,100.0,1.0,0.1,1,3000,0.0006818856457134,0.000497351275861,0.0006479534791382,0.0001474005374895,600,0
log_cosh,log_cosh,kl_stl,kl,1,9,8,100.0,1.0,0.1,1,3000,0.0006018289842153,0.0004193676669368,0.0005468230914518,0.0005047322612163,600,0
log_cosh,log_cosh,kl_stl,kl,1,10,8,100.0,1.0,0.1,1,3000,0.0007375408865019,0.000529833177163,0.000648517104053,0.0013891629563786,600,0
log_cosh,log_cosh,kl_stl,kl,1,11,8,100.0,1.0,0.1,1,3000,0.000764434456908,0.0005622645140395,0.000640883644203,0.001168765259603,600,0
log_cosh,log_cosh,kl_stl,kl,1,12,8,100.0,1.0,0.1,1,3000,0.0007325119048124,0.0005920597866699,0.0006047320109466,0.0004776384654618,600,0
log_cosh,log_cosh,kl_stl,kl,1,13,8,100.0,1.0,0.1,1,3000,0.0007403435623273,0.0006412240645934,0.0005007736170395,0.0024248686987569,600,0
log_cosh,log_cosh,kl_stl,kl,1,14,8,100.0,1.0,0.1,1,3000,0.0006104548915815,0.0005015118962354,0.0004464974975833,0.0005320116380751,600,0
log_cosh,log_cosh,kl_stl,kl,1,15,8,100.0,1.0,0.1,1,3000,0.0006905268901676,0.0005537243850683,0.0005277494563708,0.0006540787408244,600,0
log_cosh,log_cosh,kl_stl,kl,1,16,8,100.0,1.0,0.1,1,3000,0.000604859722361,0.0005228221683237,0.0004194318556733,0.0001820840010839,600,0
log_cosh,log_cosh,kl_stl,kl,1,17,8,100.0,1.0,0.1,1,3000,0.0007145319182005,0.0005288760540951,0.0006604526450455,0.0016320092293184,600,0
log_cosh,log_cosh,kl_stl,kl,1,18,8,100.0,1.0,0.1,1,3000,0.000521429025366,0.0004432257785884,0.0003527293457976,0.000749616798382,600,0
log_cosh,log_cosh,kl_stl,kl,1,19,8,100.0,1.0,0.1,1,3000,0.0005998744183909,0.0004632626299079,0.0004788754377282,0.0002636290665432,600,0
log_cosh,log_cosh,riemannian_stl,riemannian,1,0,8,100.0,1.0,0.1,4,3000,0.0001734755873778,0.0001321722294989,0.0001368637201214,0.0002030353894486,600,0
log_cosh,log_cosh,riemannian_stl,riemannian,1,1,8,100.0,1.0,0.1,4,3000,0.0001636551168996,0.0001262523695633,0.0001329229860835,5.633646287783733e-05,600,0
log_cosh,log_cosh,riemannian_stl,riemannian,1,2,8,100.0,1.0,0.1,4,3000,0.0001710460903501,0.0001312790729679,0.0001331373782003,0.0001598484762403,600,0
log_cosh,log_cosh,riemannian_stl,riemannian,1,3,8,100.0,1.0,0.1,4,3000,0.0001757721089316,0.0001380011920328,0.0001320278050512,6.422367114922167e-05,600,0
log_cosh,log_cosh,riemannian_stl,riemannian,1,4,8,100.0,1.0,0.1,4,3000,0.0001686614115613,0.0001364025586507,0.0001304760332395,0.0002466633180393,600,0
log_cosh,log_cosh,riemannian_stl,riemannian,1,5,8,100.0,1.0,0.1,4,3000,0.0001781296119265,0.0001399880131174,0.0001487874267691,4.868513308409206e-05,600,0
log_cosh,log_cosh,riemannian_stl,riemannian,1,6,8,100.0,1.0,0.1,4,3000,0.0001773397805976,0.0001401143806347,0.0001411481103477,0.0004698829840457,600,0
log_cosh,log_cosh,riemannian_stl,riemannian,1,7,8,100.0,1.0,0.1,4,3000,0.0001970274329138,0.0001410683916365,0.0001686487661115,3.1059136473388094e-05,600,0
log_cosh,log_cosh,riemannian_stl,riemannian,1,8,8,100.0,1.0,0.1,4,3000,0.0001759870089873,0.0001501777090533,0.0001178296694963,0.0001532509778243,600,0
log_cosh,log_cosh,riemannian_stl,riemannian,1,9,8,100.0,1.0,0.1,4,3000,0.000162457828899,0.0001355171589541,0.0001162113721834,9.486028195127004e-05,600,0
log_cosh,log_cosh,riemannian_stl,riemannian,1,10,8,100.0,1.0,0.1,4,3000,0.0002071399835049,0.00015727953914,0.0002003173118438,0.0003322904684974,600,0
log_cosh,log_cosh,riemannian_stl,riemannian,1,11,8,100.0,1.0,0.1,4,3000,0.0001377207048845,0.0001140241517951,9.562279139158178e-05,0.0001480433624188,600,0
log_cosh,log_cosh,riemannian_stl,riemannian,1,12,8,100.0,1.0,0.1,4,3000,0.0001804620251963,0.0001463219191464,0.0001420439986654,0.0002375027059571,600,0
log_cosh,log_cosh,riemannian_stl,riemannian,1,13,8,100.0,1.0,0.1,4,3000,0.0001749796074448,0.0001417507625101,0.0001465208459199,0.0002635771934453,600,0
log_cosh,log_cosh,riemannian_stl,riemannian,1,14,8,100.0,1.0,0.1,4,3000,0.0001909501168305,0.0001484503243842,0.0001501972781763,5.651582029386759e-05,600,0
log_cosh,log_cosh,riemannian_stl,riemannian,1,15,8,100.0,1.0,0.1,4,3000,0.0001487765140979,0.0001220840726672,0.0001081010404745,0.000375744281218,600,0
log_cosh,log_cosh,riemannian_stl,riemannian,1,16,8,100.0,1.0,0.1,4,3000,0.0001675469724537,0.0001348183896849,0.0001247607762829,0.000100165252002,600,0
log_cosh,log_cosh,riemannian_stl,riemannian,1,17,8,100.0,1.0,0.1,4,3000,0.0001967681192695,0.0001595062437926,0.0001492986494795,0.0001422647207114,600,0
log_cosh,log_cosh,riemannian_stl,riemannian,1,18,8,100.0,1.0,0.1,4,3000,0.0001756147918176,0.0001339245265157,0.0001422379710813,0.0002192909126179,600,0
log_cosh,log_cosh,riemannian_stl,riemannian,1,19,8,100.0,1.0,0.1,4,3000,0.0001633009542471,0.0001321840789687,0.0001279940108882,0.0004368249257744,600,0
log_cosh,log_cosh,kl_stl,kl,1,0,8,100.0,1.0,0.1,4,3000,0.0001643440220978,0.0001265591574552,0.0001307113672513,0.0002033790348257,600,0
log_cosh,log_cosh,kl_stl,kl,1,1,8,100.0,1.0,0.1,4,3000,0.0001543598359499,0.0001195638920732,0.00012572862146,5.031552138845541e-05,600,0
log_cosh,log_cosh,kl_stl,kl,1,2,8,100.0,1.0,0.1,4,3000,0.000161678393791,0.0001253563985237,0.0001278348731237,0.0001604040046796,600,0
log_cosh,log_cosh,kl_stl,kl,1,3,8,100.0,1.0,0.1,4,3000,0.0001661764718529,0.0001338967276005,0.0001251419654136,5.661374051868506e-05,600,0
log_cosh,log_cosh,kl_stl,kl,1,4,8,100.0,1.0,0.1,4,3000,0.0001598615523664,0.0001297369977848,0.0001237313057087,0.0002414311302381,600,0
log_cosh,log_cosh,kl_stl,kl,1,5,8,100.0,1.0,0.1,4,3000,0.0001695032433096,0.0001296298137472,0.0001408423945232,3.960316173845513e-05,600,0
log_cosh,log_cosh,kl_stl,kl,1,6,8,100.0,1.0,0.1,4,3000,0.000166370832004,0.0001325809727434,0.0001335823006729,0.0004484000660962,600,0
log_cosh,log_cosh,kl_stl,kl,1,7,8,100.0,1.0,0.1,4,3000,0.0001856844064743,0.0001307399797463,0.0001589987914346,3.319297967330215e-05,600,0
log_cosh,log_cosh,kl_stl,kl,1,8,8,100.0,1.0,0.1,4,3000,0.000164533398006,0.0001402151345741,0.000109695487228,0.0001484666865998,600,0
log_cosh,log_cosh,kl_stl,kl,1,9,8,100.0,1.0,0.1,4,3000,0.0001531356278131,0.0001266572810179,0.0001098774116643,9.646736043933402e-05,600,0
log_cosh,log_cosh,kl_stl,kl,1,10,8,100.0,1.0,0.1,4,3000,0.000195184952172,0.0001495331640448,0.0001856086057393,0.0003005823893591,600,0
log_cosh,log_cosh,kl_stl,kl,1,11,8,100.0,1.0,0.1,4,3000,0.0001288868642494,0.0001072654976166,8.887794935042124e-05,0.0001337476698886,600,0
log_cosh,log_cosh,kl_stl,kl,1,12,8,100.0,1.0,0.1,4,3000,0.0001698834864582,0.0001368767276446,0.0001338107135573,0.0002290890408982,600,0
log_cosh,log_cosh,kl_stl,kl,1,13,8,100.0,1.0,0.1,4,3000,0.0001651238323925,0.0001334255298681,0.0001403270620283,0.0002571572837055,600,0
log_cosh,log_cosh,kl_stl,kl,1,14,8,100.0,1.0,0.1,4,3000,0.0001802331212105,0.0001392127557755,0.0001414465456652,5.127673247073972e-05,600,0
log_cosh,log_cosh,kl_stl,kl,1,15,8,100.0,1.0,0.1,4,3000,0.0001390286054144,0.0001132875512208,0.0001004187048923,0.0003679729997028,600,0
log_cosh,log_cosh,kl_stl,kl,1,16,8,100.0,1.0,0.1,4,3000,0.000157950807618,0.0001257835467747,0.0001176856396208,0.0001052581966671,600,0
log_cosh,log_cosh,kl_stl,kl,1,17,8,100.0,1.0,0.1,4,3000,0.0001871195066309,0.0001511834131786,0.0001408464597006,0.0001403407916846,600,0
log_cosh,log_cosh,kl_stl,kl,1,18,8,100.0,1.0,0.1,4,3000,0.0001654339198824,0.0001270828411588,0.0001325013646447,0.0002007737920504,600,0
log_cosh,log_cosh,kl_stl,kl,1,19,8,100.0,1.0,0.1,4,3000,0.0001539634146168,0.0001193117024005,0.0001216765676721,0.0004144738557645,600,0
log_cosh,log_cosh,riemannian_stl,riemannian,1,0,8,100.0,1.0,0.1,16,3000,4.245293511048409e-05,3.399749743770997e-05,3.1159816673106065e-05,4.987212044582634e-05,600,0
log_cosh,log_cosh,riemannian_stl,riemannian,1,1,8,100.0,1.0,0.1,16,3000,4.381696040915095e-05,3.773629489423058e-05,3.208731647705448e-05,2.0179961495614407e-05,600,0
log_cosh,log_cosh,riemannian_stl,riemannian,1,2,8,100.0,1.0,0.1,16,3000,4.956923856418586e-05,4.0002133120609074e-05,3.653451497915642e-05,1.334842255040769e-05,600,0
log_cosh,log_cosh,riemannian_stl,riemannian,1,3,8,100.0,1.0,0.1,16,3000,4.540152083125785e-05,3.476054351914115e-05,3.5971974252307306e-05,1.1429175369670476e-05,600,0
log_cosh,log_cosh,riemannian_stl,riemannian,1,4,8,100.0,1.0,0.1,16,3000,5.358675839737851e-05,3.555304820945793e-05,5.170167071550566e-05,7.846184466409056e-05,600,0
log_cosh,log_cosh,riemannian_stl,riemannian,1,5,8,100.0,1.0,0.1,16,3000,4.075157565899564e-05,3.5060473547510185e-05,2.8205409582524803e-05,5.455717226077184e-05,600,0
log_cosh,log_cosh,riemannian_stl,riemannian,1,6,8,100.0,1.0,0.1,16,3000,4.39393266961711e-05,3.4031188354433084e-05,3.426067100315709e-05,0.0001143577035431,600,0
log_cosh,log_cosh,riemannian_stl,riemannian,1,7,8,100.0,1.0,0.1,16,3000,4.232476040743727e-05,3.0438477321759198e-05,3.3961983129228074e-05,4.37849080583419e-05,600,0
log_cosh,log_cosh,riemannian_stl,riemannian,1,8,8,100.0,1.0,0.1,16,3000,4.5174031400465607e-05,3.263437088918408e-05,3.738028294520832e-05,4.5790612459128965e-05,600,0
log_cosh,log_cosh,riemannian_stl,riemannian,1,9,8,100.0,1.0,0.1,16,3000,5.1250990217364863e-05,3.815855510858057e-05,4.2653186593176944e-05,6.669943154946623e-05,600,0
log_cosh,log_cosh,riemannian_stl,riemannian,1,10,8,100.0,1.0,0.1,16,3000,4.1699265024111775e-05,3.4652017003367064e-05,2.8630425485814515e-05,4.465771800354901e-05,600,0
log_cosh,log_cosh,riemannian_stl,riemannian,1,11,8,100.0,1.0,0.1,16,3000,4.041661538974968e-05,3.176729370846232e-05,3.2127981763604704e-05,2.1678288213422547e-05,600,0
log_cosh,log_cosh,riemannian_stl,riemannian,1,12,8,100.0,1.0,0.1,16,3000,4.229207164059723e-05,3.3050877614293483e-05,3.2342639853479665e-05,4.455802306679857e-05,600,0
log_cosh,log_cosh,riemannian_stl,riemannian,1,13,8,100.0,1.0,0.1,16,3000,4.192311785986114e-05,3.7039057867005454e-05,2.8033395047483266e-05,0.0001062157441946,600,0
log_cosh,log_cosh,riemannian_stl,riemannian,1,14,8,100.0,1.0,0.1,16,3000,4.2061364153648624e-05,3.163286156304679e-05,3.274926246473203e-05,8.243222424120233e-05,600,0
log_cosh,log_cosh,riemannian_stl,riemannian,1,15,8,100.0,1.0,0.1,16,3000,4.040867757158691e-05,3.3963564827210746e-05,2.770148800559578e-05,6.161122095704741e-05,600,0
log_cosh,log_cosh,riemannian_stl,riemannian,1,16,8,100.0,1.0,0.1,16,3000,4.394594349222736e-05,3.710451096328171e-05,2.975650382700193e-05,0.0001108436537968,600,0
log_cosh,log_cosh,riemannian_stl,riemannian,1,17,8,100.0,1.0,0.1,16,3000,4.872081910021642e-05,3.687104581118206e-05,4.4912219807414064e-05,1.6413952556249e-05,600,0
log_cosh,log_cosh,riemannian_stl,riemannian,1,18,8,100.0,1.0,0.1,16,3000,5.11207847540233e-05,3.8219042743037335e-05,4.3098301695852775e-05,1.5006444556320275e-05,600,0
log_cosh,log_cosh,riemannian_stl,riemannian,1,19,8,100.0,1.0,0.1,16,3000,4.8770690461991485e-05,3.726438583129266e-05,3.875609881211086e-05,3.3588653373328725e-05,600,0
log_cosh,log_cosh,kl_stl,kl,1,0,8,100.0,1.0,0.1,16,3000,3.9939100588701016e-05,3.2196012550222974e-05,2.9119675550243604e-05,4.453038350149541e-05,600,0
log_cosh,log_cosh,kl_stl,kl,1,1,8,100.0,1.0,0.1,16,3000,4.103349110213076e-05,3.5020681655950625e-05,2.942767672813816e-05,1.8554522929647987e-05,600,0
log_cosh,log_cosh,kl_stl,kl,1,2,8,100.0,1.0,0.1,16,3000,4.681538097851027e-05,3.836421402780843e-05,3.4151216630898745e-05,1.194391362702163e-05,600,0
log_cosh,log_cosh,kl_stl,kl,1,3,8,100.0,1.0,0.1,16,3000,4.26311642370821e-05,3.198305236118415e-05,3.389211574141979e-05,9.752781629401852e-06,600,0
log_cosh,log_cosh,kl_stl,kl,1,4,8,100.0,1.0,0.1,16,3000,5.05780964517714e-05,3.4135716879823974e-05,4.83687688548653e-05,7.151717379727529e-05,600,0
log_cosh,log_cosh,kl_stl,kl,1,5,8,100.0,1.0,0.1,16,3000,3.8195903076738704e-05,3.306571610472986e-05,2.626973205432921e-05,4.63314619150168e-05,600,0
log_cosh,log_cosh,kl_stl,kl,1,6,8,100.0,1.0,0.1,16,3000,4.146632112402848e-05,3.202307088745471e-05,3.2122970189551854e-05,0.0001103738315695,600,0
log_cosh,log_cosh,kl_stl,kl,1,7,8,100.0,1.0,0.1,16,3000,3.974915877650235e-05,2.936635232497764e-05,3.1339691944793536e-05,4.1375592564563135e-05,600,0
log_cosh,log_cosh,kl_stl,kl,1,8,8,100.0,1.0,0.1,16,3000,4.2219148043643645e-05,3.057999731304051e-05,3.471069199885562e-05,4.632334657905801e-05,600,0
log_cosh,log_cosh,kl_stl,kl,1,9,8,100.0,1.0,0.1,16,3000,4.812696388382776e-05,3.652001057474763e-05,3.997474045532985e-05,6.047252585617002e-05,600,0
log_cosh,log_cosh,kl_stl,kl,1,10,8,100.0,1.0,0.1,16,3000,3.924820896373286e-05,3.252217992333328e-05,2.646900080503623e-05,4.020929553405495e-05,600,0
log_cosh,log_cosh,kl_stl,kl,1,11,8,100.0,1.0,0.1,16,3000,3.791714084624864e-05,3.0366711183837936e-05,2.968689711034392e-05,1.8399743090924403e-05,600,0
log_cosh,log_cosh,kl_stl,kl,1,12,8,100.0,1.0,0.1,16,3000,3.948367410279078e-05,3.1338552709314627e-05,2.933353731694653e-05,4.275887522631194e-05,600,0
log_cosh,log_cosh,kl_stl,kl,1,13,8,100.0,1.0,0.1,16,3000,3.953000879526177e-05,3.431186390390195e-05,2.6110588312031445e-05,9.918504231976044e-05,600,0
log_cosh,log_cosh,kl_stl,kl,1,14,8,100.0,1.0,0.1,16,3000,3.940330329085917e-05,3.015314034549021e-05,3.0413019166623768e-05,7.403819794049582e-05,600,0
log_cosh,log_cosh,kl_stl,kl,1,15,8,100.0,1.0,0.1,16,3000,3.806051558492266e-05,3.260312235831009e-05,2.5963590649909677e-05,5.768744825829231e-05,600,0
log_cosh,log_cosh,kl_stl,kl,1,16,8,100.0,1.0,0.1,16,3000,4.12887499156156e-05,3.525614104749053e-05,2.7484975209356404e-05,9.951830707777276e-05,600,0
log_cosh,log_cosh,kl_stl,kl,1,17,8,100.0,1.0,0.1,16,3000,4.629830611052673e-05,3.557873876580686e-05,4.2280579323906496e-05,1.5749853908175737e-05,600,0
log_cosh,log_cosh,kl_stl,kl,1,18,8,100.0,1.0,0.1,16,3000,4.786550544664851e-05,3.492938912330601e-05,4.003082794244391e-05,1.2531276325944418e-05,600,0
log_cosh,log_cosh,kl_stl,kl,1,19,8,100.0,1.0,0.1,16,3000,4.675688253964694e-05,3.5252661215068315e-05,3.724886254325821e-05,3.0537268859376354e-05,600,0
log_cosh,log_cosh,riemannian_stl,riemannian,1,0,32,10.0,0.1,0.1,1,3000,0.0001045306623675,0.0001007141151916,2.886322350203373e-05,7.611682514152562e-05,600,0
log_cosh,log_cosh,riemannian_stl,riemannian,1,1,32,10.0,0.1,0.1,1,3000,0.0001117798813812,0.0001053228784577,4.023242641571997e-05,7.245813051781624e-05,600,0
log_cosh,log_cosh,riemannian_stl,riemannian,1,2,32,10.0,0.1,0.1,1,3000,0.0001121105677541,0.0001078831095568,3.40977059444596e-05,0.0001777558406885,600,0
log_cosh,log_cosh,riemannian_stl,riemannian,1,3,32,10.0,0.1,0.1,1,3000,0.0001054911873227,0.000102196217206,3.082729040522644e-05,7.647589208659156e-05,600,0
log_cosh,log_cosh,riemannian_stl,riemannian,1,4,32,10.0,0.1,0.1,1,3000,0.0001079248080658,0.0001022713906202,3.590222067140775e-05,0.0001369229081831,600,0
log_cosh,log_cosh,riemannian_stl,riemannian,1,5,32,10.0,0.1,0.1,1,3000,0.000113563434811,0.000108915738167,3.6107399679106175e-05,9.333873438777118e-05,600,0
log_cosh,log_cosh,riemannian_stl,riemannian,1,6,32,10.0,0.1,0.1,1,3000,0.0001059716777627,0.0001020831618525,3.211159225023123e-05,0.0001257720880261,600,0
log_cosh,log_cosh,riemannian_stl,riemannian,1,7,32,10.0,0.1,0.1,1,3000,0.0001126879951762,0.0001071186019387,3.997520780027847e-05,0.0001758637355493,600,0
log_cosh,log_cosh,riemannian_stl,riemannian,1,8,32,10.0,0.1,0.1,1,3000,0.0001144259940173,0.0001137641455741,3.238902874009466e-05,0.0001257998713128,600,0
log_cosh,log_cosh,riemannian_stl,riemannian,1,9,32,10.0,0.1,0.1,1,3000,0.0001032219499526,9.532462991046486e-05,3.645268886761038e-05,7.557553696813102e-05,600,0
log_cosh,log_cosh,riemannian_stl,riemannian,1,10,32,10.0,0.1,0.1,1,3000,0.0001148263668103,0.0001113207191423,3.3065599184472176e-05,9.20964138302338e-05,600,0
log_cosh,log_cosh,riemannian_stl,riemannian,1,11,32,10.0,0.1,0.1,1,3000,0.0001137759524838,0.0001076523740266,4.316438924180467e-05,9.883345690298027e-05,600,0
log_cosh,log_cosh,riemannian_stl,riemannian,1,12,32,10.0,0.1,0.1,1,3000,0.0001100427167145,0.0001068693663803,3.182685736160413e-05,0.0001302803826064,600,0
log_cosh,log_cosh,riemannian_stl,riemannian,1,13,32,10.0,0.1,0.1,1,3000,0.0001094372718437,0.0001067107024965,3.336039702614566e-05,0.0001102646621404,600,0
log_cosh,log_cosh,riemannian_stl,riemannian,1,14,32,10.0,0.1,0.1,1,3000,0.0001067349944501,0.0001033749453682,3.163621272489064e-05,9.539200409847126e-05,600,0
log_cosh,log_cosh,riemannian_stl,riemannian,1,15,32,10.0,0.1,0.1,1,3000,0.0001027491277932,9.853195334841304e-05,3.210382812429054e-05,8.899816106122671e-05,600,0
log_cosh,log_cosh,riemannian_stl,riemannian,1,16,32,10.0,0.1,0.1,1,3000,0.0001079516487007,0.000103387725197,3.547921348273963e-05,0.0001623925921876,600,0
log_cosh,log_cosh,riemannian_stl,riemannian,1,17,32,10.0,0.1,0.1,1,3000,0.0001121617561488,0.0001066722811344,3.921980597072806e-05,7.406487532080064e-05,600,0
log_cosh,log_cosh,riemannian_stl,riemannian,1,18,32,10.0,0.1,0.1,1,3000,0.0001190783965473,0.000114113494785,3.917843337868198e-05,0.0001354630398111,600,0
log_cosh,log_cosh,riemannian_stl,riemannian,1,19,32,10.0,0.1,0.1,1,3000,0.0001009232855163,9.689817808578027e-05,3.208490245127245e-05,8.621404769826313e-05,600,0
log_cosh,log_cosh,kl_stl,kl,1,0,32,10.0,0.1,0.1,1,3000,9.821617093133266e-05,9.477591475004488e-05,2.719836277881121e-05,7.145607684577726e-05,600,0
log_cosh,log_cosh,kl_stl,kl,1,1,32,10.0,0.1,0.1,1,3000,0.0001050186287792,9.911223613556784e-05,3.763895605093592e-05,6.581757453716364e-05,600,0
log_cosh,log_cosh,kl_stl,kl,1,2,32,10.0,0.1,0.1,1,3000,0.0001052837010622,0.0001021559075198,3.201052526167321e-05,0.0001678401374931,600,0
log_cosh,log_cosh,kl_stl,kl,1,3,32,10.0,0.1,0.1,1,3000,9.915937299689166e-05,9.596065269690256e-05,2.8858159945472733e-05,7.331089005901958e-05,600,0
log_cosh,log_cosh,kl_stl,kl,1,4,32,10.0,0.1,0.1,1,3000,0.0001009854998736,9.634658574952935e-05,3.352941211371037e-05,0.0001305087299741,600,0
log_cosh,log_cosh,kl_stl,kl,1,5,32,10.0,0.1,0.1,1,3000,0.0001066559186224,0.0001022222757107,3.3947962182266545e-05,8.747639176931443e-05,600,0
log_cosh,log_cosh,kl_stl,kl,1,6,32,10.0,0.1,0.1,1,3000,9.961875482919898e-05,9.628436769304471e-05,2.9849573396162093e-05,0.0001154965058844,600,0
log_cosh,log_cosh,kl_stl,kl,1,7,32,10.0,0.1,0.1,1,3000,0.000105381037566,0.000100741648513,3.712598090504765e-05,0.000158777557786,600,0
log_cosh,log_cosh,kl_stl,kl,1,8,32,10.0,0.1,0.1,1,3000,0.0001078302874939,0.0001069399763871,3.06137619953791e-05,0.0001190387790899,600,0
log_cosh,log_cosh,kl_stl,kl,1,9,32,10.0,0.1,0.1,1,3000,9.685345429833348e-05,8.97018075747269e-05,3.456948385175487e-05,7.052080315617104e-05,600,0
log_cosh,log_cosh,kl_stl,kl,1,10,32,10.0,0.1,0.1,1,3000,0.000107590162969,0.000104157869444,3.081970200514973e-05,8.950921887418417e-05,600,0
log_cosh,log_cosh,kl_stl,kl,1,11,32,10.0,0.1,0.1,1,3000,0.0001071176220687,0.0001005608531521,4.114975198427647e-05,9.52866360819371e-05,600,0
log_cosh,log_cosh,kl_stl,kl,1,12,32,10.0,0.1,0.1,1,3000,0.0001031924329199,9.968035070073712e-05,3.0193130422926565e-05,0.0001218785990033,600,0
log_cosh,log_cosh,kl_stl,kl,1,13,32,10.0,0.1,0.1,1,3000,0.000102750283123,9.991936884290452e-05,3.129890714278165e-05,0.0001054260808786,600,0
log_cosh,log_cosh,kl_stl,kl,1,14,32,10.0,0.1,0.1,1,3000,9.992712563575405e-05,9.700752292118864e-05,2.9415030114121336e-05,9.197103450730992e-05,600,0
log_cosh,log_cosh,kl_stl,kl,1,15,32,10.0,0.1,0.1,1,3000,9.637872684554812e-05,9.349267164893148e-05,3.0074431874748444e-05,8.669720237719503e-05,600,0
log_cosh,log_cosh,kl_stl,kl,1,16,32,10.0,0.1,0.1,1,3000,0.0001012066362302,9.702547021106513e-05,3.2926106801113664e-05,0.000153381147669,600,0
log_cosh,log_cosh,kl_stl,kl,1,17,32,10.0,0.1,0.1,1,3000,0.0001050122516592,9.913072467782058e-05,3.668995523055077e-05,6.890144757676353e-05,600,0
log_cosh,log_cosh,kl_stl,kl,1,18,32,10.0,0.1,0.1,1,3000,0.0001119009829768,0.000106720234605,3.686770996636885e-05,0.000128555768768,600,0
log_cosh,log_cosh,kl_stl,kl,1,19,32,10.0,0.1,0.1,1,3000,9.43064400098829e-05,9.062546053684172e-05,2.998981184983529e-05,8.258180303499785e-05,600,0
log_cosh,log_cosh,riemannian_stl,riemannian,1,0,32,10.0,0.1,0.1,4,3000,2.6178591554189743e-05,2.471774516266123e-05,8.80687258023902e-06,3.2782979516809974e-05,600,0
log_cosh,log_cosh,riemannian_stl,riemannian,1,1,32,10.0,0.1,0.1,4,3000,2.471012087365665e-05,2.3619642529837392e-05,7.45155516292402e-06,2.751721627447523e-05,600,0
log_cosh,log_cosh,riemannian_stl,riemannian,1,2,32,10.0,0.1,0.1,4,3000,2.598777900419217e-05,2.459834886892054e-05,8.184869882568534e-06,2.8295818822243746e-05,600,0
log_cosh,log_cosh,riemannian_stl,riemannian,1,3,32,10.0,0.1,0.1,4,3000,2.8438539201805687e-05,2.7157344270278827e-05,8.57239042126152e-06,3.279989303450748e-05,600,0
log_cosh,log_cosh,riemannian_stl,riemannian,1,4,32,10.0,0.1,0.1,4,3000,2.8366632635901116e-05,2.69552843157328e-05,1.029718491009399e-05,2.369643485167217e-05,600,0
log_cosh,log_cosh,riemannian_stl,riemannian,1,5,32,10.0,0.1,0.1,4,3000,2.550968534724992e-05,2.3786205023412776e-05,8.283276927064346e-06,2.311984401615064e-05,600,0
log_cosh,log_cosh,riemannian_stl,riemannian,1,6,32,10.0,0.1,0.1,4,3000,2.513169988761869e-05,2.4121280112865406e-05,7.567535016702135e-06,3.609907851398475e-05,600,0
log_cosh,log_cosh,riemannian_stl,riemannian,1,7,32,10.0,0.1,0.1,4,3000,2.6520785801137e-05,2.490431836577045e-05,9.371884216451716e-06,2.185900406459496e-05,600,0
log_cosh,log_cosh,riemannian_stl,riemannian,1,8,32,10.0,0.1,0.1,4,3000,2.469114212600469e-05,2.373093271756943e-05,7.138630856120109e-06,3.224903722554018e-05,600,0
log_cosh,log_cosh,riemannian_stl,riemannian,1,9,32,10.0,0.1,0.1,4,3000,2.6071611156091024e-05,2.5140277767121688e-05,7.670314560834733e-06,2.6563870861195937e-05,600,0
log_cosh,log_cosh,riemannian_stl,riemannian,1,10,32,10.0,0.1,0.1,4,3000,2.663282612810273e-05,2.582367416437137e-05,8.691704260216566e-06,3.16051788047389e-05,600,0
log_cosh,log_cosh,riemannian_stl,riemannian,1,11,32,10.0,0.1,0.1,4,3000,2.610223848198719e-05,2.518020004416144e-05,7.929934189258829e-06,2.135929591418062e-05,600,0
log_cosh,log_cosh,riemannian_stl,riemannian,1,12,32,10.0,0.1,0.1,4,3000,2.6886104492748567e-05,2.5297282270742016e-05,8.751715420628177e-06,2.1896726110526288e-05,600,0
log_cosh,log_cosh,riemannian_stl,riemannian,1,13,32,10.0,0.1,0.1,4,3000,2.5266543394065382e-05,2.4460099979251027e-05,7.832407724970896e-06,2.4319806882999728e-05,600,0
log_cosh,log_cosh,riemannian_stl,riemannian,1,14,32,10.0,0.1,0.1,4,3000,2.5322135602247424e-05,2.454877181534698e-05,7.217161494424591e-06,2.638113852526658e-05,600,0
log_cosh,log_cosh,riemannian_stl,riemannian,1,15,32,10.0,0.1,0.1,4,3000,2.560828007492688e-05,2.356136503323114e-05,9.446462429688064e-06,2.3970575924181503e-05,600,0
log_cosh,log_cosh,riemannian_stl,riemannian,1,16,32,10.0,0.1,0.1,4,3000,2.555006979617265e-05,2.4007079453269853e-05,8.241576372533725e-06,2.1573936194840823e-05,600,0
log_cosh,log_cosh,riemannian_stl,riemannian,1,17,32,10.0,0.1,0.1,4,3000,2.4303983888896612e-05,2.3834325901361808e-05,6.754287340910533e-06,2.039511659290838e-05,600,0
log_cosh,log_cosh,riemannian_stl,riemannian,1,18,32,10.0,0.1,0.1,4,3000,2.5394920967597063e-05,2.4016871066123716e-05,8.576730351366882e-06,1.891452063773613e-05,600,0
log_cosh,log_cosh,riemannian_stl,riemannian,1,19,32,10.0,0.1,0.1,4,3000,2.5072699442330775e-05,2.3730165917612567e-05,8.128946748336604e-06,1.9181854256089537e-05,600,0
log_cosh,log_cosh,kl_stl,kl,1,0,32,10.0,0.1,0.1,4,3000,2.451171530678901e-05,2.3417995723917784e-05,8.185011726167763e-06,3.0502983662472616e-05,600,0
log_cosh,log_cosh,kl_stl,kl,1,1,32,10.0,0.1,0.1,4,3000,2.317882557769953e-05,2.221488431786156e-05,6.869445709022993e-06,2.579544782577159e-05,600,0
log_cosh,log_cosh,kl_stl,kl,1,2,32,10.0,0.1,0.1,4,3000,2.4371643056030714e-05,2.302063851189473e-05,7.62598546770015e-06,2.696462506435182e-05,600,0
log_cosh,log_cosh,kl_stl,kl,1,3,32,10.0,0.1,0.1,4,3000,2.6757454033159432e-05,2.565010129629286e-05,8.009554999649846e-06,3.197839288304749e-05,600,0
log_cosh,log_cosh,kl_stl,kl,1,4,32,10.0,0.1,0.1,4,3000,2.667208581643858e-05,2.521283277090447e-05,9.684441797036411e-06,2.249504750295728e-05,600,0
log_cosh,log_cosh,kl_stl,kl,1,5,32,10.0,0.1,0.1,4,3000,2.3900644401777525e-05,2.23863386246137e-05,7.644242698585633e-06,2.213205324608225e-05,600,0
log_cosh,log_cosh,kl_stl,kl,1,6,32,10.0,0.1,0.1,4,3000,2.365680684429587e-05,2.276703446213446e-05,6.997961864749632e-06,3.407338611793875e-05,600,0
log_cosh,log_cosh,kl_stl,kl,1,7,32,10.0,0.1,0.1,4,3000,2.49759974383205e-05,2.346423374888218e-05,8.789942409723745e-06,2.0970436239053925e-05,600,0
log_cosh,log_cosh,kl_stl,kl,1,8,32,10.0,0.1,0.1,4,3000,2.323738927188401e-05,2.2252333664596332e-05,6.6556142124399055e-06,3.08927061638542e-05,600,0
log_cosh,log_cosh,kl_stl,kl,1,9,32,10.0,0.1,0.1,4,3000,2.4443010187328675e-05,2.361191241107008e-05,7.079038944140422e-06,2.508301746217967e-05,600,0
log_cosh,log_cosh,kl_stl,kl,1,10,32,10.0,0.1,0.1,4,3000,2.4966788108133168e-05,2.430167822353724e-05,8.1233555939707e-06,3.087148022018482e-05,600,0
log_cosh,log_cosh,kl_stl,kl,1,11,32,10.0,0.1,0.1,4,3000,2.453632037633232e-05,2.358618098696752e-05,7.419800524614573e-06,2.0296276098008548e-05,600,0
log_cosh,log_cosh,kl_stl,kl,1,12,32,10.0,0.1,0.1,4,3000,2.527953726676913e-05,2.378717696416288e-05,8.162802203365903e-06,2.1006535362744216e-05,600,0
log_cosh,log_cosh,kl_stl,kl,1,13,32,10.0,0.1,0.1,4,3000,2.3747777257613718e-05,2.299742845934816e-05,7.389050065572546e-06,2.310978244679518e-05,600,0
log_cosh,log_cosh,kl_stl,kl,1,14,32,10.0,0.1,0.1,4,3000,2.3726041798042278e-05,2.303442267148625e-05,6.686998277061024e-06,2.464569279680973e-05,600,0
log_cosh,log_cosh,kl_stl,kl,1,15,32,10.0,0.1,0.1,4,3000,2.4020936600071727e-05,2.214927907573383e-05,8.848099779679149e-06,2.263105550071032e-05,600,0
log_cosh,log_cosh,kl_stl,kl,1,16,32,10.0,0.1,0.1,4,3000,2.4027052288590293e-05,2.262990954449151e-05,7.696475415879052e-06,2.06834615283924e-05,600,0
log_cosh,log_cosh,kl_stl,kl,1,17,32,10.0,0.1,0.1,4,3000,2.2826140480619963e-05,2.2444164521573384e-05,6.269390141494274e-06,1.870159861994125e-05,600,0
log_cosh,log_cosh,kl_stl,kl,1,18,32,10.0,0.1,0.1,4,3000,2.3857041965437512e-05,2.251697112143347e-05,7.973336516954839e-06,1.7593561111084455e-05,600,0
log_cosh,log_cosh,kl_stl,kl,1,19,32,10.0,0.1,0.1,4,3000,2.3537661658205403e-05,2.212461483352968e-05,7.592237193959407e-06,1.7941047893543782e-05,600,0
log_cosh,log_cosh,riemannian_stl,riemannian,1,0,32,10.0,0.1,0.1,16,3000,6.332608514796334e-06,6.026033531725261e-06,2.197715502218131e-06,6.451104397342533e-06,600,0
log_cosh,log_cosh,riemannian_stl,riemannian,1,1,32,10.0,0.1,0.1,16,3000,6.297717041026848e-06,6.032281486767488e-06,1.8828090021416229e-06,4.846720301543428e-06,600,0
log_cosh,log_cosh,riemannian_stl,riemannian,1,2,32,10.0,0.1,0.1,16,3000,6.481543096536295e-06,6.2405508067797655e-06,1.8285269396902304e-06,3.715906757406629e-06,600,0
log_cosh,log_cosh,riemannian_stl,riemannian,1,3,32,10.0,0.1,0.1,16,3000,6.308118209569595e-06,5.979785974830065e-06,2.1052331075856446e-06,5.251796608263248e-06,600,0
log_cosh,log_cosh,riemannian_stl,riemannian,1,4,32,10.0,0.1,0.1,16,3000,6.583398380707688e-06,6.151408744159426e-06,2.271262046961625e-06,5.298448513713083e-06,600,0
log_cosh,log_cosh,riemannian_stl,riemannian,1,5,32,10.0,0.1,0.1,16,3000,6.483899449195955e-06,6.036366976047702e-06,2.1755063285035194e-06,8.045026447689452e-06,600,0
log_cosh,log_cosh,riemannian_stl,riemannian,1,6,32,10.0,0.1,0.1,16,3000,6.349354782895963e-06,6.033346913625337e-06,1.9832575945812114e-06,8.21426277042292e-06,600,0
log_cosh,log_cosh,riemannian_stl,riemannian,1,7,32,10.0,0.1,0.1,16,3000,6.253505745862735e-06,6.040551959074492e-06,2.002981708915577e-06,5.4814437575601005e-06,600,0
log_cosh,log_cosh,riemannian_stl,riemannian,1,8,32,10.0,0.1,0.1,16,3000,6.470835017810354e-06,6.304960169956075e-06,1.9049786277384427e-06,3.71624672368398e-06,600,0
log_cosh,log_cosh,riemannian_stl,riemannian,1,9,32,10.0,0.1,0.1,16,3000,6.395076575778092e-06,6.251067130591537e-06,1.979233761053268e-06,3.894998066300559e-06,600,0
log_cosh,log_cosh,riemannian_stl,riemannian,1,10,32,10.0,0.1,0.1,16,3000,6.906482397373755e-06,6.507545649014901e-06,2.328828073603334e-06,9.248193933331096e-06,600,0
log_cosh,log_cosh,riemannian_stl,riemannian,1,11,32,10.0,0.1,0.1,16,3000,6.414155874168159e-06,6.174258444957559e-06,1.9793130001075965e-06,5.2760907252036304e-06,600,0
log_cosh,log_cosh,riemannian_stl,riemannian,1,12,32,10.0,0.1,0.1,16,3000,6.169186081462404e-06,5.857249306018275e-06,1.944071974759316e-06,6.132907721223546e-06,600,0
log_cosh,log_cosh,riemannian_stl,riemannian,1,13,32,10.0,0.1,0.1,16,3000,6.870706006267824e-06,6.724405871239014e-06,2.0720885981785943e-06,4.037064648798605e-06,600,0
log_cosh,log_cosh,riemannian_stl,riemannian,1,14,32,10.0,0.1,0.1,16,3000,6.6079881493053e-06,6.321528822184064e-06,2.150187105200617e-06,4.667913771072563e-06,600,0
log_cosh,log_cosh,riemannian_stl,riemannian,1,15,32,10.0,0.1,0.1,16,3000,6.311918873874352e-06,6.241264031814353e-06,1.7824193357756802e-06,3.731763129621868e-06,600,0
log_cosh,log_cosh,riemannian_stl,riemannian,1,16,32,10.0,0.1,0.1,16,3000,6.451829863903432e-06,6.151445361979313e-06,1.961085670307547e-06,5.6008718871680685e-06,600,0
log_cosh,log_cosh,riemannian_stl,riemannian,1,17,32,10.0,0.1,0.1,16,3000,6.179187774080219e-06,5.731470956504836e-06,2.30845161943975e-06,6.860994929525077e-06,600,0
log_cosh,log_cosh,riemannian_stl,riemannian,1,18,32,10.0,0.1,0.1,16,3000,6.0898829185399945e-06,5.571009314309094e-06,2.242286797450051e-06,9.544652428417066e-06,600,0
log_cosh,log_cosh,riemannian_stl,riemannian,1,19,32,10.0,0.1,0.1,16,3000,5.83655275950908e-06,5.650275809898631e-06,1.9941885628598715e-06,8.368591011276294e-06,600,0
log_cosh,log_cosh,kl_stl,kl,1,0,32,10.0,0.1,0.1,16,3000,5.960166822032894e-06,5.653103038127938e-06,2.0679231010284188e-06,5.996246173367581e-06,600,0
log_cosh,log_cosh,kl_stl,kl,1,1,32,10.0,0.1,0.1,16,3000,5.917831763457097e-06,5.735907919302008e-06,1.749606823513979e-06,4.5153548882126415e-06,600,0
log_cosh,log_cosh,kl_stl,kl,1,2,32,10.0,0.1,0.1,16,3000,6.10130554694166e-06,5.883535628470327e-06,1.69091769893965e-06,3.7369434693346193e-06,600,0
log_cosh,log_cosh,kl_stl,kl,1,3,32,10.0,0.1,0.1,16,3000,5.944657405561789e-06,5.708317790009687e-06,1.9736650555347224e-06,5.058818629777306e-06,600,0
log_cosh,log_cosh,kl_stl,kl,1,4,32,10.0,0.1,0.1,16,3000,6.196303101949259e-06,5.815064660907865e-06,2.101365193087664e-06,4.957361639412738e-06,600,0
log_cosh,log_cosh,kl_stl,kl,1,5,32,10.0,0.1,0.1,16,3000,6.09183018298154e-06,5.733303620303332e-06,1.9991593689679578e-06,7.738320334738091e-06,600,0
log_cosh,log_cosh,kl_stl,kl,1,6,32,10.0,0.1,0.1,16,3000,5.974448359917043e-06,5.69115622184313e-06,1.8416579341740009e-06,7.708782128190705e-06,600,0
log_cosh,log_cosh,kl_stl,kl,1,7,32,10.0,0.1,0.1,16,3000,5.8788498513232905e-06,5.691890017089918e-06,1.8573310803685528e-06,5.161886889482048e-06,600,0
log_cosh,log_cosh,kl_stl,kl,1,8,32,10.0,0.1,0.1,16,3000,6.081273175707243e-06,5.934366797077928e-06,1.756830896735449e-06,3.330048912175698e-06,600,0
log_cosh,log_cosh,kl_stl,kl,1,9,32,10.0,0.1,0.1,16,3000,6.014434203554704e-06,5.89422124619432e-06,1.8137147057300223e-06,3.7540879560538087e-06,600,0
log_cosh,log_cosh,kl_stl,kl,1,10,32,10.0,0.1,0.1,16,3000,6.5007715441941135e-06,6.127237735853441e-06,2.17222579592114e-06,8.86092335150579e-06,600,0
log_cosh,log_cosh,kl_stl,kl,1,11,32,10.0,0.1,0.1,16,3000,6.025956522179854e-06,5.794760493671447e-06,1.8420277727363944e-06,5.009346708106932e-06,600,0
log_cosh,log_cosh,kl_stl,kl,1,12,32,10.0,0.1,0.1,16,3000,5.796776755554826e-06,5.49069324051743e-06,1.813447742550264e-06,5.969164405428273e-06,600,0
log_cosh,log_cosh,kl_stl,kl,1,13,32,10.0,0.1,0.1,16,3000,6.499258760683801e-06,6.3906758462906055e-06,1.937722937326798e-06,3.78197388783974e-06,600,0
log_cosh,log_cosh,kl_stl,kl,1,14,32,10.0,0.1,0.1,16,3000,6.217461882798148e-06,5.953857840523824e-06,1.9905426926102645e-06,4.430728495208314e-06,600,0
log_cosh,log_cosh,kl_stl,kl,1,15,32,10.0,0.1,0.1,16,3000,5.936881764145122e-06,5.818386284772714e-06,1.6629686960797612e-06,3.4502371448752456e-06,600,0
log_cosh,log_cosh,kl_stl,kl,1,16,32,10.0,0.1,0.1,16,3000,6.069186002844636e-06,5.814442481266724e-06,1.842430349446136e-06,5.336691302204599e-06,600,0
log_cosh,log_cosh,kl_stl,kl,1,17,32,10.0,0.1,0.1,16,3000,5.773719464094995e-06,5.401379002734075e-06,2.116200388380907e-06,6.418863165436051e-06,600,0
log_cosh,log_cosh,kl_stl,kl,1,18,32,10.0,0.1,0.1,16,3000,5.712616679147686e-06,5.226397526314486e-06,2.0885419900172118e-06,8.90481796034237e-06,600,0
log_cosh,log_cosh,kl_stl,kl,1,19,32,10.0,0.1,0.1,16,3000,5.471361864219185e-06,5.2596408934846295e-06,1.863036651135532e-06,7.865902155401727e-06,600,0
log_cosh,log_cosh,riemannian_stl,riemannian,1,0,32,10.0,1.0,0.1,1,3000,0.0039391283623132,0.0038068465836644,0.001330333737461,0.0036428192731676,600,0
log_cosh,log_cosh,riemannian_stl,riemannian,1,1,32,10.0,1.0,0.1,1,3000,0.0036256815160102,0.0034586823610602,0.0010362661185832,0.0040885346035608,600,0
log_cosh,log_cosh,riemannian_stl,riemannian,1,2,32,10.0,1.0,0.1,1,3000,0.0040655616523357,0.003860732284302,0.0013558376109727,0.0042276647246808,600,0
log_cosh,log_cosh,riemannian_stl,riemannian,1,3,32,10.0,1.0,0.1,1,3000,0.0040081810950668,0.0038369283862245,0.0011944500528466,0.0051331064507778,600,0
log_cosh,log_cosh,riemannian_stl,riemannian,1,4,32,10.0,1.0,0.1,1,3000,0.0043957808291856,0.0041090343113161,0.0017349401532975,0.0050890355392141,600,0
log_cosh,log_cosh,riemannian_stl,riemannian,1,5,32,10.0,1.0,0.1,1,3000,0.0043307361564874,0.0041440407159285,0.0015081412520107,0.0049154336254417,600,0
log_cosh,log_cosh,riemannian_stl,riemannian,1,6,32,10.0,1.0,0.1,1,3000,0.0039006988193226,0.0036788425893057,0.0013064419195107,0.0045676069786537,600,0
log_cosh,log_cosh,riemannian_stl,riemannian,1,7,32,10.0,1.0,0.1,1,3000,0.0039990291687445,0.0036968695732646,0.0012822968639775,0.0028619142121968,600,0
log_cosh,log_cosh,riemannian_stl,riemannian,1,8,32,10.0,1.0,0.1,1,3000,0.0037785474687869,0.0036482828223682,0.0012258736968628,0.0022671275445702,600,0
log_cosh,log_cosh,riemannian_stl,riemannian,1,9,32,10.0,1.0,0.1,1,3000,0.0042186356637292,0.0040179286869133,0.001336167371435,0.0067823923653733,600,0
log_cosh,log_cosh,riemannian_stl,riemannian,1,10,32,10.0,1.0,0.1,1,3000,0.0042780953428184,0.0040614711083364,0.0014597644653765,0.0056851242427882,600,0
log_cosh,log_cosh,riemannian_stl,riemannian,1,11,32,10.0,1.0,0.1,1,3000,0.0041049002710186,0.0039034230688415,0.001442853830823,0.0040909066592931,600,0
log_cosh,log_cosh,riemannian_stl,riemannian,1,12,32,10.0,1.0,0.1,1,3000,0.0041361395293627,0.0038893766969039,0.0013643210718476,0.0036216988878692,600,0
log_cosh,log_cosh,riemannian_stl,riemannian,1,13,32,10.0,1.0,0.1,1,3000,0.0041546961825692,0.0039828926075529,0.001128039304592,0.0042138851398263,600,0
log_cosh,log_cosh,riemannian_stl,riemannian,1,14,32,10.0,1.0,0.1,1,3000,0.0038244295851117,0.0036701640386453,0.0011119303482074,0.0025188613646136,600,0
log_cosh,log_cosh,riemannian_stl,riemannian,1,15,32,10.0,1.0,0.1,1,3000,0.0040296352698284,0.0037857577176367,0.0013973419170466,0.0024695820048208,600,0
log_cosh,log_cosh,riemannian_stl,riemannian,1,16,32,10.0,1.0,0.1,1,3000,0.0039812365504948,0.0037524936258535,0.0013302781536935,0.0033867452355167,600,0
log_cosh,log_cosh,riemannian_stl,riemannian,1,17,32,10.0,1.0,0.1,1,3000,0.0039381198012399,0.0038374330821682,0.0010983747473061,0.003382412131927,600,0
log_cosh,log_cosh,riemannian_stl,riemannian,1,18,32,10.0,1.0,0.1,1,3000,0.0039733629376392,0.0037733932877337,0.0013007614701865,0.0029958583902853,600,0
log_cosh,log_cosh,riemannian_stl,riemannian,1,19,32,10.0,1.0,0.1,1,3000,0.0039960029708082,0.0038082161365942,0.0012688271155988,0.0046424236204174,600,0
log_cosh,log_cosh,kl_stl,kl,1,0,32,10.0,1.0,0.1,1,3000,0.0037313576504225,0.0035908134250206,0.001260427928519,0.0034377418175921,600,0
log_cosh,log_cosh,kl_stl,kl,1,1,32,10.0,1.0,0.1,1,3000,0.0034176493189234,0.0032447607096273,0.0009689287572063,0.0036660077861299,600,0
log_cosh,log_cosh,kl_stl,kl,1,2,32,10.0,1.0,0.1,1,3000,0.0038379978191873,0.003666640486891,0.0012816303517989,0.0039450713480064,600,0
log_cosh,log_cosh,kl_stl,kl,1,3,32,10.0,1.0,0.1,1,3000,0.003799730397065,0.0036254006140836,0.001158617226649,0.0048102777173753,600,0
log_cosh,log_cosh,kl_stl,kl,1,4,32,10.0,1.0,0.1,1,3000,0.004192859036925,0.0039131602816375,0.0016732720024027,0.004764093956922,600,0
log_cosh,log_cosh,kl_stl,kl,1,5,32,10.0,1.0,0.1,1,3000,0.0041323633025588,0.003960709444545,0.0014480482166303,0.0047300048767056,600,0
log_cosh,log_cosh,kl_stl,kl,1,6,32,10.0,1.0,0.1,1,3000,0.0036909451849767,0.0034766602534439,0.001255730256626,0.0041868621575389,600,0
log_cosh,log_cosh,kl_stl,kl,1,7,32,10.0,1.0,0.1,1,3000,0.0037833571220718,0.0034687304714857,0.0012388194769384,0.0026577634857005,600,0
log_cosh,log_cosh,kl_stl,kl,1,8,32,10.0,1.0,0.1,1,3000,0.0035766625956003,0.0034625642547609,0.0011734286991154,0.0021488100635025,600,0
log_cosh,log_cosh,kl_stl,kl,1,9,32,10.0,1.0,0.1,1,3000,0.0039999014755609,0.0038140453489674,0.0012745541154007,0.006356792525068,600,0
log_cosh,log_cosh,kl_stl,kl,1,10,32,10.0,1.0,0.1,1,3000,0.0040639029239866,0.0038490294706505,0.0014026643903101,0.0052380889648731,600,0
log_cosh,log_cosh,kl_stl,kl,1,11,32,10.0,1.0,0.1,1,3000,0.0038836741951199,0.0037064064486997,0.0013787100699298,0.0039826347127132,600,0
log_cosh,log_cosh,kl_stl,kl,1,12,32,10.0,1.0,0.1,1,3000,0.0039336232330886,0.0037279345477259,0.0013179493156967,0.0034725220166293,600,0
log_cosh,log_cosh,kl_stl,kl,1,13,32,10.0,1.0,0.1,1,3000,0.0039402670926981,0.003793510995635,0.0010619115940784,0.004020951655633,600,0
log_cosh,log_cosh,kl_stl,kl,1,14,32,10.0,1.0,0.1,1,3000,0.0036292835831205,0.003494734134982,0.0010645726368519,0.0023293617086039,600,0
log_cosh,log_cosh,kl_stl,kl,1,15,32,10.0,1.0,0.1,1,3000,0.0038339724517629,0.0035840133425537,0.0013410242378075,0.002289049821023,600,0
log_cosh,log_cosh,kl_stl,kl,1,16,32,10.0,1.0,0.1,1,3000,0.0037621332349421,0.0035461035591772,0.0012711705487145,0.00340898408853,600,0
log_cosh,log_cosh,kl_stl,kl,1,17,32,10.0,1.0,0.1,1,3000,0.0037374192567531,0.0036374673937942,0.0010494359897493,0.0031723508258352,600,0
log_cosh,log_cosh,kl_stl,kl,1,18,32,10.0,1.0,0.1,1,3000,0.0037679512313124,0.0035877920068188,0.001236804798117,0.0028929137070008,600,0
log_cosh,log_cosh,kl_stl,kl,1,19,32,10.0,1.0,0.1,1,3000,0.0037704825680521,0.0035906549270947,0.001203854346942,0.0043098673456256,600,0
log_cosh,log_cosh,riemannian_stl,riemannian,1,0,32,10.0,1.0,0.1,4,3000,0.0009626757600514,0.0009068031891317,0.0003152822621058,0.0010498046708562,600,0
log_cosh,log_cosh,riemannian_stl,riemannian,1,1,32,10.0,1.0,0.1,4,3000,0.0009512796865118,0.0009088453261476,0.0002969963581733,0.0005938676172121,600,0
log_cosh,log_cosh,riemannian_stl,riemannian,1,2,32,10.0,1.0,0.1,4,3000,0.0009853040461588,0.0009261622239975,0.0003225517315968,0.0008702075699034,600,0
log_cosh,log_cosh,riemannian_stl,riemannian,1,3,32,10.0,1.0,0.1,4,3000,0.0009433606720689,0.000879266594552,0.0003203391908249,0.0005456587865779,600,0
log_cosh,log_cosh,riemannian_stl,riemannian,1,4,32,10.0,1.0,0.1,4,3000,0.0009934836697536,0.0009797241836793,0.0002856089697666,0.0013400872152686,600,0
log_cosh,log_cosh,riemannian_stl,riemannian,1,5,32,10.0,1.0,0.1,4,3000,0.0008799534284188,0.0008605026834267,0.0002336238398491,0.0006294022360791,600,0
log_cosh,log_cosh,riemannian_stl,riemannian,1,6,32,10.0,1.0,0.1,4,3000,0.0010135605588661,0.0009858488444471,0.0002571999783576,0.0011180732260669,600,0
log_cosh,log_cosh,riemannian_stl,riemannian,1,7,32,10.0,1.0,0.1,4,3000,0.0009517846486086,0.0008947481543835,0.0003511856003313,0.0004305500845021,600,0
log_cosh,log_cosh,riemannian_stl,riemannian,1,8,32,10.0,1.0,0.1,4,3000,0.000923015621601,0.0008978237128545,0.0002728583204722,0.0003969563173029,600,0
log_cosh,log_cosh,riemannian_stl,riemannian,1,9,32,10.0,1.0,0.1,4,3000,0.0009506406245619,0.0009262118584381,0.0002767486903304,0.0007249201927237,600,0
log_cosh,log_cosh,riemannian_stl,riemannian,1,10,32,10.0,1.0,0.1,4,3000,0.000979074964322,0.0009533648800257,0.0002637853882179,0.0006548706660041,600,0
log_cosh,log_cosh,riemannian_stl,riemannian,1,11,32,10.0,1.0,0.1,4,3000,0.0009394456175943,0.0009074627579259,0.0002298233729973,0.0010943874889335,600,0
log_cosh,log_cosh,riemannian_stl,riemannian,1,12,32,10.0,1.0,0.1,4,3000,0.001013268099333,0.0009708400703658,0.0003131674004977,0.0008598110998576,600,0
log_cosh,log_cosh,riemannian_stl,riemannian,1,13,32,10.0,1.0,0.1,4,3000,0.0009965965532681,0.0009560735467282,0.0003559501991288,0.0010537347495898,600,0
log_cosh,log_cosh,riemannian_stl,riemannian,1,14,32,10.0,1.0,0.1,4,3000,0.0010107426327495,0.0009804695284891,0.0002658451414915,0.0013008582808353,600,0
log_cosh,log_cosh,riemannian_stl,riemannian,1,15,32,10.0,1.0,0.1,4,3000,0.000963374432701,0.0009181324461451,0.0002916868356647,0.0009535822982087,600,0
log_cosh,log_cosh,riemannian_stl,riemannian,1,16,32,10.0,1.0,0.1,4,3000,0.0009916216689904,0.0009603599694258,0.0003207222738539,0.000661594052481,600,0
log_cosh,log_cosh,riemannian_stl,riemannian,1,17,32,10.0,1.0,0.1,4,3000,0.0009482244959322,0.0009242841379766,0.0002422017586769,0.0010996965811642,600,0
log_cosh,log_cosh,riemannian_stl,riemannian,1,18,32,10.0,1.0,0.1,4,3000,0.0009833690854117,0.0009398223510395,0.0003116081280156,0.0012631981462547,600,0
log_cosh,log_cosh,riemannian_stl,riemannian,1,19,32,10.0,1.0,0.1,4,3000,0.000888933041443,0.0008457352717528,0.0002508412981271,0.0009332191543762,600,0
log_cosh,log_cosh,kl_stl,kl,1,0,32,10.0,1.0,0.1,4,3000,0.0009090973841467,0.0008559909005363,0.0002988573547133,0.0009619778928424,600,0
log_cosh,log_cosh,kl_stl,kl,1,1,32,10.0,1.0,0.1,4,3000,0.0008972680297424,0.0008594214091459,0.000281784501883,0.0005339236520569,600,0
log_cosh,log_cosh,kl_stl,kl,1,2,32,10.0,1.0,0.1,4,3000,0.0009292076907416,0.0008715268915153,0.0003067189710644,0.0007976831321343,600,0
log_cosh,log_cosh,kl_stl,kl,1,3,32,10.0,1.0,0.1,4,3000,0.0008860075116524,0.0008251307567306,0.0003030647672053,0.0005288374568763,600,0
log_cosh,log_cosh,kl_stl,kl,1,4,32,10.0,1.0,0.1,4,3000,0.0009392248101483,0.0009241692993775,0.0002716854914121,0.001234114378164,600,0
log_cosh,log_cosh,kl_stl,kl,1,5,32,10.0,1.0,0.1,4,3000,0.0008275162515981,0.0008052245650311,0.0002153695490079,0.0005876940296261,600,0
log_cosh,log_cosh,kl_stl,kl,1,6,32,10.0,1.0,0.1,4,3000,0.000959448115136,0.0009376610289386,0.0002442970066162,0.0010944148840721,600,0
log_cosh,log_cosh,kl_stl,kl,1,7,32,10.0,1.0,0.1,4,3000,0.0008944315476639,0.0008377206732248,0.0003263455490915,0.0003902689496868,600,0
log_cosh,log_cosh,kl_stl,kl,1,8,32,10.0,1.0,0.1,4,3000,0.0008682841262036,0.0008435450206896,0.0002536273120852,0.0003652145619739,600,0
log_cosh,log_cosh,kl_stl,kl,1,9,32,10.0,1.0,0.1,4,3000,0.0008979436827591,0.0008765587796553,0.0002597271188484,0.0006782735202506,600,0
log_cosh,log_cosh,kl_stl,kl,1,10,32,10.0,1.0,0.1,4,3000,0.0009221544427942,0.0009007604373074,0.0002514171176619,0.0006282565341635,600,0
log_cosh,log_cosh,kl_stl,kl,1,11,32,10.0,1.0,0.1,4,3000,0.0008842720107239,0.0008563959742282,0.0002175379233711,0.0010244674776771,600,0
log_cosh,log_cosh,kl_stl,kl,1,12,32,10.0,1.0,0.1,4,3000,0.00095506919186,0.0009193903648636,0.0002913889967757,0.0008305670519632,600,0
log_cosh,log_cosh,kl_stl,kl,1,13,32,10.0,1.0,0.1,4,3000,0.0009414351972122,0.0008986055941804,0.0003364480864205,0.0009989330235242,600,0
log_cosh,log_cosh,kl_stl,kl,1,14,32,10.0,1.0,0.1,4,3000,0.0009529137793608,0.0009379762671244,0.000248597923223,0.0012093248194986,600,0
log_cosh,log_cosh,kl_stl,kl,1,15,32,10.0,1.0,0.1,4,3000,0.0009070332962902,0.0008761595014554,0.0002736681497714,0.0008754491632316,600,0
log_cosh,log_cosh,kl_stl,kl,1,16,32,10.0,1.0,0.1,4,3000,0.000932315142495,0.0009075570316383,0.0003009080391472,0.0006085409595542,600,0
log_cosh,log_cosh,kl_stl,kl,1,17,32,10.0,1.0,0.1,4,3000,0.0008916370668558,0.0008661631509916,0.0002248907884378,0.001040153925679,600,0
log_cosh,log_cosh,kl_stl,kl,1,18,32,10.0,1.0,0.1,4,3000,0.0009285058913958,0.0008862709039583,0.0002892654730812,0.0012057643796126,600,0
log_cosh,log_cosh,kl_stl,kl,1,19,32,10.0,1.0,0.1,4,3000,0.0008345015783122,0.0007884484185716,0.0002344889392232,0.0008819118099836,600,0
log_cosh,log_cosh,riemannian_stl,riemannian,1,0,32,10.0,1.0,0.1,16,3000,0.0002439673396569,0.0002345068287326,6.9989032095455e-05,0.0002846587880114,600,0
log_cosh,log_cosh,riemannian_stl,riemannian,1,1,32,10.0,1.0,0.1,16,3000,0.0002403883976799,0.0002300295883941,7.375842425103809e-05,0.00022091142079,600,0
log_cosh,log_cosh,riemannian_stl,riemannian,1,2,32,10.0,1.0,0.1,16,3000,0.0002374128632501,0.0002273295410191,6.86528426472264e-05,0.0002272625709451,600,0
log_cosh,log_cosh,riemannian_stl,riemannian,1,3,32,10.0,1.0,0.1,16,3000,0.0002425629369802,0.0002288139914696,7.318518609161662e-05,0.0002401823474329,600,0
log_cosh,log_cosh,riemannian_stl,riemannian,1,4,32,10.0,1.0,0.1,16,3000,0.0002418968621293,0.000234596249296,6.812398555774137e-05,0.0001868203107804,600,0
log_cosh,log_cosh,riemannian_stl,riemannian,1,5,32,10.0,1.0,0.1,16,3000,0.0002464241804899,0.0002351641621629,7.419873898793802e-05,0.0001042540254019,600,0
log_cosh,log_cosh,riemannian_stl,riemannian,1,6,32,10.0,1.0,0.1,16,3000,0.0002421672846762,0.0002339537560622,7.259042771784058e-05,0.0001179600508436,600,0
log_cosh,log_cosh,riemannian_stl,riemannian,1,7,32,10.0,1.0,0.1,16,3000,0.0002361275433449,0.0002296792547333,7.2235975004159e-05,0.0003337021348102,600,0
log_cosh,log_cosh,riemannian_stl,riemannian,1,8,32,10.0,1.0,0.1,16,3000,0.0002558030415757,0.0002498219581923,6.90086578265266e-05,0.0001067663971667,600,0
log_cosh,log_cosh,riemannian_stl,riemannian,1,9,32,10.0,1.0,0.1,16,3000,0.0002482355326113,0.0002352189154564,7.633790921547431e-05,0.0002751772392457,600,0
log_cosh,log_cosh,riemannian_stl,riemannian,1,10,32,10.0,1.0,0.1,16,3000,0.0002399501125181,0.0002322690791274,6.919883752455383e-05,0.0001768707056868,600,0
log_cosh,log_cosh,riemannian_stl,riemannian,1,11,32,10.0,1.0,0.1,16,3000,0.0002456534273485,0.0002330792325011,6.66468971076838e-05,0.0002241181096138,600,0
log_cosh,log_cosh,riemannian_stl,riemannian,1,12,32,10.0,1.0,0.1,16,3000,0.0002344126729724,0.0002268044526338,6.132904297384587e-05,0.0001964378632663,600,0
log_cosh,log_cosh,riemannian_stl,riemannian,1,13,32,10.0,1.0,0.1,16,3000,0.0002356820644637,0.0002285195749536,6.141144133019679e-05,0.0002458596986514,600,0
log_cosh,log_cosh,riemannian_stl,riemannian,1,14,32,10.0,1.0,0.1,16,3000,0.0002341625948416,0.0002263616575035,6.16552619343111e-05,0.0001378671221203,600,0
log_cosh,log_cosh,riemannian_stl,riemannian,1,15,32,10.0,1.0,0.1,16,3000,0.0002298400093724,0.000219818293857,7.070943026902945e-05,0.0003214893727445,600,0
log_cosh,log_cosh,riemannian_stl,riemannian,1,16,32,10.0,1.0,0.1,16,3000,0.0002280996239172,0.0002219452629219,5.700466963451391e-05,0.0003085011933166,600,0
log_cosh,log_cosh,riemannian_stl,riemannian,1,17,32,10.0,1.0,0.1,16,3000,0.0002301123850989,0.0002208795842726,6.454339806293984e-05,0.000253965090593,600,0
log_cosh,log_cosh,riemannian_stl,riemannian,1,18,32,10.0,1.0,0.1,16,3000,0.000230812437968,0.0002188551405097,7.42000965940971e-05,0.0002051834632723,600,0
log_cosh,log_cosh,riemannian_stl,riemannian,1,19,32,10.0,1.0,0.1,16,3000,0.0002488411046836,0.000233106052164,7.623775090801275e-05,0.0001991819969049,600,0
log_cosh,log_cosh,kl_stl,kl,1,0,32,10.0,1.0,0.1,16,3000,0.0002294298679908,0.000221599051553,6.539537280260436e-05,0.0002688599628157,600,0
log_cosh,log_cosh,kl_stl,kl,1,1,32,10.0,1.0,0.1,16,3000,0.0002263760973132,0.0002171093272238,6.846785199338418e-05,0.0002109499696132,600,0
log_cosh,log_cosh,kl_stl,kl,1,2,32,10.0,1.0,0.1,16,3000,0.0002226887854108,0.0002143460158556,6.290302368551377e-05,0.0002142263140711,600,0
log_cosh,log_cosh,kl_stl,kl,1,3,32,10.0,1.0,0.1,16,3000,0.000228456507977,0.0002139309137234,6.893898433638772e-05,0.0002260881000637,600,0
log_cosh,log_cosh,kl_stl,kl,1,4,32,10.0,1.0,0.1,16,3000,0.0002283912712921,0.000222856765184,6.379090216400042e-05,0.0001793176980768,600,0
log_cosh,log_cosh,kl_stl,kl,1,5,32,10.0,1.0,0.1,16,3000,0.0002324546403051,0.0002221350513025,6.863958164273039e-05,9.629932334576095e-05,600,0
log_cosh,log_cosh,kl_stl,kl,1,6,32,10.0,1.0,0.1,16,3000,0.0002279711811831,0.0002199262472153,6.794492628997835e-05,0.0001112332929764,600,0
log_cosh,log_cosh,kl_stl,kl,1,7,32,10.0,1.0,0.1,16,3000,0.0002224904816701,0.0002161974412615,6.738912458422949e-05,0.0003013014591317,600,0
log_cosh,log_cosh,kl_stl,kl,1,8,32,10.0,1.0,0.1,16,3000,0.0002411842415306,0.0002366542194636,6.378528494853201e-05,0.0001052761681705,600,0
log_cosh,log_cosh,kl_stl,kl,1,9,32,10.0,1.0,0.1,16,3000,0.0002340111593419,0.0002220161487116,7.138663695429422e-05,0.000255440443226,600,0
log_cosh,log_cosh,kl_stl,kl,1,10,32,10.0,1.0,0.1,16,3000,0.0002256367718954,0.0002182619104544,6.432417532734085e-05,0.0001651389960528,600,0
log_cosh,log_cosh,kl_stl,kl,1,11,32,10.0,1.0,0.1,16,3000,0.0002313566576389,0.0002214270597811,6.181802372501697e-05,0.0002123860756313,600,0
log_cosh,log_cosh,kl_stl,kl,1,12,32,10.0,1.0,0.1,16,3000,0.0002207718537925,0.0002142600074996,5.701384392789028e-05,0.000182469474744,600,0
log_cosh,log_cosh,kl_stl,kl,1,13,32,10.0,1.0,0.1,16,3000,0.0002220780579788,0.0002150838744761,5.7089500804556525e-05,0.0002273841164566,600,0
log_cosh,log_cosh,kl_stl,kl,1,14,32,10.0,1.0,0.1,16,3000,0.0002214356064057,0.0002142034941954,5.743208576805126e-05,0.000131872632977,600,0
log_cosh,log_cosh,kl_stl,kl,1,15,32,10.0,1.0,0.1,16,3000,0.000215877666993,0.0002076886599624,6.585115761241577e-05,0.0003021729112475,600,0
log_cosh,log_cosh,kl_stl,kl,1,16,32,10.0,1.0,0.1,16,3000,0.0002150323975778,0.0002087963554124,5.330780694308039e-05,0.0002852910021999,600,0
log_cosh,log_cosh,kl_stl,kl,1,17,32,10.0,1.0,0.1,16,3000,0.0002168607367473,0.0002075008731203,6.002573530309016e-05,0.0002427256680661,600,0
log_cosh,log_cosh,kl_stl,kl,1,18,32,10.0,1.0,0.1,16,3000,0.0002168918457712,0.0002063091330946,6.885465566103152e-05,0.0001933912521394,600,0
log_cosh,log_cosh,kl_stl,kl,1,19,32,10.0,1.0,0.1,16,3000,0.000234750196544,0.0002223111658885,7.139991155325109e-05,0.000184449064065,600,0
log_cosh,log_cosh,riemannian_stl,riemannian,1,0,32,100.0,0.1,0.1,1,3000,5.638640072169447e-05,5.0147438244607656e-05,2.653659014969984e-05,5.3146736803455497e-05,600,0
log_cosh,log_cosh,riemannian_stl,riemannian,1,1,32,100.0,0.1,0.1,1,3000,6.058250205963844e-05,5.451297158742818e-05,2.9096609705577943e-05,3.908685867770601e-05,600,0
log_cosh,log_cosh,riemannian_stl,riemannian,1,2,32,100.0,0.1,0.1,1,3000,5.763093099290018e-05,5.457462797053836e-05,2.5989513858343037e-05,1.7588563679282743e-05,600,0
log_cosh,log_cosh,riemannian_stl,riemannian,1,3,32,100.0,0.1,0.1,1,3000,6.22817139585763e-05,5.747038258263615e-05,2.845094757888326e-05,0.0001099940086533,600,0
log_cosh,log_cosh,riemannian_stl,riemannian,1,4,32,100.0,0.1,0.1,1,3000,5.877706585123358e-05,5.424435079248724e-05,2.452100000174023e-05,4.6640237208350754e-05,600,0
log_cosh,log_cosh,riemannian_stl,riemannian,1,5,32,100.0,0.1,0.1,1,3000,6.186490570865288e-05,5.79452083400156e-05,2.6002466483496765e-05,7.073569905458044e-05,600,0
log_cosh,log_cosh,riemannian_stl,riemannian,1,6,32,100.0,0.1,0.1,1,3000,5.923372580644089e-05,5.39188716999206e-05,2.739317292746629e-05,8.126863671265028e-05,600,0
log_cosh,log_cosh,riemannian_stl,riemannian,1,7,32,100.0,0.1,0.1,1,3000,5.763111923653715e-05,5.317403562798973e-05,2.561123994689918e-05,3.410043377272132e-05,600,0
log_cosh,log_cosh,riemannian_stl,riemannian,1,8,32,100.0,0.1,0.1,1,3000,6.675877826309554e-05,6.22692572243011e-05,2.988499419835283e-05,8.030013525228696e-05,600,0
log_cosh,log_cosh,riemannian_stl,riemannian,1,9,32,100.0,0.1,0.1,1,3000,5.769161040147944e-05,5.21195756029158e-05,2.4800058256040653e-05,8.116588679740744e-05,600,0
log_cosh,log_cosh,riemannian_stl,riemannian,1,10,32,100.0,0.1,0.1,1,3000,6.166563029605499e-05,5.744672404262019e-05,2.527337632244184e-05,6.31467547975717e-05,600,0
log_cosh,log_cosh,riemannian_stl,riemannian,1,11,32,100.0,0.1,0.1,1,3000,6.017983731913053e-05,5.350655844083008e-05,2.744687620530207e-05,8.472932196923466e-05,600,0
log_cosh,log_cosh,riemannian_stl,riemannian,1,12,32,100.0,0.1,0.1,1,3000,5.731606544904603e-05,5.2737134232927474e-05,2.596769779346378e-05,7.326112232419746e-05,600,0
log_cosh,log_cosh,riemannian_stl,riemannian,1,13,32,100.0,0.1,0.1,1,3000,6.076950556202832e-05,5.803155849193331e-05,2.6727003957922254e-05,8.63596823776902e-05,600,0
log_cosh,log_cosh,riemannian_stl,riemannian,1,14,32,100.0,0.1,0.1,1,3000,6.502314531515434e-05,5.657623237809162e-05,3.4652859961680614e-05,3.993277470470957e-05,600,0
log_cosh,log_cosh,riemannian_stl,riemannian,1,15,32,100.0,0.1,0.1,1,3000,5.438800997976519e-05,5.134544835527777e-05,2.3925108934189223e-05,3.627577405040938e-05,600,0
log_cosh,log_cosh,riemannian_stl,riemannian,1,16,32,100.0,0.1,0.1,1,3000,5.583706047662673e-05,5.2561224521241456e-05,2.46174230744618e-05,8.463381892909183e-05,600,0
log_cosh,log_cosh,riemannian_stl,riemannian,1,17,32,100.0,0.1,0.1,1,3000,5.8954216233892965e-05,5.543827687404246e-05,2.608725722630414e-05,0.0001037378065689,600,0
log_cosh,log_cosh,riemannian_stl,riemannian,1,18,32,100.0,0.1,0.1,1,3000,5.73364093269646e-05,5.406289036713474e-05,2.2585333526827248e-05,1.4638341752970518e-05,600,0
log_cosh,log_cosh,riemannian_stl,riemannian,1,19,32,100.0,0.1,0.1,1,3000,5.982241120045492e-05,5.610626090302162e-05,2.571391595765368e-05,3.954910810932688e-05,600,0
log_cosh,log_cosh,kl_stl,kl,1,0,32,100.0,0.1,0.1,1,3000,5.27330017253765e-05,4.68254640857424e-05,2.453598989728507e-05,5.146815379930558e-05,600,0
log_cosh,log_cosh,kl_stl,kl,1,1,32,100.0,0.1,0.1,1,3000,5.702747568165023e-05,5.096660950698606e-05,2.7394286869233187e-05,3.645744466496126e-05,600,0
log_cosh,log_cosh,kl_stl,kl,1,2,32,100.0,0.1,0.1,1,3000,5.394824858272548e-05,5.1364832060585286e-05,2.4063569445034173e-05,1.6644804560428383e-05,600,0
log_cosh,log_cosh,kl_stl,kl,1,3,32,100.0,0.1,0.1,1,3000,5.8549676033704167e-05,5.489600565411479e-05,2.6484487641615167e-05,0.0001022647024342,600,0
log_cosh,log_cosh,kl_stl,kl,1,4,32,100.0,0.1,0.1,1,3000,5.5342112368137466e-05,5.091006512358831e-05,2.318629567379933e-05,4.109410539854253e-05,600,0
log_cosh,log_cosh,kl_stl,kl,1,5,32,100.0,0.1,0.1,1,3000,5.799711038772415e-05,5.443044785735651e-05,2.4246555047384e-05,6.410573378445861e-05,600,0
log_cosh,log_cosh,kl_stl,kl,1,6,32,100.0,0.1,0.1,1,3000,5.554683232774712e-05,5.035700743150073e-05,2.5756861024738228e-05,7.549524638506e-05,600,0
log_cosh,log_cosh,kl_stl,kl,1,7,32,100.0,0.1,0.1,1,3000,5.395445077214826e-05,5.005119715661976e-05,2.4069471587279392e-05,3.414115932542927e-05,600,0
log_cosh,log_cosh,kl_stl,kl,1,8,32,100.0,0.1,0.1,1,3000,6.299413005381875e-05,5.830504220938337e-05,2.819915431100799e-05,7.799620647830352e-05,600,0
log_cosh,log_cosh,kl_stl,kl,1,9,32,100.0,0.1,0.1,1,3000,5.412807292150509e-05,4.883064808325344e-05,2.351457720243982e-05,7.457552683831636e-05,600,0
log_cosh,log_cosh,kl_stl,kl,1,10,32,100.0,0.1,0.1,1,3000,5.781127387933793e-05,5.464570187641016e-05,2.343328103523878e-05,5.668241724521295e-05,600,0
log_cosh,log_cosh,kl_stl,kl,1,11,32,100.0,0.1,0.1,1,3000,5.6707605147963137e-05,5.020881427952872e-05,2.6064106612182085e-05,8.264080062758694e-05,600,0
log_cosh,log_cosh,kl_stl,kl,1,12,32,100.0,0.1,0.1,1,3000,5.385092158239976e-05,4.952169289751396e-05,2.4344430520414643e-05,6.865254145793642e-05,600,0
log_cosh,log_cosh,kl_stl,kl,1,13,32,100.0,0.1,0.1,1,3000,5.698401172143264e-05,5.477128202713288e-05,2.5011406912386583e-05,7.875073512764175e-05,600,0
log_cosh,log_cosh,kl_stl,kl,1,14,32,100.0,0.1,0.1,1,3000,6.160057202896733e-05,5.420750024143217e-05,3.238782933009201e-05,3.6324835683387846e-05,600,0
log_cosh,log_cosh,kl_stl,kl,1,15,32,100.0,0.1,0.1,1,3000,5.074714326306425e-05,4.813413931259447e-05,2.217722908694555e-05,3.186791725084959e-05,600,0
log_cosh,log_cosh,kl_stl,kl,1,16,32,100.0,0.1,0.1,1,3000,5.2363434622921074e-05,4.907875755577607e-05,2.304344349203716e-05,7.994348239037663e-05,600,0
log_cosh,log_cosh,kl_stl,kl,1,17,32,100.0,0.1,0.1,1,3000,5.551203026593991e-05,5.183330354441296e-05,2.465528894074071e-05,9.496171422540556e-05,600,0
log_cosh,log_cosh,kl_stl,kl,1,18,32,100.0,0.1,0.1,1,3000,5.362970823849622e-05,5.015791618490084e-05,2.1219226858331187e-05,1.479391275438502e-05,600,0
log_cosh,log_cosh,kl_stl,kl,1,19,32,100.0,0.1,0.1,1,3000,5.62043612411974e-05,5.330015589066761e-05,2.391512253566361e-05,3.545542894300979e-05,600,0
log_cosh,log_cosh,riemannian_stl,riemannian,1,0,32,100.0,0.1,0.1,4,3000,1.356887800363656e-05,1.2557446883221246e-05,5.87023906409478e-06,1.4026690635660088e-05,600,0
log_cosh,log_cosh,riemannian_stl,riemannian,1,1,32,100.0,0.1,0.1,4,3000,1.385201177193096e-05,1.298514232317416e-05,5.813987572121948e-06,6.486484316781116e-06,600,0
log_cosh,log_cosh,riemannian_stl,riemannian,1,2,32,100.0,0.1,0.1,4,3000,1.4152825446061002e-05,1.29263826984527e-05,5.790974264557755e-06,2.3250675226904605e-05,600,0
log_cosh,log_cosh,riemannian_stl,riemannian,1,3,32,100.0,0.1,0.1,4,3000,1.4947407833041382e-05,1.3394349313244902e-05,7.206610055196946e-06,2.5233285484205226e-05,600,0
log_cosh,log_cosh,riemannian_stl,riemannian,1,4,32,100.0,0.1,0.1,4,3000,1.4702632956347846e-05,1.371187396159712e-05,6.032462972811709e-06,7.469345959520979e-06,600,0
log_cosh,log_cosh,riemannian_stl,riemannian,1,5,32,100.0,0.1,0.1,4,3000,1.573869620080141e-05,1.458028271628109e-05,7.026600921440952e-06,2.5122663345200635e-05,600,0
log_cosh,log_cosh,riemannian_stl,riemannian,1,6,32,100.0,0.1,0.1,4,3000,1.499567353304106e-05,1.433308746712214e-05,6.172193698934307e-06,1.7636953202782024e-05,600,0
log_cosh,log_cosh,riemannian_stl,riemannian,1,7,32,100.0,0.1,0.1,4,3000,1.4712599690381486e-05,1.335822145875909e-05,6.24996570844246e-06,1.1786265559976528e-05,600,0
log_cosh,log_cosh,riemannian_stl,riemannian,1,8,32,100.0,0.1,0.1,4,3000,1.410382415541515e-05,1.294854565969672e-05,5.496557794802278e-06,9.7507466776392e-06,600,0
log_cosh,log_cosh,riemannian_stl,riemannian,1,9,32,100.0,0.1,0.1,4,3000,1.4776812735573705e-05,1.4386713495184722e-05,6.083606124900647e-06,8.797145028438536e-06,600,0
log_cosh,log_cosh,riemannian_stl,riemannian,1,10,32,100.0,0.1,0.1,4,3000,1.6246221480476683e-05,1.496232428266353e-05,7.168747620515836e-06,1.4804086802655547e-05,600,0
log_cosh,log_cosh,riemannian_stl,riemannian,1,11,32,100.0,0.1,0.1,4,3000,1.2742082642726397e-05,1.1630527865236218e-05,5.423667489883337e-06,6.975892802074668e-06,600,0
log_cosh,log_cosh,riemannian_stl,riemannian,1,12,32,100.0,0.1,0.1,4,3000,1.352780160753279e-05,1.2686567661290836e-05,5.805094153595169e-06,1.7154951720499412e-05,600,0
log_cosh,log_cosh,riemannian_stl,riemannian,1,13,32,100.0,0.1,0.1,4,3000,1.3798232376049197e-05,1.2892420780730164e-05,5.763460154779696e-06,1.158684568025592e-05,600,0
log_cosh,log_cosh,riemannian_stl,riemannian,1,14,32,100.0,0.1,0.1,4,3000,1.5181192112846038e-05,1.383987120107122e-05,7.182990743013569e-06,7.418307916395861e-06,600,0
log_cosh,log_cosh,riemannian_stl,riemannian,1,15,32,100.0,0.1,0.1,4,3000,1.444471305607209e-05,1.2701812629245524e-05,7.840864302073675e-06,4.161954223036446e-06,600,0
log_cosh,log_cosh,riemannian_stl,riemannian,1,16,32,100.0,0.1,0.1,4,3000,1.3278027340343594e-05,1.2351895705364768e-05,5.487267313916554e-06,1.4758380430635045e-05,600,0
log_cosh,log_cosh,riemannian_stl,riemannian,1,17,32,100.0,0.1,0.1,4,3000,1.4662192215790052e-05,1.3226571216051752e-05,6.51818628298521e-06,1.4505303411738169e-05,600,0
log_cosh,log_cosh,riemannian_stl,riemannian,1,18,32,100.0,0.1,0.1,4,3000,1.3782708178228612e-05,1.2439837959732358e-05,6.10261854581761e-06,2.6110400924039823e-05,600,0
log_cosh,log_cosh,riemannian_stl,riemannian,1,19,32,100.0,0.1,0.1,4,3000,1.490840877097573e-05,1.3566747863791306e-05,7.133164969420507e-06,1.6884290459984186e-05,600,0
log_cosh,log_cosh,kl_stl,kl,1,0,32,100.0,0.1,0.1,4,3000,1.270005587965528e-05,1.1869287241950133e-05,5.417121603885997e-06,1.2969584815891722e-05,600,0
log_cosh,log_cosh,kl_stl,kl,1,1,32,100.0,0.1,0.1,4,3000,1.3049362403817118e-05,1.2144012522696812e-05,5.443585399815942e-06,6.0153321328471065e-06,600,0
log_cosh,log_cosh,kl_stl,kl,1,2,32,100.0,0.1,0.1,4,3000,1.3317882346548517e-05,1.2238490970872816e-05,5.340693225517539e-06,2.256236542308443e-05,600,0
log_cosh,log_cosh,kl_stl,kl,1,3,32,100.0,0.1,0.1,4,3000,1.408682657755141e-05,1.2595424532690911e-05,6.652820544421541e-06,2.3192123350668226e-05,600,0
log_cosh,log_cosh,kl_stl,kl,1,4,32,100.0,0.1,0.1,4,3000,1.3840925579475065e-05,1.2957919881984026e-05,5.54440751761566e-06,7.1131155365833365e-06,600,0
log_cosh,log_cosh,kl_stl,kl,1,5,32,100.0,0.1,0.1,4,3000,1.487897130253657e-05,1.3776242219876169e-05,6.528193439033371e-06,2.304989514101408e-05,600,0
log_cosh,log_cosh,kl_stl,kl,1,6,32,100.0,0.1,0.1,4,3000,1.4114453301251237e-05,1.3460410130505808e-05,5.819197343603764e-06,1.6595408581565607e-05,600,0
log_cosh,log_cosh,kl_stl,kl,1,7,32,100.0,0.1,0.1,4,3000,1.3785580359879645e-05,1.2572599395355157e-05,5.806346264218422e-06,1.110281380078959e-05,600,0
log_cosh,log_cosh,kl_stl,kl,1,8,32,100.0,0.1,0.1,4,3000,1.3234355802159332e-05,1.2124750721653754e-05,5.118877170836383e-06,9.822316300756029e-06,600,0
log_cosh,log_cosh,kl_stl,kl,1,9,32,100.0,0.1,0.1,4,3000,1.4011633102934222e-05,1.3693431302641557e-05,5.721921821201579e-06,8.490551685724768e-06,600,0
log_cosh,log_cosh,kl_stl,kl,1,10,32,100.0,0.1,0.1,4,3000,1.5307211273807298e-05,1.4099997212468908e-05,6.83153756748548e-06,1.3924291707212433e-05,600,0
log_cosh,log_cosh,kl_stl,kl,1,11,32,100.0,0.1,0.1,4,3000,1.1960254761452423e-05,1.0981315817559787e-05,5.017323918055871e-06,6.621252040872605e-06,600,0
log_cosh,log_cosh,kl_stl,kl,1,12,32,100.0,0.1,0.1,4,3000,1.271191461745739e-05,1.199143436281247e-05,5.367665483203117e-06,1.606640839213469e-05,600,0
log_cosh,log_cosh,kl_stl,kl,1,13,32,100.0,0.1,0.1,4,3000,1.2948723663086524e-05,1.2096456821097943e-05,5.338574768564923e-06,1.0479521407091852e-05,600,0
log_cosh,log_cosh,kl_stl,kl,1,14,32,100.0,0.1,0.1,4,3000,1.426147691797534e-05,1.3008732601349491e-05,6.6609131563641e-06,6.684395529532594e-06,600,0
log_cosh,log_cosh,kl_stl,kl,1,15,32,100.0,0.1,0.1,4,3000,1.3587806750893588e-05,1.1991416560164224e-05,7.281174610798784e-06,3.9115165577641164e-06,600,0
log_cosh,log_cosh,kl_stl,kl,1,16,32,100.0,0.1,0.1,4,3000,1.246563869095496e-05,1.1594079619925424e-05,5.104509555844491e-06,1.4138155094656211e-05,600,0
log_cosh,log_cosh,kl_stl,kl,1,17,32,100.0,0.1,0.1,4,3000,1.3760934200585476e-05,1.2557179616123904e-05,6.008033757351706e-06,1.3551829944447036e-05,600,0
log_cosh,log_cosh,kl_stl,kl,1,18,32,100.0,0.1,0.1,4,3000,1.2932864167562268e-05,1.174779251300606e-05,5.691075394081431e-06,2.4213871832046152e-05,600,0
log_cosh,log_cosh,kl_stl,kl,1,19,32,100.0,0.1,0.1,4,3000,1.3965314164892109e-05,1.2852821065223452e-05,6.599967762389861e-06,1.648119542352333e-05,600,0
log_cosh,log_cosh,riemannian_stl,riemannian,1,0,32,100.0,0.1,0.1,16,3000,3.589602147376544e-06,3.275961962145857e-06,1.721371370918939e-06,2.605237085617773e-06,600,0
log_cosh,log_cosh,riemannian_stl,riemannian,1,1,32,100.0,0.1,0.1,16,3000,3.800106863813824e-06,3.3446319456231777e-06,1.9428555029140657e-06,3.7924696130176017e-06,600,0
log_cosh,log_cosh,riemannian_stl,riemannian,1,2,32,100.0,0.1,0.1,16,3000,3.010470545028454e-06,2.6894353517548097e-06,1.4751593625533732e-06,4.208563431973289e-06,600,0
log_cosh,log_cosh,riemannian_stl,riemannian,1,3,32,100.0,0.1,0.1,16,3000,3.384368890782715e-06,3.181095827642366e-06,1.4169899505247476e-06,1.9370300918808425e-06,600,0
log_cosh,log_cosh,riemannian_stl,riemannian,1,4,32,100.0,0.1,0.1,16,3000,3.3031738153847338e-06,3.0764872036570523e-06,1.3473986870961514e-06,1.7012935913385263e-06,600,0
log_cosh,log_cosh,riemannian_stl,riemannian,1,5,32,100.0,0.1,0.1,16,3000,3.243812181257984e-06,3.0083824498206013e-06,1.375141000563476e-06,4.071264228855398e-06,600,0
log_cosh,log_cosh,riemannian_stl,riemannian,1,6,32,100.0,0.1,0.1,16,3000,3.544687371028014e-06,3.299992766159221e-06,1.612300666437885e-06,1.0157142469324754e-06,600,0
log_cosh,log_cosh,riemannian_stl,riemannian,1,7,32,100.0,0.1,0.1,16,3000,3.403045254349498e-06,3.0917723030654543e-06,1.4613775884540856e-06,2.7827556010606717e-06,600,0
log_cosh,log_cosh,riemannian_stl,riemannian,1,8,32,100.0,0.1,0.1,16,3000,3.442377318663148e-06,3.1363740369272364e-06,1.5276178055981566e-06,4.063308750801298e-06,600,0
log_cosh,log_cosh,riemannian_stl,riemannian,1,9,32,100.0,0.1,0.1,16,3000,3.550583910450674e-06,3.4269290090094277e-06,1.4190213494314556e-06,4.671906374653645e-06,600,0
log_cosh,log_cosh,riemannian_stl,riemannian,1,10,32,100.0,0.1,0.1,16,3000,3.755047308698541e-06,3.4092820051512263e-06,1.765339906569234e-06,2.665961417847029e-06,600,0
log_cosh,log_cosh,riemannian_stl,riemannian,1,11,32,100.0,0.1,0.1,16,3000,3.687948800047044e-06,3.5191675635815045e-06,1.4949684195033832e-06,2.709074067297479e-06,600,0
log_cosh,log_cosh,riemannian_stl,riemannian,1,12,32,100.0,0.1,0.1,16,3000,3.732979877367389e-06,3.4079487036819955e-06,1.6395329706429377e-06,3.210036055634191e-06,600,0
log_cosh,log_cosh,riemannian_stl,riemannian,1,13,32,100.0,0.1,0.1,16,3000,3.1888892603978053e-06,2.9806735355464298e-06,1.257146755668523e-06,2.0944677601164585e-06,600,0
log_cosh,log_cosh,riemannian_stl,riemannian,1,14,32,100.0,0.1,0.1,16,3000,3.499064664751472e-06,3.2980511655011924e-06,1.395664924529082e-06,4.649668490230852e-06,600,0
log_cosh,log_cosh,riemannian_stl,riemannian,1,15,32,100.0,0.1,0.1,16,3000,3.480593389078024e-06,3.186925308540367e-06,1.410692202621396e-06,6.968041127208835e-06,600,0
log_cosh,log_cosh,riemannian_stl,riemannian,1,16,32,100.0,0.1,0.1,16,3000,3.46058614789276e-06,3.160152374448444e-06,1.5948860511695807e-06,2.54808393407302e-06,600,0
log_cosh,log_cosh,riemannian_stl,riemannian,1,17,32,100.0,0.1,0.1,16,3000,3.4000813899600263e-06,3.0292369075368697e-06,1.6535865195529908e-06,1.9509040711795933e-06,600,0
log_cosh,log_cosh,riemannian_stl,riemannian,1,18,32,100.0,0.1,0.1,16,3000,3.417520859964422e-06,3.1925490517892285e-06,1.32618385023615e-06,2.077972624192625e-06,600,0
log_cosh,log_cosh,riemannian_stl,riemannian,1,19,32,100.0,0.1,0.1,16,3000,3.554381696844189e-06,3.204691715552599e-06,1.5624072483355717e-06,3.1244028093624365e-06,600,0
log_cosh,log_cosh,kl_stl,kl,1,0,32,100.0,0.1,0.1,16,3000,3.37330899736088e-06,3.0631914285095263e-06,1.6113982518498822e-06,2.40751363378422e-06,600,0
log_cosh,log_cosh,kl_stl,kl,1,1,32,100.0,0.1,0.1,16,3000,3.576010767751825e-06,3.1624410823383187e-06,1.7870989065870595e-06,3.384483122204074e-06,600,0
log_cosh,log_cosh,kl_stl,kl,1,2,32,100.0,0.1,0.1,16,3000,2.8105313081046764e-06,2.506439770399993e-06,1.362834711204016e-06,4.1143296840573385e-06,600,0
log_cosh,log_cosh,kl_stl,kl,1,3,32,100.0,0.1,0.1,16,3000,3.163994328723163e-06,3.0059835758322606e-06,1.2999628974951577e-06,1.8694429471111107e-06,600,0
log_cosh,log_cosh,kl_stl,kl,1,4,32,100.0,0.1,0.1,16,3000,3.098314082320049e-06,2.884995289775816e-06,1.2550499817984946e-06,1.6189652853881853e-06,600,0
log_cosh,log_cosh,kl_stl,kl,1,5,32,100.0,0.1,0.1,16,3000,3.046439130767927e-06,2.8294016054530857e-06,1.2803550984477965e-06,3.795284960972367e-06,600,0
log_cosh,log_cosh,kl_stl,kl,1,6,32,100.0,0.1,0.1,16,3000,3.32541688951693e-06,3.127311721584647e-06,1.4824791138193624e-06,9.836701906351664e-07,600,0
log_cosh,log_cosh,kl_stl,kl,1,7,32,100.0,0.1,0.1,16,3000,3.20561432038365e-06,2.915075697274005e-06,1.3463815902431892e-06,2.51853320776263e-06,600,0
log_cosh,log_cosh,kl_stl,kl,1,8,32,100.0,0.1,0.1,16,3000,3.222660548942713e-06,2.957080525334277e-06,1.411765021343745e-06,3.847302394888175e-06,600,0
log_cosh,log_cosh,kl_stl,kl,1,9,32,100.0,0.1,0.1,16,3000,3.346904689998098e-06,3.2404321430590244e-06,1.3347925318948075e-06,4.258523986777618e-06,600,0
log_cosh,log_cosh,kl_stl,kl,1,10,32,100.0,0.1,0.1,16,3000,3.536034139746865e-06,3.21982193085546e-06,1.6450353708718636e-06,2.597833514528247e-06,600,0
log_cosh,log_cosh,kl_stl,kl,1,11,32,100.0,0.1,0.1,16,3000,3.4651480270753155e-06,3.2893441819226155e-06,1.388392537806948e-06,2.6205504610743446e-06,600,0
log_cosh,log_cosh,kl_stl,kl,1,12,32,100.0,0.1,0.1,16,3000,3.523529112025396e-06,3.231072568610216e-06,1.5259427194168306e-06,3.232287141941015e-06,600,0
log_cosh,log_cosh,kl_stl,kl,1,13,32,100.0,0.1,0.1,16,3000,2.9998141292963963e-06,2.7688781791823658e-06,1.1871331477470406e-06,2.0170631245264303e-06,600,0
log_cosh,log_cosh,kl_stl,kl,1,14,32,100.0,0.1,0.1,16,3000,3.298970468298042e-06,3.0901930543336675e-06,1.3077207923101774e-06,4.2820613117555695e-06,600,0
log_cosh,log_cosh,kl_stl,kl,1,15,32,100.0,0.1,0.1,16,3000,3.2670782631309217e-06,3.020375825002475e-06,1.302085990860341e-06,6.825670588739285e-06,600,0
log_cosh,log_cosh,kl_stl,kl,1,16,32,100.0,0.1,0.1,16,3000,3.243222002057659e-06,2.9851800142921547e-06,1.4788589367194006e-06,2.458976872787844e-06,600,0
log_cosh,log_cosh,kl_stl,kl,1,17,32,100.0,0.1,0.1,16,3000,3.2022365766929777e-06,2.830314468127426e-06,1.551988798652978e-06,1.8265881323031865e-06,600,0
log_cosh,log_cosh,kl_stl,kl,1,18,32,100.0,0.1,0.1,16,3000,3.213071350529617e-06,2.973748241430485e-06,1.2385687086848129e-06,1.848863881548368e-06,600,0
log_cosh,log_cosh,kl_stl,kl,1,19,32,100.0,0.1,0.1,16,3000,3.342170095912422e-06,3.0070353034261643e-06,1.4453352185225717e-06,3.036071063888812e-06,600,0
log_cosh,log_cosh,riemannian_stl,riemannian,1,0,32,100.0,1.0,0.1,1,3000,0.0021142726006157,0.0018459667700554,0.0011899008197161,0.0017001960395646,600,0
log_cosh,log_cosh,riemannian_stl,riemannian,1,1,32,100.0,1.0,0.1,1,3000,0.0019771848908248,0.0017447353388391,0.0009330708677818,0.0016001885367771,600,0
log_cosh,log_cosh,riemannian_stl,riemannian,1,2,32,100.0,1.0,0.1,1,3000,0.0021631593283521,0.001914134796312,0.0010922975329894,0.0018769874800241,600,0
log_cosh,log_cosh,riemannian_stl,riemannian,1,3,32,100.0,1.0,0.1,1,3000,0.0022553702262419,0.0021175791918857,0.0010512900993275,0.0023847420743905,600,0
log_cosh,log_cosh,riemannian_stl,riemannian,1,4,32,100.0,1.0,0.1,1,3000,0.0019249086361653,0.0017814340335782,0.0008378249237244,0.0016457698307945,600,0
log_cosh,log_cosh,riemannian_stl,riemannian,1,5,32,100.0,1.0,0.1,1,3000,0.0021294877197921,0.0019325039123216,0.0009861849245495,0.0022114902686283,600,0
log_cosh,log_cosh,riemannian_stl,riemannian,1,6,32,100.0,1.0,0.1,1,3000,0.0020332974632181,0.0018554450866119,0.0008712324959868,0.0020472074389417,600,0
log_cosh,log_cosh,riemannian_stl,riemannian,1,7,32,100.0,1.0,0.1,1,3000,0.0020383338365678,0.0018719571515752,0.0008488438164617,0.0020184765438457,600,0
log_cosh,log_cosh,riemannian_stl,riemannian,1,8,32,100.0,1.0,0.1,1,3000,0.0022287347344566,0.0020209465875282,0.0009374228426402,0.0032154267518293,600,0
log_cosh,log_cosh,riemannian_stl,riemannian,1,9,32,100.0,1.0,0.1,1,3000,0.0021340971497871,0.0018426057984015,0.0010454256133398,0.0019732568832111,600,0
log_cosh,log_cosh,riemannian_stl,riemannian,1,10,32,100.0,1.0,0.1,1,3000,0.0021282216265653,0.0019205388769805,0.0008895195301002,0.001881541228407,600,0
log_cosh,log_cosh,riemannian_stl,riemannian,1,11,32,100.0,1.0,0.1,1,3000,0.0020363543280038,0.0017908073108863,0.0010249039472879,0.0015826789400676,600,0
log_cosh,log_cosh,riemannian_stl,riemannian,1,12,32,100.0,1.0,0.1,1,3000,0.002116948596341,0.0019438192620064,0.0009396249547721,0.0014342532426567,600,0
log_cosh,log_cosh,riemannian_stl,riemannian,1,13,32,100.0,1.0,0.1,1,3000,0.0020913402360205,0.0019530265652747,0.0009279190123778,0.002767017741462,600,0
log_cosh,log_cosh,riemannian_stl,riemannian,1,14,32,100.0,1.0,0.1,1,3000,0.0022441560904019,0.0020081024257905,0.0011115630905657,0.0026848059375979,600,0
log_cosh,log_cosh,riemannian_stl,riemannian,1,15,32,100.0,1.0,0.1,1,3000,0.0022551574947976,0.0021539999856265,0.0009216364834683,0.0018043710405848,600,0
log_cosh,log_cosh,riemannian_stl,riemannian,1,16,32,100.0,1.0,0.1,1,3000,0.0021487518482761,0.0018925459167498,0.0011587770928748,0.0015459508270652,600,0
log_cosh,log_cosh,riemannian_stl,riemannian,1,17,32,100.0,1.0,0.1,1,3000,0.0021580820912255,0.0019807290760773,0.0009311905039408,0.0014454861690254,600,0
log_cosh,log_cosh,riemannian_stl,riemannian,1,18,32,100.0,1.0,0.1,1,3000,0.0020228897285468,0.0018134926312072,0.0008813781133917,0.0015842900298892,600,0
log_cosh,log_cosh,riemannian_stl,riemannian,1,19,32,100.0,1.0,0.1,1,3000,0.0021120719041459,0.001958920532008,0.0008716281415274,0.0019628808010878,600,0
log_cosh,log_cosh,kl_stl,kl,1,0,32,100.0,1.0,0.1,1,3000,0.0019918688899682,0.001733470257605,0.0011315838394723,0.0016969693621788,600,0
log_cosh,log_cosh,kl_stl,kl,1,1,32,100.0,1.0,0.1,1,3000,0.0018612450810654,0.001640038183762,0.0008912283155061,0.0014146800023624,600,0
log_cosh,log_cosh,kl_stl,kl,1,2,32,100.0,1.0,0.1,1,3000,0.00205212300117,0.0018059214375405,0.0010332348182195,0.0017796449596474,600,0
log_cosh,log_cosh,kl_stl,kl,1,3,32,100.0,1.0,0.1,1,3000,0.0021350630152694,0.0019706058949857,0.0010108770202166,0.0022351744636424,600,0
log_cosh,log_cosh,kl_stl,kl,1,4,32,100.0,1.0,0.1,1,3000,0.0018296031021864,0.0017035966323462,0.0008041958319985,0.0015684026425333,600,0
log_cosh,log_cosh,kl_stl,kl,1,5,32,100.0,1.0,0.1,1,3000,0.0020151059677456,0.001802093709216,0.0009500947936846,0.0020281493772174,600,0
log_cosh,log_cosh,kl_stl,kl,1,6,32,100.0,1.0,0.1,1,3000,0.0019287929992962,0.0017549998976562,0.000836199121332,0.00201929831438,600,0
log_cosh,log_cosh,kl_stl,kl,1,7,32,100.0,1.0,0.1,1,3000,0.0019126707980194,0.0017594867479644,0.0008056229758172,0.0018635313905051,600,0
log_cosh,log_cosh,kl_stl,kl,1,8,32,100.0,1.0,0.1,1,3000,0.002103637573468,0.0019041487048383,0.0008885107675817,0.0030491621387938,600,0
log_cosh,log_cosh,kl_stl,kl,1,9,32,100.0,1.0,0.1,1,3000,0.0020196986954739,0.0017566935487742,0.000986346212041,0.0018951846944545,600,0
log_cosh,log_cosh,kl_stl,kl,1,10,32,100.0,1.0,0.1,1,3000,0.0020074435385202,0.0018039902876587,0.0008503015178389,0.0018378157722978,600,0
log_cosh,log_cosh,kl_stl,kl,1,11,32,100.0,1.0,0.1,1,3000,0.0019221199925126,0.0016740537099835,0.0009856192290275,0.0014722835171951,600,0
log_cosh,log_cosh,kl_stl,kl,1,12,32,100.0,1.0,0.1,1,3000,0.00200856416824,0.0018245403822803,0.0009029476124819,0.0013620898865411,600,0
log_cosh,log_cosh,kl_stl,kl,1,13,32,100.0,1.0,0.1,1,3000,0.0019886350559393,0.0018610204134539,0.0008872727762006,0.0026156117763278,600,0
log_cosh,log_cosh,kl_stl,kl,1,14,32,100.0,1.0,0.1,1,3000,0.0021270201661694,0.0019131021693645,0.0010677310906189,0.0026268032537259,600,0
log_cosh,log_cosh,kl_stl,kl,1,15,32,100.0,1.0,0.1,1,3000,0.0021473214055319,0.0020191553107409,0.0008803866374591,0.0017302575625066,600,0
log_cosh,log_cosh,kl_stl,kl,1,16,32,100.0,1.0,0.1,1,3000,0.0020332008082338,0.0017894856564772,0.0010979006226784,0.0014770760776059,600,0
log_cosh,log_cosh,kl_stl,kl,1,17,32,100.0,1.0,0.1,1,3000,0.0020532839992564,0.0018801846436637,0.0008866631579811,0.0012741989583915,600,0
log_cosh,log_cosh,kl_stl,kl,1,18,32,100.0,1.0,0.1,1,3000,0.001907326623203,0.0017184319541705,0.0008336581319786,0.0013994964811416,600,0
log_cosh,log_cosh,kl_stl,kl,1,19,32,100.0,1.0,0.1,1,3000,0.0020019703174167,0.0018577632685428,0.0008245410654284,0.0019986944422285,600,0
log_cosh,log_cosh,riemannian_stl,riemannian,1,0,32,100.0,1.0,0.1,4,3000,0.000510975622794,0.000477969157778,0.0002117907738124,0.00041522201888,600,0
log_cosh,log_cosh,riemannian_stl,riemannian,1,1,32,100.0,1.0,0.1,4,3000,0.000516798131684,0.0004959673292788,0.000195483749346,0.0008725003576302,600,0
log_cosh,log_cosh,riemannian_stl,riemannian,1,2,32,100.0,1.0,0.1,4,3000,0.0004866688967916,0.0004394246507004,0.0002255077663288,0.0011596435604204,600,0
log_cosh,log_cosh,riemannian_stl,riemannian,1,3,32,100.0,1.0,0.1,4,3000,0.0005103300412567,0.0004696890411395,0.0002214717721716,0.0006143352483931,600,0
log_cosh,log_cosh,riemannian_stl,riemannian,1,4,32,100.0,1.0,0.1,4,3000,0.0005759438825641,0.0005270522954248,0.0002527035967821,0.0008163634467663,600,0
log_cosh,log_cosh,riemannian_stl,riemannian,1,5,32,100.0,1.0,0.1,4,3000,0.0005177487955991,0.0004816766249042,0.0002026928834367,0.0003476642490696,600,0
log_cosh,log_cosh,riemannian_stl,riemannian,1,6,32,100.0,1.0,0.1,4,3000,0.0005282028470849,0.0004945426109905,0.0002027021201274,0.0007540800251319,600,0
log_cosh,log_cosh,riemannian_stl,riemannian,1,7,32,100.0,1.0,0.1,4,3000,0.0005350662669264,0.0004929362892518,0.0002091622725482,0.000685391213743,600,0
log_cosh,log_cosh,riemannian_stl,riemannian,1,8,32,100.0,1.0,0.1,4,3000,0.0005233416956362,0.0004851989455083,0.0002007339430253,0.0005669772349818,600,0
log_cosh,log_cosh,riemannian_stl,riemannian,1,9,32,100.0,1.0,0.1,4,3000,0.0005117400798379,0.0004747895833858,0.0001942701968691,0.0004125046156744,600,0
log_cosh,log_cosh,riemannian_stl,riemannian,1,10,32,100.0,1.0,0.1,4,3000,0.0005586588445945,0.0005245756511413,0.0002159853017159,0.0002860814234395,600,0
log_cosh,log_cosh,riemannian_stl,riemannian,1,11,32,100.0,1.0,0.1,4,3000,0.0004664804159253,0.0004322369931095,0.0002004477556975,0.0005952874670214,600,0
log_cosh,log_cosh,riemannian_stl,riemannian,1,12,32,100.0,1.0,0.1,4,3000,0.0005188234626114,0.0004971197678216,0.0001953146611982,0.0005717028239971,600,0
log_cosh,log_cosh,riemannian_stl,riemannian,1,13,32,100.0,1.0,0.1,4,3000,0.0004970232130332,0.0004653596731003,0.00021087457612,0.0007295935357447,600,0
log_cosh,log_cosh,riemannian_stl,riemannian,1,14,32,100.0,1.0,0.1,4,3000,0.0005608277271213,0.0005389483882716,0.0002084587541375,0.0002721045797997,600,0
log_cosh,log_cosh,riemannian_stl,riemannian,1,15,32,100.0,1.0,0.1,4,3000,0.0005492079442304,0.0005133983916287,0.0002200767157474,0.0006177499686046,600,0
log_cosh,log_cosh,riemannian_stl,riemannian,1,16,32,100.0,1.0,0.1,4,3000,0.0005028759691132,0.0004779566133343,0.0001943496389905,0.0004490525677951,600,0
log_cosh,log_cosh,riemannian_stl,riemannian,1,17,32,100.0,1.0,0.1,4,3000,0.0005424902776624,0.0005041412344723,0.0002245651031404,0.0002940872254129,600,0
log_cosh,log_cosh,riemannian_stl,riemannian,1,18,32,100.0,1.0,0.1,4,3000,0.0005376804549327,0.0004917444166068,0.0002248056845737,0.0007920894749204,600,0
log_cosh,log_cosh,riemannian_stl,riemannian,1,19,32,100.0,1.0,0.1,4,3000,0.0005282673671465,0.000469035650461,0.0002560254308986,0.0008458175953833,600,0
log_cosh,log_cosh,kl_stl,kl,1,0,32,100.0,1.0,0.1,4,3000,0.0004805238497733,0.0004502810494528,0.0001988108733242,0.0004196602716959,600,0
log_cosh,log_cosh,kl_stl,kl,1,1,32,100.0,1.0,0.1,4,3000,0.0004866846923689,0.000467784376589,0.0001837366101042,0.0007825523210769,600,0
log_cosh,log_cosh,kl_stl,kl,1,2,32,100.0,1.0,0.1,4,3000,0.0004558720829061,0.0004104199238454,0.0002102756959405,0.0010658001977859,600,0
log_cosh,log_cosh,kl_stl,kl,1,3,32,100.0,1.0,0.1,4,3000,0.0004824428424839,0.0004471921379618,0.0002107294502567,0.0005565899499515,600,0
log_cosh,log_cosh,kl_stl,kl,1,4,32,100.0,1.0,0.1,4,3000,0.0005447141748572,0.0005036601798096,0.0002384237365517,0.0007887608678274,600,0
log_cosh,log_cosh,kl_stl,kl,1,5,32,100.0,1.0,0.1,4,3000,0.0004895824813934,0.0004531307238977,0.0001904059930671,0.0003313394426243,600,0
log_cosh,log_cosh,kl_stl,kl,1,6,32,100.0,1.0,0.1,4,3000,0.000499378502011,0.000467309128961,0.0001906040708762,0.0007207188056383,600,0
log_cosh,log_cosh,kl_stl,kl,1,7,32,100.0,1.0,0.1,4,3000,0.0005067601479434,0.0004673518440334,0.0001959740442608,0.0006416811158018,600,0
log_cosh,log_cosh,kl_stl,kl,1,8,32,100.0,1.0,0.1,4,3000,0.0004967159129741,0.0004581970630468,0.0001928879420523,0.0005408756053313,600,0
log_cosh,log_cosh,kl_stl,kl,1,9,32,100.0,1.0,0.1,4,3000,0.0004842016514005,0.0004466157135638,0.0001839936750117,0.000399336629492,600,0
log_cosh,log_cosh,kl_stl,kl,1,10,32,100.0,1.0,0.1,4,3000,0.0005281510439841,0.0004949736764139,0.0002035072932348,0.0002813432392443,600,0
log_cosh,log_cosh,kl_stl,kl,1,11,32,100.0,1.0,0.1,4,3000,0.0004399051584426,0.0004092213657216,0.0001898780777625,0.0005651181779811,600,0
log_cosh,log_cosh,kl_stl,kl,1,12,32,100.0,1.0,0.1,4,3000,0.0004900755208373,0.0004664509794132,0.0001836529516452,0.0005198779664254,600,0
log_cosh,log_cosh,kl_stl,kl,1,13,32,100.0,1.0,0.1,4,3000,0.0004681600962176,0.0004394960692977,0.0001982742600014,0.0006758412496523,600,0
log_cosh,log_cosh,kl_stl,kl,1,14,32,100.0,1.0,0.1,4,3000,0.0005298849791008,0.000514979210024,0.0001956090262863,0.0002504830277629,600,0
log_cosh,log_cosh,kl_stl,kl,1,15,32,100.0,1.0,0.1,4,3000,0.0005185894412463,0.0004881080495486,0.000204741360114,0.0005668259111004,600,0
log_cosh,log_cosh,kl_stl,kl,1,16,32,100.0,1.0,0.1,4,3000,0.0004738334431805,0.0004501425528466,0.0001828111965166,0.000436891565684,600,0
log_cosh,log_cosh,kl_stl,kl,1,17,32,100.0,1.0,0.1,4,3000,0.0005149736129546,0.0004757189418036,0.0002124995573777,0.0002818259049703,600,0
log_cosh,log_cosh,kl_stl,kl,1,18,32,100.0,1.0,0.1,4,3000,0.000508682184432,0.0004673485616599,0.0002117208470864,0.0006907246546816,600,0
log_cosh,log_cosh,kl_stl,kl,1,19,32,100.0,1.0,0.1,4,3000,0.0004981241110469,0.000442268017526,0.0002370388232915,0.0007967895940126,600,0
log_cosh,log_cosh,riemannian_stl,riemannian,1,0,32,100.0,1.0,0.1,16,3000,0.0001261944042891,0.0001191282684338,4.478661785975733e-05,0.0001166590347949,600,0
log_cosh,log_cosh,riemannian_stl,riemannian,1,1,32,100.0,1.0,0.1,16,3000,0.0001351377716566,0.0001250821023432,5.27935611311022e-05,0.0001338483627009,600,0
log_cosh,log_cosh,riemannian_stl,riemannian,1,2,32,100.0,1.0,0.1,16,3000,0.0001232569219543,0.0001165128156301,4.55448046198787e-05,7.711143181410307e-05,600,0
log_cosh,log_cosh,riemannian_stl,riemannian,1,3,32,100.0,1.0,0.1,16,3000,0.000131236377752,0.0001214035986016,5.3402372036250055e-05,0.0001180300547645,600,0
log_cosh,log_cosh,riemannian_stl,riemannian,1,4,32,100.0,1.0,0.1,16,3000,0.0001301724658348,0.000114472989523,6.155673202053287e-05,0.0001015299269866,600,0
log_cosh,log_cosh,riemannian_stl,riemannian,1,5,32,100.0,1.0,0.1,16,3000,0.0001287279871915,0.0001208688331324,5.014318412416872e-05,0.000145024857403,600,0
log_cosh,log_cosh,riemannian_stl,riemannian,1,6,32,100.0,1.0,0.1,16,3000,0.000121156932317,0.0001149113184162,4.747211453195477e-05,0.0001526485200642,600,0
log_cosh,log_cosh,riemannian_stl,riemannian,1,7,32,100.0,1.0,0.1,16,3000,0.0001263488129432,0.0001237016740134,4.349227481046918e-05,0.0001851695480823,600,0
log_cosh,log_cosh,riemannian_stl,riemannian,1,8,32,100.0,1.0,0.1,16,3000,0.0001258715156851,0.0001176510977032,4.389255314534416e-05,0.0001708752044251,600,0
log_cosh,log_cosh,riemannian_stl,riemannian,1,9,32,100.0,1.0,0.1,16,3000,0.0001178841460875,0.0001080628639904,4.90160205611126e-05,7.678132735122745e-05,600,0
log_cosh,log_cosh,riemannian_stl,riemannian,1,10,32,100.0,1.0,0.1,16,3000,0.0001310562387309,0.0001243715080541,5.1412441766967146e-05,0.0001690082314311,600,0
log_cosh,log_cosh,riemannian_stl,riemannian,1,11,32,100.0,1.0,0.1,16,3000,0.0001311576716604,0.0001203953022681,5.8436027142560776e-05,5.8757680932330913e-05,600,0
log_cosh,log_cosh,riemannian_stl,riemannian,1,12,32,100.0,1.0,0.1,16,3000,0.0001332032160351,0.0001163216920438,6.170919292837003e-05,8.922310939141198e-05,600,0
log_cosh,log_cosh,riemannian_stl,riemannian,1,13,32,100.0,1.0,0.1,16,3000,0.0001174778781939,0.0001090410480344,4.68044525056677e-05,0.0001041330723197,600,0
log_cosh,log_cosh,riemannian_stl,riemannian,1,14,32,100.0,1.0,0.1,16,3000,0.0001178361423848,0.0001083487407349,4.835904158806124e-05,0.0001681184846162,600,0
log_cosh,log_cosh,riemannian_stl,riemannian,1,15,32,100.0,1.0,0.1,16,3000,0.0001277542009941,0.0001161360993151,6.432158586845712e-05,0.0001521426969119,600,0
log_cosh,log_cosh,riemannian_stl,riemannian,1,16,32,100.0,1.0,0.1,16,3000,0.0001294976858188,0.0001242039321454,4.78902749250022e-05,0.0002071351906991,600,0
log_cosh,log_cosh,riemannian_stl,riemannian,1,17,32,100.0,1.0,0.1,16,3000,0.0001243513407985,0.0001159646500532,4.996502152562869e-05,0.0001065704487288,600,0
log_cosh,log_cosh,riemannian_stl,riemannian,1,18,32,100.0,1.0,0.1,16,3000,0.0001193329646584,0.0001155131931298,4.669174926805433e-05,8.259319138659293e-05,600,0
log_cosh,log_cosh,riemannian_stl,riemannian,1,19,32,100.0,1.0,0.1,16,3000,0.0001212703596212,0.0001116185418013,5.248313337952596e-05,8.850985117447863e-05,600,0
log_cosh,log_cosh,kl_stl,kl,1,0,32,100.0,1.0,0.1,16,3000,0.0001186886495869,0.0001115615016367,4.182375346919781e-05,0.0001120615356811,600,0
log_cosh,log_cosh,kl_stl,kl,1,1,32,100.0,1.0,0.1,16,3000,0.0001270184378549,0.0001180124657871,4.858894919263461e-05,0.0001250595375879,600,0
log_cosh,log_cosh,kl_stl,kl,1,2,32,100.0,1.0,0.1,16,3000,0.0001160145527656,0.0001095079473358,4.2788594091785855e-05,7.294231708243615e-05,600,0
log_cosh,log_cosh,kl_stl,kl,1,3,32,100.0,1.0,0.1,16,3000,0.0001240417686011,0.0001152648570936,5.0449109765656096e-05,0.0001102955406011,600,0
log_cosh,log_cosh,kl_stl,kl,1,4,32,100.0,1.0,0.1,16,3000,0.0001228014748588,0.0001093210152589,5.731109224426378e-05,9.34464275488267e-05,600,0
log_cosh,log_cosh,kl_stl,kl,1,5,32,100.0,1.0,0.1,16,3000,0.0001208667788356,0.0001137495822511,4.677333640713249e-05,0.0001381730067961,600,0
log_cosh,log_cosh,kl_stl,kl,1,6,32,100.0,1.0,0.1,16,3000,0.0001143693511814,0.000108133990075,4.485972273035374e-05,0.0001509359611659,600,0
log_cosh,log_cosh,kl_stl,kl,1,7,32,100.0,1.0,0.1,16,3000,0.0001187541320279,0.0001152014514964,4.091634576075087e-05,0.0001742915143623,600,0
log_cosh,log_cosh,kl_stl,kl,1,8,32,100.0,1.0,0.1,16,3000,0.0001180887542813,0.0001105926005067,4.061428822888251e-05,0.0001604115291939,600,0
log_cosh,log_cosh,kl_stl,kl,1,9,32,100.0,1.0,0.1,16,3000,0.0001104662752341,0.0001020232620838,4.508864721215119e-05,6.992658524751505e-05,600,0
log_cosh,log_cosh,kl_stl,kl,1,10,32,100.0,1.0,0.1,16,3000,0.0001236879833789,0.0001176652035042,4.8778425216155824e-05,0.0001627691331691,600,0
log_cosh,log_cosh,kl_stl,kl,1,11,32,100.0,1.0,0.1,16,3000,0.0001238451809557,0.00011327327773,5.4764553053141647e-05,5.437071972380636e-05,600,0
log_cosh,log_cosh,kl_stl,kl,1,12,32,100.0,1.0,0.1,16,3000,0.0001258764736866,0.0001091428444297,5.8653909267615176e-05,8.429874594639841e-05,600,0
log_cosh,log_cosh,kl_stl,kl,1,13,32,100.0,1.0,0.1,16,3000,0.0001104837797876,0.0001033354951687,4.310765317989085e-05,9.91006578843212e-05,600,0
log_cosh,log_cosh,kl_stl,kl,1,14,32,100.0,1.0,0.1,16,3000,0.0001106810626616,0.0001024307029986,4.504581274732397e-05,0.0001551199751972,600,0
log_cosh,log_cosh,kl_stl,kl,1,15,32,100.0,1.0,0.1,16,3000,0.0001208077729462,0.0001104190687755,5.967249957398661e-05,0.0001398168479411,600,0
log_cosh,log_cosh,kl_stl,kl,1,16,32,100.0,1.0,0.1,16,3000,0.0001215309738719,0.0001158798190949,4.434690374123105e-05,0.0001948818178973,600,0
log_cosh,log_cosh,kl_stl,kl,1,17,32,100.0,1.0,0.1,16,3000,0.0001171432347311,0.0001100334180783,4.714900207124615e-05,9.875975170103855e-05,600,0
log_cosh,log_cosh,kl_stl,kl,1,18,32,100.0,1.0,0.1,16,3000,0.0001123337291764,0.0001084284894474,4.350971536749431e-05,7.960630950520908e-05,600,0
log_cosh,log_cosh,kl_stl,kl,1,19,32,100.0,1.0,0.1,16,3000,0.0001142750597448,0.0001057885925881,4.8980113955920494e-05,8.654847100331153e-05,600,0
