{
  "n": 5,
  "rho": 5.0,
  "m_features": 20,
  "target_seed": 123,
  "sample_seed": 2026,
  "K": 4096,
  "K_ref": 8192,
  "dt": 0.005,
  "T": 40.0,
  "F_star": 3.9808680557945095,
  "m_star_norm": 2.921320715775006e-05
}