run_id,experiment_group,potential_family,seed,N_theta,kappa_target,rho,M_mc,operator_estimator,backend,chunk_size,Lambda_hat_raw_forward,Lambda_hat_full_sym,Lambda_hat_diag,Lambda_hat_separable_exact,full_over_diag,full_minus_diag,diag_minus_exact,tau_H,tau_H_sq,coupling_bound_rate,tau_top_total,tau_top_longitudinal,tau_top_mixed,tau_top_transverse,tau_top_longitudinal_fraction,tau_top_mixed_fraction,tau_top_transverse_fraction,tau_top_X_longitudinal_norm_sq,tau_top_X_mixed_norm_sq,tau_top_X_transverse_norm_sq,tau_top_svd_gap,gamma_over_coupling_bound,gamma_loc,inverse_gamma_loc,self_adjoint_error_H_raw,self_adjoint_error_H_sym,self_adjoint_error_L_star,eig_residual_H,eig_residual_L_star,current_bound_rate,conjecture_bound_rate,lambda_over_logkappa,inverse_gamma_over_logkappa,runtime_seconds,status,error_message,family,quadrature_nodes,device,dtype,eigensolver,explicit_dense_max_N_theta,basis_block_size,torch_available,torch_version,cuda_available,cuda_version,device_name,gpu_available,diag_offdiag_norm,full_sym_minus_exact,operator_matrix_dim,dense_matrix_memory_mb,matrix_construction_runtime_seconds,eigh_runtime_seconds,gpu_peak_memory_mb,torch_accumulation_mode,separable_exact_status,Lambda_true,gamma_true,baseline_type,Lambda_hat,log_kappa_factor,Gamma_current,D_kappa,alpha_target,beta_target,L_A,L_A_is_empirical,norm_mean_grad,norm_mean_hess_minus_I,empirical_min_hess_eig,empirical_max_hess_eig
nglr_20260610_232251,natural_gradient_local_rate,product_feature,0,4,10.0,0.40481380963322205,32768,symmetrized,torch,262144,0.07249736121272075,0.07575581963988479,0.05485938460720261,,1.3809090310126926,0.020896435032682174,,0.0817266452797274,0.006679244548678387,0.33259284368729075,0.08172664527972744,0.06796350400763,0.003072377164232121,0.010690764107865298,0.831595421236366,0.03759333511997505,0.13081124364365873,0.8315954212363666,0.037593335119975875,0.1308112436436586,0.04039017781301812,2.8147410393443515,0.9361627265188582,1.0681903601508704,0.13152289756423752,5.551115123125783e-17,7.551998543026325e-16,5.1152286218529335e-17,3.961251597903749e-16,0.20754716981132074,0.04054578386931515,0.022938339969071422,0.3234406775519217,0.22007179260253906,ok,,product_feature,80,cuda,float64,auto,64,32,True,2.12.0+cu130,True,13.0,NVIDIA H200 NVL,True,0.029715849552947877,,14,0.001568,0.14282917976379395,0.005063056945800781,193.993216,generic_dense,not_separable,,,,0.07575581963988479,3.302585092994046,0.8181818181818183,20.663476804965537,0.18181818181818177,1.8181818181818183,2.021131193432172,True,4.20013991207289e-19,0.0,0.671830287255968,1.4090909090909092
nglr_20260610_232251,natural_gradient_local_rate,product_feature,1,4,10.0,0.416550284963479,32768,symmetrized,torch,262144,0.0732765435565941,0.07941920592980259,0.022190328875598037,,3.5790008510030344,0.057228877054204555,,0.0769921215010531,0.005927786773232923,0.33267598922376906,0.07699212150105311,0.04551646850411844,0.004824581830287779,0.026651071166646896,0.5911834563942475,0.06266331848281109,0.3461532251229414,0.5911834563942474,0.06266331848281138,0.34615322512294144,0.015737924138632745,2.7591529816147133,0.9179039475783867,1.08943860916842,0.14234012407098018,1.1102230246251565e-16,1.1102230246251565e-15,5.800471490058014e-17,4.916342217752931e-16,0.20754716981132074,0.04054578386931515,0.02404758808434002,0.3298745008809934,0.07054424285888672,ok,,product_feature,80,cuda,float64,auto,64,32,True,2.12.0+cu130,True,13.0,NVIDIA H200 NVL,True,0.06116899073180912,,14,0.001568,0.012045145034790039,0.0031507015228271484,193.994752,generic_dense,not_separable,,,,0.07941920592980259,3.302585092994046,0.8181818181818183,20.663476804965537,0.18181818181818177,1.8181818181818183,1.9641849921037797,True,3.8786350452013315e-19,0.0,0.5909090909090908,1.375169455999056
nglr_20260610_232251,natural_gradient_local_rate,product_feature,2,4,10.0,0.4441784884296173,32768,symmetrized,torch,262144,0.10353395330345806,0.10429600674205992,0.05386658288269213,,1.9361912555171803,0.05042942385936779,,0.09447029444700893,0.008924636532904566,0.33234464827017757,0.09447029444700891,0.06657853526775012,0.0011191801238215953,0.026772579055437194,0.7047563009883062,0.011846899921005067,0.28339679909068877,0.7047563009883058,0.011846899921004747,0.28339679909068854,0.028164907406482947,2.8031850655661947,0.9316235546518117,1.073394929751152,0.13446861730044218,3.469446951953614e-17,9.503011055220872e-16,3.6107676391371623e-17,7.663394974516388e-16,0.20754716981132074,0.04054578386931515,0.03158011188366009,0.3250165853495201,0.06244039535522461,ok,,product_feature,80,cuda,float64,auto,64,32,True,2.12.0+cu130,True,13.0,NVIDIA H200 NVL,True,0.034377810632297945,,14,0.001568,0.012109756469726562,0.0030868053436279297,193.994752,generic_dense,not_separable,,,,0.10429600674205992,3.302585092994046,0.8181818181818183,20.663476804965537,0.18181818181818177,1.8181818181818183,1.8420113524058335,True,5.115702304751672e-19,0.0,0.5909090909090908,1.4033487385886536
nglr_20260610_232251,natural_gradient_local_rate,random_feature,0,4,10.0,0.8366326923775164,32768,symmetrized,torch,262144,0.1033636705305531,0.10837871915700086,0.08313351924771341,,1.3036705307045187,0.025245199909287447,,0.07273174245069546,0.005289906359914295,0.33274660054717525,0.07273174245069536,0.038045302240328316,0.021854828568498814,0.012831611641868235,0.5230907573281243,0.3004854253741293,0.17642381729774656,0.5230907573281232,0.30048542537412815,0.176423817297746,0.012998939721622443,2.8185775391650574,0.9378720945357956,1.066243473738234,0.15056689820157232,2.7755575615628914e-17,5.296613927993504e-16,1.0261296271831153e-16,3.739928638505326e-16,0.20754716981132074,0.04054578386931515,0.03281632905898793,0.322851173766912,0.06119346618652344,ok,,random_feature,80,cuda,float64,auto,64,32,True,2.12.0+cu130,True,13.0,NVIDIA H200 NVL,True,0.043159914779635204,,14,0.001568,0.011822223663330078,0.0031027793884277344,122.690048,generic_dense,not_separable,,,,0.10837871915700086,3.302585092994046,0.8181818181818183,20.663476804965537,0.18181818181818177,1.8181818181818183,0.9779462667861268,True,4.680804115303049e-19,0.0,0.6478382486147571,1.4090909090909092
nglr_20260610_232251,natural_gradient_local_rate,random_feature,1,4,10.0,0.9364433168166253,32768,symmetrized,torch,262144,0.08697032383043737,0.10099090775399987,0.04189997064888537,,2.4102858830209333,0.0590909371051145,,0.08424247152767697,0.007096794009091465,0.33254666161470314,0.084242471527677,0.01038801723467992,0.06278909331358859,0.011065360979408485,0.12331092673684252,0.7453377396811046,0.13135133358205278,0.12331092673684263,0.7453377396811047,0.13135133358205328,0.009093615144651124,2.810482536206678,0.9346165849419549,1.0699574735902058,0.14458265810515122,1.1102230246251565e-16,8.881784197001252e-16,4.246530788431252e-17,2.600523494180257e-16,0.20754716981132074,0.04054578386931515,0.030579350693563472,0.3239757473198692,0.06113409996032715,ok,,random_feature,80,cuda,float64,auto,64,32,True,2.12.0+cu130,True,13.0,NVIDIA H200 NVL,True,0.045615021881980834,,14,0.001568,0.011827945709228516,0.0030782222747802734,122.690048,generic_dense,not_separable,,,,0.10099090775399987,3.302585092994046,0.8181818181818183,20.663476804965537,0.18181818181818177,1.8181818181818183,0.8737120586894369,True,3.2299932085041353e-19,0.0,0.6089341260083021,1.4090909090909092
nglr_20260610_232251,natural_gradient_local_rate,random_feature,2,4,10.0,0.7350360373496742,32768,symmetrized,torch,262144,0.12125451967017584,0.12331018957352785,0.01214856378746383,,10.15018661718452,0.11116162578606402,,0.10901556592835325,0.011884393614679134,0.3320180555801019,0.10901556592835313,0.10250130992573347,0.003448223109776113,0.0030660328928435523,0.9402447169159226,0.03163055734666684,0.028124725737410757,0.9402447169159195,0.031630557346668205,0.0281247257374108,0.02330860801422875,2.659806370290034,0.8831037392832655,1.1323697947554934,0.2272864441176529,1.1102230246251565e-16,6.661338147750939e-16,1.4285082634114602e-16,8.136278449847342e-16,0.20754716981132074,0.04054578386931515,0.0373374753719783,0.3428737679333838,0.06218576431274414,ok,,random_feature,80,cuda,float64,auto,64,32,True,2.12.0+cu130,True,13.0,NVIDIA H200 NVL,True,0.06107902763648667,,14,0.001568,0.01192164421081543,0.003307342529296875,122.690048,generic_dense,not_separable,,,,0.12331018957352785,3.302585092994046,0.8181818181818183,20.663476804965537,0.18181818181818177,1.8181818181818183,1.1131179651163003,True,2.039073915978264e-19,0.0,0.5909090909090908,1.4028840788726749
nglr_20260610_232251,natural_gradient_local_rate,additive_index,0,4,10.0,0.6902218290026932,32768,symmetrized,torch,262144,0.06281644187462429,0.07128678804468444,0.038783067707654335,,1.8380904930482094,0.032503720337030105,,0.05936841148651969,0.0035246082824327233,0.33294216975696783,0.05936841148651967,0.03157745238168623,0.016608902174857526,0.011182056929975908,0.5318897978069749,0.27975992213685524,0.1883502800561698,0.5318897978069739,0.2797599221368558,0.18835028005616977,0.009272716730286623,2.849919700628343,0.9488584487603288,1.0538979774132664,0.15771734991389083,4.163336342344337e-17,5.909296506201695e-16,5.902522491902194e-17,3.287014905352939e-16,0.20754716981132074,0.04054578386931515,0.021585148009027534,0.3191130425825992,0.06147170066833496,ok,,additive_index,80,cuda,float64,auto,64,32,True,2.12.0+cu130,True,13.0,NVIDIA H200 NVL,True,0.02796955910052184,,14,0.001568,0.011908769607543945,0.0033516883850097656,122.690048,generic_dense,not_separable,,,,0.07128678804468444,3.302585092994046,0.8181818181818183,20.663476804965537,0.18181818181818166,1.8181818181818183,1.1853896585160388,True,4.844816853695761e-19,0.0,0.5909090909090908,1.2863324553106017
nglr_20260610_232251,natural_gradient_local_rate,additive_index,1,4,10.0,0.8953485142491516,32768,symmetrized,torch,262144,0.06787297046111188,0.08113661312365635,0.04847876270927662,,1.6736527210941072,0.03265785041437973,,0.08120304289911737,0.006593934176075894,0.3326022808178249,0.0812030428991174,0.0012991561037127416,0.07345059823017336,0.0064532885652312955,0.01599885986202202,0.904530121136282,0.07947101900169602,0.015998859862022066,0.9045301211362824,0.07947101900169591,0.010992410018505289,2.7895485814597607,0.9278102206456444,1.077806622246649,0.1473344793301265,5.551115123125783e-17,4.111092380931279e-16,6.494217159638439e-17,4.494389680718465e-16,0.20754716981132074,0.04054578386931515,0.024567607143802555,0.3263524154254372,0.06151223182678223,ok,,additive_index,80,cuda,float64,auto,64,32,True,2.12.0+cu130,True,13.0,NVIDIA H200 NVL,True,0.06111679544693357,,14,0.001568,0.011939048767089844,0.003348827362060547,122.690048,generic_dense,not_separable,,,,0.08113661312365635,3.302585092994046,0.8181818181818183,20.663476804965537,0.18181818181818177,1.8181818181818183,0.913813788888625,True,3.103298916503157e-19,0.0,0.6357835222235197,1.4090909090909092
nglr_20260610_232251,natural_gradient_local_rate,additive_index,2,4,10.0,0.7309770101479575,32768,symmetrized,torch,262144,0.11149069902126396,0.11296831749777816,0.015243752735446495,,7.410794405966156,0.09772456476233167,,0.10967617321881762,0.012028862971924086,0.3320021306214559,0.10967617321881752,0.0975822112800045,0.008227053338619722,0.003866908600193297,0.8897302706333118,0.0750122209516349,0.035257508415053256,0.8897302706333104,0.07501222095163483,0.03525750841505313,0.02548307916139822,2.6840097786675154,0.8910969651264374,1.1222123283273784,0.11675498630291065,8.326672684688674e-17,6.661338147750939e-16,7.166108874958765e-17,3.4338762476989256e-16,0.20754716981132074,0.04054578386931515,0.03420602779847339,0.3397981571187942,0.06145024299621582,ok,,additive_index,80,cuda,float64,auto,64,32,True,2.12.0+cu130,True,13.0,NVIDIA H200 NVL,True,0.061295953283808824,,14,0.001568,0.011915922164916992,0.0033349990844726562,122.690048,generic_dense,not_separable,,,,0.11296831749777816,3.302585092994046,0.8181818181818183,20.663476804965537,0.18181818181818177,1.8181818181818183,1.1192989749653133,True,2.9962499489143953e-19,0.0,0.5909090909090908,1.3983959054434987
nglr_20260610_232251,natural_gradient_local_rate,radial_tail,0,4,10.0,0.32119202711001676,32768,symmetrized,torch,262144,0.22547148197552402,0.22908920297313315,0.22580431099200607,,1.0145475166824578,0.0032848919811270805,,1.4383294182735456e-17,2.068791515471116e-34,0.3333333333333333,1.4383294182735437e-17,2.9906203520678165e-18,1.729425467454891e-18,9.663248363212731e-18,,,,0.2079231860290747,0.12023848260927267,0.67183833136165,5.2934387255969306e-18,2.999999999999997,0.9999999999999989,1.000000000000001,0.12612124912122136,1.1102230246251565e-16,8.881784197001252e-16,3.565162733532823e-17,1.3011248059273408e-15,0.20754716981132074,0.04054578386931515,0.06936663144853181,0.3027931065641142,0.05764913558959961,ok,,radial_tail,80,cuda,float64,auto,64,32,True,2.12.0+cu130,True,13.0,NVIDIA H200 NVL,True,0.12405113313832057,,14,0.001568,0.009776830673217773,0.0031249523162841797,56.627712,generic_dense,not_separable,,,,0.22908920297313315,3.302585092994046,0.8181818181818183,20.663476804965537,0.18181818181818177,1.8181818181818183,2.547329164872356,True,4.344417688547221e-19,0.0,0.8322060830196283,1.4090909090909092
nglr_20260610_232251,natural_gradient_local_rate,radial_tail,1,4,10.0,0.32112304146536214,32768,symmetrized,torch,262144,0.2259127040330646,0.23306413776525126,0.22749281661375528,,1.0244900970255915,0.005571321151495973,,1.8026230484391766e-17,3.2494498547641505e-34,0.3333333333333333,1.8026230484391775e-17,9.478777207401952e-20,2.94157952786045e-18,1.49898631844573e-17,,,,0.005258324648411265,0.16318328617885222,0.8315583891727374,9.256794650723248e-18,3.0,1.0,1.0,0.16856477295660904,5.551115123125783e-17,6.511016505943482e-16,4.6531350234724415e-17,1.1370512990448447e-17,0.20754716981132074,0.04054578386931515,0.07057021430262704,0.30279310656411385,0.05850386619567871,ok,,radial_tail,80,cuda,float64,auto,64,32,True,2.12.0+cu130,True,13.0,NVIDIA H200 NVL,True,0.12684606295617018,,14,0.001568,0.010455846786499023,0.003064393997192383,56.627712,generic_dense,not_separable,,,,0.23306413776525126,3.302585092994046,0.8181818181818183,20.663476804965537,0.18181818181818177,1.8181818181818183,2.5478763979322587,True,4.448775680229867e-20,0.0,0.8318149279212395,1.4090909090909092
nglr_20260610_232251,natural_gradient_local_rate,radial_tail,2,4,10.0,0.3217321040893492,32768,symmetrized,torch,262144,0.26613477105848243,0.2706055949697283,0.26693755754270304,,1.0137411814987423,0.0036680374270252614,,1.2313540955505527e-17,1.5162329086291198e-34,0.3333333333333333,1.2313540955505538e-17,4.333360694503119e-19,1.7972872568539777e-18,1.008291762920125e-17,,,,0.03519183239136131,0.1459602289340169,0.8188479386746234,5.963681622281528e-18,3.0,1.0,1.0,0.09747044155698925,1.1102230246251565e-16,8.326472087445209e-16,9.796677087920007e-17,2.780557872985693e-18,0.20754716981132074,0.04054578386931515,0.08193750875451437,0.30279310656411385,0.058664798736572266,ok,,radial_tail,80,cuda,float64,auto,64,32,True,2.12.0+cu130,True,13.0,NVIDIA H200 NVL,True,0.1600974298779665,,14,0.001568,0.010769367218017578,0.0030660629272460938,56.627712,generic_dense,not_separable,,,,0.2706055949697283,3.302585092994046,0.8181818181818183,20.663476804965537,0.18181818181818177,1.8181818181818183,2.543053079821336,True,4.1344104510615604e-19,0.0,0.8307759726588708,1.4090909090909092
nglr_20260610_232251,natural_gradient_local_rate,product_feature,0,4,50.0,0.44163709985094224,32768,symmetrized,torch,262144,0.08926458316942362,0.09350861479279278,0.07056196963464154,,1.3251984784008335,0.022946645158151244,,0.08876210590433203,0.007878711444571857,0.33246021396911224,0.08876210590433203,0.07177479019605733,0.004197665544577203,0.012789650163697501,0.808619730962854,0.047291189205238726,0.14408907983190722,0.8086197309628541,0.04729118920523843,0.14408907983190727,0.044421354549014955,2.788059234138956,0.9269187695403964,1.078843187624564,0.06637314555109936,1.1102230246251565e-16,7.645394325673395e-16,3.480424074130707e-17,1.9444385364611536e-16,0.2015810276679842,0.02879078069520258,0.01903668095394889,0.21963317077960814,0.06334567070007324,ok,,product_feature,80,cuda,float64,auto,64,32,True,2.12.0+cu130,True,13.0,NVIDIA H200 NVL,True,0.04792850715653967,,14,0.001568,0.012749195098876953,0.003072500228881836,193.994752,generic_dense,not_separable,,,,0.09350861479279278,4.912023005428146,0.9607843137254903,30.7333408769506,0.039215686274509776,1.9607843137254903,2.175506346839444,True,4.2265453940684716e-19,0.0,0.6462947174077772,1.4803921568627452
nglr_20260610_232251,natural_gradient_local_rate,product_feature,1,4,50.0,0.47180991979659737,32768,symmetrized,torch,262144,0.07248933539549787,0.08558047681897558,0.043590697875578316,,1.9632738402869672,0.04198977894339727,,0.08709389654664622,0.007585346815677915,0.332492642663911,0.0870938965466462,0.05114928761528899,0.008702133472447885,0.02724247545890932,0.5872890023687731,0.09991668552557126,0.31279431210565545,0.5872890023687726,0.09991668552557177,0.31279431210565506,0.017881411782375373,2.7471697488903057,0.9134137296548905,1.0947941415089346,0.12834278265240417,2.220446049250313e-16,8.881784197001252e-16,5.984795992119984e-17,7.441539117159114e-16,0.2015810276679842,0.02879078069520258,0.01742265390947943,0.22288049960252765,0.06277751922607422,ok,,product_feature,80,cuda,float64,auto,64,32,True,2.12.0+cu130,True,13.0,NVIDIA H200 NVL,True,0.07033900963322,,14,0.001568,0.012416601181030273,0.003106832504272461,193.994752,generic_dense,not_separable,,,,0.08558047681897558,4.912023005428146,0.9607843137254903,30.7333408769506,0.039215686274509776,1.9607843137254903,2.0363800619955073,True,2.2155579130255453e-19,0.0,0.5196078431372548,1.3980631664025414
nglr_20260610_232251,natural_gradient_local_rate,product_feature,2,4,50.0,0.5263851452868888,32768,symmetrized,torch,262144,0.10586260710159526,0.10837872599900968,0.05720116055906818,,1.8946945296169913,0.051177565439941494,,0.11104313805753037,0.012330578509663749,0.3319688772321746,0.11104313805753033,0.07840423781761965,0.0012761417374253779,0.031362758502485315,0.70607008401545,0.011492306141098262,0.2824376098434519,0.7060700840154497,0.01149230614109838,0.2824376098434515,0.0325006878373557,2.7495789226885217,0.9127746278261607,1.0955606888214815,0.17096299133852516,1.1102230246251565e-16,6.659299801787464e-16,4.773297801637588e-17,3.8209622720815354e-16,0.2015810276679842,0.02879078069520258,0.022063969545591137,0.22303655492061142,0.06309819221496582,ok,,product_feature,80,cuda,float64,auto,64,32,True,2.12.0+cu130,True,13.0,NVIDIA H200 NVL,True,0.059618363696517296,,14,0.001568,0.012550830841064453,0.003306865692138672,193.994752,generic_dense,not_separable,,,,0.10837872599900968,4.912023005428146,0.9607843137254903,30.7333408769506,0.039215686274509776,1.9607843137254903,1.8252496718953695,True,5.988948239371295e-19,0.0,0.5196078431372548,1.4656574681420498
nglr_20260610_232251,natural_gradient_local_rate,random_feature,0,4,50.0,1.022245414128985,32768,symmetrized,torch,262144,0.09226848637528341,0.10061708364444019,0.07099126349537782,,1.4173164230411435,0.02962582014906237,,0.08873248124375036,0.007873453227672508,0.3324607951597583,0.08873248124375033,0.04727701131909444,0.025034035196648145,0.016421434728007743,0.5328038916123997,0.2821293267780829,0.18506678160951742,0.5328038916123994,0.28212932677808356,0.1850667816095175,0.01682799208584411,2.778557577682882,0.9237614616736229,1.082530546563668,0.09805188207956994,4.163336342344337e-17,4.601958813290993e-16,6.609226101568572e-17,2.2185478841180394e-16,0.2015810276679842,0.02879078069520258,0.020483838030329035,0.22038385108689276,0.06136512756347656,ok,,random_feature,80,cuda,float64,auto,64,32,True,2.12.0+cu130,True,13.0,NVIDIA H200 NVL,True,0.03591170744180729,,14,0.001568,0.011893033981323242,0.003328084945678711,122.690048,generic_dense,not_separable,,,,0.10061708364444019,4.912023005428146,0.9607843137254903,30.7333408769506,0.039215686274509776,1.9607843137254903,0.9398763745437163,True,2.7006559332715756e-19,0.0,0.5343155956010579,1.4803921568627452
nglr_20260610_232251,natural_gradient_local_rate,random_feature,1,4,50.0,1.1031077422265383,32768,symmetrized,torch,262144,0.12618827591223059,0.1350461396987101,0.05339971757246212,,2.5289673024104626,0.08164642212624798,,0.10277557188822466,0.010562818176951635,0.3321638047086327,0.10277557188822473,0.007517710050615414,0.08362375013381626,0.011634111703793052,0.07314685690867694,0.8136539510065938,0.11319919208472927,0.07314685690867698,0.8136539510065942,0.1131991920847298,0.01782012225039452,2.773737146176511,0.9213350837356549,1.0853814401003699,0.28749687980999356,5.551115123125783e-17,7.963000479291778e-16,7.372064542458735e-17,4.3395833598931407e-16,0.2015810276679842,0.02879078069520258,0.027492977852398938,0.22096424200394493,0.06134986877441406,ok,,random_feature,80,cuda,float64,auto,64,32,True,2.12.0+cu130,True,13.0,NVIDIA H200 NVL,True,0.042427970495093593,,14,0.001568,0.011911630630493164,0.0033233165740966797,122.690048,generic_dense,not_separable,,,,0.1350461396987101,4.912023005428146,0.9607843137254903,30.7333408769506,0.039215686274509776,1.9607843137254903,0.8709795761076075,True,2.1304110525813538e-19,0.0,0.5479787723594607,1.4803921568627452
nglr_20260610_232251,natural_gradient_local_rate,random_feature,2,4,50.0,0.8624357712319776,32768,symmetrized,torch,262144,0.13831700410214742,0.139676529159349,0.015503913598072884,,9.00911426497569,0.12417261556127612,,0.12856998238782238,0.016530240371204957,0.33150670482817474,0.12856998238782244,0.12171425203141577,0.0033094361489854796,0.0035462942074212084,0.9466770530019454,0.02574034846643126,0.027582598531623485,0.9466770530019452,0.025740348466432847,0.02758259853162344,0.028606850202382725,2.619234090258258,0.8682936624351371,1.1516840940604027,0.0935818558986251,1.1102230246251565e-16,5.179598299729954e-16,1.0104391982451027e-16,3.932010116355545e-16,0.2015810276679842,0.02879078069520258,0.02843564230155196,0.23446227609026,0.06145119667053223,ok,,random_feature,80,cuda,float64,auto,64,32,True,2.12.0+cu130,True,13.0,NVIDIA H200 NVL,True,0.06022086473318341,,14,0.001568,0.011913061141967773,0.003339529037475586,122.690048,generic_dense,not_separable,,,,0.139676529159349,4.912023005428146,0.9607843137254903,30.7333408769506,0.039215686274509776,1.9607843137254903,1.1140357876772935,True,4.382325845149849e-19,0.0,0.5196078431372548,1.445503756448056
nglr_20260610_232251,natural_gradient_local_rate,additive_index,0,4,50.0,1.0954185571626815,32768,symmetrized,torch,262144,0.1331193115649849,0.13578231393551574,0.11007657311979156,,1.2335259909276948,0.025705740815724173,,0.09552246728341568,0.009124541755911219,0.33232256961238005,0.09552246728341557,0.05791096319471496,0.020771287726535873,0.016840216362164706,0.6062548931330771,0.2174492380405897,0.17629586882633289,0.6062548931330758,0.2174492380405894,0.17629586882633264,0.016763011150703264,2.787193770203714,0.9262473957217157,1.0796251677672115,0.06190304188057438,8.326672684688674e-17,1.1102230246251565e-15,8.687917061040585e-17,7.844710335904596e-16,0.2015810276679842,0.02879078069520258,0.02764284975568443,0.2197923679457825,0.06138920783996582,ok,,additive_index,80,cuda,float64,auto,64,32,True,2.12.0+cu130,True,13.0,NVIDIA H200 NVL,True,0.05616099145127876,,14,0.001568,0.011891841888427734,0.003350496292114258,122.690048,generic_dense,not_separable,,,,0.13578231393551574,4.912023005428146,0.9607843137254903,30.7333408769506,0.039215686274509776,1.9607843137254903,0.8770933333593356,True,2.842728971280882e-19,0.0,0.5251561140743307,1.4803921568627452
nglr_20260610_232251,natural_gradient_local_rate,additive_index,1,4,50.0,1.039326780001506,32768,symmetrized,torch,262144,0.10251249398297942,0.11719469024217191,0.08149774806446246,,1.4380113932654208,0.035696942177709454,,0.09760393865580351,0.009526528841125856,0.332278180775854,0.09760393865580348,0.006823249073130349,0.08141382788454046,0.009366861698132676,0.06990751774057267,0.8341244114301901,0.09596807082923724,0.06990751774057255,0.8341244114301902,0.09596807082923657,0.017401204274137896,2.7928329343194624,0.9279974466265611,1.077589171861605,0.11392541887079954,9.71445146547012e-17,2.592744598204999e-16,6.005658020995735e-17,4.431854059636012e-16,0.2015810276679842,0.02879078069520258,0.023858742133875017,0.21937787560660646,0.061426639556884766,ok,,additive_index,80,cuda,float64,auto,64,32,True,2.12.0+cu130,True,13.0,NVIDIA H200 NVL,True,0.0525816965601409,,14,0.001568,0.01190495491027832,0.003331422805786133,122.690048,generic_dense,not_separable,,,,0.11719469024217191,4.912023005428146,0.9607843137254903,30.7333408769506,0.039215686274509776,1.9607843137254903,0.9244294789787847,True,2.8891243040882513e-19,0.0,0.5672786478137889,1.4803921568627452
nglr_20260610_232251,natural_gradient_local_rate,additive_index,2,4,50.0,0.8629777473875133,32768,symmetrized,torch,262144,0.1317909096359582,0.1323498414162667,0.013106989345230425,,10.097653849427155,0.11924285207103628,,0.1288042476290093,0.01659053420727515,0.33150007886727934,0.12880424762900933,0.11927889709448125,0.005449760215104089,0.004075590319423972,0.9260478539344166,0.042310407579110705,0.0316417384864726,0.9260478539344168,0.04231040757911028,0.03164173848647253,0.027878498338823388,2.623034077347244,0.8695360035121726,1.1500386366531872,0.08799696513950678,1.1102230246251565e-16,8.881784197001252e-16,2.084413007039651e-16,2.2971826326221923e-16,0.2015810276679842,0.02879078069520258,0.026944059763158765,0.23412729040200136,0.0625925064086914,ok,,additive_index,80,cuda,float64,auto,64,32,True,2.12.0+cu130,True,13.0,NVIDIA H200 NVL,True,0.05434846471905574,,14,0.001568,0.011902809143066406,0.0033271312713623047,122.690048,generic_dense,not_separable,,,,0.1323498414162667,4.912023005428146,0.9607843137254903,30.7333408769506,0.039215686274509776,1.9607843137254903,1.113336139470648,True,3.2581604371176303e-19,0.0,0.5196078431372548,1.46327441669495
nglr_20260610_232251,natural_gradient_local_rate,radial_tail,0,4,50.0,0.3774952885976224,32768,symmetrized,torch,262144,0.2888285305941458,0.2911617061858976,0.2886898425701238,,1.0085623504927208,0.002471863615773784,,1.3339688294136433e-17,1.7794728378472059e-34,0.3333333333333333,1.333968829413643e-17,5.255538726292293e-20,3.241602165707821e-18,1.0045530741165686e-17,,,,0.003939776260441116,0.24300434119833902,0.7530558825412197,5.328773780775421e-18,2.9999999999999996,0.9999999999999998,1.0000000000000002,0.14922328477057484,1.1102230246251565e-16,6.109998413533061e-16,6.73547019723902e-17,6.262091040450449e-16,0.2015810276679842,0.02879078069520258,0.05927531403337128,0.20358210840929017,0.05890297889709473,ok,,radial_tail,80,cuda,float64,auto,64,32,True,2.12.0+cu130,True,13.0,NVIDIA H200 NVL,True,0.16531576758985342,,14,0.001568,0.010854244232177734,0.0033028125762939453,56.627712,generic_dense,not_separable,,,,0.2911617061858976,4.912023005428146,0.9607843137254903,30.7333408769506,0.039215686274509776,1.9607843137254903,2.5451557747773745,True,5.281380990501186e-19,0.0,0.8020685664868414,1.4803921568627452
nglr_20260610_232251,natural_gradient_local_rate,radial_tail,1,4,50.0,0.3784028185939104,32768,symmetrized,torch,262144,0.326917062377843,0.3314224009793491,0.32732481038519645,,1.0125184234868436,0.004097590594152656,,9.291936142223984e-18,8.634007727116834e-35,0.3333333333333333,9.291936142223982e-18,2.090351782533471e-18,1.857143648974203e-18,5.344440710716308e-18,,,,0.22496407105453417,0.1998661657321404,0.5751697632133251,4.8657125308163046e-18,2.9999999999999982,0.9999999999999993,1.0000000000000007,0.16720373020194473,1.1102230246251565e-16,8.269919903298243e-16,1.2054221969847907e-16,8.550953249000322e-16,0.2015810276679842,0.02879078069520258,0.06747167116544507,0.20358210840929025,0.05732917785644531,ok,,radial_tail,80,cuda,float64,auto,64,32,True,2.12.0+cu130,True,13.0,NVIDIA H200 NVL,True,0.1978539490355038,,14,0.001568,0.00977325439453125,0.003124713897705078,56.627712,generic_dense,not_separable,,,,0.3314224009793491,4.912023005428146,0.9607843137254903,30.7333408769506,0.039215686274509776,1.9607843137254903,2.5390516838527377,True,1.9527624350843576e-19,0.0,0.799733360780753,1.4803921568627452
nglr_20260610_232251,natural_gradient_local_rate,radial_tail,2,4,50.0,0.37707930335881035,32768,symmetrized,torch,262144,0.29389513076829654,0.30384894441250576,0.29532973800984363,,1.028846422510889,0.008519206402662127,,1.378537950906749e-17,1.9003668820901785e-34,0.3333333333333333,1.3785379509067488e-17,1.9563956624038732e-18,1.9573511961764672e-18,9.871632650487147e-18,,,,0.14191815764789315,0.14198747266181516,0.7160943696902917,5.258011885377894e-18,2.9999999999999987,0.9999999999999994,1.0000000000000007,0.2417247963405072,1.6653345369377348e-16,8.881784197001252e-16,1.1467558764409753e-16,7.578290499941253e-16,0.2015810276679842,0.02879078069520258,0.06185820874143512,0.20358210840929025,0.05750560760498047,ok,,radial_tail,80,cuda,float64,auto,64,32,True,2.12.0+cu130,True,13.0,NVIDIA H200 NVL,True,0.1733059502745419,,14,0.001568,0.009778976440429688,0.003122568130493164,56.627712,generic_dense,not_separable,,,,0.30384894441250576,4.912023005428146,0.9607843137254903,30.7333408769506,0.039215686274509776,1.9607843137254903,2.5479635322526692,True,1.5717796658756168e-19,0.0,0.8013156639658907,1.4803921568627452
nglr_20260610_232251,natural_gradient_local_rate,product_feature,0,4,100.0,0.5053041228892152,32768,symmetrized,torch,262144,0.12197986696721762,0.1287002582067466,0.10239611865555155,,1.2568860997522677,0.026304139551195052,,0.10166405491713024,0.010335580062193274,0.3321888784171166,0.10166405491713025,0.08293256043825617,0.00381680006254713,0.014914694416326955,0.8157510587774337,0.03754326015874864,0.14670568106381768,0.8157510587774331,0.03754326015875015,0.14670568106381754,0.051222079160063196,2.7714155375938176,0.9206334190610604,1.0862086681796586,0.10112380606126595,5.551115123125783e-17,6.661338147750939e-16,4.2741224370926723e-17,6.010960777023901e-16,0.20079522862823063,0.02559495781739623,0.02296099028865776,0.19378692031420974,0.06271648406982422,ok,,product_feature,80,cuda,float64,auto,64,32,True,2.12.0+cu130,True,13.0,NVIDIA H200 NVL,True,0.06437435841486906,,14,0.001568,0.012154102325439453,0.0030851364135742188,193.994752,generic_dense,not_separable,,,,0.1287002582067466,5.605170185988092,0.9801980198019802,35.07019527574005,0.01980198019801971,1.9801980198019802,1.939817973772762,True,4.422416904974682e-19,0.0,0.5946863878664517,1.49009900990099
nglr_20260610_232251,natural_gradient_local_rate,product_feature,1,4,100.0,0.4770306074001395,32768,symmetrized,torch,262144,0.09001812025847265,0.09274324777094932,0.02873605332273007,,3.2274177225857907,0.06400719444821926,,0.08774248689627119,0.007698744006742322,0.3324801069231548,0.0877424868962712,0.05593139376904907,0.0037341062200512767,0.02807698690717087,0.6374493788302459,0.042557560791110484,0.3199930603786438,0.6374493788302458,0.04255756079111107,0.31999306037864383,0.016883077790245588,2.7529040004939827,0.9152858164334199,1.0925548960178193,0.1479846811348402,1.1102230246251565e-16,4.440892098500626e-16,8.184512867496668e-17,9.426239000286402e-16,0.20079522862823063,0.02559495781739623,0.016546018174932602,0.19491912997557295,0.06541228294372559,ok,,product_feature,80,cuda,float64,auto,64,32,True,2.12.0+cu130,True,13.0,NVIDIA H200 NVL,True,0.05037814949411637,,14,0.001568,0.012131214141845703,0.0030901432037353516,193.994752,generic_dense,not_separable,,,,0.09274324777094932,5.605170185988092,0.9801980198019802,35.07019527574005,0.01980198019801982,1.9801980198019802,2.0547906247444985,True,2.672883236843338e-19,0.0,0.5099009900990099,1.3987119308417515
nglr_20260610_232251,natural_gradient_local_rate,product_feature,2,4,100.0,0.5320947065543287,32768,symmetrized,torch,262144,0.1212776625211889,0.1246662453211763,0.07303103205683278,,1.7070311319736104,0.05163521326434352,,0.11111178898484424,0.012345829651412553,0.3319671965139937,0.11111178898484422,0.07711880206345009,0.0013379793152298414,0.032655007606164285,0.6940649841752542,0.01204174037205308,0.29389327545269267,0.6940649841752535,0.012041740372053286,0.29389327545269245,0.030615349656693755,2.736022074963297,0.9082695778259656,1.1009947095152084,0.1910919692774743,1.1102230246251565e-16,4.761994735428639e-16,4.426944975590862e-17,3.755435940409796e-16,0.20079522862823063,0.02559495781739623,0.02224129530140214,0.19642484937700827,0.06344795227050781,ok,,product_feature,80,cuda,float64,auto,64,32,True,2.12.0+cu130,True,13.0,NVIDIA H200 NVL,True,0.08631457239598869,,14,0.001568,0.013065099716186523,0.003077268600463867,193.994752,generic_dense,not_separable,,,,0.1246662453211763,5.605170185988092,0.9801980198019802,35.07019527574005,0.01980198019801982,1.9801980198019802,1.8421495416660354,True,5.228753311547451e-19,0.0,0.5099009900990099,1.4855499762331568
nglr_20260610_232251,natural_gradient_local_rate,random_feature,0,4,100.0,1.0053347863124915,32768,symmetrized,torch,262144,0.1269455454957951,0.13163658033487252,0.10015071891639321,,1.3143847768558108,0.03148586141847931,,0.08867444317365365,0.00786315687215753,0.3324619332216857,0.08867444317365367,0.044058029311081034,0.028460945945055535,0.016155467917517097,0.49685149107506604,0.32095996237968655,0.1821885465452474,0.4968514910750661,0.32095996237968694,0.1821885465452475,0.018038378168657665,2.798177938342682,0.930287646879679,1.0749363418445321,0.24676192054538815,6.245004513516506e-17,9.108245573994505e-16,8.616181336592895e-17,6.925029369860783e-16,0.20079522862823063,0.02559495781739623,0.02348484987377191,0.19177586160214688,0.061380863189697266,ok,,random_feature,80,cuda,float64,auto,64,32,True,2.12.0+cu130,True,13.0,NVIDIA H200 NVL,True,0.05478316932199902,,14,0.001568,0.011885881423950195,0.0033261775970458984,122.690048,generic_dense,not_separable,,,,0.13163658033487252,5.605170185988092,0.9801980198019802,35.07019527574005,0.01980198019801971,1.9801980198019802,0.9749966211726231,True,6.964687199908879e-19,0.0,0.5099009900990099,1.430842699858548
nglr_20260610_232251,natural_gradient_local_rate,random_feature,1,4,100.0,1.135978382152223,32768,symmetrized,torch,262144,0.10388410186366859,0.11902996367946309,0.06646834346745008,,1.7907767437855997,0.05256162021201301,,0.10399894891355632,0.010815781375124497,0.3321358969173703,0.10399894891355632,0.01594208780494375,0.07510703952444826,0.012949821584164321,0.15329085506618703,0.7221903712399733,0.12451877369383975,0.15329085506618698,0.7221903712399733,0.1245187736938401,0.014518927619570493,2.7748467735969835,0.9216262219569052,1.0850385722279932,0.25313348142414066,1.1102230246251565e-16,7.520838179760297e-16,6.718555132733216e-17,5.368011966644406e-16,0.20079522862823063,0.02559495781739623,0.021235744808786785,0.19357816733921704,0.06135153770446777,ok,,random_feature,80,cuda,float64,auto,64,32,True,2.12.0+cu130,True,13.0,NVIDIA H200 NVL,True,0.06364032990521655,,14,0.001568,0.01190638542175293,0.003322124481201172,122.690048,generic_dense,not_separable,,,,0.11902996367946309,5.605170185988092,0.9801980198019802,35.07019527574005,0.01980198019801982,1.9801980198019802,0.8628667897226164,True,2.7715766647647767e-19,0.0,0.5532388606368107,1.49009900990099
nglr_20260610_232251,natural_gradient_local_rate,random_feature,2,4,100.0,0.8770153523244111,32768,symmetrized,torch,262144,0.15387949227860243,0.1560089193369823,0.03249728651265553,,4.800675258724362,0.12351163282432677,,0.13073624615547277,0.01709196605882437,0.33144498452471205,0.13073624615547275,0.12045813100003643,0.0058750814485371205,0.004403033706899185,0.9213828187845207,0.044938428487157414,0.033678752728321854,0.9213828187845199,0.04493842848715856,0.03367875272832205,0.02833373673002816,2.6303439902944508,0.8718143231578136,1.1470332310874212,0.09446439386788108,6.938893903907228e-17,7.639265759597241e-16,1.2353892639444482e-16,3.8289870333611516e-16,0.20079522862823063,0.02559495781739623,0.027833038812447888,0.20463843077500057,0.061411380767822266,ok,,random_feature,80,cuda,float64,auto,64,32,True,2.12.0+cu130,True,13.0,NVIDIA H200 NVL,True,0.054001880354043,,14,0.001568,0.011919260025024414,0.003340005874633789,122.690048,generic_dense,not_separable,,,,0.1560089193369823,5.605170185988092,0.9801980198019802,35.07019527574005,0.01980198019801982,1.9801980198019802,1.1176520652735409,True,2.506060587309024e-19,0.0,0.5099009900990099,1.452417297818791
nglr_20260610_232251,natural_gradient_local_rate,additive_index,0,4,100.0,1.1374884722024152,32768,symmetrized,torch,262144,0.09516522979465791,0.10921497973597284,0.08588573040544496,,1.2716312619150627,0.02332924933052788,,0.09883179749561269,0.009767724196213794,0.33225155282275454,0.09883179749561284,0.051174525401199024,0.029146527812468903,0.018510744281944908,0.5177941381008543,0.294910429143644,0.18729543275550162,0.5177941381008562,0.29491042914364407,0.18729543275550206,0.017070232560214615,2.752295549397508,0.9144544701144783,1.0935481565034204,0.10201572053612973,5.551115123125783e-17,1.097889699343089e-15,5.276133718778655e-17,4.3322265993428383e-16,0.20079522862823063,0.02559495781739623,0.019484685765472468,0.1950963343159664,0.06135058403015137,ok,,additive_index,80,cuda,float64,auto,64,32,True,2.12.0+cu130,True,13.0,NVIDIA H200 NVL,True,0.04009109915591959,,14,0.001568,0.011887788772583008,0.0033338069915771484,122.690048,generic_dense,not_separable,,,,0.10921497973597284,5.605170185988092,0.9801980198019802,35.07019527574005,0.01980198019801971,1.9801980198019802,0.8617212778465457,True,3.1502737824603217e-19,0.0,0.5407453937777188,1.49009900990099
nglr_20260610_232251,natural_gradient_local_rate,additive_index,1,4,100.0,1.1637407679849465,32768,symmetrized,torch,262144,0.12007139508823231,0.12350622212338473,0.07311595037734629,,1.6891830234849958,0.05039027174603844,,0.10637841924576466,0.011316368081227672,0.3320806842481274,0.10637841924576465,0.003537642656894237,0.09490141033467189,0.00793936625419851,0.033255266265249425,0.892111492232484,0.07463324150226652,0.033255266265249515,0.8921114922324833,0.0746332415022671,0.01477224517455751,2.7510410344144756,0.9135675891030354,1.094609760600008,0.12157432762429486,9.71445146547012e-17,4.440892098500626e-16,4.184964209138643e-17,5.227364038615366e-16,0.20079522862823063,0.02559495781739623,0.022034339373339255,0.19528573161548846,0.06138277053833008,ok,,additive_index,80,cuda,float64,auto,64,32,True,2.12.0+cu130,True,13.0,NVIDIA H200 NVL,True,0.04792457405518217,,14,0.001568,0.01191568374633789,0.003335714340209961,122.690048,generic_dense,not_separable,,,,0.12350622212338473,5.605170185988092,0.9801980198019802,35.07019527574005,0.01980198019801982,1.9801980198019802,0.8422821016223602,True,1.8515894096437205e-19,0.0,0.5099009900990099,1.4899915440667797
nglr_20260610_232251,natural_gradient_local_rate,additive_index,2,4,100.0,0.8785691977060832,32768,symmetrized,torch,262144,0.14300136026401145,0.14408974759413115,0.018279326272623343,,7.882661835843047,0.1258104213215078,,0.12934676488302133,0.0167305855857036,0.3314846890133705,0.12934676488302133,0.11760072045841818,0.007129661332233896,0.004616383092369248,0.9091894997511067,0.05512052302724248,0.03568997722165076,0.909189499751106,0.05512052302724305,0.035689977221650966,0.027587358420537014,2.6100716488568687,0.8651987888239343,1.1558037446623117,0.07359960408216931,5.551115123125783e-17,1.0668109465128282e-15,1.1254606398760613e-16,4.803398873064685e-16,0.20079522862823063,0.02559495781739623,0.02570657853606825,0.20620314929091918,0.0613863468170166,ok,,additive_index,80,cuda,float64,auto,64,32,True,2.12.0+cu130,True,13.0,NVIDIA H200 NVL,True,0.044902087824362794,,14,0.001568,0.011914253234863281,0.0033426284790039062,122.690048,generic_dense,not_separable,,,,0.14408974759413115,5.605170185988092,0.9801980198019802,35.07019527574005,0.01980198019801982,1.9801980198019802,1.11567537578286,True,4.246222160452528e-19,0.0,0.5099009900990099,1.4784994042406183
nglr_20260610_232251,natural_gradient_local_rate,radial_tail,0,4,100.0,0.3844291554527936,32768,symmetrized,torch,262144,0.2563014251118957,0.2663921777340409,0.25604566728315525,,1.0404088480022733,0.010346510450885638,,1.3509411388509433e-17,1.8250419606398834e-34,0.3333333333333333,1.3509411388509448e-17,1.0646972925381178e-19,8.930784784536398e-18,4.472156874719238e-18,,,,0.007881152345717336,0.6610787493030649,0.33104009835121956,2.6532669424919787e-18,2.9999999999999973,0.9999999999999991,1.0000000000000009,0.2718378298565495,2.220446049250313e-16,3.549850614561024e-16,5.076104428597243e-17,1.1423502710626213e-15,0.20079522862823063,0.02559495781739623,0.047526153336070506,0.17840671501818436,0.058933258056640625,ok,,radial_tail,80,cuda,float64,auto,64,32,True,2.12.0+cu130,True,13.0,NVIDIA H200 NVL,True,0.1363225689992924,,14,0.001568,0.010848522186279297,0.0033082962036132812,56.627712,generic_dense,not_separable,,,,0.2663921777340409,5.605170185988092,0.9801980198019802,35.07019527574005,0.01980198019801971,1.9801980198019802,2.5497494295079415,True,4.715061519293823e-19,0.0,0.7995090478382949,1.49009900990099
nglr_20260610_232251,natural_gradient_local_rate,radial_tail,1,4,100.0,0.38651848829071095,32768,symmetrized,torch,262144,0.34230360955842887,0.3483070752441499,0.3473557688763856,,1.0027387089923439,0.0009513063677643041,,1.2787426427255964e-17,1.6351827463248422e-34,0.3333333333333333,1.2787426427255958e-17,2.792789386851492e-18,7.791238607196119e-18,2.2033984332083483e-18,,,,0.2184012086199579,0.6092890271172438,0.17230976426279757,4.52521568069335e-18,2.9999999999999987,0.9999999999999994,1.0000000000000007,0.2541112175755769,5.551115123125783e-17,4.1891121289986473e-16,1.0783277717711582e-16,8.49881906797917e-16,0.20079522862823063,0.02559495781739623,0.062140321111900286,0.1784067150181843,0.059867143630981445,ok,,radial_tail,80,cuda,float64,auto,64,32,True,2.12.0+cu130,True,13.0,NVIDIA H200 NVL,True,0.21728181134018584,,14,0.001568,0.010863780975341797,0.003317117691040039,56.627712,generic_dense,not_separable,,,,0.3483070752441499,5.605170185988092,0.9801980198019802,35.07019527574005,0.01980198019801982,1.9801980198019802,2.5359667118038267,True,2.1402318238237044e-19,0.0,0.7949797229149512,1.49009900990099
nglr_20260610_232251,natural_gradient_local_rate,radial_tail,2,4,100.0,0.38581312005691937,32768,symmetrized,torch,262144,0.3042914218801577,0.31063685158566995,0.3058588133984296,,1.0156217116458117,0.004778038187240374,,1.4702539475735047e-17,2.1616466703554737e-34,0.3333333333333333,1.4702539475735056e-17,7.703898383308123e-18,8.655490684295567e-19,6.133092023997381e-18,,,,0.5239841998739453,0.05887071888894141,0.41714508123711497,9.340050943749484e-18,2.999999999999998,0.9999999999999992,1.0000000000000009,0.13691734798108543,1.942890293094024e-16,1.7763568394002505e-15,1.0664361595722268e-16,1.0453885296648513e-15,0.20079522862823063,0.02559495781739623,0.0554197002549906,0.17840671501818436,0.0600283145904541,ok,,radial_tail,80,cuda,float64,auto,64,32,True,2.12.0+cu130,True,13.0,NVIDIA H200 NVL,True,0.17931214088267514,,14,0.001568,0.01084756851196289,0.0033218860626220703,56.627712,generic_dense,not_separable,,,,0.31063685158566995,5.605170185988092,0.9801980198019802,35.07019527574005,0.01980198019801982,1.9801980198019802,2.5406031284197144,True,3.501894052271463e-19,0.0,0.7966358837064831,1.49009900990099
nglr_20260610_232251,natural_gradient_local_rate,product_feature,0,8,10.0,0.4915522587801715,32768,symmetrized,torch,262144,0.11413233955958767,0.150300216775899,0.09087735287069032,,1.6538797844360813,0.05942286390520868,,0.08344330367374314,0.006962784927988515,0.33256148197522445,0.0834433036737432,0.012280825823050961,0.04394841589975365,0.0272140619509386,0.1471756903474008,0.5266859527948285,0.3261383568577709,0.14717569034740083,0.5266859527948292,0.3261383568577711,0.011566436047745918,2.8099361131324034,0.9344765180390141,1.0701178474751682,0.15975442107986876,5.551115123125783e-17,1.3322676295501878e-15,6.967127365195468e-17,4.3422263169012153e-16,0.20754716981132074,0.04054578386931515,0.0455098695548342,0.32402430742670874,0.08781099319458008,ok,,product_feature,80,cuda,float64,auto,64,32,True,2.12.0+cu130,True,13.0,NVIDIA H200 NVL,True,0.10632917235465332,,44,0.015488,0.03280138969421387,0.004647493362426758,522.21696,generic_dense,not_separable,,,,0.150300216775899,3.302585092994046,0.8181818181818183,20.663476804965537,0.18181818181818177,1.8181818181818183,1.6644859291506575,True,4.405912599705324e-19,0.0,0.663091245194851,1.4090909090909092
nglr_20260610_232251,natural_gradient_local_rate,product_feature,1,8,10.0,0.485466810394454,32768,symmetrized,torch,262144,0.10555271568606839,0.14434035882373547,0.07135377563055743,,2.0228832678886493,0.07298658319317804,,0.09135131581511043,0.008345062901152044,0.33240867622932585,0.09135131581511041,0.05939865465149782,0.0019030840452658093,0.03004957711834679,0.6502222121432508,0.02083258493087869,0.32894520292587065,0.6502222121432493,0.02083258493088135,0.32894520292587004,0.030532378018314862,2.7413629552402767,0.911252831015533,1.0973902806815579,0.3695291145265616,2.220446049250313e-16,1.9984014443252818e-15,1.8688538490826325e-16,9.717082235594342e-16,0.20754716981132074,0.04054578386931515,0.04370526565081777,0.33228221220083376,0.06934475898742676,ok,,product_feature,80,cuda,float64,auto,64,32,True,2.12.0+cu130,True,13.0,NVIDIA H200 NVL,True,0.11324935150692933,,44,0.015488,0.015096426010131836,0.003917694091796875,522.218496,generic_dense,not_separable,,,,0.14434035882373547,3.302585092994046,0.8181818181818183,20.663476804965537,0.18181818181818177,1.8181818181818183,1.6853506782822598,True,6.399371586554299e-19,0.0,0.5909090909090908,1.3788389903233464
nglr_20260610_232251,natural_gradient_local_rate,product_feature,2,8,10.0,0.5386041330372114,32768,symmetrized,torch,262144,0.13317197343043716,0.16461351946111571,0.07237300993726632,,2.274515314532371,0.09224050952384939,,0.07191071778126815,0.005171151331817195,0.332759749659125,0.0719107177812682,0.04416753125465872,0.0025748085131279868,0.025168378013481492,0.6141995604744719,0.035805629432872806,0.34999481009265526,0.6141995604744716,0.03580562943287525,0.34999481009265515,0.013364155238267207,2.7939050857396057,0.9296991569020674,1.0756167654622688,0.47579321192232854,2.220446049250313e-16,6.76226863778313e-16,1.2728770152530128e-16,8.887478668093666e-16,0.20754716981132074,0.04054578386931515,0.04984383894008344,0.32568934188676424,0.06899261474609375,ok,,product_feature,80,cuda,float64,auto,64,32,True,2.12.0+cu130,True,13.0,NVIDIA H200 NVL,True,0.07602161020479394,,44,0.015488,0.01405954360961914,0.003955364227294922,522.218496,generic_dense,not_separable,,,,0.16461351946111571,3.302585092994046,0.8181818181818183,20.663476804965537,0.18181818181818166,1.8181818181818183,1.5190782394632891,True,5.24000535688222e-19,0.0,0.6219308618645727,1.4090909090909092
nglr_20260610_232251,natural_gradient_local_rate,random_feature,0,8,10.0,1.0129242912430272,32768,symmetrized,torch,262144,0.15742749748828475,0.18394236105063316,0.10091865306203562,,1.8226795093822954,0.08302370798859754,,0.12013222308625196,0.01443175102364501,0.3317374824161862,0.12013222308625203,0.09011349242358266,0.004812689941311602,0.025206040721357768,0.7501192445167967,0.040061607266321936,0.20981914821688133,0.7501192445167971,0.04006160726632256,0.20981914821688144,0.042806194295531785,2.7655752032198055,0.9174449553487709,1.089983648795415,0.6861968823849361,1.1102230246251565e-16,2.886579864025407e-15,9.950828141756574e-17,4.852299795416333e-16,0.20754716981132074,0.04054578386931515,0.05569647893125907,0.3300395351228518,0.06682610511779785,ok,,random_feature,80,cuda,float64,auto,64,32,True,2.12.0+cu130,True,13.0,NVIDIA H200 NVL,True,0.09904337028119746,,44,0.015488,0.014250516891479492,0.00395512580871582,354.441728,generic_dense,not_separable,,,,0.18394236105063316,3.302585092994046,0.8181818181818183,20.663476804965537,0.18181818181818177,1.8181818181818183,0.8077423211736512,True,3.920860428198523e-19,0.0,0.6173177145958424,1.4090909090909092
nglr_20260610_232251,natural_gradient_local_rate,random_feature,1,8,10.0,0.9440237093557817,32768,symmetrized,torch,262144,0.08122272859195352,0.11559773552663369,0.06400116611570386,,1.8061817079653126,0.05159656941092983,,0.14328630558673333,0.02053096536869473,0.3310676207148027,0.14328630558673344,0.10152630404857083,0.0027421085778228673,0.039017892960339744,0.7085555289658534,0.019137269026473894,0.27230720200767267,0.7085555289658539,0.019137269026474522,0.27230720200767294,0.04724221026922974,2.6512038218885565,0.877727741342636,1.1393054507657778,0.5874325746944666,2.220446049250313e-16,1.3322676295501878e-15,1.2803158694352107e-16,5.506765190838693e-16,0.20754716981132074,0.04054578386931515,0.03500219745188624,0.3449738367627979,0.06716799736022949,ok,,random_feature,80,cuda,float64,auto,64,32,True,2.12.0+cu130,True,13.0,NVIDIA H200 NVL,True,0.12534066144628853,,44,0.015488,0.014674186706542969,0.003899812698364258,354.441728,generic_dense,not_separable,,,,0.11559773552663369,3.302585092994046,0.8181818181818183,20.663476804965537,0.18181818181818177,1.8181818181818183,0.8666962599277933,True,2.9532302158890153e-19,0.0,0.5909090909090908,1.4010542285795173
nglr_20260610_232251,natural_gradient_local_rate,random_feature,2,8,10.0,0.9478894604353036,32768,symmetrized,torch,262144,0.09835822860481844,0.1283735898199216,0.0905583246405955,,1.4175791163253728,0.03781526517932611,,0.0960564513307725,0.009226841842261064,0.3323112721498243,0.09605645133077242,0.05739333943599442,0.007507158992445338,0.03115595290233265,0.5974959374499401,0.07815361580029931,0.3243504467497604,0.5974959374499397,0.07815361580029893,0.32435044674976,0.01018901022174043,2.793969089192107,0.9284674223767151,1.0770437130041397,0.7466811797614838,6.938893903907228e-17,1.921308094222252e-15,4.457198514787589e-17,6.72413335672718e-16,0.20754716981132074,0.04054578386931515,0.038870638062361365,0.32612141176587134,0.06690311431884766,ok,,random_feature,80,cuda,float64,auto,64,32,True,2.12.0+cu130,True,13.0,NVIDIA H200 NVL,True,0.09199633863842838,,44,0.015488,0.013980865478515625,0.003963470458984375,354.441728,generic_dense,not_separable,,,,0.1283735898199216,3.302585092994046,0.8181818181818183,20.663476804965537,0.18181818181818177,1.8181818181818183,0.8631616368073982,True,5.377638654822869e-19,0.0,0.6858316308863709,1.4090909090909092
nglr_20260610_232251,natural_gradient_local_rate,additive_index,0,8,10.0,0.9959315490887,32768,symmetrized,torch,262144,0.1145590871569898,0.15437727248888405,0.07945632386330141,,1.9429198958975054,0.07492094862558264,,0.1187325250894061,0.014097412514106449,0.33177428036935414,0.1187325250894062,0.0876333979314221,0.005776828800326936,0.025322298357657154,0.7380740691350891,0.048654139175234035,0.21327179168967672,0.7380740691350902,0.04865413917523374,0.21327179168967703,0.04193427472334654,2.7685532561766117,0.9185347642322275,1.0886904218980396,0.6398289475692363,1.1102230246251565e-16,1.994374226161161e-15,4.535037674752198e-17,3.1540154921793175e-16,0.20754716981132074,0.04054578386931515,0.04674437391980391,0.32964795493310317,0.0672140121459961,ok,,additive_index,80,cuda,float64,auto,64,32,True,2.12.0+cu130,True,13.0,NVIDIA H200 NVL,True,0.09988821007435106,,44,0.015488,0.014231204986572266,0.003972291946411133,354.441728,generic_dense,not_separable,,,,0.15437727248888405,3.302585092994046,0.8181818181818183,20.663476804965537,0.18181818181818177,1.8181818181818183,0.8215241488538778,True,5.739010074918474e-19,0.0,0.6266889803943607,1.4090909090909092
nglr_20260610_232251,natural_gradient_local_rate,additive_index,1,8,10.0,0.923845806687835,32768,symmetrized,torch,262144,0.07784654070462849,0.1332090788930344,0.07738947329863619,,1.7212816319216624,0.05581960559439822,,0.14179575959686308,0.02010603743965139,0.3311142018204658,0.14179575959686277,0.09979627340581457,0.0022094393823230115,0.03979004680872518,0.703802946502376,0.015581843833726993,0.28061520966389697,0.7038029465023725,0.015581843833728206,0.2806152096638955,0.04812447199178309,2.6766654356425903,0.8862819392632257,1.1283091256844398,0.5324294360342262,1.1102230246251565e-16,8.881784197001252e-16,1.0774209652069769e-16,9.358790950305519e-16,0.20754716981132074,0.04054578386931515,0.04033479082056601,0.3416442253306307,0.06850266456604004,ok,,additive_index,80,cuda,float64,auto,64,32,True,2.12.0+cu130,True,13.0,NVIDIA H200 NVL,True,0.11146641247561118,,44,0.015488,0.014319181442260742,0.0038857460021972656,354.441728,generic_dense,not_separable,,,,0.1332090788930344,3.302585092994046,0.8181818181818183,20.663476804965537,0.18181818181818177,1.8181818181818183,0.8856259478139079,True,7.437903033523298e-19,0.0,0.6056964580297746,1.4090909090909092
nglr_20260610_232251,natural_gradient_local_rate,additive_index,2,8,10.0,0.9059853531842458,32768,symmetrized,torch,262144,0.10188969798497155,0.11297069217361504,0.06323211998650836,,1.7866029511222972,0.04973857218710667,,0.09209823214067142,0.008482084363437002,0.3323935366600627,0.09209823214067138,0.04971979082645793,0.010026193241170397,0.03235224807304306,0.5398560826934835,0.10886412266694034,0.3512797946395762,0.5398560826934837,0.10886412266693882,0.351279794639576,0.008748026434226328,2.7934175321819628,0.9285139328901871,1.0769897624339335,0.47611635424758847,1.1102230246251565e-16,1.1448637342301035e-15,5.2482038922785684e-17,1.6813934006731402e-15,0.20754716981132074,0.04054578386931515,0.03420674683394712,0.32610507590511767,0.07120966911315918,ok,,additive_index,80,cuda,float64,auto,64,32,True,2.12.0+cu130,True,13.0,NVIDIA H200 NVL,True,0.07839985677450981,,44,0.015488,0.014620542526245117,0.0038909912109375,354.441728,generic_dense,not_separable,,,,0.11297069217361504,3.302585092994046,0.8181818181818183,20.663476804965537,0.18181818181818177,1.8181818181818183,0.9030850391854278,True,3.9475154393421663e-19,0.0,0.6889753054346257,1.4090909090909092
nglr_20260610_232251,natural_gradient_local_rate,radial_tail,0,8,10.0,0.6171546416462405,32768,symmetrized,torch,262144,0.2540461926412984,0.28976050910076406,0.2593484576659034,,1.1172632824138014,0.030412051434860643,,2.5472011029858842e-17,6.488233459052505e-34,0.3333333333333333,2.5472011029858836e-17,3.073967665589658e-20,3.3401947366985167e-18,2.210107661650442e-17,,,,0.0012068021099654385,0.1311319602045973,0.8676612376854363,6.534423755339393e-18,2.999999999999997,0.9999999999999989,1.000000000000001,0.41015007135875686,1.1102230246251565e-16,1.7763568394002505e-15,8.217193943323567e-17,1.2806534498127865e-15,0.20754716981132074,0.04054578386931515,0.08773748471021954,0.3027931065641142,0.06485676765441895,ok,,radial_tail,80,cuda,float64,auto,64,32,True,2.12.0+cu130,True,13.0,NVIDIA H200 NVL,True,0.19710688231843695,,44,0.015488,0.013849973678588867,0.003902912139892578,120.60416,generic_dense,not_separable,,,,0.28976050910076406,3.302585092994046,0.8181818181818181,20.663476804965537,0.18181818181818188,1.8181818181818181,1.3257322605552218,True,5.591103570700978e-19,0.0,0.8579268124328774,1.4090909090909092
nglr_20260610_232251,natural_gradient_local_rate,radial_tail,1,8,10.0,0.6186839656954108,32768,symmetrized,torch,262144,0.3131300457168641,0.3413376035607628,0.316330529267582,,1.0790536226493255,0.02500707429318083,,1.8780723425712735e-17,3.5271557239311504e-34,0.3333333333333333,1.8780723425712747e-17,4.5182693773557686e-20,1.713713444210867e-18,1.7021827287728323e-17,,,,0.002405801563090904,0.0912485320914006,0.9063456663455096,3.673300435685228e-18,2.9999999999999947,0.9999999999999982,1.0000000000000018,0.5957459122212996,3.3306690738754696e-16,6.679158205163807e-16,1.5557617395007907e-16,1.9033655710861345e-15,0.20754716981132074,0.04054578386931515,0.1033546733693133,0.3027931065641144,0.06407999992370605,ok,,radial_tail,80,cuda,float64,auto,64,32,True,2.12.0+cu130,True,13.0,NVIDIA H200 NVL,True,0.24748457721518205,,44,0.015488,0.01360011100769043,0.004130363464355469,120.60416,generic_dense,not_separable,,,,0.3413376035607628,3.302585092994046,0.8181818181818183,20.663476804965537,0.18181818181818166,1.8181818181818183,1.3224551847923982,True,4.890621819684935e-19,0.0,0.855154400463849,1.4090909090909092
nglr_20260610_232251,natural_gradient_local_rate,radial_tail,2,8,10.0,0.6179341602983222,32768,symmetrized,torch,262144,0.3040106718469216,0.33919757893535046,0.30795564254356017,,1.10144946893568,0.031241936391790293,,1.7495350428474272e-17,3.0608728661511487e-34,0.3333333333333333,1.749535042847428e-17,2.976567653757582e-18,1.1404233000894234e-18,1.3378359474627277e-17,,,,0.17013478329151488,0.06518436454026978,0.7646808521682158,2.897770937965498e-18,2.9999999999999956,0.9999999999999984,1.0000000000000016,0.5941301077490724,2.220446049250313e-16,1.3322676295501878e-15,1.3139547400084606e-16,1.7602010425275649e-15,0.20754716981132074,0.04054578386931515,0.10270668866486099,0.30279310656411434,0.0641489028930664,ok,,radial_tail,80,cuda,float64,auto,64,32,True,2.12.0+cu130,True,13.0,NVIDIA H200 NVL,True,0.2411640122185563,,44,0.015488,0.01360321044921875,0.004124641418457031,120.60416,generic_dense,not_separable,,,,0.33919757893535046,3.302585092994046,0.8181818181818183,20.663476804965537,0.18181818181818177,1.8181818181818183,1.3240598606602714,True,4.895800760948134e-19,0.0,0.8573088346573079,1.4090909090909092
nglr_20260610_232251,natural_gradient_local_rate,product_feature,0,8,50.0,0.6215242010028817,32768,symmetrized,torch,262144,0.07905868569632966,0.12207037454134313,0.06002187270439024,,2.033764843402069,0.062048501836952895,,0.10300766865638863,0.010610579802024348,0.33215853511873306,0.1030076686563886,0.025351417324095845,0.04615820580601997,0.031498045526272805,0.24611194151634197,0.4481045577295201,0.305783500754138,0.2461119415163416,0.44810455772951996,0.30578350075413796,0.011695831847041677,2.732581257715795,0.9076501876557836,1.1017460400495604,0.7936453325493225,1.6653345369377348e-16,3.552713678800501e-15,1.2818288257621086e-16,3.2642956197794456e-16,0.2015810276679842,0.02879078069520258,0.024851344223438366,0.22429578176487572,0.06804370880126953,ok,,product_feature,80,cuda,float64,auto,64,32,True,2.12.0+cu130,True,13.0,NVIDIA H200 NVL,True,0.09423878343092404,,44,0.015488,0.015043497085571289,0.0039021968841552734,522.218496,generic_dense,not_separable,,,,0.12207037454134313,4.912023005428146,0.9607843137254903,30.7333408769506,0.039215686274509665,1.9607843137254903,1.54585181425789,True,4.898643470719423e-19,0.0,0.5773556748598649,1.4803921568627452
nglr_20260610_232251,natural_gradient_local_rate,product_feature,1,8,50.0,0.5922936856041597,32768,symmetrized,torch,262144,0.09834919406132504,0.12441598141610237,0.03559845472610147,,3.4949826438639815,0.0888175266900009,,0.11056038250620497,0.012223598179918353,0.33198066724005215,0.11056038250620492,0.07433497617123595,0.001757646654881487,0.03446775968008748,0.6723473136235223,0.01589761734754168,0.31175506902893596,0.6723473136235204,0.015897617347543865,0.3117550690289353,0.035179986524776524,2.7143092092680448,0.9010981823886238,1.1097569826955016,0.4245255269836877,2.220446049250313e-16,1.7763568394002505e-15,9.241144603300897e-17,6.929259500104541e-16,0.2015810276679842,0.02879078069520258,0.025328867816501177,0.22592666635908232,0.06814265251159668,ok,,product_feature,80,cuda,float64,auto,64,32,True,2.12.0+cu130,True,13.0,NVIDIA H200 NVL,True,0.07015010631700999,,44,0.015488,0.014065980911254883,0.00395965576171875,522.218496,generic_dense,not_separable,,,,0.12441598141610237,4.912023005428146,0.9607843137254903,30.7333408769506,0.039215686274509776,1.9607843137254903,1.6221417467003003,True,5.765371132125108e-19,0.0,0.5196078431372548,1.453411279496414
nglr_20260610_232251,natural_gradient_local_rate,product_feature,2,8,50.0,0.6140550018942914,32768,symmetrized,torch,262144,0.1371708519592597,0.1608040322064925,0.07331356836550083,,2.193373420385333,0.08749046384099167,,0.0817065851977882,0.006675966064683421,0.33259320634702766,0.08170658519778826,0.04740679984075018,0.0052246201744113145,0.029075165182626754,0.5802078220010283,0.06394368534389247,0.3558484926550792,0.5802078220010283,0.06394368534389404,0.3558484926550792,0.014050219327466529,2.739806252510015,0.91124094629194,1.0974045932299707,0.6000367319301275,2.220446049250313e-16,9.539029171574613e-16,1.2210946999399524e-16,4.504725249589629e-16,0.2015810276679842,0.02879078069520258,0.03273682391731314,0.22341194086779684,0.06781578063964844,ok,,product_feature,80,cuda,float64,auto,64,32,True,2.12.0+cu130,True,13.0,NVIDIA H200 NVL,True,0.11357858197027221,,44,0.015488,0.015087366104125977,0.003881216049194336,522.218496,generic_dense,not_separable,,,,0.1608040322064925,4.912023005428146,0.9607843137254903,30.7333408769506,0.039215686274509776,1.9607843137254903,1.564655137995094,True,4.0242586749748054e-19,0.0,0.5196078431372548,1.4400049633168284
nglr_20260610_232251,natural_gradient_local_rate,random_feature,0,8,50.0,1.1665179391182154,32768,symmetrized,torch,262144,0.14104746424895107,0.17054583683151012,0.07922011111561407,,2.1528098664569533,0.09132572571589605,,0.1365963125405001,0.018658552599661978,0.3312729752554499,0.13659631254050036,0.10146466731577217,0.006326631533431666,0.028805013691296514,0.7428067817400871,0.04631626883453271,0.21087694942538013,0.7428067817400881,0.04631626883453647,0.21087694942538052,0.04727280552816472,2.7235041559955935,0.9022233248772432,1.1083730296332788,0.5844146454565332,1.1102230246251565e-16,1.9984014443252818e-15,1.4092493036301437e-16,3.0105325023432e-16,0.2015810276679842,0.02879078069520258,0.034720081042585595,0.2256449182767355,0.06621289253234863,ok,,random_feature,80,cuda,float64,auto,64,32,True,2.12.0+cu130,True,13.0,NVIDIA H200 NVL,True,0.11192829634227405,,44,0.015488,0.01468658447265625,0.0038988590240478516,354.441728,generic_dense,not_separable,,,,0.17054583683151012,4.912023005428146,0.9607843137254903,30.7333408769506,0.039215686274509776,1.9607843137254903,0.8236344093017192,True,7.664371212486739e-19,0.0,0.5492397643223526,1.4803921568627452
nglr_20260610_232251,natural_gradient_local_rate,random_feature,1,8,50.0,1.0689847947036197,32768,symmetrized,torch,262144,0.09984415414475836,0.11371311179576152,0.047312738975606033,,2.403435401497065,0.06640037282015548,,0.1651310444651353,0.027268261846146488,0.33033081759003446,0.16513104446513546,0.11720206357944048,0.003337554890481511,0.04459142599521347,0.7097518456269781,0.02021155320183406,0.27003660117118783,0.7097518456269792,0.020211553201834417,0.2700366011711884,0.05757521175499318,2.6548677283064643,0.8769846272848719,1.1402708427124673,0.4724656896184969,1.1102230246251565e-16,1.7763568394002505e-15,1.2265144597478139e-16,4.478577630356722e-16,0.2015810276679842,0.02879078069520258,0.02314995505316245,0.23213874231704212,0.06649613380432129,ok,,random_feature,80,cuda,float64,auto,64,32,True,2.12.0+cu130,True,13.0,NVIDIA H200 NVL,True,0.09932159007775278,,44,0.015488,0.01497793197631836,0.0038983821868896484,354.441728,generic_dense,not_separable,,,,0.11371311179576152,4.912023005428146,0.9607843137254903,30.7333408769506,0.039215686274509776,1.9607843137254903,0.8987820205542507,True,5.386994564289271e-19,0.0,0.5246164563624396,1.4803921568627452
nglr_20260610_232251,natural_gradient_local_rate,random_feature,2,8,50.0,1.1348121921922472,32768,symmetrized,torch,262144,0.16540353587293738,0.19568507213234654,0.11130431225230472,,1.7581086318449857,0.08438075988004182,,0.11613943240163926,0.013488367758574937,0.3318413340164301,0.11613943240163893,0.06496104965151485,0.011706440346661007,0.03947194240346308,0.5593367240410083,0.10079643153564964,0.33986684442334214,0.5593367240410037,0.10079643153565027,0.33986684442333953,0.012091314998902578,2.752969080215638,0.913548932084742,1.0946321153459995,0.6314958401245759,1.249000902703301e-16,1.2916140229883508e-15,1.249192058705819e-16,6.386673801892651e-16,0.2015810276679842,0.02879078069520258,0.03983797956892713,0.22284751397465985,0.0669398307800293,ok,,random_feature,80,cuda,float64,auto,64,32,True,2.12.0+cu130,True,13.0,NVIDIA H200 NVL,True,0.07098910475469444,,44,0.015488,0.014980077743530273,0.003904581069946289,354.441728,generic_dense,not_separable,,,,0.19568507213234654,4.912023005428146,0.9607843137254901,30.7333408769506,0.03921568627450989,1.9607843137254901,0.8466460973330157,True,5.718713653682846e-19,0.0,0.5847351161522698,1.4803921568627452
nglr_20260610_232251,natural_gradient_local_rate,additive_index,0,8,50.0,1.1653942565170559,32768,symmetrized,torch,262144,0.16192088480589273,0.18685247996755092,0.10285214518662207,,1.8167096041459594,0.08400033478092885,,0.13821984952655222,0.019104726803142742,0.331224018538395,0.1382198495265523,0.10468908217406486,0.004040689775951914,0.02949007757653554,0.7574098983080855,0.02923378798191854,0.21335631370999603,0.7574098983080856,0.02923378798191925,0.21335631370999603,0.04893972669705328,2.725881813922992,0.9028775284683028,1.1075699288877658,0.47124677520402153,1.6653345369377348e-16,2.2702576390173672e-15,1.5638003104874414e-16,9.852610870786039e-16,0.2015810276679842,0.02879078069520258,0.03803982183329866,0.2254814213336989,0.0661773681640625,ok,,additive_index,80,cuda,float64,auto,64,32,True,2.12.0+cu130,True,13.0,NVIDIA H200 NVL,True,0.1132568047972841,,44,0.015488,0.01460576057434082,0.003910064697265625,354.441728,generic_dense,not_separable,,,,0.18685247996755092,4.912023005428146,0.9607843137254901,30.7333408769506,0.03921568627450989,1.9607843137254901,0.8244285642842696,True,6.80313855359132e-19,0.0,0.5378030913403397,1.4803921568627452
nglr_20260610_232251,natural_gradient_local_rate,additive_index,1,8,50.0,1.0726064697066107,32768,symmetrized,torch,262144,0.11806113644693884,0.13955561808109182,0.07195637038644688,,1.939447714380232,0.06759924769464494,,0.1644785595396829,0.027053196548249014,0.33035428684910484,0.1644785595396827,0.11583545857506077,0.0031467865774597644,0.04549631438716216,0.7042587124987185,0.019131895283291067,0.27660939221799025,0.7042587124987156,0.019131895283292663,0.2766093922179892,0.05591099706947346,2.670612825553823,0.8822483954359059,1.133467632441445,0.7375318539191412,1.1102230246251565e-16,4.440892098500626e-16,5.79114185862341e-17,3.646655944579986e-16,0.2015810276679842,0.02879078069520258,0.028411026969310325,0.23075373042611566,0.06759762763977051,ok,,additive_index,80,cuda,float64,auto,64,32,True,2.12.0+cu130,True,13.0,NVIDIA H200 NVL,True,0.07733366266956847,,44,0.015488,0.015749454498291016,0.004062175750732422,354.441728,generic_dense,not_separable,,,,0.13955561808109182,4.912023005428146,0.9607843137254901,30.7333408769506,0.03921568627450989,1.9607843137254901,0.8957472669247397,True,5.439383010129615e-19,0.0,0.530453388668064,1.4803921568627452
nglr_20260610_232251,natural_gradient_local_rate,additive_index,2,8,50.0,1.118639587861435,32768,symmetrized,torch,262144,0.14659190923289195,0.16050682684360185,0.09414805508984597,,1.704834228284688,0.06635877175375587,,0.11342566263220592,0.012865380943554994,0.33190995068184054,0.11342566263220569,0.06612989863505667,0.01041193982386621,0.036883824173282814,0.5830241331671971,0.0917952743871375,0.3251805924456654,0.583024133167194,0.09179527438713884,0.32518059244566355,0.011523139666804266,2.7602268145456774,0.9161467458865495,1.091528190751042,0.5416565227482733,1.1102230246251565e-16,8.881784197001252e-16,8.494445528425892e-17,6.38844747030829e-16,0.2015810276679842,0.02879078069520258,0.03267631822290531,0.22221561046127492,0.06687521934509277,ok,,additive_index,80,cuda,float64,auto,64,32,True,2.12.0+cu130,True,13.0,NVIDIA H200 NVL,True,0.06600112755008113,,44,0.015488,0.014706134796142578,0.0041255950927734375,354.441728,generic_dense,not_separable,,,,0.16050682684360185,4.912023005428146,0.9607843137254903,30.7333408769506,0.039215686274509776,1.9607843137254903,0.858886386778314,True,4.831461744191521e-19,0.0,0.6311630643096103,1.4803921568627452
nglr_20260610_232251,natural_gradient_local_rate,radial_tail,0,8,50.0,0.7250654614290534,32768,symmetrized,torch,262144,0.3184969491014516,0.3621930075039009,0.3283010189514736,,1.1032344908970169,0.033891988552427255,,2.6910104378017358e-17,7.24153717635789e-34,0.3333333333333333,2.6910104378017343e-17,7.556069048129557e-21,6.933649111396647e-18,1.9968899197572565e-17,,,,0.0002807892879933148,0.25765968849458204,0.7420595222174224,7.662120432604693e-18,2.9999999999999982,0.9999999999999993,1.0000000000000007,0.5643294501317648,2.220446049250313e-16,8.881784197001252e-16,1.3302484669652703e-16,9.53677110446662e-16,0.2015810276679842,0.02879078069520258,0.07373601611874599,0.20358210840929025,0.06453442573547363,ok,,radial_tail,80,cuda,float64,auto,64,32,True,2.12.0+cu130,True,13.0,NVIDIA H200 NVL,True,0.25632536819841095,,44,0.015488,0.01394796371459961,0.004141569137573242,120.60416,generic_dense,not_separable,,,,0.3621930075039009,4.912023005428146,0.9607843137254903,30.7333408769506,0.039215686274509776,1.9607843137254903,1.3251000976268426,True,5.165407920120356e-19,0.0,0.829457910884701,1.4803921568627452
nglr_20260610_232251,natural_gradient_local_rate,radial_tail,1,8,50.0,0.7243127903024575,32768,symmetrized,torch,262144,0.3054850271030627,0.3443472721173006,0.3201543286876052,,1.075566504219601,0.024192943429695413,,1.897583185517691e-17,3.6008219459594677e-34,0.3333333333333333,1.8975831855176915e-17,2.6332015811921705e-19,3.16607244860184e-18,1.554643924845586e-17,,,,0.01387660684015699,0.1668476234805001,0.8192757696793431,2.1989146820745833e-18,2.9999999999999987,0.9999999999999994,1.0000000000000007,0.4048238265752434,1.6653345369377348e-16,1.3322676295501878e-15,3.800553185139917e-16,1.1476458255579798e-15,0.2015810276679842,0.02879078069520258,0.07010294368262762,0.20358210840929025,0.06407570838928223,ok,,radial_tail,80,cuda,float64,auto,64,32,True,2.12.0+cu130,True,13.0,NVIDIA H200 NVL,True,0.2531383785415185,,44,0.015488,0.013590812683105469,0.0041387081146240234,120.60416,generic_dense,not_separable,,,,0.3443472721173006,4.912023005428146,0.9607843137254903,30.7333408769506,0.039215686274509776,1.9607843137254903,1.3264770781201962,True,3.473910767570221e-19,0.0,0.8303502824495936,1.4803921568627452
nglr_20260610_232251,natural_gradient_local_rate,radial_tail,2,8,50.0,0.7259184811016416,32768,symmetrized,torch,262144,0.36975723271847766,0.41017958281707567,0.37645696492746095,,1.0895789453546507,0.033722617889614726,,1.939458280239554e-17,3.761498420789768e-34,0.3333333333333333,1.9394582802395508e-17,1.263510406938321e-18,1.4441639318331372e-18,1.668690846362405e-17,,,,0.06514759403756061,0.07446223239484985,0.8603901735675858,2.147757978831271e-18,2.9999999999999987,0.9999999999999994,1.0000000000000007,0.7174136644157665,3.3306690738754696e-16,3.9968028886505635e-15,2.0303213493321654e-16,9.977063529336643e-16,0.2015810276679842,0.02879078069520258,0.0835052242963433,0.20358210840929025,0.06444048881530762,ok,,radial_tail,80,cuda,float64,auto,64,32,True,2.12.0+cu130,True,13.0,NVIDIA H200 NVL,True,0.2979430174420164,,44,0.015488,0.013949871063232422,0.004158496856689453,120.60416,generic_dense,not_separable,,,,0.41017958281707567,4.912023005428146,0.9607843137254903,30.7333408769506,0.039215686274509776,1.9607843137254903,1.3235429855256202,True,6.413218652124392e-19,0.0,0.8314557305198338,1.4803921568627452
nglr_20260610_232251,natural_gradient_local_rate,product_feature,0,8,100.0,0.6337228516200791,32768,symmetrized,torch,262144,0.08752860865660309,0.1297002810841347,0.07479805411432476,,1.7340060863868847,0.05490222696980994,,0.10621704224021526,0.011282060062259673,0.3320844676965679,0.10621704224021522,0.04336068004901209,0.02884398431723774,0.03401237787396538,0.40822714636460805,0.2715570280332756,0.32021582560211637,0.40822714636460783,0.27155702803327525,0.32021582560211603,0.011873766668942506,2.766944742113823,0.9188593718306862,1.088305817687481,0.6777666799568073,1.6653345369377348e-16,1.2280380879738266e-15,6.193679874832888e-17,3.6769897884701493e-16,0.20079522862823063,0.02559495781739623,0.023139401085155605,0.19416106586880233,0.07010841369628906,ok,,product_feature,80,cuda,float64,auto,64,32,True,2.12.0+cu130,True,13.0,NVIDIA H200 NVL,True,0.1102343204012112,,44,0.015488,0.015131950378417969,0.004141807556152344,522.218496,generic_dense,not_separable,,,,0.1297002810841347,5.605170185988092,0.9801980198019802,35.07019527574005,0.01980198019801982,1.9801980198019802,1.5467298004106298,True,7.129995842388868e-19,0.0,0.5679605429414354,1.49009900990099
nglr_20260610_232251,natural_gradient_local_rate,product_feature,1,8,100.0,0.6228804976955773,32768,symmetrized,torch,262144,0.08562915858907276,0.11303488153793437,0.04044694917894025,,2.794645426478517,0.07258793235899412,,0.11600258525486087,0.013456599785811266,0.33184483230024864,0.11600258525486065,0.07681577943924531,0.002347039790657538,0.036839766024957823,0.662190237144104,0.020232650724990583,0.31757711213090567,0.6621902371441003,0.020232650724991672,0.3175771121309039,0.03798850019765926,2.664070485771549,0.8840580235869016,1.131147473717489,0.5627302838453698,1.1102230246251565e-16,3.552713678800501e-15,8.456180960691987e-17,6.277176002733625e-16,0.20079522862823063,0.02559495781739623,0.020166181897652468,0.20180430498705504,0.06831669807434082,ok,,product_feature,80,cuda,float64,auto,64,32,True,2.12.0+cu130,True,13.0,NVIDIA H200 NVL,True,0.11068743283093521,,44,0.015488,0.015053749084472656,0.003889322280883789,522.218496,generic_dense,not_separable,,,,0.11303488153793437,5.605170185988092,0.9801980198019802,35.07019527574005,0.01980198019801982,1.9801980198019802,1.5736534109325029,True,4.784846793494729e-19,0.0,0.5099009900990099,1.4664283635505353
nglr_20260610_232251,natural_gradient_local_rate,product_feature,2,8,100.0,0.6406443798599825,32768,symmetrized,torch,262144,0.08287314782019607,0.13685560554812803,0.06700577024985453,,2.0424450765630167,0.0698498352982735,,0.0855246094677933,0.0073144588246185594,0.33252259239655335,0.0855246094677933,0.048856958061954114,0.00559760259554386,0.03107004881029532,0.5712619837258955,0.06545019767265695,0.3632878186014473,0.5712619837258953,0.06545019767265765,0.36328781860144715,0.015722827670315825,2.771298824123235,0.921519469302978,1.0851642676159445,0.29311870674248036,2.220446049250313e-16,1.0172585088344755e-15,1.0606334860636477e-16,6.872725330876246e-16,0.20079522862823063,0.02559495781739623,0.024415959017665904,0.19360059224047438,0.06796646118164062,ok,,product_feature,80,cuda,float64,auto,64,32,True,2.12.0+cu130,True,13.0,NVIDIA H200 NVL,True,0.1079482319710697,,44,0.015488,0.01507568359375,0.00390934944152832,522.218496,generic_dense,not_separable,,,,0.13685560554812803,5.605170185988092,0.9801980198019802,35.07019527574005,0.01980198019801982,1.9801980198019802,1.5300189162920772,True,6.904158886882007e-19,0.0,0.5099009900990099,1.4810969152200493
nglr_20260610_232251,natural_gradient_local_rate,random_feature,0,8,100.0,1.2196272064167204,32768,symmetrized,torch,262144,0.14140621581697027,0.18147559127503796,0.08517530896634411,,2.1306126561483403,0.09630028230869385,,0.14306973321371297,0.020468948561843007,0.3310744182542042,0.14306973321371305,0.10106435823270134,0.01196418029796913,0.030041194683042595,0.7063992918875063,0.08362481727772159,0.2099758908347722,0.7063992918875063,0.08362481727772338,0.2099758908347722,0.04988014110032547,2.705588661908488,0.8957511922765234,1.1163814333961772,0.7969501517933015,1.1102230246251565e-16,1.3459110429230857e-15,1.3044392081935656e-16,2.7507386456541085e-16,0.20079522862823063,0.02559495781739623,0.03237646409536217,0.19916994423950377,0.06652712821960449,ok,,random_feature,80,cuda,float64,auto,64,32,True,2.12.0+cu130,True,13.0,NVIDIA H200 NVL,True,0.10454147142434733,,44,0.015488,0.014608383178710938,0.0039031505584716797,354.441728,generic_dense,not_separable,,,,0.18147559127503796,5.605170185988092,0.9801980198019802,35.07019527574005,0.01980198019801982,1.9801980198019802,0.8036865811495087,True,4.841036651300602e-19,0.0,0.5116026834531333,1.49009900990099
nglr_20260610_232251,natural_gradient_local_rate,random_feature,1,8,100.0,1.1279273762300752,32768,symmetrized,torch,262144,0.12089619580252403,0.14607887500869626,0.07330377671465675,,1.99278784198698,0.07277509829403951,,0.1724641858213126,0.029743895391008243,0.3300609010290434,0.1724641858213125,0.11896165364564942,0.0033564382947616532,0.05014609388090144,0.6897759849624882,0.01946165390093922,0.2907623611365726,0.6897759849624875,0.019461653900939232,0.29076236113657233,0.056240700356109674,2.6354556494318735,0.869860866273567,1.1496091372450647,0.5118279000913737,1.6653345369377348e-16,1.7763568394002505e-15,8.413712846134706e-17,7.084689043840098e-16,0.20079522862823063,0.02559495781739623,0.026061452223853424,0.20509798973078086,0.0669095516204834,ok,,random_feature,80,cuda,float64,auto,64,32,True,2.12.0+cu130,True,13.0,NVIDIA H200 NVL,True,0.09494334261708401,,44,0.015488,0.014989137649536133,0.003870725631713867,354.441728,generic_dense,not_separable,,,,0.14607887500869626,5.605170185988092,0.9801980198019802,35.07019527574005,0.01980198019801971,1.9801980198019802,0.8690258260049882,True,5.481540024263694e-19,0.0,0.5271066175137944,1.49009900990099
nglr_20260610_232251,natural_gradient_local_rate,random_feature,2,8,100.0,1.0981732490798146,32768,symmetrized,torch,262144,0.17056276435813156,0.19953937355243062,0.13535437446480791,,1.4741996654442135,0.06418499908762271,,0.11017968513858607,0.012139563017237964,0.33198992911148756,0.11017968513858603,0.05759006160203308,0.014280278122559093,0.03830934541399386,0.5226921962029139,0.12960899375050036,0.34769881004658587,0.522692196202913,0.12960899375050045,0.34769881004658565,0.0066556006773484805,2.769164807855051,0.9193348282578244,1.0877429737923008,0.5576211087113664,1.1102230246251565e-16,2.220446049250313e-15,8.675135130133986e-17,5.18107627617646e-16,0.20079522862823063,0.02559495781739623,0.03559916415227549,0.1940606507383952,0.06691241264343262,ok,,random_feature,80,cuda,float64,auto,64,32,True,2.12.0+cu130,True,13.0,NVIDIA H200 NVL,True,0.10797569783976414,,44,0.015488,0.014729022979736328,0.00413966178894043,354.441728,generic_dense,not_separable,,,,0.19953937355243062,5.605170185988092,0.9801980198019802,35.07019527574005,0.01980198019801982,1.9801980198019802,0.8925713867309292,True,6.10237285053594e-19,0.0,0.6378997069354582,1.49009900990099
nglr_20260610_232251,natural_gradient_local_rate,additive_index,0,8,100.0,1.18352937729038,32768,symmetrized,torch,262144,0.15039011321259838,0.16742776769891726,0.07636828088450684,,2.192373139211047,0.09105948681441042,,0.13904483880143156,0.01933346719731609,0.3311989254794854,0.13904483880143143,0.10433527720984508,0.005545840985912501,0.029163720605673814,0.7503714493052508,0.03988527034672939,0.2097432803480195,0.7503714493052493,0.03988527034672908,0.209743280348019,0.04878402572655098,2.7114617470936944,0.8980332171161597,1.1135445559700838,0.24566009850274817,1.6653345369377348e-16,9.93837841957395e-16,1.4012238272947213e-16,6.995846506264413e-16,0.20079522862823063,0.02559495781739623,0.02987023803799148,0.1986638262570052,0.0750572681427002,ok,,additive_index,80,cuda,float64,auto,64,32,True,2.12.0+cu130,True,13.0,NVIDIA H200 NVL,True,0.09473149906688029,,44,0.015488,0.023468494415283203,0.003910541534423828,354.441728,generic_dense,not_separable,,,,0.16742776769891726,5.605170185988092,0.9801980198019802,35.07019527574005,0.01980198019801982,1.9801980198019802,0.82819914622321,True,6.471799094584857e-19,0.0,0.5601949534984499,1.49009900990099
nglr_20260610_232251,natural_gradient_local_rate,additive_index,1,8,100.0,1.1076219745889466,32768,symmetrized,torch,262144,0.13451332673541236,0.15728051882765726,0.07430886533915788,,2.1165781244243616,0.08297165348849937,,0.16803909026527056,0.02823713585717975,0.33022512938602405,0.16803909026527059,0.12037090634311237,0.002946761371596185,0.04472142255056204,0.7163268151064847,0.017536165941771976,0.2661370189517434,0.7163268151064839,0.017536165941773547,0.2661370189517431,0.05563934171023942,2.6414151299298014,0.8722616530432702,1.146444987591806,0.40577523850508557,1.3877787807814457e-16,3.552713678800501e-15,5.545278114888871e-17,3.706429132725055e-16,0.20079522862823063,0.02559495781739623,0.028059900700398002,0.20453348418531703,0.06755256652832031,ok,,additive_index,80,cuda,float64,auto,64,32,True,2.12.0+cu130,True,13.0,NVIDIA H200 NVL,True,0.07575791693656787,,44,0.015488,0.014721155166625977,0.004114389419555664,354.441728,generic_dense,not_separable,,,,0.15728051882765726,5.605170185988092,0.9801980198019802,35.07019527574005,0.01980198019801982,1.9801980198019802,0.8849571805992246,True,5.912830245204724e-19,0.0,0.5099009900990099,1.4896517943018264
nglr_20260610_232251,natural_gradient_local_rate,additive_index,2,8,100.0,1.1467641039259617,32768,symmetrized,torch,262144,0.13095461290282331,0.15594748959351615,0.09017514496712442,,1.7293844068714352,0.06577234462639173,,0.11752013812324179,0.01381098286450583,0.3318058118726279,0.11752013812324191,0.0641122943741058,0.012211187624317516,0.04119665612481859,0.5455430481784495,0.10390719258270267,0.3505497592388478,0.5455430481784499,0.1039071925827041,0.3505497592388483,0.01295252680618171,2.7635094471779036,0.9169484957385415,1.0905737941088676,0.4192527046553147,2.220446049250313e-16,1.1102230246251565e-15,6.724466260580942e-17,4.778187097915663e-16,0.20079522862823063,0.02559495781739623,0.02782207933371168,0.19456568809188063,0.06682753562927246,ok,,additive_index,80,cuda,float64,auto,64,32,True,2.12.0+cu130,True,13.0,NVIDIA H200 NVL,True,0.10537239199205123,,44,0.015488,0.014705181121826172,0.004120349884033203,354.441728,generic_dense,not_separable,,,,0.15594748959351615,5.605170185988092,0.9801980198019802,35.07019527574005,0.01980198019801982,1.9801980198019802,0.8547512225454734,True,5.176828029182809e-19,0.0,0.6150089894015347,1.49009900990099
nglr_20260610_232251,natural_gradient_local_rate,radial_tail,0,8,100.0,0.7400538881568387,32768,symmetrized,torch,262144,0.31841105453687485,0.34595445490017246,0.3233477782967491,,1.0699144330680272,0.02260667660342336,,1.7997172489750118e-17,3.2389821762581843e-34,0.3333333333333333,1.7997172489750146e-17,5.124193887446421e-19,3.874372858683662e-18,1.361038024232184e-17,,,,0.028472216346010912,0.21527675310609062,0.7562510305479001,2.4677974518245008e-18,2.9999999999999987,0.9999999999999996,1.0000000000000004,0.4101492973194794,2.220446049250313e-16,3.9968028886505635e-15,1.39841109031726e-16,9.515060201397776e-16,0.20079522862823063,0.02559495781739623,0.06172059784464633,0.17840671501818428,0.06409835815429688,ok,,radial_tail,80,cuda,float64,auto,64,32,True,2.12.0+cu130,True,13.0,NVIDIA H200 NVL,True,0.24522895323051747,,44,0.015488,0.013601541519165039,0.004140615463256836,120.60416,generic_dense,not_separable,,,,0.34595445490017246,5.605170185988092,0.9801980198019802,35.07019527574005,0.01980198019801982,1.9801980198019802,1.3244954664629072,True,6.595393366317575e-19,0.0,0.8292979095997169,1.49009900990099
nglr_20260610_232251,natural_gradient_local_rate,radial_tail,1,8,100.0,0.7407105656305467,32768,symmetrized,torch,262144,0.36674335832666194,0.3995093565150003,0.37266259113724703,,1.072040408713484,0.026846765377753268,,2.5318615829446554e-17,6.410323075191017e-34,0.3333333333333333,2.531861582944651e-17,4.375554423154676e-20,4.2497624870802904e-18,2.102509779813467e-17,,,,0.0017281965383217058,0.16785129628364764,0.8304205071780267,9.243544642472029e-18,2.999999999999995,0.9999999999999983,1.0000000000000018,0.4241920738936324,2.7755575615628914e-16,9.139072868042604e-16,9.137502566111054e-17,2.159930775950184e-15,0.20079522862823063,0.02559495781739623,0.07127515191486981,0.1784067150181845,0.06464934349060059,ok,,radial_tail,80,cuda,float64,auto,64,32,True,2.12.0+cu130,True,13.0,NVIDIA H200 NVL,True,0.2930564036547027,,44,0.015488,0.013956785202026367,0.004139900207519531,120.60416,generic_dense,not_separable,,,,0.3995093565150003,5.605170185988092,0.9801980198019802,35.07019527574005,0.01980198019801982,1.9801980198019802,1.3233212340741547,True,6.799462228900127e-19,0.0,0.8261078904816315,1.49009900990099
nglr_20260610_232251,natural_gradient_local_rate,radial_tail,2,8,100.0,0.7394096401618891,32768,symmetrized,torch,262144,0.32124432824553234,0.3533272858471652,0.32533389890202735,,1.0860450971743585,0.027993386945137866,,2.24541273118384e-17,5.041878333362472e-34,0.3333333333333333,2.2454127311838422e-17,1.4284297359919097e-18,4.952729829931488e-19,2.0530424592853364e-17,,,,0.06361546437116723,0.022057102291926162,0.9143274333369069,8.607045362777326e-18,2.999999999999996,0.9999999999999987,1.0000000000000013,0.46545233436975897,4.163336342344337e-16,8.881784197001252e-16,1.4791966964619601e-16,1.6853835665191496e-15,0.20079522862823063,0.02559495781739623,0.0630359603942837,0.17840671501818442,0.06404495239257812,ok,,radial_tail,80,cuda,float64,auto,64,32,True,2.12.0+cu130,True,13.0,NVIDIA H200 NVL,True,0.24711601506619066,,44,0.015488,0.013572454452514648,0.0041277408599853516,120.60416,generic_dense,not_separable,,,,0.3533272858471652,5.605170185988092,0.9801980198019802,35.07019527574005,0.01980198019801982,1.9801980198019802,1.3256495000354227,True,6.170711304395216e-19,0.0,0.8276753654249749,1.49009900990099
nglr_20260610_232251,natural_gradient_local_rate,product_feature,0,12,10.0,0.6174072299652729,32768,symmetrized,torch,262144,0.07453383390573894,0.1712201069169314,0.05057640864459302,,3.3853749506042883,0.12064369827233838,,0.08499839429793679,0.007224727033227534,0.33253251445113924,0.08499839429793685,0.05203004703986046,0.002373199577858707,0.03059514768021767,0.6121297639751222,0.02792052246940283,0.3599497135554748,0.6121297639751218,0.02792052246940458,0.35994971355547467,0.016959101562201054,2.6910546332744647,0.8948631637281461,1.117489288344194,0.7759763662914416,2.220446049250313e-16,3.552713678800501e-15,1.3056317662292782e-16,6.784864624686619e-16,0.20754716981132074,0.04054578386931515,0.05184426807961738,0.3383680531698593,0.13963675498962402,ok,,product_feature,80,cuda,float64,auto,64,32,True,2.12.0+cu130,True,13.0,NVIDIA H200 NVL,True,0.11498384640742886,,90,0.0648,0.02016735076904297,0.005827188491821289,1018.253312,generic_dense,not_separable,,,,0.1712201069169314,3.302585092994046,0.8181818181818183,20.663476804965537,0.18181818181818177,1.8181818181818183,1.3251898884109898,True,6.524760827581677e-19,0.0,0.5909090909090908,1.3412731594320169
nglr_20260610_232251,natural_gradient_local_rate,product_feature,1,12,10.0,0.716099462113638,32768,symmetrized,torch,262144,0.10245392086080851,0.1912611691257457,0.11102455911651697,,1.722692444335877,0.08023661000922873,,0.09272884088629633,0.008598637932116062,0.3323806596839134,0.09272884088629649,0.03645940647485414,0.003796277956672709,0.052473156454769646,0.393183028347787,0.04093956012377725,0.5658774115284358,0.3931830283477872,0.04093956012377943,0.565877411528436,0.01091285278119311,2.716768224794723,0.9030012147655644,1.107418222310607,0.7425439966483498,1.6653345369377348e-16,1.2867275598280916e-15,2.1160507429548073e-16,3.9944895107583243e-16,0.20754716981132074,0.04054578386931515,0.05791256356466892,0.33531860379913714,0.12491440773010254,ok,,product_feature,80,cuda,float64,auto,64,32,True,2.12.0+cu130,True,13.0,NVIDIA H200 NVL,True,0.1593832362719938,,90,0.0648,0.017171144485473633,0.005226612091064453,1018.255872,generic_dense,not_separable,,,,0.1912611691257457,3.302585092994046,0.8181818181818183,20.663476804965537,0.18181818181818177,1.8181818181818183,1.1425533204100924,True,8.313123076542537e-19,0.0,0.5913409809203996,1.4090909090909092
nglr_20260610_232251,natural_gradient_local_rate,product_feature,2,12,10.0,0.72108343344808,32768,symmetrized,torch,262144,0.10755297311912632,0.20061864731270238,0.05451301523400972,,3.6801972235712967,0.14610563207869265,,0.08820392855276758,0.007779933012141728,0.3324711322874443,0.08820392855276785,0.04164242982288675,0.007634952702371236,0.038926546027509855,0.4721153638635749,0.08656023408077157,0.44132440205565354,0.47211536386357683,0.08656023408077357,0.4413244020556554,0.009247115246693263,2.653585835978504,0.8822406875096976,1.1334775352774782,1.2157350918172904,1.1102230246251565e-16,3.552713678800501e-15,1.394828486542355e-16,7.656709822933564e-16,0.20754716981132074,0.04054578386931515,0.060745943454503466,0.34320918412730256,0.12227416038513184,ok,,product_feature,80,cuda,float64,auto,64,32,True,2.12.0+cu130,True,13.0,NVIDIA H200 NVL,True,0.11842807023033332,,90,0.0648,0.016933917999267578,0.005233287811279297,1018.255872,generic_dense,not_separable,,,,0.20061864731270238,3.302585092994046,0.8181818181818183,20.663476804965537,0.18181818181818177,1.8181818181818183,1.13465624119172,True,6.958182526204821e-19,0.0,0.5909090909090908,1.3918320634778547
nglr_20260610_232251,natural_gradient_local_rate,random_feature,0,12,10.0,1.2008370245020386,32768,symmetrized,torch,262144,0.07533026501076014,0.18081206040970685,0.06102386256083879,,2.9629730538515675,0.11978819784886806,,0.11907740832491116,0.014179429173377622,0.3317652526990553,0.11907740832491105,0.0660380715287949,0.0034319777072338966,0.049607359088882266,0.5545810280704582,0.028821400763690667,0.4165975711658513,0.5545810280704568,0.02882140076369156,0.4165975711658502,0.017401858447847224,2.67878998060852,0.8887294348442831,1.125201845233373,0.8722203206657508,2.636779683484747e-16,5.329070518200751e-15,1.6306580892962106e-16,4.497844041538346e-16,0.20754716981132074,0.04054578386931515,0.054748645475713356,0.34070336222988623,0.11112666130065918,ok,,random_feature,80,cuda,float64,auto,64,32,True,2.12.0+cu130,True,13.0,NVIDIA H200 NVL,True,0.11939202370974808,,90,0.0648,0.014983415603637695,0.005163431167602539,728.838656,generic_dense,not_separable,,,,0.18081206040970685,3.302585092994046,0.8181818181818183,20.663476804965537,0.18181818181818177,1.8181818181818183,0.6813429312117527,True,6.544896042118244e-19,0.0,0.5909090909090908,1.3768461727745576
nglr_20260610_232251,natural_gradient_local_rate,random_feature,1,12,10.0,1.3071988653796591,32768,symmetrized,torch,262144,0.11752227187265646,0.21730804448180083,0.08827768490034935,,2.4616418603082426,0.12903035958145148,,0.12289142437134988,0.015102302184019208,0.3316637048353683,0.12289142437134995,0.06354598896097852,0.008136970234689782,0.05120846517568166,0.517090507218445,0.06621267738017021,0.41669681540138487,0.5170905072184456,0.06621267738017099,0.41669681540138537,0.027025163063857077,2.665006808736664,0.8838860315970837,1.1313675793621394,0.9344272801992609,1.6653345369377348e-16,2.5636533631755804e-15,7.664161046619088e-17,9.670899111064842e-16,0.20754716981132074,0.04054578386931515,0.0657993778700171,0.3425703040209838,0.11342859268188477,ok,,random_feature,80,cuda,float64,auto,64,32,True,2.12.0+cu130,True,13.0,NVIDIA H200 NVL,True,0.13494680609185045,,90,0.0648,0.015296697616577148,0.005182504653930664,728.838656,generic_dense,not_separable,,,,0.21730804448180083,3.302585092994046,0.8181818181818183,20.663476804965537,0.18181818181818177,1.8181818181818183,0.625904626947628,True,7.154332578047589e-19,0.0,0.5909090909090908,1.4002842918117082
nglr_20260610_232251,natural_gradient_local_rate,random_feature,2,12,10.0,1.2184746907718011,32768,symmetrized,torch,262144,0.08606506401981362,0.1833601349061869,0.07242505228941214,,2.5317225063708024,0.11093508261677477,,0.1239359591325665,0.015360121966109192,0.33163534687457785,0.12393595913256639,0.06295875977080367,0.004575416447746001,0.05640178291401669,0.5079942916604269,0.03691758614505069,0.45508812219452227,0.5079942916604256,0.03691758614505183,0.45508812219452094,0.02012431728339832,2.6549757663658555,0.8804838092223386,1.1357392260094148,0.7978449992034127,3.3306690738754696e-16,2.5750037324373845e-15,9.611762593951293e-17,3.800678409130105e-16,0.20754716981132074,0.04054578386931515,0.05552018486825935,0.3438940084901129,0.11305618286132812,ok,,random_feature,80,cuda,float64,auto,64,32,True,2.12.0+cu130,True,13.0,NVIDIA H200 NVL,True,0.1411967799846921,,90,0.0648,0.014991998672485352,0.005183219909667969,728.838656,generic_dense,not_separable,,,,0.1833601349061869,3.302585092994046,0.8181818181818183,20.663476804965537,0.18181818181818177,1.8181818181818183,0.6714803552165445,True,9.607388428242019e-19,0.0,0.6054568147163443,1.4090909090909092
nglr_20260610_232251,natural_gradient_local_rate,additive_index,0,12,10.0,1.2665863492968021,32768,symmetrized,torch,262144,0.07121662926268622,0.18124624493393862,0.06324349231518375,,2.8658481418241397,0.11800275261875487,,0.1240813082420052,0.015396171055047507,0.33163138217095806,0.12408130824200492,0.06454992800809838,0.005428954151147889,0.054102426082758656,0.5202228193967934,0.043753198834423954,0.43602398176878265,0.5202228193967915,0.04375319883442213,0.43602398176878143,0.01707835469410722,2.677374910673836,0.8879015422166096,1.1262510001993478,1.0227580851783362,1.6653345369377348e-16,5.329070518200751e-15,1.6633202258161014e-16,1.0436184831154954e-15,0.20754716981132074,0.04054578386931515,0.05488011355662756,0.34102103912130094,0.11407804489135742,ok,,additive_index,80,cuda,float64,auto,64,32,True,2.12.0+cu130,True,13.0,NVIDIA H200 NVL,True,0.11794442759257762,,90,0.0648,0.015323877334594727,0.005151510238647461,728.838656,generic_dense,not_separable,,,,0.18124624493393862,3.302585092994046,0.8181818181818183,20.663476804965537,0.18181818181818177,1.8181818181818183,0.6459739745624653,True,7.192861570163508e-19,0.0,0.5909090909090908,1.4024010523760146
nglr_20260610_232251,natural_gradient_local_rate,additive_index,1,12,10.0,1.1945146525404837,32768,symmetrized,torch,262144,0.1060122229593205,0.17515276207554648,0.06131559559844968,,2.856577684127969,0.1138371664770968,,0.11185099387693179,0.012510644831257432,0.33194903450905944,0.11185099387693155,0.05659518151304789,0.009392254495880579,0.04586355786800308,0.5059872921229378,0.08397113132686845,0.41004157655019374,0.5059872921229354,0.08397113132686862,0.4100415765501918,0.02356033415374427,2.687685368182889,0.892174563032436,1.1208568832102466,0.7882869828964689,1.1102230246251565e-16,3.1076990465185475e-15,5.6809012526191e-17,9.055865170865955e-16,0.20754716981132074,0.04054578386931515,0.05303504895213983,0.3393877376810007,0.11510872840881348,ok,,additive_index,80,cuda,float64,auto,64,32,True,2.12.0+cu130,True,13.0,NVIDIA H200 NVL,True,0.1152491585998094,,90,0.0648,0.015019655227661133,0.005155801773071289,728.838656,generic_dense,not_separable,,,,0.17515276207554648,3.302585092994046,0.8181818181818183,20.663476804965537,0.18181818181818166,1.8181818181818183,0.6849491686365806,True,7.557799176692894e-19,0.0,0.6291045332542501,1.4090909090909092
nglr_20260610_232251,natural_gradient_local_rate,additive_index,2,12,10.0,1.2319023554801176,32768,symmetrized,torch,262144,0.11624225294356036,0.2063175857723818,0.08087107862083096,,2.551191220531564,0.12544650715155084,,0.12446794098705824,0.015492268333557813,0.33162081378926134,0.1244679409870585,0.06342338045635548,0.004378745402150892,0.05666581512855212,0.5095559543557477,0.03517970464865463,0.4552643409955976,0.5095559543557494,0.03517970464865543,0.45526434099559915,0.019440573398683506,2.6836994764950375,0.889970604361099,1.123632617863699,1.0538206504065264,1.1102230246251565e-16,1.2791221604936326e-15,5.664126279190034e-17,4.3886982604496884e-16,0.20754716981132074,0.04054578386931515,0.0624715427348275,0.34022821099971723,0.11547064781188965,ok,,additive_index,80,cuda,float64,auto,64,32,True,2.12.0+cu130,True,13.0,NVIDIA H200 NVL,True,0.11191695412968455,,90,0.0648,0.014978885650634766,0.005159854888916016,728.838656,generic_dense,not_separable,,,,0.2063175857723818,3.302585092994046,0.8181818181818183,20.663476804965537,0.18181818181818177,1.8181818181818183,0.6641612580267717,True,1.0162181439762215e-18,0.0,0.5909090909090908,1.4084812550131027
nglr_20260610_232251,natural_gradient_local_rate,radial_tail,0,12,10.0,0.9127625043912645,32768,symmetrized,torch,262144,0.3761168462928538,0.44137991483189587,0.38670442916024594,,1.1413883099047542,0.054675485671649926,,3.162661131915757e-17,1.0002425435330659e-33,0.3333333333333333,3.162661131915768e-17,2.0989121892257792e-19,5.304401354848617e-18,2.6112318745386485e-17,,,,0.0066365383507097,0.16771956063580967,0.8256439010134867,3.519402982757319e-18,2.9620566457205073,0.987352215240169,1.0128098003575698,1.2894455086938394,2.7755575615628914e-16,3.552713678800501e-15,2.903002024674836e-16,5.26731698978138e-16,0.20754716981132074,0.04054578386931515,0.13364679558695375,0.3066718258088485,0.11963248252868652,ok,,radial_tail,80,cuda,float64,auto,64,32,True,2.12.0+cu130,True,13.0,NVIDIA H200 NVL,True,0.34198930168636077,,90,0.0648,0.013959884643554688,0.005190372467041016,226.559488,generic_dense,not_separable,,,,0.44137991483189587,3.302585092994046,0.8181818181818183,20.663476804965537,0.18181818181818177,1.8181818181818183,0.8963797419871847,True,6.134186066467512e-19,0.0,0.8712971351946459,1.4090909090909092
nglr_20260610_232251,natural_gradient_local_rate,radial_tail,1,12,10.0,0.9093909981810611,32768,symmetrized,torch,262144,0.25621185622278664,0.34570504807397534,0.2620666894347699,,1.3191491403184363,0.08363835863920543,,3.3626527224018917e-17,1.1307433331476852e-33,0.3333333333333333,3.362652722401894e-17,4.658380241093867e-19,2.275587774104268e-18,3.088510142580529e-17,,,,0.013853289725875888,0.06767239920270007,0.918474311071426,2.825199152230749e-18,2.9223002802155547,0.9741000934051849,1.0265885474913323,0.9667071705948472,1.3877787807814457e-16,3.552713678800501e-15,1.1732114586430672e-16,1.1043174753309219e-15,0.20754716981132074,0.04054578386931515,0.10467710546121532,0.31084393545804184,0.11927938461303711,ok,,radial_tail,80,cuda,float64,auto,64,32,True,2.12.0+cu130,True,13.0,NVIDIA H200 NVL,True,0.21942079531349165,,90,0.0648,0.013964414596557617,0.0051801204681396484,226.559488,generic_dense,not_separable,,,,0.34570504807397534,3.302585092994046,0.8181818181818183,20.663476804965537,0.18181818181818177,1.8181818181818183,0.8997030098366083,True,7.075097079346732e-19,0.0,0.8690764569305808,1.4090909090909092
nglr_20260610_232251,natural_gradient_local_rate,radial_tail,2,12,10.0,0.9083601165326172,32768,symmetrized,torch,262144,0.2463863728680987,0.3699892364844095,0.27113036085062553,,1.3646175047443267,0.09885887563378398,,3.6978436037704197e-17,1.3674047317945803e-33,0.3333333333333333,3.697843603770423e-17,9.190557673603295e-19,5.059584082912674e-18,3.099979618743123e-17,,,,0.024853830119349368,0.13682525885502006,0.8383209110256317,6.332653719672057e-18,2.8709369599447934,0.9569789866482644,1.0449550240412415,0.8555119980889827,2.220446049250313e-16,1.1648805203308339e-15,1.701900783152326e-16,5.770210904982623e-16,0.20754716981132074,0.04054578386931515,0.11203019031039893,0.3164051779492258,0.12587380409240723,ok,,radial_tail,80,cuda,float64,auto,64,32,True,2.12.0+cu130,True,13.0,NVIDIA H200 NVL,True,0.246853182821422,,90,0.0648,0.014605522155761719,0.005174875259399414,226.559488,generic_dense,not_separable,,,,0.3699892364844095,3.302585092994046,0.8181818181818183,20.663476804965537,0.18181818181818177,1.8181818181818183,0.9007240666895123,True,7.403136698877421e-19,0.0,0.8739354509701556,1.4090909090909092
nglr_20260610_232251,natural_gradient_local_rate,product_feature,0,12,50.0,0.8094037206799717,32768,symmetrized,torch,262144,0.12343618330762099,0.2065804822990803,0.08558617200936056,,2.4137133072908856,0.12099431028971974,,0.10800095080882172,0.011664205375609528,0.33204233002307165,0.10800095080882154,0.06283192304191579,0.003863567221352804,0.04130546054555293,0.5817719434075914,0.035773455626255724,0.38245460096615275,0.5817719434075889,0.03577345562625714,0.38245460096615125,0.020320344848547056,2.6446807013830336,0.8781459422542738,1.138762877424357,0.5717904703531451,1.6653345369377348e-16,2.9592464366381777e-15,1.650313129158609e-16,5.323497586149267e-16,0.2015810276679842,0.02879078069520258,0.0420560901426548,0.2318317475642806,0.12145161628723145,ok,,product_feature,80,cuda,float64,auto,64,32,True,2.12.0+cu130,True,13.0,NVIDIA H200 NVL,True,0.161217152519671,,90,0.0648,0.017328500747680664,0.005178928375244141,1018.255872,generic_dense,not_separable,,,,0.2065804822990803,4.912023005428146,0.9607843137254903,30.7333408769506,0.039215686274509665,1.9607843137254903,1.1870273006879006,True,6.091822041531875e-19,0.0,0.5288109704277093,1.4803921568627452
nglr_20260610_232251,natural_gradient_local_rate,product_feature,1,12,50.0,0.8007092803419548,32768,symmetrized,torch,262144,0.1218141701391969,0.20940636480087008,0.08306140566644428,,2.5211030697192682,0.12634495913442578,,0.1028671432245684,0.01058164915518387,0.33216172704720215,0.10286714322456864,0.03971293623129596,0.0034429338611441174,0.05971127313212857,0.3860604561030619,0.03346971397492657,0.5804698299220117,0.386060456103063,0.03346971397492796,0.5804698299220133,0.011991118971465653,2.6993352904624954,0.8966158719594836,1.1153048158901968,0.9950990664512537,1.6653345369377348e-16,2.6122111676005526e-15,1.7432191652173035e-16,5.633740131353013e-16,0.2015810276679842,0.02879078069520258,0.04263138926048609,0.2270561059379614,0.1188971996307373,ok,,product_feature,80,cuda,float64,auto,64,32,True,2.12.0+cu130,True,13.0,NVIDIA H200 NVL,True,0.11053017172526314,,90,0.0648,0.016932249069213867,0.0051670074462890625,1018.255872,generic_dense,not_separable,,,,0.20940636480087008,4.912023005428146,0.9607843137254901,30.7333408769506,0.03921568627450989,1.9607843137254901,1.1999165456346066,True,7.365373726863728e-19,0.0,0.5291680356831392,1.4803921568627452
nglr_20260610_232251,natural_gradient_local_rate,product_feature,2,12,50.0,0.8615094622567525,32768,symmetrized,torch,262144,0.0855682741860463,0.17554357764750098,0.0575379275579548,,3.050919369153252,0.11800565008954617,,0.10653182450179187,0.011349029631680581,0.33207708245042267,0.10653182450179194,0.0469473344545053,0.012022381098966568,0.04756210894832007,0.4406883546213518,0.11285248474050441,0.4464591606381438,0.440688354621351,0.11285248474050641,0.4464591606381436,0.012039462255157701,2.6274502263898745,0.872516005463252,1.146110780476814,0.5721071844604915,2.220446049250313e-16,2.8242541009537744e-15,1.3626705031808586e-16,4.627457304331043e-16,0.2015810276679842,0.02879078069520258,0.035737531655188184,0.23332764916008686,0.12108683586120605,ok,,product_feature,80,cuda,float64,auto,64,32,True,2.12.0+cu130,True,13.0,NVIDIA H200 NVL,True,0.14986969683322562,,90,0.0648,0.016222238540649414,0.005782127380371094,1018.255872,generic_dense,not_separable,,,,0.17554357764750098,4.912023005428146,0.9607843137254901,30.7333408769506,0.03921568627450989,1.9607843137254901,1.1152336170617139,True,5.675721731326098e-19,0.0,0.5196078431372549,1.4644066032383538
nglr_20260610_232251,natural_gradient_local_rate,random_feature,0,12,50.0,1.4280324189697706,32768,symmetrized,torch,262144,0.0714949611847228,0.18054926479284875,0.04191745560959066,,4.307257255174126,0.13863180918325807,,0.1378306451728608,0.01899728674876706,0.3312358061364556,0.13783064517286087,0.07300842780828158,0.006023939378590132,0.05879827798598912,0.5296966267314338,0.04370537024647301,0.42659800302209294,0.5296966267314333,0.04370537024647412,0.4265980030220927,0.01564039716944972,2.637108617439122,0.8735047987668414,1.1448134016112292,1.0838582150232439,2.220446049250313e-16,3.779639688284789e-15,1.8025093445111204e-16,6.834289012734555e-16,0.2015810276679842,0.02879078069520258,0.03675659999827536,0.23306352603522545,0.11069130897521973,ok,,random_feature,80,cuda,float64,auto,64,32,True,2.12.0+cu130,True,13.0,NVIDIA H200 NVL,True,0.09295539435063233,,90,0.0648,0.014910221099853516,0.0052356719970703125,728.838656,generic_dense,not_separable,,,,0.18054926479284875,4.912023005428146,0.9607843137254903,30.7333408769506,0.039215686274509776,1.9607843137254903,0.6728028726537115,True,7.189961542760356e-19,0.0,0.5196078431372548,1.4459006847790579
nglr_20260610_232251,natural_gradient_local_rate,random_feature,1,12,50.0,1.4389189001360987,32768,symmetrized,torch,262144,0.09917525609883288,0.15329285880616178,0.04413372834515086,,3.4733720570200735,0.10915913046101092,,0.1328369346213887,0.0176456511996071,0.3313841701733499,0.1328369346213888,0.06868660471087906,0.008472128524401698,0.055678201386108024,0.5170745990687703,0.06377841033857728,0.41914699059265237,0.517074599068771,0.06377841033857758,0.41914699059265287,0.025517336671329133,2.63067837452425,0.8717651701346956,1.1470979046404102,0.7034207776713188,1.942890293094024e-16,1.7763568394002505e-15,1.3394973675941414e-16,6.041034794722865e-16,0.2015810276679842,0.02879078069520258,0.03120768339984603,0.23352860997857353,0.11530017852783203,ok,,random_feature,80,cuda,float64,auto,64,32,True,2.12.0+cu130,True,13.0,NVIDIA H200 NVL,True,0.1596576101403589,,90,0.0648,0.01500391960144043,0.005159854888916016,728.838656,generic_dense,not_separable,,,,0.15329285880616178,4.912023005428146,0.9607843137254903,30.7333408769506,0.039215686274509776,1.9607843137254903,0.6677126234387605,True,6.57324493268122e-19,0.0,0.5513458773671795,1.4803921568627452
nglr_20260610_232251,natural_gradient_local_rate,random_feature,2,12,50.0,1.4151760226612886,32768,symmetrized,torch,262144,0.09666435722950453,0.21293396222312286,0.0904117411943165,,2.3551582948223144,0.12252222102880636,,0.13982225635019438,0.019550263370859473,0.3311751462231515,0.13982225635019468,0.07254424993266645,0.004805377948529548,0.062472628468998675,0.5188319215145138,0.03436776142772393,0.4468003170577621,0.5188319215145156,0.034367761427725144,0.44680031705776374,0.020464323783221258,2.6435666240538644,0.8754835632716814,1.1422258988655376,0.6210714249585845,3.3306690738754696e-16,2.1273897592249206e-15,9.217670221964177e-17,5.305813820806681e-16,0.2015810276679842,0.02879078069520258,0.04334954498132749,0.23253675677074273,0.11073684692382812,ok,,random_feature,80,cuda,float64,auto,64,32,True,2.12.0+cu130,True,13.0,NVIDIA H200 NVL,True,0.11793751327697329,,90,0.0648,0.014991044998168945,0.0051708221435546875,728.838656,generic_dense,not_separable,,,,0.21293396222312286,4.912023005428146,0.9607843137254903,30.7333408769506,0.039215686274509776,1.9607843137254903,0.6789150595688452,True,1.0577760207211408e-18,0.0,0.5196078431372548,1.4505300318096792
nglr_20260610_232251,natural_gradient_local_rate,additive_index,0,12,50.0,1.4850825878818354,32768,symmetrized,torch,262144,0.09376540934269094,0.18774659783941428,0.08777639769189038,,2.1389189209887123,0.09997020014752389,,0.14551318334730357,0.021174086527865982,0.3309971459305301,0.14551318334730362,0.07273877827960384,0.0077851795630123335,0.06498922550468747,0.49987758226685586,0.05350154112449767,0.4466208766086467,0.49987758226685713,0.05350154112449623,0.44662087660864774,0.02001384905627454,2.637228515903441,0.8729151119306466,1.1455867659207741,1.1638828254673612,1.942890293094024e-16,8.881784197001252e-15,1.4294899655514014e-16,1.8320966757042668e-15,0.2015810276679842,0.02879078069520258,0.038221848234819035,0.2332209691719311,0.1105966567993164,ok,,additive_index,80,cuda,float64,auto,64,32,True,2.12.0+cu130,True,13.0,NVIDIA H200 NVL,True,0.15352072010634168,,90,0.0648,0.015138626098632812,0.005172014236450195,728.838656,generic_dense,not_separable,,,,0.18774659783941428,4.912023005428146,0.9607843137254903,30.7333408769506,0.039215686274509776,1.9607843137254903,0.6469568235230952,True,5.312974106675291e-19,0.0,0.5196078431372548,1.4458001893247414
nglr_20260610_232251,natural_gradient_local_rate,additive_index,1,12,50.0,1.5592525893155764,32768,symmetrized,torch,262144,0.09389367350037808,0.16745167212473894,0.07589040199005662,,2.2064934133130425,0.09156127013468232,,0.14512661943759333,0.021061735669384046,0.33100945544842614,0.14512661943759336,0.07656340807818549,0.00820874777787302,0.06035446358153486,0.527562816352302,0.05656266100377888,0.41587452264391916,0.5275628163523003,0.05656266100378213,0.41587452264391817,0.030838013840181838,2.613753651517009,0.8651771728649804,1.155832621760653,0.9250846909617917,2.7755575615628914e-16,1.7763568394002505e-15,1.745583216909656e-16,4.7835550303118715e-16,0.2015810276679842,0.02879078069520258,0.03409016446781551,0.23530684210627129,0.11069917678833008,ok,,additive_index,80,cuda,float64,auto,64,32,True,2.12.0+cu130,True,13.0,NVIDIA H200 NVL,True,0.16639124924167206,,90,0.0648,0.014981746673583984,0.005166053771972656,728.838656,generic_dense,not_separable,,,,0.16745167212473894,4.912023005428146,0.9607843137254903,30.7333408769506,0.039215686274509776,1.9607843137254903,0.6161825994768558,True,9.48113382055616e-19,0.0,0.53919628643167,1.4803921568627452
nglr_20260610_232251,natural_gradient_local_rate,additive_index,2,12,50.0,1.426762552286721,32768,symmetrized,torch,262144,0.12645318190037508,0.19652470284971782,0.05289631199537211,,3.7152817547452406,0.1436283908543457,,0.14230644170490087,0.02025112335071035,0.3310982958564669,0.14230644170490117,0.07172262444940572,0.005157704552603452,0.065426112702892,0.5040012496281503,0.03624364779845251,0.4597551025733972,0.5040012496281516,0.03624364779845452,0.45975510257339836,0.01986644828588216,2.621966278393549,0.8681285665692268,1.151903114940588,0.8923308340365945,2.220446049250313e-16,2.906576154333982e-15,1.3617238310924405e-16,5.837445107702486e-16,0.2015810276679842,0.02879078069520258,0.040008913360654784,0.23450686482283378,0.11073541641235352,ok,,additive_index,80,cuda,float64,auto,64,32,True,2.12.0+cu130,True,13.0,NVIDIA H200 NVL,True,0.09701203430507953,,90,0.0648,0.014974355697631836,0.005178689956665039,728.838656,generic_dense,not_separable,,,,0.19652470284971782,4.912023005428146,0.9607843137254903,30.7333408769506,0.039215686274509776,1.9607843137254903,0.6734016898506401,True,8.613936053981879e-19,0.0,0.5196078431372548,1.4802121114477023
nglr_20260610_232251,natural_gradient_local_rate,radial_tail,0,12,50.0,1.0657759318385718,32768,symmetrized,torch,262144,0.23174211637885525,0.32526157862986976,0.24814233682242282,,1.3107863123842325,0.07711924180744695,,3.695672522343112e-17,1.36579953924019e-33,0.3333333333333333,3.6956725223430946e-17,4.266793067946358e-21,9.271225119841566e-18,2.768123331052143e-17,,,,0.00011545376496836108,0.25086706313370594,0.7490174831013157,8.002350679705411e-18,2.9247610185161075,0.9749203395053692,1.0257248305101063,0.9145922607859893,1.942890293094024e-16,1.7763568394002505e-15,6.091798093104726e-17,3.6152149110213806e-16,0.2015810276679842,0.02879078069520258,0.066217437962003,0.2088192236430092,0.1232748031616211,ok,,radial_tail,80,cuda,float64,auto,64,32,True,2.12.0+cu130,True,13.0,NVIDIA H200 NVL,True,0.2110345223124203,,90,0.0648,0.013944149017333984,0.005192279815673828,226.559488,generic_dense,not_separable,,,,0.32526157862986976,4.912023005428146,0.9607843137254903,30.7333408769506,0.039215686274509776,1.9607843137254903,0.9014880942826694,True,6.7587409310073e-19,0.0,0.8458258931734592,1.4803921568627452
nglr_20260610_232251,natural_gradient_local_rate,radial_tail,1,12,50.0,1.0700182002760141,32768,symmetrized,torch,262144,0.3763239575687445,0.4500562564573455,0.37927964794636965,,1.186607978820376,0.07077660851097584,,3.333276788583353e-17,1.1110734149308553e-33,0.3333333333333333,3.333276788583364e-17,1.353439350667974e-21,8.4579215804611705e-19,3.248562228843685e-17,,,,4.060386930073138e-05,0.025374195174640218,0.974585200956066,4.131881265471108e-18,2.9599192808410355,0.9866397602803451,1.0135411527666984,0.5432707140872529,2.220446049250313e-16,5.329070518200751e-15,1.566334936945162e-16,6.284090311565831e-16,0.2015810276679842,0.02879078069520258,0.09162340159237858,0.2063388448398269,0.12035560607910156,ok,,radial_tail,80,cuda,float64,auto,64,32,True,2.12.0+cu130,True,13.0,NVIDIA H200 NVL,True,0.32086917857844444,,90,0.0648,0.014676570892333984,0.005180835723876953,226.559488,generic_dense,not_separable,,,,0.4500562564573455,4.912023005428146,0.9607843137254903,30.7333408769506,0.039215686274509776,1.9607843137254903,0.8979139920028026,True,5.878294834579439e-19,0.0,0.8486239442900536,1.4803921568627452
nglr_20260610_232251,natural_gradient_local_rate,radial_tail,2,12,50.0,1.0686465337354418,32768,symmetrized,torch,262144,0.32512704604985054,0.40084040434406737,0.3363722574772156,,1.1916571460154337,0.06446814686685176,,4.0385491203732174e-17,1.630987899766729e-33,0.3333333333333333,4.0385491203732235e-17,1.4036924633017717e-18,3.906090732010866e-18,3.507570800841959e-17,,,,0.03475734531048741,0.09672014913241639,0.8685225055570975,9.366592063709219e-18,2.9540086517145165,0.9846695505715054,1.015569131207111,1.1682639708255018,2.220446049250313e-16,5.329070518200751e-15,9.088692921481273e-17,4.1967792380824685e-16,0.2015810276679842,0.02879078069520258,0.08160393465199761,0.20675170496653464,0.12565827369689941,ok,,radial_tail,80,cuda,float64,auto,64,32,True,2.12.0+cu130,True,13.0,NVIDIA H200 NVL,True,0.2888088173208577,,90,0.0648,0.013952016830444336,0.00518488883972168,226.559488,generic_dense,not_separable,,,,0.40084040434406737,4.912023005428146,0.9607843137254903,30.7333408769506,0.039215686274509776,1.9607843137254903,0.8990665139455228,True,4.1090673620647423e-19,0.0,0.8476246779493587,1.4803921568627452
nglr_20260610_232251,natural_gradient_local_rate,product_feature,0,12,100.0,0.8504739268819712,32768,symmetrized,torch,262144,0.08842010315366144,0.17167423879436136,0.030728301742588737,,5.586844344099392,0.14094593705177264,,0.11631529006470974,0.013529246702837564,0.33183683254248153,0.11631529006470981,0.06831400225807185,0.0050307188022682935,0.042970569004369644,0.5873174732235689,0.04325070933898328,0.3694318174374477,0.5873174732235684,0.04325070933898475,0.36943181743744763,0.02101567806634201,2.6782879539805933,0.8887545912856036,1.1251699960879835,1.309946092219913,2.7755575615628914e-16,1.7763568394002505e-15,1.3696461535917216e-16,5.073620217366786e-16,0.20079522862823063,0.02559495781739623,0.030627836996549328,0.2007378828390803,0.12082099914550781,ok,,product_feature,80,cuda,float64,auto,64,32,True,2.12.0+cu130,True,13.0,NVIDIA H200 NVL,True,0.09400034184144192,,90,0.0648,0.016939640045166016,0.005158424377441406,1018.255872,generic_dense,not_separable,,,,0.17167423879436136,5.605170185988092,0.9801980198019802,35.07019527574005,0.01980198019801971,1.9801980198019802,1.1525315342653792,True,8.992943677773507e-19,0.0,0.5099009900990099,1.4831698879899369
nglr_20260610_232251,natural_gradient_local_rate,product_feature,1,12,100.0,0.8356579232571603,32768,symmetrized,torch,262144,0.12357470884101002,0.2405264385362817,0.11500584620990767,,2.091427927040117,0.12552059232637403,,0.10925025157260544,0.011935617468677578,0.3320124089639175,0.1092502515726055,0.043803328307197686,0.003254422976968003,0.062192500288439825,0.4009448735968071,0.02978870007274244,0.5692664263304507,0.4009448735968068,0.029788700072744416,0.5692664263304502,0.012640016020661587,2.697746711847931,0.8956853845751188,1.1164634560542308,1.1123478301885172,2.498001805406602e-16,7.105427357601002e-15,1.8545900314322004e-16,1.3204418637955031e-15,0.20079522862823063,0.02559495781739623,0.042911531774281204,0.19918457763248418,0.12084364891052246,ok,,product_feature,80,cuda,float64,auto,64,32,True,2.12.0+cu130,True,13.0,NVIDIA H200 NVL,True,0.1540030482728768,,90,0.0648,0.01701498031616211,0.005176067352294922,1018.255872,generic_dense,not_separable,,,,0.2405264385362817,5.605170185988092,0.9801980198019802,35.07019527574005,0.01980198019801982,1.9801980198019802,1.1729656268697162,True,5.74420982692932e-19,0.0,0.5099009900990099,1.4765636090579883
nglr_20260610_232251,natural_gradient_local_rate,product_feature,2,12,100.0,0.8708819627070257,32768,symmetrized,torch,262144,0.09458777253854295,0.17763251655394727,0.023533738999172518,,7.547993821134546,0.15409877755477475,,0.1058426999075578,0.011202677123721336,0.332093222285254,0.10584269990755782,0.045979258341126684,0.009289161635197992,0.05057427993123313,0.4344112383875752,0.08776383863328385,0.47782492297914086,0.4344112383875758,0.08776383863328381,0.47782492297914064,0.009381274898433975,2.5957760289791136,0.8620396257944947,1.160039480874623,0.754605105461532,2.220446049250313e-16,8.881784197001252e-16,1.785256660335282e-16,5.861328947555408e-16,0.20079522862823063,0.02559495781739623,0.03169083375880296,0.2069588330742412,0.12105464935302734,ok,,product_feature,80,cuda,float64,auto,64,32,True,2.12.0+cu130,True,13.0,NVIDIA H200 NVL,True,0.13251942344003972,,90,0.0648,0.01692962646484375,0.0051631927490234375,1018.255872,generic_dense,not_separable,,,,0.17763251655394727,5.605170185988092,0.9801980198019802,35.07019527574005,0.01980198019801982,1.9801980198019802,1.1255233909715612,True,7.60392293756171e-19,0.0,0.5185794399001732,1.49009900990099
nglr_20260610_232251,natural_gradient_local_rate,random_feature,0,12,100.0,1.476526662696669,32768,symmetrized,torch,262144,0.07767853404270648,0.14904289899005113,0.04124118901062342,,3.6139331228219147,0.1078017099794277,,0.14502996295853116,0.021033690155752918,0.33101252834702544,0.1450299629585312,0.0739413304921231,0.006802259846334816,0.0642863726200733,0.509834857458147,0.04690244489878139,0.4432626976430717,0.5098348574581466,0.046902444898783285,0.4432626976430715,0.01931432161407734,2.658175053855279,0.8798892453656264,1.1365066742967898,0.7258060244722478,1.3877787807814457e-16,1.7763568394002505e-15,1.4306233569051746e-16,4.01221198382576e-16,0.20079522862823063,0.02559495781739623,0.026590254005602065,0.20276042235753167,0.11145257949829102,ok,,random_feature,80,cuda,float64,auto,64,32,True,2.12.0+cu130,True,13.0,NVIDIA H200 NVL,True,0.09400120810062806,,90,0.0648,0.015285015106201172,0.005160331726074219,728.838656,generic_dense,not_separable,,,,0.14904289899005113,5.605170185988092,0.9801980198019802,35.07019527574005,0.01980198019801971,1.9801980198019802,0.6638539245961098,True,5.830958210539738e-19,0.0,0.5099009900990099,1.4753196919820724
nglr_20260610_232251,natural_gradient_local_rate,random_feature,1,12,100.0,1.5031251353249695,32768,symmetrized,torch,262144,0.09808389252660615,0.20857342542401214,0.06647113479503015,,3.137804493140781,0.142102290628982,,0.14013481364054695,0.01963776599407082,0.33116554947801763,0.14013481364054686,0.07340331002961432,0.007701555142459189,0.05902994846847335,0.5238049569744865,0.05495818592383533,0.42123685710167824,0.523804956974485,0.05495818592383719,0.42123685710167696,0.03081954898061265,2.643293117256903,0.8753676176078444,1.1423771908912326,0.7590096802508273,2.220446049250313e-16,1.6474108254350506e-15,1.5792377028235595e-16,4.981262548498361e-16,0.20079522862823063,0.02559495781739623,0.03721089966998823,0.20380776193860595,0.11646461486816406,ok,,random_feature,80,cuda,float64,auto,64,32,True,2.12.0+cu130,True,13.0,NVIDIA H200 NVL,True,0.09506530160760776,,90,0.0648,0.014922857284545898,0.00516963005065918,728.838656,generic_dense,not_separable,,,,0.20857342542401214,5.605170185988092,0.9801980198019802,35.07019527574005,0.01980198019801971,1.9801980198019802,0.6521067320120792,True,8.214004737013192e-19,0.0,0.5172853778350002,1.49009900990099
nglr_20260610_232251,natural_gradient_local_rate,random_feature,2,12,100.0,1.4308547671108276,32768,symmetrized,torch,262144,0.12039941529480012,0.21142037688948453,0.05460042461768012,,3.8721379617444347,0.15681995227180442,,0.14182889393935524,0.02011543515606088,0.33111317148985936,0.14182889393935513,0.07526818369729996,0.004945060014926828,0.061615650227128324,0.5306971069624502,0.03486637932212385,0.4344365137154258,0.5306971069624498,0.034866379322123525,0.43443651371542547,0.018925240205295457,2.6042631280128328,0.8623058237104306,1.159681371160272,0.9243494465943507,2.3592239273284576e-16,1.0888342157919245e-15,1.1017062639113717e-16,4.549388798386309e-16,0.20079522862823063,0.02559495781739623,0.037718814928759364,0.20689494389648774,0.11308455467224121,ok,,random_feature,80,cuda,float64,auto,64,32,True,2.12.0+cu130,True,13.0,NVIDIA H200 NVL,True,0.1178546552466565,,90,0.0648,0.014999866485595703,0.0051610469818115234,728.838656,generic_dense,not_separable,,,,0.21142037688948453,5.605170185988092,0.9801980198019802,35.07019527574005,0.01980198019801982,1.9801980198019802,0.6850436832112524,True,5.250306855197038e-19,0.0,0.5099009900990099,1.4798810972004084
nglr_20260610_232251,natural_gradient_local_rate,additive_index,0,12,100.0,1.3972919906594814,32768,symmetrized,torch,262144,0.08645223336781774,0.17562160712136404,0.059636197528232016,,2.9448827121853984,0.11598540959313203,,0.13703125261595436,0.0187775641934975,0.33125991522570564,0.13703125261595409,0.07061054034186341,0.005704202612057148,0.06071650966203351,0.5152878558277331,0.041627019407345235,0.4430851247649217,0.5152878558277312,0.041627019407344486,0.4430851247649199,0.02055751904525084,2.63534750983832,0.8729849926993163,1.1454950639047603,1.0052373962508714,2.7755575615628914e-16,2.077606893754985e-15,9.488319291684947e-17,7.268686563395691e-16,0.20079522862823063,0.02559495781739623,0.0313320740127367,0.20436401142079327,0.1107335090637207,ok,,additive_index,80,cuda,float64,auto,64,32,True,2.12.0+cu130,True,13.0,NVIDIA H200 NVL,True,0.13943437608561593,,90,0.0648,0.014996051788330078,0.005154848098754883,728.838656,generic_dense,not_separable,,,,0.17562160712136404,5.605170185988092,0.9801980198019802,35.07019527574005,0.01980198019801982,1.9801980198019802,0.7014983456244926,True,9.07878436439066e-19,0.0,0.5099009900990099,1.4527549701204847
nglr_20260610_232251,natural_gradient_local_rate,additive_index,1,12,100.0,1.587121607820935,32768,symmetrized,torch,262144,0.13548410660678756,0.24217778719674,0.11285996416149578,,2.1458254837844732,0.1293178230352442,,0.1472765543824203,0.021690383470758006,0.3309405905615602,0.1472765543824203,0.07634930734692799,0.012716844922518462,0.05821040211297385,0.5184077510985106,0.08634670315206948,0.39524554574942,0.5184077510985112,0.08634670315206824,0.3952455457494203,0.02973582701703882,2.6016663322320452,0.8609969924330014,1.1614442428819693,0.6843934412699847,1.6653345369377348e-16,1.7318216614635298e-15,2.31510184250036e-16,9.766972190489471e-16,0.20079522862823063,0.02559495781739623,0.04320614346414325,0.2072094520493542,0.1141364574432373,ok,,additive_index,80,cuda,float64,auto,64,32,True,2.12.0+cu130,True,13.0,NVIDIA H200 NVL,True,0.18731707100719688,,90,0.0648,0.015761613845825195,0.00532984733581543,728.838656,generic_dense,not_separable,,,,0.24217778719674,5.605170185988092,0.9801980198019802,35.07019527574005,0.01980198019801993,1.9801980198019802,0.6175947797395055,True,6.896864064400241e-19,0.0,0.5332881357458137,1.49009900990099
nglr_20260610_232251,natural_gradient_local_rate,additive_index,2,12,100.0,1.4610784800306655,32768,symmetrized,torch,262144,0.14830998987329025,0.2369162998418601,0.10093965261541814,,2.3471083335754623,0.13597664722644198,,0.14657446900701138,0.02148407496468734,0.3309631873574204,0.14657446900701224,0.073781531163785,0.006355272002126371,0.06643766584110086,0.5033723244138462,0.04335865615056282,0.453269019435591,0.503372324413852,0.04335865615056355,0.4532690194355962,0.020663144638912306,2.618412187503581,0.8665980433917007,1.153937523429189,0.5061788437931996,2.220446049250313e-16,6.6699101449770965e-15,1.532443736703946e-16,5.290174714642142e-16,0.20079522862823063,0.02559495781739623,0.04226745878904942,0.2058702028912206,0.11341714859008789,ok,,additive_index,80,cuda,float64,auto,64,32,True,2.12.0+cu130,True,13.0,NVIDIA H200 NVL,True,0.14794650499476233,,90,0.0648,0.015262365341186523,0.0051805973052978516,728.838656,generic_dense,not_separable,,,,0.2369162998418601,5.605170185988092,0.9801980198019802,35.07019527574005,0.01980198019801982,1.9801980198019802,0.6708729429656698,True,4.737704990227642e-19,0.0,0.5099009900990099,1.480256810630562
nglr_20260610_232251,natural_gradient_local_rate,radial_tail,0,12,100.0,1.0920182112941539,32768,symmetrized,torch,262144,0.3733780330038945,0.4365375684650563,0.38018692755082284,,1.1482182495785593,0.056350640914233474,,3.543663622493012e-17,1.2557551869380297e-33,0.3333333333333333,3.5436636224930226e-17,2.093901613869716e-18,4.921515966511897e-18,2.8421218644548615e-17,,,,0.0590886110233181,0.13888214262982343,0.8020292463468638,3.649039124764417e-18,2.976768935149132,0.9922563117163773,1.0078041209636932,0.5634821484312109,3.3306690738754696e-16,8.811048014057555e-16,9.605743673363368e-17,4.1040687215528885e-16,0.20079522862823063,0.02559495781739623,0.07788123357187637,0.17979902260292124,0.11849832534790039,ok,,radial_tail,80,cuda,float64,auto,64,32,True,2.12.0+cu130,True,13.0,NVIDIA H200 NVL,True,0.32460353925446855,,90,0.0648,0.013930320739746094,0.0051805973052978516,226.559488,generic_dense,not_separable,,,,0.4365375684650563,5.605170185988092,0.9801980198019802,35.07019527574005,0.01980198019801982,1.9801980198019802,0.8976022649295791,True,4.779144827950592e-19,0.0,0.8458315452081439,1.49009900990099
nglr_20260610_232251,natural_gradient_local_rate,radial_tail,1,12,100.0,1.090372759154878,32768,symmetrized,torch,262144,0.3472803713640854,0.42475938256701157,0.3547536406580054,,1.197336218394145,0.07000574190900616,,4.0144389973956024e-17,1.611572046381061e-33,0.3333333333333333,4.0144389973955975e-17,1.1081461736871214e-18,4.4724007975794354e-18,3.4563843002689415e-17,,,,0.027604010782229776,0.11140786546964429,0.8609881237481214,1.2573204169694545e-17,2.9538656267347596,0.9846218755782531,1.0156183046539724,1.048492301994273,1.6653345369377348e-16,1.7763568394002505e-15,1.1030858755682618e-16,4.2809459775599846e-16,0.20079522862823063,0.02559495781739623,0.07577992611693271,0.18119312544565264,0.11891865730285645,ok,,radial_tail,80,cuda,float64,auto,64,32,True,2.12.0+cu130,True,13.0,NVIDIA H200 NVL,True,0.30162418015990217,,90,0.0648,0.013940095901489258,0.005177974700927734,226.559488,generic_dense,not_separable,,,,0.42475938256701157,5.605170185988092,0.9801980198019802,35.07019527574005,0.01980198019801993,1.9801980198019802,0.8989568123122484,True,7.407690912393195e-19,0.0,0.8416481345498305,1.49009900990099
nglr_20260610_232251,natural_gradient_local_rate,radial_tail,2,12,100.0,1.0901097101109152,32768,symmetrized,torch,262144,0.32200622216990904,0.39692020201705314,0.33387419592816564,,1.1888316223828572,0.0630460060888875,,4.285801007110254e-17,1.8368090272547266e-33,0.3333333333333333,4.28580100711025e-17,2.7396667171698184e-18,2.867486492609922e-18,3.725085686132276e-17,,,,0.06392426322698226,0.06690666430505486,0.8691690724679608,9.147662039661612e-18,2.9564587962131843,0.9854862654043948,1.0147274854101083,1.148117351654319,2.220446049250313e-16,1.7662246745001305e-15,1.0024164822529451e-16,4.364647568556348e-16,0.20079522862823063,0.02559495781739623,0.07081322936621649,0.18103419731067985,0.11991715431213379,ok,,radial_tail,80,cuda,float64,auto,64,32,True,2.12.0+cu130,True,13.0,NVIDIA H200 NVL,True,0.2858452022946656,,90,0.0648,0.013945817947387695,0.0051898956298828125,226.559488,generic_dense,not_separable,,,,0.39692020201705314,5.605170185988092,0.9801980198019802,35.07019527574005,0.01980198019801982,1.9801980198019802,0.8991737351851018,True,6.866311321505324e-19,0.0,0.8458798051905227,1.49009900990099
