family,kappa,scheme,arm,n,m,c,gap,rel_gap,cA,A
manuscript,8.0,riemannian,theory,0,32768.0,0.125,547730091.8086157,1.0,0.9999999999999999,7.999999999999999
manuscript,8.0,riemannian,theory,50,15307.451143328313,0.5340013273530183,117159030.33337076,0.21389920343158308,0.5340013273530182,0.9999999999999999
manuscript,8.0,riemannian,theory,100,1136.3530603599527,0.9658915215789583,645649.1391923496,0.0011787724443994,0.9658915215789582,0.9999999999999999
manuscript,8.0,riemannian,theory,150,46.71912586881193,0.9985992167672353,1091.3383614639529,1.9924747202775216e-06,0.9985992167672352,0.9999999999999999
manuscript,8.0,riemannian,theory,156,31.73443285607849,0.9990485182476126,503.53711457495007,9.193161414817661e-07,0.9999999999999999,
manuscript,8.0,kl,theory,0,32768.0,0.125,547730091.8086157,1.0,0.9999999999999999,7.999999999999999
manuscript,8.0,kl,theory,50,15576.441194945046,0.5136721835626107,121312760.23971161,0.22148273767310184,0.5136721835626106,0.9999999999999999
manuscript,8.0,kl,theory,100,1234.145097509693,0.9563087706307245,761557.0613452081,0.001390387478676827,0.9563087706307244,0.9999999999999999
manuscript,8.0,kl,theory,150,51.381137114032,0.9978001515869804,1320.0106267770886,2.40996550402843e-06,0.9978001515869803,0.9999999999999999
manuscript,8.0,kl,theory,157,32.73235001845118,0.9985598069852211,535.7033693842378,9.780426114901495e-07,0.9999999999999999,
manuscript,8.0,riemannian,const,0,32768.0,0.125,547730091.8086157,1.0,0.9999999999999999,7.999999999999999
manuscript,8.0,riemannian,const,16,23.976140506430095,0.9994847364957724,287.4276568584359,5.247614859160724e-07,0.9999999999999999,
manuscript,8.0,kl,const,0,32768.0,0.125,547730091.8086157,1.0,0.9999999999999999,7.999999999999999
manuscript,8.0,kl,const,18,18.459369118841806,0.9929454062865822,170.3741666334744,3.110549688276127e-07,0.9999999999999999,
manuscript,16.0,riemannian,theory,0,524288.0,0.0625,140507570642.3216,1.0,0.9999999999999999,15.999999999999998
manuscript,16.0,riemannian,theory,50,470485.53725059086,0.0625,110811259936.52155,0.7886497462731352,0.9999999999999999,15.999999999999998
manuscript,16.0,riemannian,theory,100,406727.7216385533,0.16624526060410325,82713719775.1245,0.5886780292122615,0.16624526060410322,0.9999999999999999
manuscript,16.0,riemannian,theory,150,250343.8548095854,0.4894201753309706,31336022820.56336,0.22302017376937544,0.48942017533097054,0.9999999999999999
manuscript,16.0,riemannian,theory,200,87250.96825200823,0.822993064382156,3806365730.4653735,0.027090111323288917,0.8229930643821559,0.9999999999999999
manuscript,16.0,riemannian,theory,250,20855.831472635204,0.9577810650203188,217482853.20793912,0.0015478372603962179,0.9577810650203187,0.9999999999999999
manuscript,16.0,riemannian,theory,300,4416.931259673307,0.9910634992698804,9754640.8763597,6.942430811213209e-05,0.9910634992698802,0.9999999999999999
manuscript,16.0,riemannian,theory,350,909.7134419997662,0.9981596443022689,413789.2732783788,2.944960697752918e-06,0.9981596443022688,0.9999999999999999
manuscript,16.0,riemannian,theory,368,514.1321560989998,0.9989599210181482,132165.93696777377,9.406321407706748e-07,0.9999999999999999,
manuscript,16.0,kl,theory,0,524288.0,0.0625,140507570642.3216,1.0,0.9999999999999999,15.999999999999998
manuscript,16.0,kl,theory,50,470485.53725059086,0.0625,110811259936.52155,0.7886497462731352,0.9999999999999999,15.999999999999998
manuscript,16.0,kl,theory,100,407151.4552298023,0.1636876474390908,82886153748.35957,0.589905251150886,0.16368764743909078,0.9999999999999999
manuscript,16.0,kl,theory,150,253432.71599831694,0.4769016491338055,32114070769.250458,0.22855758321379402,0.47690164913380545,0.9999999999999999
manuscript,16.0,kl,theory,200,90397.39388597842,0.809401153592503,4085844410.6987953,0.029079176246664947,0.8094011535925029,0.9999999999999999
manuscript,16.0,kl,theory,250,21949.008193070105,0.9518784227869764,240879480.33032745,0.001714352324427516,0.9518784227869763,0.9999999999999999
manuscript,16.0,kl,theory,300,4675.130740933536,0.9892632664381319,10928423.722439902,7.777818428203757e-05,0.9892632664381318,0.9999999999999999
manuscript,16.0,kl,theory,350,964.4802675889306,0.9976753826691505,465111.0932855606,3.3102208739310932e-06,0.9976753826691503,0.9999999999999999
manuscript,16.0,kl,theory,369,528.1921417727442,0.9987031690302706,139493.46931566016,9.927825858633414e-07,0.9999999999999999,
manuscript,16.0,riemannian,const,0,524288.0,0.0625,140507570642.3216,1.0,0.9999999999999999,15.999999999999998
manuscript,16.0,riemannian,const,17,528.108735826966,0.9992754501803622,139449.4184285094,9.924690733106059e-07,0.9999999999999999,
manuscript,16.0,kl,const,0,524288.0,0.0625,140507570642.3216,1.0,0.9999999999999999,15.999999999999998
manuscript,16.0,kl,const,19,518.033990599868,0.9899523869071858,134179.60773382103,9.549635448141857e-07,0.9999999999999999,
manuscript,32.0,riemannian,theory,0,8388608.0,0.03125,36017470670798.92,1.0,0.9999999999999999,31.999999999999996
manuscript,32.0,riemannian,theory,50,8153981.793012977,0.03125,33763315586897.707,0.9374149533012942,0.9999999999999999,31.999999999999996
manuscript,32.0,riemannian,theory,100,7931970.798218348,0.03125,31745046201966.246,0.8813791088251921,0.9999999999999999,31.999999999999996
manuscript,32.0,riemannian,theory,150,7722270.682850652,0.03125,29944405318526.914,0.8313855681932787,0.9999999999999999,31.999999999999996
manuscript,32.0,riemannian,theory,200,7524584.455949761,0.03125,28344175188498.297,0.786956292616024,0.9999999999999999,31.999999999999996
manuscript,32.0,riemannian,theory,250,7338622.291245189,0.03125,26928123884596.625,0.7476406139320754,0.9999999999999999,31.999999999999996
manuscript,32.0,riemannian,theory,300,7102406.62335963,0.059419084752638414,25222089921772.31,0.700273768591448,0.05941908475263841,0.9999999999999999
manuscript,32.0,riemannian,theory,350,6638283.883405304,0.1213080073173576,22033406458339.914,0.6117421919969368,0.12130800731735758,0.9999999999999999
manuscript,32.0,riemannian,theory,400,5808062.844078466,0.23186631320530238,16866797000382.766,0.4682948770763484,0.23186631320530235,0.9999999999999999
manuscript,32.0,riemannian,theory,450,4559342.9150411505,0.3977968706382135,10393803908468.127,0.28857672998384304,0.39779687063821345,0.9999999999999999
manuscript,32.0,riemannian,theory,500,3098503.051350197,0.591368658754323,4800360579613.298,0.13327866977358793,0.5913686587543229,0.9999999999999999
manuscript,32.0,riemannian,theory,550,1818978.1067593433,0.7604324604084212,1654340676434.9194,0.04593161722975101,0.760432460408421,0.9999999999999999
manuscript,32.0,riemannian,theory,600,953738.5860499822,0.8745016518525774,454808645260.31396,0.012627445425507044,0.8745016518525773,0.9999999999999999
manuscript,32.0,riemannian,theory,650,466311.13402345794,0.9386713160855262,108723036857.12265,0.003018619431965543,0.9386713160855261,0.9999999999999999
manuscript,32.0,riemannian,theory,700,219630.98023463643,0.9711218276860085,24118883739.413837,0.0006696440169233806,0.9711218276860084,0.9999999999999999
manuscript,32.0,riemannian,theory,750,101559.16456904061,0.9866481412757203,5157131953.980782,0.00014318417862034698,0.9866481412757202,0.9999999999999999
manuscript,32.0,riemannian,theory,800,46555.34359368699,0.9938797773245065,1083700008.5631351,3.0088176331652913e-05,0.9938797773245064,0.9999999999999999
manuscript,32.0,riemannian,theory,850,21255.54412467337,0.9972057938042135,225899078.0179703,6.2719306439560015e-06,0.9972057938042134,0.9999999999999999
manuscript,32.0,riemannian,theory,900,9686.643849379454,0.9987266308771128,46915534.53236081,1.3025771565463498e-06,0.9987266308771127,0.9999999999999999
manuscript,32.0,riemannian,theory,909,8408.001045595587,0.9988947178402799,35347240.791368544,9.813915339709358e-07,0.9999999999999999,
manuscript,32.0,kl,theory,0,8388608.0,0.03125,36017470670798.92,1.0,0.9999999999999999,31.999999999999996
manuscript,32.0,kl,theory,50,8153981.793012977,0.03125,33763315586897.707,0.9374149533012942,0.9999999999999999,31.999999999999996
manuscript,32.0,kl,theory,100,7931970.798218348,0.03125,31745046201966.246,0.8813791088251921,0.9999999999999999,31.999999999999996
manuscript,32.0,kl,theory,150,7722270.682850652,0.03125,29944405318526.914,0.8313855681932787,0.9999999999999999,31.999999999999996
manuscript,32.0,kl,theory,200,7524584.455949761,0.03125,28344175188498.297,0.786956292616024,0.9999999999999999,31.999999999999996
manuscript,32.0,kl,theory,250,7338622.291245189,0.03125,26928123884596.625,0.7476406139320754,0.9999999999999999,31.999999999999996
manuscript,32.0,kl,theory,300,7102984.464880052,0.059116615179119786,25226194154164.62,0.7003877197467033,0.05911661517911978,0.9999999999999999
manuscript,32.0,kl,theory,350,6642473.530335384,0.12003509616157901,22061227300603.73,0.6125146183152116,0.120035096161579,0.9999999999999999
manuscript,32.0,kl,theory,400,5821747.119424278,0.2284844749958713,16946369761262.791,0.4705041593884609,0.22848447499587127,0.9999999999999999
manuscript,32.0,kl,theory,450,4587545.45824894,0.39134092160020484,10522786665750.402,0.29215784644982656,0.3913409216002048,0.9999999999999999
manuscript,32.0,kl,theory,500,3136735.433715401,0.582618061604423,4919554590562.935,0.13658800851197614,0.5826180616044229,0.9999999999999999
manuscript,32.0,kl,theory,550,1854358.8840038977,0.7518940313752339,1719323435342.109,0.0477358182937606,0.7518940313752338,0.9999999999999999
manuscript,32.0,kl,theory,600,978148.9936534913,0.8680640331233905,478387726892.6736,0.013282102212705494,0.8680640331233904,0.9999999999999999
manuscript,32.0,kl,theory,650,480243.6539896628,0.9345732067333945,115316983598.6726,0.0032016957729395913,0.9345732067333944,0.9999999999999999
manuscript,32.0,kl,theory,700,226765.52852632542,0.9687615087106938,25711302463.912098,0.000713856414263911,0.9687615087106937,0.9999999999999999
manuscript,32.0,kl,theory,750,105006.81381759867,0.9853647194689387,5513215474.061969,0.00015307058967168938,0.9853647194689386,0.9999999999999999
manuscript,32.0,kl,theory,800,48172.24869619539,0.9932052432524082,1160282772.2240608,3.221444345243147e-05,0.9932052432524081,0.9999999999999999
manuscript,32.0,kl,theory,850,22002.438673330467,0.9968587723464623,242053653.78683653,6.720451194344443e-06,0.9968587723464621,0.9999999999999999
manuscript,32.0,kl,theory,900,10029.041269893874,0.9985506717672592,50290834.396617785,1.3962900075987557e-06,0.9985506717672591,0.9999999999999999
manuscript,32.0,kl,theory,911,8435.82543002935,0.9987776424846148,35581575.342965305,9.878976696665427e-07,0.9999999999999999,
manuscript,32.0,riemannian,const,0,8388608.0,0.03125,36017470670798.92,1.0,0.9999999999999999,31.999999999999996
manuscript,32.0,riemannian,const,19,5662.9894844582395,0.9995094726420772,16034724.950542359,4.451929758505356e-07,0.9999999999999999,
manuscript,32.0,kl,const,0,8388608.0,0.03125,36017470670798.92,1.0,0.9999999999999999,31.999999999999996
manuscript,32.0,kl,const,21,7061.466122974006,0.9907635194524396,24932151.902976226,6.922238413368074e-07,0.9999999999999999,
manuscript,64.0,riemannian,theory,0,134217728.0,0.015625,9227402211940996.0,1.0,0.9999999999999999,63.99999999999999
manuscript,64.0,riemannian,theory,50,133256061.6359217,0.015625,9075900963261366.0,0.9835813758629081,0.9999999999999999,63.99999999999999
manuscript,64.0,riemannian,theory,100,132307493.06107134,0.015625,8928498589987097.0,0.9676069585904585,0.9999999999999999,63.99999999999999
manuscript,64.0,riemannian,theory,150,131371942.57150747,0.015625,8785114450362447.0,0.9520680088046674,0.9999999999999999,63.99999999999999
manuscript,64.0,riemannian,theory,200,130449330.94831078,0.015625,8645669069186639.0,0.9369559135504522,0.9999999999999999,63.99999999999999
manuscript,64.0,riemannian,theory,250,129539579.4546326,0.015625,8510084122514854.0,0.9222621846376357,0.9999999999999999,63.99999999999999
manuscript,64.0,riemannian,theory,300,128642609.83276153,0.015625,8378282422551846.0,0.9079784570038227,0.9999999999999999,63.99999999999999
manuscript,64.0,riemannian,theory,350,127758344.30120751,0.015625,8250187902735702.0,0.8940964870978854,0.9999999999999999,63.99999999999999
manuscript,64.0,riemannian,theory,400,126886705.55180396,0.015625,8125725603009531.0,0.8806081512838134,0.9999999999999999,63.99999999999999
manuscript,64.0,riemannian,theory,450,126027616.74682747,0.015625,8004821655278682.0,0.867505444264671,0.9999999999999999,63.99999999999999
manuscript,64.0,riemannian,theory,500,125181001.5161351,0.015625,7887403269051218.0,0.8547804775264145,0.9999999999999999,63.99999999999999
manuscript,64.0,riemannian,theory,550,124346783.954319,0.015625,7773398717259375.0,0.8424254778013226,0.9999999999999999,63.99999999999999
manuscript,64.0,riemannian,theory,600,123524888.61787803,0.015625,7662737322259716.0,0.8304327855507936,0.9999999999999999,63.99999999999999
manuscript,64.0,riemannian,theory,650,122715240.52240737,0.015625,7555349442009951.0,0.8187948534672873,0.9999999999999999,63.99999999999999
manuscript,64.0,riemannian,theory,700,121917765.13980466,0.015625,7451166456420019.0,0.807504244995153,0.9999999999999999,63.99999999999999
manuscript,64.0,riemannian,theory,750,121132388.39549306,0.015625,7350120753875368.0,0.7965536328701186,0.9999999999999999,63.99999999999999
manuscript,64.0,riemannian,theory,800,120359036.66566151,0.015625,7252145717930354.0,0.785935797677216,0.9999999999999999,63.99999999999999
manuscript,64.0,riemannian,theory,850,119597636.7745219,0.015625,7157175714169616.0,0.7756436264269112,0.9999999999999999,63.99999999999999
manuscript,64.0,riemannian,theory,900,118848115.99158242,0.015625,7065146077235280.0,0.7656701111492047,0.9999999999999999,63.99999999999999
manuscript,64.0,riemannian,theory,950,118110402.02893807,0.015625,6975993098018073.0,0.7560083475054962,0.9999999999999999,63.99999999999999
manuscript,64.0,riemannian,theory,1000,117384423.03857704,0.015625,6889654011010174.0,0.7466515334179766,0.9999999999999999,63.99999999999999
manuscript,64.0,riemannian,theory,1050,116634215.53503364,0.018931611124919895,6801770116736343.0,0.737127304143555,0.01893161112491989,0.9999999999999999
manuscript,64.0,riemannian,theory,1100,115592284.98908548,0.02772918383783544,6680788174498980.0,0.7240161446364076,0.027729183837835437,0.9999999999999999
manuscript,64.0,riemannian,theory,1150,114085927.26420444,0.04044709665695705,6507799399866674.0,0.7052688557831652,0.040447096656957046,0.9999999999999999
manuscript,64.0,riemannian,theory,1200,111929944.0898533,0.05864749188643012,6264156191978843.0,0.6788645436819177,0.05864749188643011,0.9999999999999999
manuscript,64.0,riemannian,theory,1250,108888237.24527566,0.08432060973530665,5928324105191719.0,0.6424694587952385,0.08432060973530664,0.9999999999999999
manuscript,64.0,riemannian,theory,1300,104682889.79101571,0.1198068253838771,5479253707498971.0,0.5938024139024067,0.11980682538387709,0.9999999999999999
manuscript,64.0,riemannian,theory,1350,99028584.31030479,0.16750440039569175,4903330255251573.0,0.5313879402489112,0.16750440039569173,0.9999999999999999
manuscript,64.0,riemannian,theory,1400,91704606.86990957,0.22926033466808968,4204867460582332.5,0.4556935271707239,0.22926033466808965,0.9999999999999999
manuscript,64.0,riemannian,theory,1450,82663562.1666559,0.3054535957361399,3416632255040292.0,0.37027022086659417,0.30545359573613984,0.9999999999999999
manuscript,64.0,riemannian,theory,1500,72143534.70590734,0.39405392397569167,2602344799931229.0,0.28202355767732623,0.3940539239756916,0.9999999999999999
manuscript,64.0,riemannian,theory,1550,60713310.17725374,0.4902504717175058,1843053016339711.2,0.19973693288828934,0.49025047171750574,0.9999999999999999
manuscript,64.0,riemannian,theory,1600,49183638.452540785,0.5872106447049318,1209515145715124.2,0.1310786197387077,0.5872106447049317,0.9999999999999999
manuscript,64.0,riemannian,theory,1650,38394239.98921128,0.6778787267171322,737058832174575.5,0.07987717618082828,0.6778787267171321,0.9999999999999999
manuscript,64.0,riemannian,theory,1700,28984382.307229973,0.7569013108182489,420047208865832.94,0.04552171881293505,0.7569013108182487,0.9999999999999999
manuscript,64.0,riemannian,theory,1750,21269274.79585789,0.8216550786261655,226191025170857.88,0.02451296908659174,0.8216550786261654,0.9999999999999999
manuscript,64.0,riemannian,theory,1800,15258003.147351302,0.8720855350041793,116403330022291.11,0.012614962190729682,0.8720855350041792,0.9999999999999999
manuscript,64.0,riemannian,theory,1850,10757754.495754885,0.9098264594626659,57864640895467.2,0.006270956826893894,0.9098264594626658,0.9999999999999999
manuscript,64.0,riemannian,theory,1900,7488543.235790801,0.9372363775219713,28039139897154.082,0.0030386818795943666,0.9372363775219712,0.9999999999999999
manuscript,64.0,riemannian,theory,1950,5165182.147128187,0.9567124489431731,13339553306505.873,0.0014456455890958589,0.956712448943173,0.9999999999999999
manuscript,64.0,riemannian,theory,2000,3539662.143375836,0.97033694349809,6264604044624.007,0.000678913078755482,0.9703369434980899,0.9999999999999999
manuscript,64.0,riemannian,theory,2050,2414799.35052548,0.9797642631577069,2915627951649.14,0.0003159749499025939,0.9797642631577068,0.9999999999999999
manuscript,64.0,riemannian,theory,2100,1642294.8454263299,0.9862381114956265,1348566179656.9463,0.0001461479784539785,0.9862381114956263,0.9999999999999999
manuscript,64.0,riemannian,theory,2150,1114543.5431147723,0.990660655737836,621103654749.415,6.731078157031643e-05,0.9906606557378359,0.9999999999999999
manuscript,64.0,riemannian,theory,2200,755288.1879332813,0.9936711195807308,285230123415.7698,3.091120521945594e-05,0.9936711195807307,0.9999999999999999
manuscript,64.0,riemannian,theory,2250,511328.2917061282,0.9957153976180767,130728310949.5537,1.4167401392818968e-05,0.9957153976180766,0.9999999999999999
manuscript,64.0,riemannian,theory,2300,345936.3443327358,0.9971012916320838,59835977165.148575,6.484596183280711e-06,0.9971012916320837,0.9999999999999999
manuscript,64.0,riemannian,theory,2350,233935.18582078564,0.9980397914635953,27362835582.502754,2.9653888444456293e-06,0.9980397914635952,0.9999999999999999
manuscript,64.0,riemannian,theory,2400,158147.21214355796,0.9986748434652527,12505270354.389763,1.3552319566396427e-06,0.9986748434652526,0.9999999999999999
manuscript,64.0,riemannian,theory,2420,135213.7269906923,0.998867009946479,9141375983.356733,9.906770912757072e-07,0.9999999999999999,
manuscript,64.0,kl,theory,0,134217728.0,0.015625,9227402211940996.0,1.0,0.9999999999999999,63.99999999999999
manuscript,64.0,kl,theory,50,133256061.6359217,0.015625,9075900963261366.0,0.9835813758629081,0.9999999999999999,63.99999999999999
manuscript,64.0,kl,theory,100,132307493.06107134,0.015625,8928498589987097.0,0.9676069585904585,0.9999999999999999,63.99999999999999
manuscript,64.0,kl,theory,150,131371942.57150747,0.015625,8785114450362447.0,0.9520680088046674,0.9999999999999999,63.99999999999999
manuscript,64.0,kl,theory,200,130449330.94831078,0.015625,8645669069186639.0,0.9369559135504522,0.9999999999999999,63.99999999999999
manuscript,64.0,kl,theory,250,129539579.4546326,0.015625,8510084122514854.0,0.9222621846376357,0.9999999999999999,63.99999999999999
manuscript,64.0,kl,theory,300,128642609.83276153,0.015625,8378282422551846.0,0.9079784570038227,0.9999999999999999,63.99999999999999
manuscript,64.0,kl,theory,350,127758344.30120751,0.015625,8250187902735702.0,0.8940964870978854,0.9999999999999999,63.99999999999999
manuscript,64.0,kl,theory,400,126886705.55180396,0.015625,8125725603009531.0,0.8806081512838134,0.9999999999999999,63.99999999999999
manuscript,64.0,kl,theory,450,126027616.74682747,0.015625,8004821655278682.0,0.867505444264671,0.9999999999999999,63.99999999999999
manuscript,64.0,kl,theory,500,125181001.5161351,0.015625,7887403269051218.0,0.8547804775264145,0.9999999999999999,63.99999999999999
manuscript,64.0,kl,theory,550,124346783.954319,0.015625,7773398717259375.0,0.8424254778013226,0.9999999999999999,63.99999999999999
manuscript,64.0,kl,theory,600,123524888.61787803,0.015625,7662737322259716.0,0.8304327855507936,0.9999999999999999,63.99999999999999
manuscript,64.0,kl,theory,650,122715240.52240737,0.015625,7555349442009951.0,0.8187948534672873,0.9999999999999999,63.99999999999999
manuscript,64.0,kl,theory,700,121917765.13980466,0.015625,7451166456420019.0,0.807504244995153,0.9999999999999999,63.99999999999999
manuscript,64.0,kl,theory,750,121132388.39549306,0.015625,7350120753875368.0,0.7965536328701186,0.9999999999999999,63.99999999999999
manuscript,64.0,kl,theory,800,120359036.66566151,0.015625,7252145717930354.0,0.785935797677216,0.9999999999999999,63.99999999999999
manuscript,64.0,kl,theory,850,119597636.7745219,0.015625,7157175714169616.0,0.7756436264269112,0.9999999999999999,63.99999999999999
manuscript,64.0,kl,theory,900,118848115.99158242,0.015625,7065146077235280.0,0.7656701111492047,0.9999999999999999,63.99999999999999
manuscript,64.0,kl,theory,950,118110402.02893807,0.015625,6975993098018073.0,0.7560083475054962,0.9999999999999999,63.99999999999999
manuscript,64.0,kl,theory,1000,117384423.03857704,0.015625,6889654011010174.0,0.7466515334179766,0.9999999999999999,63.99999999999999
manuscript,64.0,kl,theory,1050,116634362.47589447,0.018917275781729016,6801787255079171.0,0.7371291614748422,0.018917275781729012,0.9999999999999999
manuscript,64.0,kl,theory,1100,115594030.39158887,0.027666563603797448,6680989931085787.0,0.7240380095754417,0.027666563603797444,0.9999999999999999
manuscript,64.0,kl,theory,1150,114092183.4922593,0.04029621362618767,6508513167015684.0,0.7053462087729467,0.04029621362618766,0.9999999999999999
manuscript,64.0,kl,theory,1200,111945644.7128991,0.058345283010092855,6265913685093318.0,0.6790550082432437,0.05834528301009285,0.9999999999999999
manuscript,64.0,kl,theory,1250,108921097.42948727,0.08377302024565952,5931902732621930.0,0.642857284897105,0.08377302024565951,0.9999999999999999
manuscript,64.0,kl,theory,1300,104743932.06816544,0.11888347134799696,5485645652550228.0,0.5944951272906869,0.11888347134799694,0.9999999999999999
manuscript,64.0,kl,theory,1350,99131783.31640457,0.16604244176124092,4913555231745293.0,0.5324960502303411,0.1660424417612409,0.9999999999999999
manuscript,64.0,kl,theory,1400,91864725.69288045,0.2270872157390101,4219563913314084.5,0.4572862238359602,0.22708721573901008,0.9999999999999999
manuscript,64.0,kl,theory,1450,82891540.85032225,0.3024359034611701,3435503772270321.0,0.37231538122663654,0.30243590346117005,0.9999999999999999
manuscript,64.0,kl,theory,1500,72440282.85343231,0.3901651631729434,2623797289942640.0,0.28434842544819783,0.39016516317294336,0.9999999999999999
manuscript,64.0,kl,theory,1550,61065109.37838658,0.48562621299582326,1864473791697158.2,0.20205836365129723,0.4856262129958232,0.9999999999999999
manuscript,64.0,kl,theory,1600,49563206.912122995,0.582147664238709,1228255739706958.2,0.13310959157253352,0.5821476642387089,0.9999999999999999
manuscript,64.0,kl,theory,1650,38768418.58395462,0.6727618146560405,751495139750359.0,0.08144168017059712,0.6727618146560403,0.9999999999999999
manuscript,64.0,kl,theory,1700,29324303.015986413,0.7520937012930894,429957373686694.9,0.04659571175192685,0.7520937012930893,0.9999999999999999
manuscript,64.0,kl,theory,1750,21557200.130153015,0.817412909072808,232356438725734.6,0.025181132607945363,0.8174129090728078,0.9999999999999999
manuscript,64.0,kl,theory,1800,15488350.796160545,0.868530077361967,119944505192463.5,0.012998729483932728,0.8685300773619669,0.9999999999999999
manuscript,64.0,kl,theory,1850,10933969.55351011,0.9069652568615597,59775845098543.05,0.006478079499036936,0.9069652568615596,0.9999999999999999
manuscript,64.0,kl,theory,1900,7618834.254612485,0.9350047950445178,29023317699628.293,0.0031453400462017143,0.9350047950445177,0.9999999999999999
manuscript,64.0,kl,theory,1950,5259109.265059125,0.9550127331421431,13829115130915.363,0.001498700805847542,0.955012733142143,0.9999999999999999
manuscript,64.0,kl,theory,2000,3606131.899310657,0.9690652621414898,6502093637612.942,0.0007046505059895095,0.9690652621414897,0.9999999999999999
manuscript,64.0,kl,theory,2050,2461212.376811341,0.978825571933788,3028783181884.665,0.0003282379062186297,0.9788255719337879,0.9999999999999999
manuscript,64.0,kl,theory,2100,1674393.1498299632,0.9855522898399899,1401796210098.753,0.00015191666927499015,0.9855522898399898,0.9999999999999999
manuscript,64.0,kl,theory,2150,1136590.412549573,0.990163530647483,645918882949.8042,7.000007890779201e-05,0.9901635306474829,0.9999999999999999
manuscript,64.0,kl,theory,2200,770357.6059224914,0.9933129987729814,296725420501.3162,3.215698348093354e-05,0.9933129987729813,0.9999999999999999
manuscript,64.0,kl,theory,2250,521593.0283370821,0.9954586864101441,136029643604.92407,1.4741921992832484e-05,0.995458686410144,0.9999999999999999
manuscript,64.0,kl,theory,2300,352911.28501691273,0.9969180139930214,62273187546.1443,6.748723651122287e-06,0.9969180139930213,0.9999999999999999
manuscript,64.0,kl,theory,2350,238666.55320856837,0.9979093790850707,28480861810.229195,3.0865525481670976e-06,0.9979093790850706,0.9999999999999999
manuscript,64.0,kl,theory,2400,161352.7965716508,0.9985823108278367,13017362480.746264,1.410728846727929e-06,0.9985823108278366,0.9999999999999999
manuscript,64.0,kl,theory,2422,135811.78047798443,0.9988051218481139,9222419858.300116,9.994600480691702e-07,0.9999999999999999,
manuscript,64.0,riemannian,const,0,134217728.0,0.015625,9227402211940996.0,1.0,0.9999999999999999,63.99999999999999
manuscript,64.0,riemannian,const,24,73247.37052765685,0.9995523860404811,2682588644.6079264,2.907198128999343e-07,3.33486274167318,
manuscript,64.0,kl,const,0,134217728.0,0.015625,9227402211940996.0,1.0,0.9999999999999999,63.99999999999999
manuscript,64.0,kl,const,23,94399.76383617878,0.9916499086548215,4455657706.163181,4.828723842120162e-07,0.9999999999999999,
manuscript,128.0,riemannian,theory,0,2147483648.0,0.0078125,2.3631621988793303e+18,1.0,0.9999999999999999,127.99999999999999
manuscript,128.0,riemannian,theory,81,2141212506.7452755,0.0078125,2.3472531472409436e+18,0.993267896868894,0.9999999999999999,127.99999999999999
manuscript,128.0,riemannian,theory,162,2134976201.3864946,0.0078125,2.331520354186504e+18,0.9866103796396914,0.9999999999999999,127.99999999999999
manuscript,128.0,riemannian,theory,243,2128774645.9170094,0.0078125,2.315962406338818e+18,0.9800268502251367,0.9999999999999999,127.99999999999999
manuscript,128.0,riemannian,theory,324,2122607754.5425127,0.0078125,2.3005778986344515e+18,0.9735167140560399,0.9999999999999999,127.99999999999999
manuscript,128.0,riemannian,theory,405,2116475441.680517,0.0078125,2.285365434279417e+18,0.9670793800625254,0.9999999999999999,127.99999999999999
manuscript,128.0,riemannian,theory,486,2110377621.9598289,0.0078125,2.2703236247050798e+18,0.9607142606553724,0.9999999999999999,127.99999999999999
manuscript,128.0,riemannian,theory,567,2104314210.2200298,0.0078125,2.2554510895242964e+18,0.9544207717074549,0.9999999999999999,127.99999999999999
manuscript,128.0,riemannian,theory,648,2098285121.510954,0.0078125,2.2407464564877693e+18,0.9481983325352726,0.9999999999999999,127.99999999999999
manuscript,128.0,riemannian,theory,729,2092290271.09217,0.0078125,2.2262083614406333e+18,0.9420463658805799,0.9999999999999999,127.99999999999999
manuscript,128.0,riemannian,theory,810,2086329574.4324634,0.0078125,2.211835448279257e+18,0.9359642978921057,0.9999999999999999,127.99999999999999
manuscript,128.0,riemannian,theory,891,2080402947.2093182,0.0078125,2.197626368908268e+18,0.9299515581073684,0.9999999999999999,127.99999999999999
manuscript,128.0,riemannian,theory,972,2074510305.3084033,0.0078125,2.1835797831977994e+18,0.9240075794345842,0.9999999999999999,127.99999999999999
manuscript,128.0,riemannian,theory,1053,2068651564.8230581,0.0078125,2.1696943589409562e+18,0.9181317981346683,0.9999999999999999,127.99999999999999
manuscript,128.0,riemannian,theory,1134,2062826642.0537822,0.0078125,2.1559687718114998e+18,0.9123236538033289,0.9999999999999999,127.99999999999999
manuscript,128.0,riemannian,theory,1215,2057035453.5077207,0.0078125,2.142401705321744e+18,0.9065825893532503,0.9999999999999999,127.99999999999999
manuscript,128.0,riemannian,theory,1296,2051277915.898152,0.0078125,2.128991850780662e+18,0.9009080509963651,0.9999999999999999,127.99999999999999
manuscript,128.0,riemannian,theory,1377,2045553946.1439862,0.0078125,2.1157379072522317e+18,0.8952994882262278,0.9999999999999999,127.99999999999999
manuscript,128.0,riemannian,theory,1458,2039863461.3692489,0.0078125,2.1026385815139625e+18,0.8897563538004651,0.9999999999999999,127.99999999999999
manuscript,128.0,riemannian,theory,1539,2034206378.9025815,0.0078125,2.0896925880156636e+18,0.8842781037233277,0.9999999999999999,127.99999999999999
manuscript,128.0,riemannian,theory,1620,2028582616.2767339,0.0078125,2.0768986488384046e+18,0.8788641972283244,0.9999999999999999,127.99999999999999
manuscript,128.0,riemannian,theory,1701,2022992091.2280564,0.0078125,2.0642554936536858e+18,0.8735140967609445,0.9999999999999999,127.99999999999999
manuscript,128.0,riemannian,theory,1782,2017434721.696007,0.0078125,2.0517618596828424e+18,0.8682272679614791,0.9999999999999999,127.99999999999999
manuscript,128.0,riemannian,theory,1863,2011910425.822637,0.0078125,2.0394164916566124e+18,0.8630031796479115,0.9999999999999999,127.99999999999999
manuscript,128.0,riemannian,theory,1944,2006419121.9521005,0.0078125,2.0272181417749596e+18,0.8578413037989167,0.9999999999999999,127.99999999999999
manuscript,128.0,riemannian,theory,2025,2000960728.6301541,0.0078125,2.015165569667076e+18,0.8527411155369349,0.9999999999999999,127.99999999999999
manuscript,128.0,riemannian,theory,2106,1995535164.6036549,0.0078125,2.0032575423515863e+18,0.847702093111332,0.9999999999999999,127.99999999999999
manuscript,128.0,riemannian,theory,2187,1990142348.8200693,0.0078125,1.9914928341969738e+18,0.842723717881654,0.9999999999999999,127.99999999999999
manuscript,128.0,riemannian,theory,2268,1984782200.4269712,0.0078125,1.9798702268821873e+18,0.837805474300956,0.9999999999999999,127.99999999999999
manuscript,128.0,riemannian,theory,2349,1979454638.7715535,0.0078125,1.9683885093574738e+18,0.8329468498992292,0.9999999999999999,127.99999999999999
manuscript,128.0,riemannian,theory,2430,1974159583.4001362,0.0078125,1.9570464778054024e+18,0.8281473352669072,0.9999999999999999,127.99999999999999
manuscript,128.0,riemannian,theory,2511,1968896954.0576696,0.0078125,1.945842935602074e+18,0.8234064240384519,0.9999999999999999,127.99999999999999
manuscript,128.0,riemannian,theory,2592,1963666670.687243,0.0078125,1.9347766932785423e+18,0.8187236128760274,0.9999999999999999,127.99999999999999
manuscript,128.0,riemannian,theory,2673,1958468653.4296048,0.0078125,1.9238465684824525e+18,0.814098401453268,0.9999999999999999,127.99999999999999
manuscript,128.0,riemannian,theory,2754,1953302822.622667,0.0078125,1.9130513859398385e+18,0.8095302924391117,0.9999999999999999,127.99999999999999
manuscript,128.0,riemannian,theory,2835,1948169098.8010182,0.0078125,1.902389977417136e+18,0.8050187914817257,0.9999999999999999,127.99999999999999
manuscript,128.0,riemannian,theory,2916,1943067402.6954422,0.0078125,1.8918611816833997e+18,0.8005634071925181,0.9999999999999999,127.99999999999999
manuscript,128.0,riemannian,theory,2997,1937997655.2324293,0.0078125,1.8814638444726912e+18,0.7961636511302219,0.9999999999999999,127.99999999999999
manuscript,128.0,riemannian,theory,3078,1932959777.533696,0.0078125,1.8711968184466806e+18,0.7918190377850696,0.9999999999999999,127.99999999999999
manuscript,128.0,riemannian,theory,3159,1927953690.915701,0.0078125,1.8610589631574292e+18,0.787529084563044,0.9999999999999999,127.99999999999999
manuscript,128.0,riemannian,theory,3240,1922979316.8891673,0.0078125,1.8510491450103698e+18,0.7832933117702132,0.9999999999999999,127.99999999999999
manuscript,128.0,riemannian,theory,3321,1918036577.1585996,0.0078125,1.8411662372274683e+18,0.7791112425971415,0.9999999999999999,127.99999999999999
manuscript,128.0,riemannian,theory,3402,1913125393.6218066,0.0078125,1.8314091198105818e+18,0.7749824031033845,0.9999999999999999,127.99999999999999
manuscript,128.0,riemannian,theory,3483,1908245688.369426,0.0078125,1.8217766795050058e+18,0.7709063222020635,0.9999999999999999,127.99999999999999
manuscript,128.0,riemannian,theory,3564,1903397383.684445,0.0078125,1.8122678097632018e+18,0.7668825316445159,0.9999999999999999,127.99999999999999
manuscript,128.0,riemannian,theory,3645,1898580402.0417285,0.0078125,1.8028814107087173e+18,0.7629105660050284,0.9999999999999999,127.99999999999999
manuscript,128.0,riemannian,theory,3726,1893794666.1075413,0.0078125,1.793616389100283e+18,0.7589899626656434,0.9999999999999999,127.99999999999999
manuscript,128.0,riemannian,theory,3807,1889040098.7390807,0.0078125,1.7844716582961093e+18,0.7551202618010519,0.9999999999999999,127.99999999999999
manuscript,128.0,riemannian,theory,3888,1884316622.9839995,0.0078125,1.7754461382183483e+18,0.7513010063635532,0.9999999999999999,127.99999999999999
manuscript,128.0,riemannian,theory,3969,1879624162.0799425,0.0078125,1.7665387553177587e+18,0.7475317420681047,0.9999999999999999,127.99999999999999
manuscript,128.0,riemannian,theory,4050,1874962639.4540715,0.0078125,1.7577484425385298e+18,0.743812017377435,0.9999999999999999,127.99999999999999
manuscript,128.0,riemannian,theory,4131,1870200664.8557703,0.00891228463145838,1.7488252634134825e+18,0.7400360687230095,0.008912284631458378,0.9999999999999999
manuscript,128.0,riemannian,theory,4212,1864029415.7690392,0.0121889731549522,1.7373028314261325e+18,0.7351602155154666,0.012188973154952197,0.9999999999999999
manuscript,128.0,riemannian,theory,4293,1855627164.3190455,0.016650168159379575,1.721676086479371e+18,0.7285475737957522,0.016650168159379572,0.9999999999999999
manuscript,128.0,riemannian,theory,4374,1844219989.0705535,0.022706710276106396,1.7005736840436964e+18,0.7196178429267996,0.022706710276106393,0.9999999999999999
manuscript,128.0,riemannian,theory,4455,1828793124.138914,0.030897244742298796,1.6722421454488847e+18,0.7076290176958243,0.030897244742298793,0.9999999999999999
manuscript,128.0,riemannian,theory,4536,1808039076.866096,0.041915709877425926,1.6345026517374024e+18,0.6916591051230101,0.04191570987742592,0.9999999999999999
manuscript,128.0,riemannian,theory,4617,1780314133.7442691,0.05663433249226983,1.5847592074048036e+18,0.670609579044695,0.056634332492269825,0.9999999999999999
manuscript,128.0,riemannian,theory,4698,1743623190.0284934,0.07611152825425457,1.5201109144025697e+18,0.6432528901839424,0.07611152825425456,0.9999999999999999
manuscript,128.0,riemannian,theory,4779,1695665777.302334,0.10156723948233,1.437641214157164e+18,0.6083548623276595,0.10156723948232999,0.9999999999999999
manuscript,128.0,riemannian,theory,4860,1633989498.2681496,0.134301185593372,1.3349608402252995e+18,0.5649044491564611,0.13430118559337198,0.9999999999999999
manuscript,128.0,riemannian,theory,4941,1556301653.4653254,0.17552712959513442,1.2110374182894528e+18,0.5124647892826639,0.1755271295951344,0.9999999999999999
manuscript,128.0,riemannian,theory,5022,1460968322.4041846,0.2261077906319928,1.0672142195342487e+18,0.45160430377582544,0.22610779063199277,0.9999999999999999
manuscript,128.0,riemannian,theory,5103,1347662068.9654384,0.28621129349737573,9.080965260641029e+17,0.38427177215967007,0.2862112934973757,0.9999999999999999
manuscript,128.0,riemannian,theory,5184,1218001811.7959554,0.35497250248677775,7.417642067691149e+17,0.3138862864008563,0.3549725024867777,0.9999999999999999
manuscript,128.0,riemannian,theory,5265,1075908947.655801,0.43030574333468347,5.787900318229066e+17,0.24492183909229046,0.4303057433346834,0.9999999999999999
manuscript,128.0,riemannian,theory,5346,927389933.8879254,0.5090222286662255,4.3002604473832525e+17,0.18197060063936965,0.5090222286662254,0.9999999999999999
manuscript,128.0,riemannian,theory,5427,779642566.7777591,0.5873057007099642,3.0392126596590624e+17,0.1286078738522617,0.5873057007099641,0.9999999999999999
manuscript,128.0,riemannian,theory,5508,639721018.6608769,0.6614205910272034,2.0462149085825498e+17,0.0865880010078409,0.6614205910272033,0.9999999999999999
manuscript,128.0,riemannian,theory,5589,513255011.588667,0.7283897392279098,1.3171535346044133e+17,0.05573690774289805,0.7283897392279097,0.9999999999999999
manuscript,128.0,riemannian,theory,5670,403685666.7745552,0.7863971900214486,8.14810587796086e+16,0.034479672541414604,0.7863971900214485,0.9999999999999999
manuscript,128.0,riemannian,theory,5751,312182752.9075872,0.834829938537149,4.872903560647981e+16,0.020620267042858215,0.8348299385371489,0.9999999999999999
manuscript,128.0,riemannian,theory,5832,238085817.43126142,0.8740429211410248,2.8342428230955972e+16,0.011993433309146807,0.8740429211410247,0.9999999999999999
manuscript,128.0,riemannian,theory,5913,179566943.14470848,0.9050075499519764,1.6122143535167484e+16,0.006822275484439029,0.9050075499519763,0.9999999999999999
manuscript,128.0,riemannian,theory,5994,134258095.23113608,0.9289796554097826,9012618067546402.0,0.003813795799467513,0.9289796554097824,0.9999999999999999
manuscript,128.0,riemannian,theory,6075,99712810.4853572,0.9472554377046365,4971322287444380.0,0.0021036737511296952,0.9472554377046364,0.9999999999999999
manuscript,128.0,riemannian,theory,6156,73681830.7790075,0.9610259606206164,2714506093473147.5,0.0011486753193498242,0.9610259606206163,0.9999999999999999
manuscript,128.0,riemannian,theory,6237,54239860.42938064,0.9713103785268722,1470981229699345.8,0.0006224630837430124,0.9713103785268721,0.9999999999999999
manuscript,128.0,riemannian,theory,6318,39815065.418881975,0.9789405418991022,792619717154925.5,0.0003354063963661933,0.9789405418991021,0.9999999999999999
manuscript,128.0,riemannian,theory,6399,29165300.97062489,0.9845737123933224,425307390353566.5,0.00017997384629597483,0.9845737123933223,0.9999999999999999
manuscript,128.0,riemannian,theory,6480,21331184.155743573,0.9887174725659033,227509708743122.8,9.627342077958657e-05,0.9887174725659031,0.9999999999999999
manuscript,128.0,riemannian,theory,6561,15583710.471642261,0.9917574855837226,121426016031986.31,5.138285306424143e-05,0.9917574855837225,0.9999999999999999
manuscript,128.0,riemannian,theory,6642,11375375.335995149,0.9939833785952449,64699582017383.37,2.7378392413379624e-05,0.9939833785952448,0.9999999999999999
manuscript,128.0,riemannian,theory,6723,8298439.476777683,0.9956108341232842,34432048874871.13,1.4570328220043318e-05,0.9956108341232841,0.9999999999999999
manuscript,128.0,riemannian,theory,6804,6051096.501822154,0.9967994941149889,18307884437182.152,7.74719756682982e-06,0.9967994941149888,0.9999999999999999
manuscript,128.0,riemannian,theory,6885,4410936.260125006,0.9976670007755284,9728179345442.787,4.116594006986118e-06,0.9976670007755283,0.9999999999999999
manuscript,128.0,riemannian,theory,6966,3214583.038162523,0.9982997690313556,5166772054621.099,2.1863806289180274e-06,0.9982997690313555,0.9999999999999999
manuscript,128.0,riemannian,theory,7047,2342305.4052236383,0.9987611281033671,2743197305669.9355,1.1608163447142253e-06,0.998761128103367,0.9999999999999999
manuscript,128.0,riemannian,theory,7067,2166149.8338350235,0.99885429899244,2346102551311.7495,9.927810086097049e-07,0.9999999999999999,
manuscript,128.0,kl,theory,0,2147483648.0,0.0078125,2.3631621988793303e+18,1.0,0.9999999999999999,127.99999999999999
manuscript,128.0,kl,theory,81,2141212506.7452755,0.0078125,2.3472531472409436e+18,0.993267896868894,0.9999999999999999,127.99999999999999
manuscript,128.0,kl,theory,162,2134976201.3864946,0.0078125,2.331520354186504e+18,0.9866103796396914,0.9999999999999999,127.99999999999999
manuscript,128.0,kl,theory,243,2128774645.9170094,0.0078125,2.315962406338818e+18,0.9800268502251367,0.9999999999999999,127.99999999999999
manuscript,128.0,kl,theory,324,2122607754.5425127,0.0078125,2.3005778986344515e+18,0.9735167140560399,0.9999999999999999,127.99999999999999
manuscript,128.0,kl,theory,405,2116475441.680517,0.0078125,2.285365434279417e+18,0.9670793800625254,0.9999999999999999,127.99999999999999
manuscript,128.0,kl,theory,486,2110377621.9598289,0.0078125,2.2703236247050798e+18,0.9607142606553724,0.9999999999999999,127.99999999999999
manuscript,128.0,kl,theory,567,2104314210.2200298,0.0078125,2.2554510895242964e+18,0.9544207717074549,0.9999999999999999,127.99999999999999
manuscript,128.0,kl,theory,648,2098285121.510954,0.0078125,2.2407464564877693e+18,0.9481983325352726,0.9999999999999999,127.99999999999999
manuscript,128.0,kl,theory,729,2092290271.09217,0.0078125,2.2262083614406333e+18,0.9420463658805799,0.9999999999999999,127.99999999999999
manuscript,128.0,kl,theory,810,2086329574.4324634,0.0078125,2.211835448279257e+18,0.9359642978921057,0.9999999999999999,127.99999999999999
manuscript,128.0,kl,theory,891,2080402947.2093182,0.0078125,2.197626368908268e+18,0.9299515581073684,0.9999999999999999,127.99999999999999
manuscript,128.0,kl,theory,972,2074510305.3084033,0.0078125,2.1835797831977994e+18,0.9240075794345842,0.9999999999999999,127.99999999999999
manuscript,128.0,kl,theory,1053,2068651564.8230581,0.0078125,2.1696943589409562e+18,0.9181317981346683,0.9999999999999999,127.99999999999999
manuscript,128.0,kl,theory,1134,2062826642.0537822,0.0078125,2.1559687718114998e+18,0.9123236538033289,0.9999999999999999,127.99999999999999
manuscript,128.0,kl,theory,1215,2057035453.5077207,0.0078125,2.142401705321744e+18,0.9065825893532503,0.9999999999999999,127.99999999999999
manuscript,128.0,kl,theory,1296,2051277915.898152,0.0078125,2.128991850780662e+18,0.9009080509963651,0.9999999999999999,127.99999999999999
manuscript,128.0,kl,theory,1377,2045553946.1439862,0.0078125,2.1157379072522317e+18,0.8952994882262278,0.9999999999999999,127.99999999999999
manuscript,128.0,kl,theory,1458,2039863461.3692489,0.0078125,2.1026385815139625e+18,0.8897563538004651,0.9999999999999999,127.99999999999999
manuscript,128.0,kl,theory,1539,2034206378.9025815,0.0078125,2.0896925880156636e+18,0.8842781037233277,0.9999999999999999,127.99999999999999
manuscript,128.0,kl,theory,1620,2028582616.2767339,0.0078125,2.0768986488384046e+18,0.8788641972283244,0.9999999999999999,127.99999999999999
manuscript,128.0,kl,theory,1701,2022992091.2280564,0.0078125,2.0642554936536858e+18,0.8735140967609445,0.9999999999999999,127.99999999999999
manuscript,128.0,kl,theory,1782,2017434721.696007,0.0078125,2.0517618596828424e+18,0.8682272679614791,0.9999999999999999,127.99999999999999
manuscript,128.0,kl,theory,1863,2011910425.822637,0.0078125,2.0394164916566124e+18,0.8630031796479115,0.9999999999999999,127.99999999999999
manuscript,128.0,kl,theory,1944,2006419121.9521005,0.0078125,2.0272181417749596e+18,0.8578413037989167,0.9999999999999999,127.99999999999999
manuscript,128.0,kl,theory,2025,2000960728.6301541,0.0078125,2.015165569667076e+18,0.8527411155369349,0.9999999999999999,127.99999999999999
manuscript,128.0,kl,theory,2106,1995535164.6036549,0.0078125,2.0032575423515863e+18,0.847702093111332,0.9999999999999999,127.99999999999999
manuscript,128.0,kl,theory,2187,1990142348.8200693,0.0078125,1.9914928341969738e+18,0.842723717881654,0.9999999999999999,127.99999999999999
manuscript,128.0,kl,theory,2268,1984782200.4269712,0.0078125,1.9798702268821873e+18,0.837805474300956,0.9999999999999999,127.99999999999999
manuscript,128.0,kl,theory,2349,1979454638.7715535,0.0078125,1.9683885093574738e+18,0.8329468498992292,0.9999999999999999,127.99999999999999
manuscript,128.0,kl,theory,2430,1974159583.4001362,0.0078125,1.9570464778054024e+18,0.8281473352669072,0.9999999999999999,127.99999999999999
manuscript,128.0,kl,theory,2511,1968896954.0576696,0.0078125,1.945842935602074e+18,0.8234064240384519,0.9999999999999999,127.99999999999999
manuscript,128.0,kl,theory,2592,1963666670.687243,0.0078125,1.9347766932785423e+18,0.8187236128760274,0.9999999999999999,127.99999999999999
manuscript,128.0,kl,theory,2673,1958468653.4296048,0.0078125,1.9238465684824525e+18,0.814098401453268,0.9999999999999999,127.99999999999999
manuscript,128.0,kl,theory,2754,1953302822.622667,0.0078125,1.9130513859398385e+18,0.8095302924391117,0.9999999999999999,127.99999999999999
manuscript,128.0,kl,theory,2835,1948169098.8010182,0.0078125,1.902389977417136e+18,0.8050187914817257,0.9999999999999999,127.99999999999999
manuscript,128.0,kl,theory,2916,1943067402.6954422,0.0078125,1.8918611816833997e+18,0.8005634071925181,0.9999999999999999,127.99999999999999
manuscript,128.0,kl,theory,2997,1937997655.2324293,0.0078125,1.8814638444726912e+18,0.7961636511302219,0.9999999999999999,127.99999999999999
manuscript,128.0,kl,theory,3078,1932959777.533696,0.0078125,1.8711968184466806e+18,0.7918190377850696,0.9999999999999999,127.99999999999999
manuscript,128.0,kl,theory,3159,1927953690.915701,0.0078125,1.8610589631574292e+18,0.787529084563044,0.9999999999999999,127.99999999999999
manuscript,128.0,kl,theory,3240,1922979316.8891673,0.0078125,1.8510491450103698e+18,0.7832933117702132,0.9999999999999999,127.99999999999999
manuscript,128.0,kl,theory,3321,1918036577.1585996,0.0078125,1.8411662372274683e+18,0.7791112425971415,0.9999999999999999,127.99999999999999
manuscript,128.0,kl,theory,3402,1913125393.6218066,0.0078125,1.8314091198105818e+18,0.7749824031033845,0.9999999999999999,127.99999999999999
manuscript,128.0,kl,theory,3483,1908245688.369426,0.0078125,1.8217766795050058e+18,0.7709063222020635,0.9999999999999999,127.99999999999999
manuscript,128.0,kl,theory,3564,1903397383.684445,0.0078125,1.8122678097632018e+18,0.7668825316445159,0.9999999999999999,127.99999999999999
manuscript,128.0,kl,theory,3645,1898580402.0417285,0.0078125,1.8028814107087173e+18,0.7629105660050284,0.9999999999999999,127.99999999999999
manuscript,128.0,kl,theory,3726,1893794666.1075413,0.0078125,1.793616389100283e+18,0.7589899626656434,0.9999999999999999,127.99999999999999
manuscript,128.0,kl,theory,3807,1889040098.7390807,0.0078125,1.7844716582961093e+18,0.7551202618010519,0.9999999999999999,127.99999999999999
manuscript,128.0,kl,theory,3888,1884316622.9839995,0.0078125,1.7754461382183483e+18,0.7513010063635532,0.9999999999999999,127.99999999999999
manuscript,128.0,kl,theory,3969,1879624162.0799425,0.0078125,1.7665387553177587e+18,0.7475317420681047,0.9999999999999999,127.99999999999999
manuscript,128.0,kl,theory,4050,1874962639.4540715,0.0078125,1.7577484425385298e+18,0.743812017377435,0.9999999999999999,127.99999999999999
manuscript,128.0,kl,theory,4131,1870200930.5222344,0.008909980517515285,1.7488257602631158e+18,0.740036278970801,0.008909980517515284,0.9999999999999999
manuscript,128.0,kl,theory,4212,1864033241.8158987,0.01217833726591911,1.737309963297344e+18,0.7351632334510171,0.012178337265919109,0.9999999999999999
manuscript,128.0,kl,theory,4293,1855640950.654113,0.016625480347238746,1.7217016688722499e+18,0.7285583992874984,0.016625480347238743,0.9999999999999999
manuscript,128.0,kl,theory,4374,1844254129.8142602,0.022659327833405175,1.700636647668477e+18,0.7196444867284018,0.02265932783340517,0.9999999999999999
manuscript,128.0,kl,theory,4455,1828863796.9889104,0.030814405984215913,1.6723713939683471e+18,0.7076837107336208,0.03081440598421591,0.9999999999999999
manuscript,128.0,kl,theory,4536,1808170524.8879771,0.04177902703750838,1.634740323536831e+18,0.6917596787525059,0.041779027037508375,0.9999999999999999
manuscript,128.0,kl,theory,4617,1780541322.571213,0.056418050287524245,1.585163700691822e+18,0.6707807451572921,0.05641805028752424,0.9999999999999999
manuscript,128.0,kl,theory,4698,1743994428.5235589,0.07578080797635783,1.5207582833606072e+18,0.643526832005771,0.07578080797635782,0.9999999999999999
manuscript,128.0,kl,theory,4779,1696244387.6165526,0.10107704129447184,1.438622511260327e+18,0.6087701097887217,0.10107704129447183,0.9999999999999999
manuscript,128.0,kl,theory,4860,1634852931.006865,0.13359675729940512,1.3363720530108685e+18,0.5655016205170381,0.1335967572994051,0.9999999999999999
manuscript,128.0,kl,theory,4941,1557535802.8466957,0.17454753375403015,1.2129588885746504e+18,0.5132778821317747,0.17454753375403012,0.9999999999999999
manuscript,128.0,kl,theory,5022,1462654831.2332149,0.22479394270926106,1.0696795776649321e+18,0.4526475491915877,0.22479394270926104,0.9999999999999999
manuscript,128.0,kl,theory,5103,1349858102.9352818,0.2845190367057689,9.110584490300188e+17,0.38552514485127815,0.28451903670576884,0.9999999999999999
manuscript,128.0,kl,theory,5184,1220715777.5620296,0.35288884615629224,7.450735047944352e+17,0.31528665495232083,0.3528888461562922,0.9999999999999999
manuscript,128.0,kl,theory,5265,1079080803.1604,0.42786308355812025,5.822076898746468e+17,0.246368061468969,0.4278630835581202,0.9999999999999999
manuscript,128.0,kl,theory,5346,930887273.2495744,0.506303364212118,4.332755577490139e+17,0.1833456704556648,0.5063033642121179,0.9999999999999999
manuscript,128.0,kl,theory,5427,783279227.0423647,0.5844345477462918,3.067631737580421e+17,0.12981046070537045,0.5844345477462917,0.9999999999999999
manuscript,128.0,kl,theory,5508,643293964.2086879,0.6585399591696933,2.0691356219366432e+17,0.08755791806918198,0.6585399591696932,0.9999999999999999
manuscript,128.0,kl,theory,5589,516585079.1763158,0.7256343264456558,1.3343007201380022e+17,0.05646251115436598,0.7256343264456557,0.9999999999999999
manuscript,128.0,kl,theory,5670,406646522.59815407,0.7838718933383576,8.26806971705855e+16,0.03498731369763562,0.7838718933383575,0.9999999999999999
manuscript,128.0,kl,theory,5751,314710462.0280294,0.832599579684253,4.952133745494786e+16,0.02095553892933464,0.8325995796842529,0.9999999999999999
manuscript,128.0,kl,theory,5832,240171553.10583067,0.8721333078661424,2.8841187460633416e+16,0.012204489168924002,0.8721333078661423,0.9999999999999999
manuscript,128.0,kl,theory,5913,181240834.29083735,0.9034137200300828,1.642412000721938e+16,0.0069500603957731305,0.9034137200300827,0.9999999999999999
manuscript,128.0,kl,theory,5994,135571931.3672991,0.9276764879300334,9189874287329832.0,0.0038888038627597787,0.9276764879300333,0.9999999999999999
manuscript,128.0,kl,theory,6075,100726137.43276489,0.9462072871582954,5072877381062120.0,0.0021466479886432695,0.9462072871582953,0.9999999999999999
manuscript,128.0,kl,theory,6156,74452800.37140943,0.9601938408721105,2771609741572472.0,0.0011728394025965875,0.9601938408721103,0.9999999999999999
manuscript,128.0,kl,theory,6237,54820300.23724573,0.9706565516393942,1502632659050882.0,0.0006358567599648756,0.9706565516393941,0.9999999999999999
manuscript,128.0,kl,theory,6318,40248553.33905886,0.9784310022602756,809973022943533.0,0.0003427496527016394,0.9784310022602755,0.9999999999999999
manuscript,128.0,kl,theory,6399,29487058.197340712,0.9841792106821854,434743300566679.0,0.00018396676316710084,0.9841792106821853,0.9999999999999999
manuscript,128.0,kl,theory,6480,21568897.143238112,0.9884136433683844,232608661987792.56,9.843110307794418e-05,0.9884136433683843,0.9999999999999999
manuscript,128.0,kl,theory,6561,15758712.349026838,0.9915244906602235,124168507449685.47,5.2543370704122314e-05,0.9915244906602234,0.9999999999999999
manuscript,128.0,kl,theory,6642,11503866.374322113,0.9938053341486046,66169470779129.484,2.800039320640313e-05,0.9938053341486045,0.9999999999999999
manuscript,128.0,kl,theory,6723,8392591.209512409,0.9954751811324563,35217793604992.47,1.4902825384433456e-05,0.9954751811324561,0.9999999999999999
manuscript,128.0,kl,theory,6804,6119981.566827683,0.9966963970090299,18727087189155.305,7.924588163282296e-06,0.9966963970090298,0.9999999999999999
manuscript,128.0,kl,theory,6885,4461277.781542756,0.9975888138884816,9951499722043.525,4.211094662381944e-06,0.9975888138884815,0.9999999999999999
manuscript,128.0,kl,theory,6966,3251341.327128097,0.9982405838041251,5285610212745.547,2.236668399338866e-06,0.998240583804125,0.9999999999999999
manuscript,128.0,kl,theory,7047,2369128.244367969,0.9987163998917034,2806384319131.028,1.1875546758753523e-06,0.9987163998917032,0.9999999999999999
manuscript,128.0,kl,theory,7069,2173899.6116808183,0.9988217808114813,2362919760833.006,9.998974094768274e-07,0.9999999999999999,
manuscript,128.0,riemannian,const,0,2147483648.0,0.0078125,2.3631621988793303e+18,1.0,0.9999999999999999,127.99999999999999
manuscript,128.0,riemannian,const,22,1262450.2323462893,0.9995701377390672,796890294575.5999,3.3721354164919566e-07,0.9999999999999999,
manuscript,128.0,kl,const,0,2147483648.0,0.0078125,2.3631621988793303e+18,1.0,0.9999999999999999,127.99999999999999
manuscript,128.0,kl,const,25,1250505.7160566654,0.9925122834792793,781882272945.1968,3.3086272000964835e-07,0.9999999999999999,
manuscript,256.0,riemannian,theory,0,34359738368.0,0.00390625,6.050948318153208e+20,1.0,0.9999999999999999,255.99999999999997
manuscript,256.0,riemannian,theory,327,34258354267.423527,0.00390625,6.009748121742121e+20,0.9931911174505518,0.9999999999999999,255.99999999999997
manuscript,256.0,riemannian,theory,654,34157540677.08771,0.00390625,5.969010305944862e+20,0.9864586494711041,0.9999999999999999,255.99999999999997
manuscript,256.0,riemannian,theory,981,34057296175.44529,0.00390625,5.92873111912464e+20,0.9798019760535867,0.9999999999999999,255.99999999999997
manuscript,256.0,riemannian,theory,1308,33957619344.491096,0.00390625,5.888906831931033e+20,0.9732204808730491,0.9999999999999999,255.99999999999997
manuscript,256.0,riemannian,theory,1635,33858508769.75328,0.00390625,5.8495337371800686e+20,0.9667135512678429,0.9999999999999999,255.99999999999997
manuscript,256.0,riemannian,theory,1962,33759963040.284405,0.00390625,5.810608149734874e+20,0.9602805782198968,0.9999999999999999,255.99999999999997
manuscript,256.0,riemannian,theory,2289,33661980748.65269,0.00390625,5.7721264063870036e+20,0.953920956335105,0.9999999999999999,255.99999999999997
manuscript,256.0,riemannian,theory,2616,33564560490.933266,0.00390625,5.734084865738352e+20,0.9476340838238122,0.9999999999999999,255.99999999999997
manuscript,256.0,riemannian,theory,2943,33467700866.699486,0.00390625,5.6964799080837094e+20,0.9414193624814028,0.9999999999999999,255.99999999999997
manuscript,256.0,riemannian,theory,3270,33371400479.014156,0.00390625,5.659307935293882e+20,0.9352761976689866,0.9999999999999999,255.99999999999997
manuscript,256.0,riemannian,theory,3597,33275657934.4208,0.00390625,5.6225653706994097e+20,0.9292039982941808,0.9999999999999999,255.99999999999997
manuscript,256.0,riemannian,theory,3924,33180471842.935085,0.00390625,5.586248658974957e+20,0.923202176792004,0.9999999999999999,255.99999999999997
manuscript,256.0,riemannian,theory,4251,33085840818.036095,0.00390625,5.550354266024214e+20,0.9172701491058547,0.9999999999999999,255.99999999999997
manuscript,256.0,riemannian,theory,4578,32991763476.657764,0.00390625,5.5148786788654534e+20,0.9114073346685984,0.9999999999999999,255.99999999999997
manuscript,256.0,riemannian,theory,4905,32898238439.18012,0.00390625,5.479818405517614e+20,0.9056131563837407,0.9999999999999999,255.99999999999997
manuscript,256.0,riemannian,theory,5232,32805264329.420918,0.00390625,5.445169974887082e+20,0.8998870406067171,0.9999999999999999,255.99999999999997
manuscript,256.0,riemannian,theory,5559,32712839774.626896,0.00390625,5.410929936654938e+20,0.8942284171262583,0.9999999999999999,255.99999999999997
manuscript,256.0,riemannian,theory,5886,32620963405.46537,0.00390625,5.3770948611648756e+20,0.8886367191458682,0.9999999999999999,255.99999999999997
manuscript,256.0,riemannian,theory,6213,32529633856.01559,0.00390625,5.3436613393116384e+20,0.8831113832653856,0.9999999999999999,255.99999999999997
manuscript,256.0,riemannian,theory,6540,32438849763.76025,0.00390625,5.310625982430056e+20,0.877651849462647,0.9999999999999999,255.99999999999997
manuscript,256.0,riemannian,theory,6867,32348609769.57713,0.00390625,5.277985422184685e+20,0.8722575610752471,0.9999999999999999,255.99999999999997
manuscript,256.0,riemannian,theory,7194,32258912517.730473,0.00390625,5.24573631045997e+20,0.8669279647823872,0.9999999999999999,255.99999999999997
manuscript,256.0,riemannian,theory,7521,32169756655.86269,0.00390625,5.2138753192510095e+20,0.8616625105868233,0.9999999999999999,255.99999999999997
manuscript,256.0,riemannian,theory,7848,32081140834.985863,0.00390625,5.182399140554876e+20,0.8564606517969039,0.9999999999999999,255.99999999999997
manuscript,256.0,riemannian,theory,8175,31993063709.473297,0.00390625,5.1513044862624544e+20,0.8513218450086959,0.9999999999999999,255.99999999999997
manuscript,256.0,riemannian,theory,8502,31905523937.051292,0.00390625,5.1205880880509485e+20,0.8462455500882196,0.9999999999999999,255.99999999999997
manuscript,256.0,riemannian,theory,8829,31818520178.790646,0.00390625,5.0902466972768246e+20,0.8412312301537561,0.9999999999999999,255.99999999999997
manuscript,256.0,riemannian,theory,9156,31732051099.09847,0.00390625,5.060277084869405e+20,0.8362783515582624,0.9999999999999999,255.99999999999997
manuscript,256.0,riemannian,theory,9483,31646115365.70969,0.00390625,5.030676041224913e+20,0.8313863838718607,0.9999999999999999,255.99999999999997
manuscript,256.0,riemannian,theory,9810,31560711649.678905,0.00390625,5.0014403761011714e+20,0.8265547998644361,0.9999999999999999,255.99999999999997
manuscript,256.0,riemannian,theory,10137,31475838625.372124,0.00390625,4.9725669185128e+20,0.8217830754883165,0.9999999999999999,255.99999999999997
manuscript,256.0,riemannian,theory,10464,31391494970.458263,0.00390625,4.944052516626866e+20,0.8170706898610275,0.9999999999999999,255.99999999999997
manuscript,256.0,riemannian,theory,10791,31307679365.901314,0.00390625,4.9158940376592974e+20,0.8124171252481731,0.9999999999999999,255.99999999999997
manuscript,256.0,riemannian,theory,11118,31224390495.951855,0.00390625,4.888088367771601e+20,0.8078218670463674,0.9999999999999999,255.99999999999997
manuscript,256.0,riemannian,theory,11445,31141627048.138855,0.00390625,4.860632411968216e+20,0.8032844037662704,0.9999999999999999,255.99999999999997
manuscript,256.0,riemannian,theory,11772,31059387713.26167,0.00390625,4.83352309399444e+20,0.7988042270157193,0.9999999999999999,255.99999999999997
manuscript,256.0,riemannian,theory,12099,30977671185.381737,0.00390625,4.806757356234793e+20,0.7943808314829318,0.9999999999999999,255.99999999999997
manuscript,256.0,riemannian,theory,12426,30896476161.814636,0.00390625,4.780332159612017e+20,0.7900137149198141,0.9999999999999999,255.99999999999997
manuscript,256.0,riemannian,theory,12753,30815801343.12179,0.00390625,4.754244483486463e+20,0.7857023781253335,0.9999999999999999,255.99999999999997
manuscript,256.0,riemannian,theory,13080,30735645433.102417,0.00390625,4.728491325556093e+20,0.7814463249289926,0.9999999999999999,255.99999999999997
manuscript,256.0,riemannian,theory,13407,30656007138.78552,0.00390625,4.703069701757002e+20,0.7772450621743886,0.9999999999999999,255.99999999999997
manuscript,256.0,riemannian,theory,13734,30576885170.421806,0.00390625,4.677976646164412e+20,0.7730980997028517,0.9999999999999999,255.99999999999997
manuscript,256.0,riemannian,theory,14061,30498278241.475693,0.00390625,4.653209210894212e+20,0.7690049503371736,0.9999999999999999,255.99999999999997
manuscript,256.0,riemannian,theory,14388,30420185068.61727,0.00390625,4.6287644660049936e+20,0.7649651298654168,0.9999999999999999,255.99999999999997
manuscript,256.0,riemannian,theory,14715,30342604371.71426,0.00390625,4.604639499400573e+20,0.7609781570248052,0.9999999999999999,255.99999999999997
manuscript,256.0,riemannian,theory,15042,30265534873.824196,0.00390625,4.580831416733097e+20,0.757043553485712,0.9999999999999999,255.99999999999997
manuscript,256.0,riemannian,theory,15369,30188975301.186325,0.00390625,4.557337341306541e+20,0.7531608438357101,0.9999999999999999,255.99999999999997
manuscript,256.0,riemannian,theory,15696,30112924383.213745,0.00390625,4.5341544139807916e+20,0.7493295555637215,0.9999999999999999,255.99999999999997
manuscript,256.0,riemannian,theory,16023,30037380852.485523,0.00390625,4.511279793076205e+20,0.7455492190442439,0.9999999999999999,255.99999999999997
manuscript,256.0,riemannian,theory,16350,29962343444.738697,0.00390625,4.4887106542786177e+20,0.7418193675216521,0.9999999999999999,255.99999999999997
manuscript,256.0,riemannian,theory,16677,29864738621.435547,0.0068887837148861545,4.459513064633319e+20,0.7369940759954124,0.006888783714886154,0.9999999999999999
manuscript,256.0,riemannian,theory,17004,29682121430.031464,0.012967327091709141,4.405141662935665e+20,0.7280084759144242,0.01296732709170914,0.9999999999999999
manuscript,256.0,riemannian,theory,17331,29342295793.095562,0.024278473719126555,4.304851612047567e+20,0.7114342059628495,0.024278473719126552,0.9999999999999999
manuscript,256.0,riemannian,theory,17658,28719531032.033237,0.04500664299366264,4.1240573134996007e+20,0.6815555342172038,0.04500664299366263,0.9999999999999999
manuscript,256.0,riemannian,theory,17985,27609622190.85987,0.08194688951825911,3.811456187610109e+20,0.6298940244086223,0.0819468895182591,0.9999999999999999
manuscript,256.0,riemannian,theory,18312,25726384347.547096,0.14461916077004397,3.309234257988581e+20,0.5468951450239097,0.14461916077004394,0.9999999999999999
manuscript,256.0,riemannian,theory,18639,22782663955.984283,0.24256787301395408,2.5952488846565268e+20,0.4288995291648128,0.24256787301395405,0.9999999999999999
manuscript,256.0,riemannian,theory,18966,18723818275.6783,0.3775903059736999,1.7529068541031232e+20,0.28969126192076333,0.37759030597369986,0.9999999999999999
manuscript,256.0,riemannian,theory,19293,13998594393.408194,0.5347357693600072,9.798032249557965e+19,0.16192556495918634,0.5347357693600071,0.9999999999999999
manuscript,256.0,riemannian,theory,19620,9470004181.595682,0.6852965653336243,4.484048959971985e+19,0.07410489602959539,0.6852965653336242,0.9999999999999999
manuscript,256.0,riemannian,theory,19947,5870875562.5882225,0.8049242067179406,1.7233589935697789e+19,0.028480808345356354,0.8049242067179405,0.9999999999999999
manuscript,256.0,riemannian,theory,20274,3412816068.457346,0.886608972711377,5.823656758560328e+18,0.00962437035049367,0.8866089727113768,0.9999999999999999
manuscript,256.0,riemannian,theory,20601,1902915642.5143003,0.9367786117494245,1.810543971262806e+18,0.002992165650846935,0.9367786117494243,0.9999999999999999
manuscript,256.0,riemannian,theory,20928,1035065207.6247785,0.9656125516550149,5.3567999201766285e+17,0.0008852827091756687,0.9656125516550148,0.9999999999999999
manuscript,256.0,riemannian,theory,21255,555201127.4563602,0.9815551212150799,1.541241459644068e+17,0.00025471072939430847,0.9815551212150798,0.9999999999999999
manuscript,256.0,riemannian,theory,21582,295539153.8193147,0.9901816880626197,4.367169572011829e+16,7.217330808974286e-05,0.9901816880626196,0.9999999999999999
manuscript,256.0,riemannian,theory,21909,156673231.57271916,0.9947950730174923,1.227325074571944e+16,2.0283185544485567e-05,0.9947950730174921,0.9999999999999999
manuscript,256.0,riemannian,theory,22236,82874898.35071996,0.997246774350132,3434124388321082.5,5.675349065564654e-06,0.9972467743501319,0.9999999999999999
manuscript,256.0,riemannian,theory,22563,43787118.14283684,0.998545329574743,958655857627375.5,1.5843068015493545e-06,0.9985453295747428,0.9999999999999999
manuscript,256.0,riemannian,theory,22681,34776639.26159213,0.9988446708540757,604707319165455.5,9.993595836065848e-07,0.9999999999999999,
manuscript,256.0,kl,theory,0,34359738368.0,0.00390625,6.050948318153208e+20,1.0,0.9999999999999999,255.99999999999997
manuscript,256.0,kl,theory,327,34258354267.423527,0.00390625,6.009748121742121e+20,0.9931911174505518,0.9999999999999999,255.99999999999997
manuscript,256.0,kl,theory,654,34157540677.08771,0.00390625,5.969010305944862e+20,0.9864586494711041,0.9999999999999999,255.99999999999997
manuscript,256.0,kl,theory,981,34057296175.44529,0.00390625,5.92873111912464e+20,0.9798019760535867,0.9999999999999999,255.99999999999997
manuscript,256.0,kl,theory,1308,33957619344.491096,0.00390625,5.888906831931033e+20,0.9732204808730491,0.9999999999999999,255.99999999999997
manuscript,256.0,kl,theory,1635,33858508769.75328,0.00390625,5.8495337371800686e+20,0.9667135512678429,0.9999999999999999,255.99999999999997
manuscript,256.0,kl,theory,1962,33759963040.284405,0.00390625,5.810608149734874e+20,0.9602805782198968,0.9999999999999999,255.99999999999997
manuscript,256.0,kl,theory,2289,33661980748.65269,0.00390625,5.7721264063870036e+20,0.953920956335105,0.9999999999999999,255.99999999999997
manuscript,256.0,kl,theory,2616,33564560490.933266,0.00390625,5.734084865738352e+20,0.9476340838238122,0.9999999999999999,255.99999999999997
manuscript,256.0,kl,theory,2943,33467700866.699486,0.00390625,5.6964799080837094e+20,0.9414193624814028,0.9999999999999999,255.99999999999997
manuscript,256.0,kl,theory,3270,33371400479.014156,0.00390625,5.659307935293882e+20,0.9352761976689866,0.9999999999999999,255.99999999999997
manuscript,256.0,kl,theory,3597,33275657934.4208,0.00390625,5.6225653706994097e+20,0.9292039982941808,0.9999999999999999,255.99999999999997
manuscript,256.0,kl,theory,3924,33180471842.935085,0.00390625,5.586248658974957e+20,0.923202176792004,0.9999999999999999,255.99999999999997
manuscript,256.0,kl,theory,4251,33085840818.036095,0.00390625,5.550354266024214e+20,0.9172701491058547,0.9999999999999999,255.99999999999997
manuscript,256.0,kl,theory,4578,32991763476.657764,0.00390625,5.5148786788654534e+20,0.9114073346685984,0.9999999999999999,255.99999999999997
manuscript,256.0,kl,theory,4905,32898238439.18012,0.00390625,5.479818405517614e+20,0.9056131563837407,0.9999999999999999,255.99999999999997
manuscript,256.0,kl,theory,5232,32805264329.420918,0.00390625,5.445169974887082e+20,0.8998870406067171,0.9999999999999999,255.99999999999997
manuscript,256.0,kl,theory,5559,32712839774.626896,0.00390625,5.410929936654938e+20,0.8942284171262583,0.9999999999999999,255.99999999999997
manuscript,256.0,kl,theory,5886,32620963405.46537,0.00390625,5.3770948611648756e+20,0.8886367191458682,0.9999999999999999,255.99999999999997
manuscript,256.0,kl,theory,6213,32529633856.01559,0.00390625,5.3436613393116384e+20,0.8831113832653856,0.9999999999999999,255.99999999999997
manuscript,256.0,kl,theory,6540,32438849763.76025,0.00390625,5.310625982430056e+20,0.877651849462647,0.9999999999999999,255.99999999999997
manuscript,256.0,kl,theory,6867,32348609769.57713,0.00390625,5.277985422184685e+20,0.8722575610752471,0.9999999999999999,255.99999999999997
manuscript,256.0,kl,theory,7194,32258912517.730473,0.00390625,5.24573631045997e+20,0.8669279647823872,0.9999999999999999,255.99999999999997
manuscript,256.0,kl,theory,7521,32169756655.86269,0.00390625,5.2138753192510095e+20,0.8616625105868233,0.9999999999999999,255.99999999999997
manuscript,256.0,kl,theory,7848,32081140834.985863,0.00390625,5.182399140554876e+20,0.8564606517969039,0.9999999999999999,255.99999999999997
manuscript,256.0,kl,theory,8175,31993063709.473297,0.00390625,5.1513044862624544e+20,0.8513218450086959,0.9999999999999999,255.99999999999997
manuscript,256.0,kl,theory,8502,31905523937.051292,0.00390625,5.1205880880509485e+20,0.8462455500882196,0.9999999999999999,255.99999999999997
manuscript,256.0,kl,theory,8829,31818520178.790646,0.00390625,5.0902466972768246e+20,0.8412312301537561,0.9999999999999999,255.99999999999997
manuscript,256.0,kl,theory,9156,31732051099.09847,0.00390625,5.060277084869405e+20,0.8362783515582624,0.9999999999999999,255.99999999999997
manuscript,256.0,kl,theory,9483,31646115365.70969,0.00390625,5.030676041224913e+20,0.8313863838718607,0.9999999999999999,255.99999999999997
manuscript,256.0,kl,theory,9810,31560711649.678905,0.00390625,5.0014403761011714e+20,0.8265547998644361,0.9999999999999999,255.99999999999997
manuscript,256.0,kl,theory,10137,31475838625.372124,0.00390625,4.9725669185128e+20,0.8217830754883165,0.9999999999999999,255.99999999999997
manuscript,256.0,kl,theory,10464,31391494970.458263,0.00390625,4.944052516626866e+20,0.8170706898610275,0.9999999999999999,255.99999999999997
manuscript,256.0,kl,theory,10791,31307679365.901314,0.00390625,4.9158940376592974e+20,0.8124171252481731,0.9999999999999999,255.99999999999997
manuscript,256.0,kl,theory,11118,31224390495.951855,0.00390625,4.888088367771601e+20,0.8078218670463674,0.9999999999999999,255.99999999999997
manuscript,256.0,kl,theory,11445,31141627048.138855,0.00390625,4.860632411968216e+20,0.8032844037662704,0.9999999999999999,255.99999999999997
manuscript,256.0,kl,theory,11772,31059387713.26167,0.00390625,4.83352309399444e+20,0.7988042270157193,0.9999999999999999,255.99999999999997
manuscript,256.0,kl,theory,12099,30977671185.381737,0.00390625,4.806757356234793e+20,0.7943808314829318,0.9999999999999999,255.99999999999997
manuscript,256.0,kl,theory,12426,30896476161.814636,0.00390625,4.780332159612017e+20,0.7900137149198141,0.9999999999999999,255.99999999999997
manuscript,256.0,kl,theory,12753,30815801343.12179,0.00390625,4.754244483486463e+20,0.7857023781253335,0.9999999999999999,255.99999999999997
manuscript,256.0,kl,theory,13080,30735645433.102417,0.00390625,4.728491325556093e+20,0.7814463249289926,0.9999999999999999,255.99999999999997
manuscript,256.0,kl,theory,13407,30656007138.78552,0.00390625,4.703069701757002e+20,0.7772450621743886,0.9999999999999999,255.99999999999997
manuscript,256.0,kl,theory,13734,30576885170.421806,0.00390625,4.677976646164412e+20,0.7730980997028517,0.9999999999999999,255.99999999999997
manuscript,256.0,kl,theory,14061,30498278241.475693,0.00390625,4.653209210894212e+20,0.7690049503371736,0.9999999999999999,255.99999999999997
manuscript,256.0,kl,theory,14388,30420185068.61727,0.00390625,4.6287644660049936e+20,0.7649651298654168,0.9999999999999999,255.99999999999997
manuscript,256.0,kl,theory,14715,30342604371.71426,0.00390625,4.604639499400573e+20,0.7609781570248052,0.9999999999999999,255.99999999999997
manuscript,256.0,kl,theory,15042,30265534873.824196,0.00390625,4.580831416733097e+20,0.757043553485712,0.9999999999999999,255.99999999999997
manuscript,256.0,kl,theory,15369,30188975301.186325,0.00390625,4.557337341306541e+20,0.7531608438357101,0.9999999999999999,255.99999999999997
manuscript,256.0,kl,theory,15696,30112924383.213745,0.00390625,4.5341544139807916e+20,0.7493295555637215,0.9999999999999999,255.99999999999997
manuscript,256.0,kl,theory,16023,30037380852.485523,0.00390625,4.511279793076205e+20,0.7455492190442439,0.9999999999999999,255.99999999999997
manuscript,256.0,kl,theory,16350,29962343444.738697,0.00390625,4.4887106542786177e+20,0.7418193675216521,0.9999999999999999,255.99999999999997
manuscript,256.0,kl,theory,16677,29864765724.75683,0.006884959446357721,4.4595211589730514e+20,0.7369954136931265,0.00688495944635772,0.9999999999999999
manuscript,256.0,kl,theory,17004,29682311409.300995,0.012952130018814418,4.4051980529935994e+20,0.7280177951244008,0.012952130018814416,0.9999999999999999
manuscript,256.0,kl,theory,17331,29342992503.833233,0.024235345458142984,4.305056045400066e+20,0.711467991303882,0.02423534545814298,0.9999999999999999
manuscript,256.0,kl,theory,17658,28721504649.696377,0.044900769097628364,4.124624146712653e+20,0.6816492109738457,0.04490076909762836,0.9999999999999999
manuscript,256.0,kl,theory,17985,27614394768.694347,0.08171191459985253,3.8127739922064684e+20,0.6301118092130976,0.08171191459985251,0.9999999999999999
manuscript,256.0,kl,theory,18312,25736461063.767216,0.1441473291469018,3.3118271404340294e+20,0.5473236534673994,0.14414732914690176,0.9999999999999999
manuscript,256.0,kl,theory,18639,22800968332.16837,0.24173087114262243,2.599420784422724e+20,0.4295889913031162,0.2417308711426224,0.9999999999999999
manuscript,256.0,kl,theory,18966,18751445079.632683,0.3763277885837911,1.7580834628724038e+20,0.29054676563639587,0.37632778858379107,0.9999999999999999
manuscript,256.0,kl,theory,19293,14032086907.841995,0.533172349512013,9.844973149461535e+19,0.1627013260041575,0.5331723495120129,0.9999999999999999
manuscript,256.0,kl,theory,19620,9502348810.31942,0.6837228111146916,4.514731645648944e+19,0.07461196837699768,0.6837228111146915,0.9999999999999999
manuscript,256.0,kl,theory,19947,5896441117.177985,0.8036054174159587,1.7384008924173584e+19,0.028729395807299354,0.8036054174159586,0.9999999999999999
manuscript,256.0,kl,theory,20274,3430183421.0700116,0.8856473290805746,5.883079151091784e+18,0.009722573788049376,0.8856473290805745,0.9999999999999999
manuscript,256.0,kl,theory,20601,1913571526.9260187,0.9361405187605872,1.830877994330987e+18,0.0030257703389041405,0.9361405187605871,0.9999999999999999
manuscript,256.0,kl,theory,20928,1041201998.1390994,0.9652138213667963,5.420508004644265e+17,0.0008958113207449509,0.9652138213667962,0.9999999999999999
manuscript,256.0,kl,theory,21255,558604970.7418987,0.9813151108965434,1.5601975666877872e+17,0.00025784347917947025,0.9813151108965433,0.9999999999999999
manuscript,256.0,kl,theory,21582,297386569.3710008,0.9900405837645418,4.421938582112654e+16,7.307843910757878e-05,0.9900405837645417,0.9999999999999999
manuscript,256.0,kl,theory,21909,157663583.50743744,0.9947133848633888,1.2428902782203348e+16,2.0540421316962654e-05,0.9947133848633887,0.9999999999999999
manuscript,256.0,kl,theory,22236,83402109.14935343,0.9971999818743142,3477955905280331.5,5.747786499590908e-06,0.9971999818743141,0.9999999999999999
manuscript,256.0,kl,theory,22563,44066680.541095175,0.9985187319862165,970936166955468.0,1.604601652343652e-06,0.9985187319862164,0.9999999999999999
manuscript,256.0,kl,theory,22685,34726558.4010341,0.9988321511510616,602966929190216.0,9.96483356800915e-07,0.9999999999999999,
manuscript,256.0,riemannian,const,0,34359738368.0,0.00390625,6.050948318153208e+20,1.0,0.9999999999999999,255.99999999999997
manuscript,256.0,riemannian,const,23,26460373.46729134,0.9994359067280948,350075682014267.75,5.785468055709875e-07,0.9999999999999999,
manuscript,256.0,kl,const,0,34359738368.0,0.00390625,6.050948318153208e+20,1.0,0.9999999999999999,255.99999999999997
manuscript,256.0,kl,const,26,32610380.758903693,0.9900024183538552,531718466620338.06,8.787357595257437e-07,0.9999999999999999,
manuscript,512.0,riemannian,theory,0,549755813888.0,0.001953125,1.5492058341235532e+23,1.0,0.9999999999999999,511.99999999999994
manuscript,512.0,riemannian,theory,1310,548130219375.68665,0.001953125,1.5386297891107224e+23,0.9931732473633408,0.9999999999999999,511.99999999999994
manuscript,512.0,riemannian,theory,2620,546513803363.4857,0.001953125,1.528172836648185e+23,0.9864233680172866,0.9999999999999999,511.99999999999994
manuscript,512.0,riemannian,theory,3930,544906542946.35565,0.001953125,1.5178340077323207e+23,0.9797497364777349,0.9999999999999999,511.99999999999994
manuscript,512.0,riemannian,theory,5240,543308415276.4175,0.001953125,1.5076123391264979e+23,0.9731517309831289,0.9999999999999999,511.99999999999994
manuscript,512.0,riemannian,theory,6550,541719397562.8076,0.001953125,1.4975068733299694e+23,0.9666287334743792,0.9999999999999999,511.99999999999994
manuscript,512.0,riemannian,theory,7860,540139467071.53625,0.001953125,1.4875166585469473e+23,0.9601801295749018,0.9999999999999999,511.99999999999994
manuscript,512.0,riemannian,theory,9170,538568601125.3504,0.001953125,1.4776407486558728e+23,0.9538053085707829,0.9999999999999999,511.99999999999994
manuscript,512.0,riemannian,theory,10480,537006777103.5866,0.001953125,1.4678782031787762e+23,0.9475036633909998,0.9999999999999999,511.99999999999994
manuscript,512.0,riemannian,theory,11790,535453972442.0307,0.001953125,1.4582280872508329e+23,0.9412745905877704,0.9999999999999999,511.99999999999994
manuscript,512.0,riemannian,theory,13100,533910164632.77625,0.001953125,1.4486894715900769e+23,0.9351174903170033,0.9999999999999999,511.99999999999994
manuscript,512.0,riemannian,theory,14410,532375331224.0886,0.001953125,1.43926143246729e+23,0.9290317663188616,0.9999999999999999,511.99999999999994
manuscript,512.0,riemannian,theory,15720,530849449820.2594,0.001953125,1.4299430516759961e+23,0.9230168258983942,0.9999999999999999,511.99999999999994
manuscript,512.0,riemannian,theory,17030,529332498081.47064,0.001953125,1.4207334165026671e+23,0.9170720799063038,0.9999999999999999,511.99999999999994
manuscript,512.0,riemannian,theory,18340,527824453723.6536,0.001953125,1.4116316196970363e+23,0.9111969427197851,0.9999999999999999,511.99999999999994
manuscript,512.0,riemannian,theory,19650,526325294518.34906,0.001953125,1.4026367594425949e+23,0.9053908322234804,0.9999999999999999,511.99999999999994
manuscript,512.0,riemannian,theory,20960,524834998292.56573,0.001953125,1.393747939327201e+23,0.899653169790507,0.9999999999999999,511.99999999999994
manuscript,512.0,riemannian,theory,22270,523353542928.6528,0.001953125,1.3849642683139497e+23,0.8939833802636552,0.9999999999999999,511.99999999999994
manuscript,512.0,riemannian,theory,23580,521880906364.14777,0.001953125,1.3762848607120237e+23,0.8883808919365723,0.9999999999999999,511.99999999999994
manuscript,512.0,riemannian,theory,24890,520417066591.6472,0.001953125,1.3677088361478404e+23,0.8828451365351379,0.9999999999999999,511.99999999999994
manuscript,512.0,riemannian,theory,26200,518962001658.6687,0.001953125,1.3592353195362918e+23,0.8773755491988996,0.9999999999999999,511.99999999999994
manuscript,512.0,riemannian,theory,27510,517515689667.5117,0.001953125,1.350863441052121e+23,0.8719715684625974,0.9999999999999999,511.99999999999994
manuscript,512.0,riemannian,theory,28820,516078108775.12036,0.001953125,1.3425923361014648e+23,0.8666326362377935,0.9999999999999999,511.99999999999994
manuscript,512.0,riemannian,theory,30130,514649237192.9491,0.001953125,1.3344211452935482e+23,0.8613581977946028,0.9999999999999999,511.99999999999994
manuscript,512.0,riemannian,theory,31440,513229053186.8274,0.001953125,1.3263490144125271e+23,0.8561477017435163,0.9999999999999999,511.99999999999994
manuscript,512.0,riemannian,theory,32750,511817535076.82056,0.001953125,1.3183750943894456e+23,0.8510006000173,0.9999999999999999,511.99999999999994
manuscript,512.0,riemannian,theory,34060,510414661237.098,0.001953125,1.3104985412743849e+23,0.8459163478530183,0.9999999999999999,511.99999999999994
manuscript,512.0,riemannian,theory,35370,509020410095.7956,0.001953125,1.3027185162087165e+23,0.840894403774122,0.9999999999999999,511.99999999999994
manuscript,512.0,riemannian,theory,36680,507634760134.88153,0.001953125,1.295034185397522e+23,0.8359342295726467,0.9999999999999999,511.99999999999994
manuscript,512.0,riemannian,theory,37990,506257689890.02344,0.001953125,1.2874447200821552e+23,0.8310352902915018,0.9999999999999999,511.99999999999994
manuscript,512.0,riemannian,theory,39300,504889177950.45404,0.001953125,1.2799492965129408e+23,0.8261970542068469,0.9999999999999999,511.99999999999994
manuscript,512.0,riemannian,theory,40610,503529202958.83307,0.001953125,1.2725470959219911e+23,0.8214189928105462,0.9999999999999999,511.99999999999994
manuscript,512.0,riemannian,theory,41920,502177743611.1239,0.001953125,1.2652373044962425e+23,0.8167005807927629,0.9999999999999999,511.99999999999994
manuscript,512.0,riemannian,theory,43230,500834778656.4495,0.001953125,1.2580191133505163e+23,0.8120412960245708,0.9999999999999999,511.99999999999994
manuscript,512.0,riemannian,theory,44540,499500286896.96606,0.001953125,1.2508917185008133e+23,0.8074406195407159,0.9999999999999999,511.99999999999994
manuscript,512.0,riemannian,theory,45850,498174247187.7286,0.001953125,1.2438543208377057e+23,0.8028980355224412,0.9999999999999999,511.99999999999994
manuscript,512.0,riemannian,theory,47160,496856638436.5613,0.001953125,1.2369061260998865e+23,0.7984130312804129,0.9999999999999999,511.99999999999994
manuscript,512.0,riemannian,theory,48470,495547439603.92163,0.001953125,1.2300463448478185e+23,0.7939850972377109,0.9999999999999999,511.99999999999994
manuscript,512.0,riemannian,theory,49780,494246629702.77545,0.001953125,1.223274192437586e+23,0.7896137269129512,0.9999999999999999,511.99999999999994
manuscript,512.0,riemannian,theory,51090,492954187798.45844,0.001953125,1.2165888889947997e+23,0.78529841690344,0.9999999999999999,511.99999999999994
manuscript,512.0,riemannian,theory,52400,491670093008.5476,0.001953125,1.2099896593886926e+23,0.7810386668684549,0.9999999999999999,511.99999999999994
manuscript,512.0,riemannian,theory,53710,490394324502.7369,0.001953125,1.2034757332063676e+23,0.7768339795126199,0.9999999999999999,511.99999999999994
manuscript,512.0,riemannian,theory,55020,489126861502.6988,0.001953125,1.1970463447271063e+23,0.7726838605693236,0.9999999999999999,511.99999999999994
manuscript,512.0,riemannian,theory,56330,487867683281.9614,0.001953125,1.1907007328968884e+23,0.7685878187842707,0.9999999999999999,511.99999999999994
manuscript,512.0,riemannian,theory,57640,486616769165.77246,0.001953125,1.1844381413029748e+23,0.7645453658990757,0.9999999999999999,511.99999999999994
manuscript,512.0,riemannian,theory,58950,485374098530.97656,0.001953125,1.1782578181486896e+23,0.7605560166349854,0.9999999999999999,511.99999999999994
manuscript,512.0,riemannian,theory,60260,484139650805.8811,0.001953125,1.1721590162282722e+23,0.7566192886766456,0.9999999999999999,511.99999999999994
manuscript,512.0,riemannian,theory,61570,482913405470.13153,0.001953125,1.1661409929019064e+23,0.7527347026559826,0.9999999999999999,511.99999999999994
manuscript,512.0,riemannian,theory,62880,481695342054.5847,0.001953125,1.1602030100708687e+23,0.7489017821361622,0.9999999999999999,511.99999999999994
manuscript,512.0,riemannian,theory,64190,480485440141.1743,0.001953125,1.1543443341527638e+23,0.7451200535956036,0.9999999999999999,511.99999999999994
manuscript,512.0,riemannian,theory,65500,479283679362.7889,0.001953125,1.1485642360569488e+23,0.7413890464121167,0.9999999999999999,511.99999999999994
manuscript,512.0,riemannian,theory,66810,476953240033.89825,0.006738188397711797,1.1374219658941668e+23,0.7341967999608336,0.006738188397711796,0.9999999999999999
manuscript,512.0,riemannian,theory,68120,468763315763.22534,0.023801953006358064,1.0986952310266664e+23,0.7091990017248041,0.02380195300635806,0.9999999999999999
manuscript,512.0,riemannian,theory,69430,441513957837.2954,0.08057413524830111,9.746728748257653e+22,0.6291435607568416,0.0805741352483011,0.9999999999999999
manuscript,512.0,riemannian,theory,70740,365204087694.9205,0.23954381295462632,6.668701283453958e+22,0.43045934481822457,0.2395438129546263,0.9999999999999999
manuscript,512.0,riemannian,theory,72050,225243333088.83856,0.5310476891514595,2.5367279550484737e+22,0.1637437646549789,0.5310476891514594,0.9999999999999999
manuscript,512.0,riemannian,theory,73360,94716109912.46748,0.8028290540585943,4.48557073847531e+21,0.028954001073801625,0.8028290540585942,0.9999999999999999
manuscript,512.0,riemannian,theory,74670,30711949142.133736,0.9360709620795149,4.7161191005450456e+20,0.003044217234834479,0.9360709620795148,0.9999999999999999
manuscript,512.0,riemannian,theory,75980,8953340059.466936,0.9813634184049853,4.00811491102277e+19,0.00025872061818630563,0.9813634184049852,0.9999999999999999
manuscript,512.0,riemannian,theory,77290,2523542545.954323,0.994747222978986,3.1841334906208123e+18,2.0553327521014674e-05,0.9947472229789859,0.9999999999999999
manuscript,512.0,riemannian,theory,78600,704367428.5492595,0.9985338554321421,2.480667372005481e+17,1.6012509876771103e-06,0.998533855432142,0.9999999999999999
manuscript,512.0,riemannian,theory,78842,556220954.4353402,0.9988422232844546,1.546908750764804e+17,9.985172510274924e-07,0.9999999999999999,
manuscript,512.0,kl,theory,0,549755813888.0,0.001953125,1.5492058341235532e+23,1.0,0.9999999999999999,511.99999999999994
manuscript,512.0,kl,theory,1310,548130219375.68665,0.001953125,1.5386297891107224e+23,0.9931732473633408,0.9999999999999999,511.99999999999994
manuscript,512.0,kl,theory,2620,546513803363.4857,0.001953125,1.528172836648185e+23,0.9864233680172866,0.9999999999999999,511.99999999999994
manuscript,512.0,kl,theory,3930,544906542946.35565,0.001953125,1.5178340077323207e+23,0.9797497364777349,0.9999999999999999,511.99999999999994
manuscript,512.0,kl,theory,5240,543308415276.4175,0.001953125,1.5076123391264979e+23,0.9731517309831289,0.9999999999999999,511.99999999999994
manuscript,512.0,kl,theory,6550,541719397562.8076,0.001953125,1.4975068733299694e+23,0.9666287334743792,0.9999999999999999,511.99999999999994
manuscript,512.0,kl,theory,7860,540139467071.53625,0.001953125,1.4875166585469473e+23,0.9601801295749018,0.9999999999999999,511.99999999999994
manuscript,512.0,kl,theory,9170,538568601125.3504,0.001953125,1.4776407486558728e+23,0.9538053085707829,0.9999999999999999,511.99999999999994
manuscript,512.0,kl,theory,10480,537006777103.5866,0.001953125,1.4678782031787762e+23,0.9475036633909998,0.9999999999999999,511.99999999999994
manuscript,512.0,kl,theory,11790,535453972442.0307,0.001953125,1.4582280872508329e+23,0.9412745905877704,0.9999999999999999,511.99999999999994
manuscript,512.0,kl,theory,13100,533910164632.77625,0.001953125,1.4486894715900769e+23,0.9351174903170033,0.9999999999999999,511.99999999999994
manuscript,512.0,kl,theory,14410,532375331224.0886,0.001953125,1.43926143246729e+23,0.9290317663188616,0.9999999999999999,511.99999999999994
manuscript,512.0,kl,theory,15720,530849449820.2594,0.001953125,1.4299430516759961e+23,0.9230168258983942,0.9999999999999999,511.99999999999994
manuscript,512.0,kl,theory,17030,529332498081.47064,0.001953125,1.4207334165026671e+23,0.9170720799063038,0.9999999999999999,511.99999999999994
manuscript,512.0,kl,theory,18340,527824453723.6536,0.001953125,1.4116316196970363e+23,0.9111969427197851,0.9999999999999999,511.99999999999994
manuscript,512.0,kl,theory,19650,526325294518.34906,0.001953125,1.4026367594425949e+23,0.9053908322234804,0.9999999999999999,511.99999999999994
manuscript,512.0,kl,theory,20960,524834998292.56573,0.001953125,1.393747939327201e+23,0.899653169790507,0.9999999999999999,511.99999999999994
manuscript,512.0,kl,theory,22270,523353542928.6528,0.001953125,1.3849642683139497e+23,0.8939833802636552,0.9999999999999999,511.99999999999994
manuscript,512.0,kl,theory,23580,521880906364.14777,0.001953125,1.3762848607120237e+23,0.8883808919365723,0.9999999999999999,511.99999999999994
manuscript,512.0,kl,theory,24890,520417066591.6472,0.001953125,1.3677088361478404e+23,0.8828451365351379,0.9999999999999999,511.99999999999994
manuscript,512.0,kl,theory,26200,518962001658.6687,0.001953125,1.3592353195362918e+23,0.8773755491988996,0.9999999999999999,511.99999999999994
manuscript,512.0,kl,theory,27510,517515689667.5117,0.001953125,1.350863441052121e+23,0.8719715684625974,0.9999999999999999,511.99999999999994
manuscript,512.0,kl,theory,28820,516078108775.12036,0.001953125,1.3425923361014648e+23,0.8666326362377935,0.9999999999999999,511.99999999999994
manuscript,512.0,kl,theory,30130,514649237192.9491,0.001953125,1.3344211452935482e+23,0.8613581977946028,0.9999999999999999,511.99999999999994
manuscript,512.0,kl,theory,31440,513229053186.8274,0.001953125,1.3263490144125271e+23,0.8561477017435163,0.9999999999999999,511.99999999999994
manuscript,512.0,kl,theory,32750,511817535076.82056,0.001953125,1.3183750943894456e+23,0.8510006000173,0.9999999999999999,511.99999999999994
manuscript,512.0,kl,theory,34060,510414661237.098,0.001953125,1.3104985412743849e+23,0.8459163478530183,0.9999999999999999,511.99999999999994
manuscript,512.0,kl,theory,35370,509020410095.7956,0.001953125,1.3027185162087165e+23,0.840894403774122,0.9999999999999999,511.99999999999994
manuscript,512.0,kl,theory,36680,507634760134.88153,0.001953125,1.295034185397522e+23,0.8359342295726467,0.9999999999999999,511.99999999999994
manuscript,512.0,kl,theory,37990,506257689890.02344,0.001953125,1.2874447200821552e+23,0.8310352902915018,0.9999999999999999,511.99999999999994
manuscript,512.0,kl,theory,39300,504889177950.45404,0.001953125,1.2799492965129408e+23,0.8261970542068469,0.9999999999999999,511.99999999999994
manuscript,512.0,kl,theory,40610,503529202958.83307,0.001953125,1.2725470959219911e+23,0.8214189928105462,0.9999999999999999,511.99999999999994
manuscript,512.0,kl,theory,41920,502177743611.1239,0.001953125,1.2652373044962425e+23,0.8167005807927629,0.9999999999999999,511.99999999999994
manuscript,512.0,kl,theory,43230,500834778656.4495,0.001953125,1.2580191133505163e+23,0.8120412960245708,0.9999999999999999,511.99999999999994
manuscript,512.0,kl,theory,44540,499500286896.96606,0.001953125,1.2508917185008133e+23,0.8074406195407159,0.9999999999999999,511.99999999999994
manuscript,512.0,kl,theory,45850,498174247187.7286,0.001953125,1.2438543208377057e+23,0.8028980355224412,0.9999999999999999,511.99999999999994
manuscript,512.0,kl,theory,47160,496856638436.5613,0.001953125,1.2369061260998865e+23,0.7984130312804129,0.9999999999999999,511.99999999999994
manuscript,512.0,kl,theory,48470,495547439603.92163,0.001953125,1.2300463448478185e+23,0.7939850972377109,0.9999999999999999,511.99999999999994
manuscript,512.0,kl,theory,49780,494246629702.77545,0.001953125,1.223274192437586e+23,0.7896137269129512,0.9999999999999999,511.99999999999994
manuscript,512.0,kl,theory,51090,492954187798.45844,0.001953125,1.2165888889947997e+23,0.78529841690344,0.9999999999999999,511.99999999999994
manuscript,512.0,kl,theory,52400,491670093008.5476,0.001953125,1.2099896593886926e+23,0.7810386668684549,0.9999999999999999,511.99999999999994
manuscript,512.0,kl,theory,53710,490394324502.7369,0.001953125,1.2034757332063676e+23,0.7768339795126199,0.9999999999999999,511.99999999999994
manuscript,512.0,kl,theory,55020,489126861502.6988,0.001953125,1.1970463447271063e+23,0.7726838605693236,0.9999999999999999,511.99999999999994
manuscript,512.0,kl,theory,56330,487867683281.9614,0.001953125,1.1907007328968884e+23,0.7685878187842707,0.9999999999999999,511.99999999999994
manuscript,512.0,kl,theory,57640,486616769165.77246,0.001953125,1.1844381413029748e+23,0.7645453658990757,0.9999999999999999,511.99999999999994
manuscript,512.0,kl,theory,58950,485374098530.97656,0.001953125,1.1782578181486896e+23,0.7605560166349854,0.9999999999999999,511.99999999999994
manuscript,512.0,kl,theory,60260,484139650805.8811,0.001953125,1.1721590162282722e+23,0.7566192886766456,0.9999999999999999,511.99999999999994
manuscript,512.0,kl,theory,61570,482913405470.13153,0.001953125,1.1661409929019064e+23,0.7527347026559826,0.9999999999999999,511.99999999999994
manuscript,512.0,kl,theory,62880,481695342054.5847,0.001953125,1.1602030100708687e+23,0.7489017821361622,0.9999999999999999,511.99999999999994
manuscript,512.0,kl,theory,64190,480485440141.1743,0.001953125,1.1543443341527638e+23,0.7451200535956036,0.9999999999999999,511.99999999999994
manuscript,512.0,kl,theory,65500,479283679362.7889,0.001953125,1.1485642360569488e+23,0.7413890464121167,0.9999999999999999,511.99999999999994
manuscript,512.0,kl,theory,66810,476954072616.1221,0.00673411394922832,1.1374259369255252e+23,0.7341993632298782,0.006734113949228319,0.9999999999999999
manuscript,512.0,kl,theory,68120,468772030710.74744,0.023773119210163236,1.0987360838833897e+23,0.7092253719177272,0.023773119210163233,0.9999999999999999
manuscript,512.0,kl,theory,69430,441562901752.5738,0.08043384838380364,9.748889810207655e+22,0.6292830555807315,0.08043384838380363,0.9999999999999999
manuscript,512.0,kl,theory,70740,365377876608.2512,0.2390683083580257,6.675049635737722e+22,0.4308691258908188,0.23906830835802567,0.9999999999999999
manuscript,512.0,kl,theory,72050,225550819864.87857,0.5301828454450056,2.5436586170859448e+22,0.16419113335736904,0.5301828454450055,0.9999999999999999
manuscript,512.0,kl,theory,73360,94947207896.81787,0.8021126257230269,4.5074861437007765e+21,0.029095463265220913,0.8021126257230268,0.9999999999999999
manuscript,512.0,kl,theory,74670,30807481505.56879,0.9357293738121718,4.745504583579815e+20,0.0030631853295753526,0.9357293738121717,0.9999999999999999
manuscript,512.0,kl,theory,75980,8983716531.017416,0.9812364301968904,4.0353581354837795e+19,0.00026047914657943054,0.9812364301968903,0.9999999999999999
manuscript,512.0,kl,theory,77290,2532356726.123895,0.9947043975274394,3.206415294172466e+18,2.06971547843832e-05,0.9947043975274393,0.9999999999999999
manuscript,512.0,kl,theory,78600,706850923.3386056,0.9985200138631121,2.4981911391231968e+17,1.6125624394750115e-06,0.998520013863112,0.9999999999999999
manuscript,512.0,kl,theory,78845,556551953.4931232,0.9988344343632128,1.5487503846850576e+17,9.997060110228972e-07,0.9999999999999999,
manuscript,512.0,riemannian,const,0,549755813888.0,0.001953125,1.5492058341235532e+23,1.0,0.9999999999999999,511.99999999999994
manuscript,512.0,riemannian,const,24,554349118.4283826,0.9992613610342806,1.5365147255116246e+17,9.918079906927871e-07,0.9999999999999999,
manuscript,512.0,kl,const,0,549755813888.0,0.001953125,1.5492058341235532e+23,1.0,0.9999999999999999,511.99999999999994
manuscript,512.0,kl,const,28,428996993.1751439,0.9910860891546243,9.201921007665723e+16,5.939766559730013e-07,0.9999999999999999,
manuscript,1024.0,riemannian,theory,0,8796093022208.0,0.0009765625,3.9661773888770365e+25,1.0,0.9999999999999999,1023.9999999999999
manuscript,1024.0,riemannian,theory,5242,8770065726707.35,0.0009765625,3.939075977826734e+25,0.9931668686513349,0.9999999999999999,1023.9999999999999
manuscript,1024.0,riemannian,theory,10484,8744185579341.448,0.0009765625,3.912280141643887e+25,0.9864107824868595,0.9999999999999999,1023.9999999999999
manuscript,1024.0,riemannian,theory,15726,8718452212761.009,0.0009765625,3.8857873914583745e+25,0.9797311139829217,0.9999999999999999,1023.9999999999999
manuscript,1024.0,riemannian,theory,20968,8692865260533.682,0.0009765625,3.8595952532203812e+25,0.9731272393525413,0.9999999999999999,1023.9999999999999
manuscript,1024.0,riemannian,theory,26210,8667424357141.985,0.0009765625,3.8337012676207185e+25,0.9665985385253213,0.9999999999999999,1023.9999999999999
manuscript,1024.0,riemannian,theory,31452,8642129137980.848,0.0009765625,3.8081029900111516e+25,0.9601443951273593,0.9999999999999999,1023.9999999999999
manuscript,1024.0,riemannian,theory,36694,8616979239355.481,0.0009765625,3.7827979903254435e+25,0.9537641964613403,0.9999999999999999,1023.9999999999999
manuscript,1024.0,riemannian,theory,41936,8591974298479.055,0.0009765625,3.7577838530006167e+25,0.9474573334866842,0.9999999999999999,1023.9999999999999
manuscript,1024.0,riemannian,theory,47178,8567113953470.341,0.0009765625,3.7330581768985976e+25,0.9412232007997899,0.9999999999999999,1023.9999999999999
manuscript,1024.0,riemannian,theory,52420,8542397843351.642,0.0009765625,3.7086185752285224e+25,0.9350611966144464,0.9999999999999999,1023.9999999999999
manuscript,1024.0,riemannian,theory,57662,8517825608046.377,0.0009765625,3.684462675469111e+25,0.9289707227422602,0.9999999999999999,1023.9999999999999
manuscript,1024.0,riemannian,theory,62904,8493396888376.833,0.0009765625,3.6605881192916037e+25,0.9229511845732256,0.9999999999999999,1023.9999999999999
manuscript,1024.0,riemannian,theory,68146,8469111326062.105,0.0009765625,3.636992562483258e+25,0.9170019910564358,0.9999999999999999,1023.9999999999999
manuscript,1024.0,riemannian,theory,73388,8444968563715.567,0.0009765625,3.6136736748708233e+25,0.9111225546807882,0.9999999999999999,1023.9999999999999
manuscript,1024.0,riemannian,theory,78630,8420968244842.927,0.0009765625,3.5906291402449095e+25,0.9053122914559155,0.9999999999999999,1023.9999999999999
manuscript,1024.0,riemannian,theory,83872,8397110013839.746,0.0009765625,3.5678566562842842e+25,0.8995706208930986,0.9999999999999999,1023.9999999999999
manuscript,1024.0,riemannian,theory,89114,8373393515989.415,0.0009765625,3.545353934480937e+25,0.8938969659863728,0.9999999999999999,1023.9999999999999
manuscript,1024.0,riemannian,theory,94356,8349818397460.872,0.0009765625,3.5231187000653736e+25,0.888290753193692,0.9999999999999999,1023.9999999999999
manuscript,1024.0,riemannian,theory,99598,8326384305306.304,0.0009765625,3.501148691932137e+25,0.8827514124181508,0.9999999999999999,1023.9999999999999
manuscript,1024.0,riemannian,theory,104840,8303090887459.061,0.0009765625,3.4794416625660514e+25,0.877278376989387,0.9999999999999999,1023.9999999999999
manuscript,1024.0,riemannian,theory,110082,8279937792731.408,0.0009765625,3.457995377968596e+25,0.8718710836450195,0.9999999999999999,1023.9999999999999
manuscript,1024.0,riemannian,theory,115324,8256924670812.381,0.0009765625,3.4368076175847677e+25,0.8665289725122073,0.9999999999999999,1023.9999999999999
manuscript,1024.0,riemannian,theory,120566,8234051172265.52,0.0009765625,3.4158761742302795e+25,0.8612514870892937,0.9999999999999999,1023.9999999999999
manuscript,1024.0,riemannian,theory,125808,8211316948526.669,0.0009765625,3.3951988540190802e+25,0.8560380742275322,0.9999999999999999,1023.9999999999999
manuscript,1024.0,riemannian,theory,131050,8188721651901.897,0.0009765625,3.374773476291432e+25,0.8508881841129522,0.9999999999999999,1023.9999999999999
manuscript,1024.0,riemannian,theory,136292,8166264935565.2705,0.0009765625,3.354597873542186e+25,0.8458012702482754,0.9999999999999999,1023.9999999999999
manuscript,1024.0,riemannian,theory,141534,8143946453556.795,0.0009765625,3.3346698913496006e+25,0.8407767894349684,0.9999999999999999,1023.9999999999999
manuscript,1024.0,riemannian,theory,146776,8121765860779.963,0.0009765625,3.314987388304158e+25,0.8358142017552944,0.9999999999999999,1023.9999999999999
manuscript,1024.0,riemannian,theory,152018,8099722812999.859,0.0009765625,3.2955482359382347e+25,0.8309129705545822,0.9999999999999999,1023.9999999999999
manuscript,1024.0,riemannian,theory,157260,8077816966840.942,0.0009765625,3.2763503186558723e+25,0.8260725624235182,0.9999999999999999,1023.9999999999999
manuscript,1024.0,riemannian,theory,162502,8056047979784.973,0.0009765625,3.257391533662997e+25,0.8212924471805529,0.9999999999999999,1023.9999999999999
manuscript,1024.0,riemannian,theory,167744,8034415510168.661,0.0009765625,3.238669790897792e+25,0.8165720978543455,0.9999999999999999,1023.9999999999999
manuscript,1024.0,riemannian,theory,172986,8012919217181.738,0.0009765625,3.2201830129617764e+25,0.8119109906663864,0.9999999999999999,1023.9999999999999
manuscript,1024.0,riemannian,theory,178228,7991558760864.795,0.0009765625,3.201929135051006e+25,0.8073086050136512,0.9999999999999999,1023.9999999999999
manuscript,1024.0,riemannian,theory,183470,7970333802107.02,0.0009765625,3.183906104887612e+25,0.8027644234513391,0.9999999999999999,1023.9999999999999
manuscript,1024.0,riemannian,theory,188712,7949244002644.251,0.0009765625,3.1661118826518887e+25,0.7982779316757503,0.9999999999999999,1023.9999999999999
manuscript,1024.0,riemannian,theory,193954,7928289025056.801,0.0009765625,3.1485444409145716e+25,0.7938486185072107,0.9999999999999999,1023.9999999999999
manuscript,1024.0,riemannian,theory,199196,7907468532767.238,0.0009765625,3.1312017645694234e+25,0.7894759758730752,0.9999999999999999,1023.9999999999999
manuscript,1024.0,riemannian,theory,204438,7886782190038.463,0.0009765625,3.1140818507663996e+25,0.7851594987908761,0.9999999999999999,1023.9999999999999
manuscript,1024.0,riemannian,theory,209680,7866229661971.523,0.0009765625,3.097182708844956e+25,0.7808986853515084,0.9999999999999999,1023.9999999999999
manuscript,1024.0,riemannian,theory,214922,7845810614503.545,0.0009765625,3.08050236026778e+25,0.7766930367025208,0.9999999999999999,1023.9999999999999
manuscript,1024.0,riemannian,theory,220164,7825524714405.477,0.0009765625,3.0640388385547158e+25,0.7725420570314563,0.9999999999999999,1023.9999999999999
manuscript,1024.0,riemannian,theory,225406,7805371629280.419,0.0009765625,3.047790189217508e+25,0.7684452535493991,0.9999999999999999,1023.9999999999999
manuscript,1024.0,riemannian,theory,230648,7785351027561.111,0.0009765625,3.031754469694185e+25,0.7644021364744306,0.9999999999999999,1023.9999999999999
manuscript,1024.0,riemannian,theory,235890,7765462578508.105,0.0009765625,3.0159297492843523e+25,0.7604122190153142,0.9999999999999999,1023.9999999999999
manuscript,1024.0,riemannian,theory,241132,7745705952207.545,0.0009765625,3.000314109084477e+25,0.7564750173551795,0.9999999999999999,1023.9999999999999
manuscript,1024.0,riemannian,theory,246374,7726080819569.308,0.0009765625,2.9849056419238217e+25,0.7525900506353683,0.9999999999999999,1023.9999999999999
manuscript,1024.0,riemannian,theory,251616,7706586852324.767,0.0009765625,2.969702452300378e+25,0.7487568409392815,0.9999999999999999,1023.9999999999999
manuscript,1024.0,riemannian,theory,256858,7687223723024.771,0.0009765625,2.9547026563173253e+25,0.7449749132763588,0.9999999999999999,1023.9999999999999
manuscript,1024.0,riemannian,theory,262100,7667991105037.69,0.0009765625,2.9399043816198455e+25,0.7412437955661472,0.9999999999999999,1023.9999999999999
manuscript,1024.0,riemannian,theory,267342,7581597442183.452,0.012213865985907384,2.8740309887661326e+25,0.7246350092222857,0.012213865985907383,0.9999999999999999
manuscript,1024.0,riemannian,theory,272584,6617525238791.532,0.13784670857877201,2.189582014302146e+25,0.552063561363324,0.137846708578772,0.9999999999999999
manuscript,1024.0,riemannian,theory,277826,2502255491152.911,0.6740404762546564,3.130641271502448e+24,0.07893346576686631,0.6740404762546562,0.9999999999999999
manuscript,1024.0,riemannian,theory,283068,276629093283.2345,0.9639671076343227,3.826182762535222e+22,0.0009647028832511569,0.9639671076343226,0.9999999999999999
manuscript,1024.0,riemannian,theory,288310,22116229770.194664,0.9971192282622763,2.4456380962402235e+20,6.1662347808721414e-06,0.9971192282622762,0.9999999999999999
manuscript,1024.0,riemannian,theory,290176,8905610548.231262,0.9988399912345812,3.965494961838396e+19,9.998279383467432e-07,0.9999999999999999,
manuscript,1024.0,kl,theory,0,8796093022208.0,0.0009765625,3.9661773888770365e+25,1.0,0.9999999999999999,1023.9999999999999
manuscript,1024.0,kl,theory,5242,8770065726707.35,0.0009765625,3.939075977826734e+25,0.9931668686513349,0.9999999999999999,1023.9999999999999
manuscript,1024.0,kl,theory,10484,8744185579341.448,0.0009765625,3.912280141643887e+25,0.9864107824868595,0.9999999999999999,1023.9999999999999
manuscript,1024.0,kl,theory,15726,8718452212761.009,0.0009765625,3.8857873914583745e+25,0.9797311139829217,0.9999999999999999,1023.9999999999999
manuscript,1024.0,kl,theory,20968,8692865260533.682,0.0009765625,3.8595952532203812e+25,0.9731272393525413,0.9999999999999999,1023.9999999999999
manuscript,1024.0,kl,theory,26210,8667424357141.985,0.0009765625,3.8337012676207185e+25,0.9665985385253213,0.9999999999999999,1023.9999999999999
manuscript,1024.0,kl,theory,31452,8642129137980.848,0.0009765625,3.8081029900111516e+25,0.9601443951273593,0.9999999999999999,1023.9999999999999
manuscript,1024.0,kl,theory,36694,8616979239355.481,0.0009765625,3.7827979903254435e+25,0.9537641964613403,0.9999999999999999,1023.9999999999999
manuscript,1024.0,kl,theory,41936,8591974298479.055,0.0009765625,3.7577838530006167e+25,0.9474573334866842,0.9999999999999999,1023.9999999999999
manuscript,1024.0,kl,theory,47178,8567113953470.341,0.0009765625,3.7330581768985976e+25,0.9412232007997899,0.9999999999999999,1023.9999999999999
manuscript,1024.0,kl,theory,52420,8542397843351.642,0.0009765625,3.7086185752285224e+25,0.9350611966144464,0.9999999999999999,1023.9999999999999
manuscript,1024.0,kl,theory,57662,8517825608046.377,0.0009765625,3.684462675469111e+25,0.9289707227422602,0.9999999999999999,1023.9999999999999
manuscript,1024.0,kl,theory,62904,8493396888376.833,0.0009765625,3.6605881192916037e+25,0.9229511845732256,0.9999999999999999,1023.9999999999999
manuscript,1024.0,kl,theory,68146,8469111326062.105,0.0009765625,3.636992562483258e+25,0.9170019910564358,0.9999999999999999,1023.9999999999999
manuscript,1024.0,kl,theory,73388,8444968563715.567,0.0009765625,3.6136736748708233e+25,0.9111225546807882,0.9999999999999999,1023.9999999999999
manuscript,1024.0,kl,theory,78630,8420968244842.927,0.0009765625,3.5906291402449095e+25,0.9053122914559155,0.9999999999999999,1023.9999999999999
manuscript,1024.0,kl,theory,83872,8397110013839.746,0.0009765625,3.5678566562842842e+25,0.8995706208930986,0.9999999999999999,1023.9999999999999
manuscript,1024.0,kl,theory,89114,8373393515989.415,0.0009765625,3.545353934480937e+25,0.8938969659863728,0.9999999999999999,1023.9999999999999
manuscript,1024.0,kl,theory,94356,8349818397460.872,0.0009765625,3.5231187000653736e+25,0.888290753193692,0.9999999999999999,1023.9999999999999
manuscript,1024.0,kl,theory,99598,8326384305306.304,0.0009765625,3.501148691932137e+25,0.8827514124181508,0.9999999999999999,1023.9999999999999
manuscript,1024.0,kl,theory,104840,8303090887459.061,0.0009765625,3.4794416625660514e+25,0.877278376989387,0.9999999999999999,1023.9999999999999
manuscript,1024.0,kl,theory,110082,8279937792731.408,0.0009765625,3.457995377968596e+25,0.8718710836450195,0.9999999999999999,1023.9999999999999
manuscript,1024.0,kl,theory,115324,8256924670812.381,0.0009765625,3.4368076175847677e+25,0.8665289725122073,0.9999999999999999,1023.9999999999999
manuscript,1024.0,kl,theory,120566,8234051172265.52,0.0009765625,3.4158761742302795e+25,0.8612514870892937,0.9999999999999999,1023.9999999999999
manuscript,1024.0,kl,theory,125808,8211316948526.669,0.0009765625,3.3951988540190802e+25,0.8560380742275322,0.9999999999999999,1023.9999999999999
manuscript,1024.0,kl,theory,131050,8188721651901.897,0.0009765625,3.374773476291432e+25,0.8508881841129522,0.9999999999999999,1023.9999999999999
manuscript,1024.0,kl,theory,136292,8166264935565.2705,0.0009765625,3.354597873542186e+25,0.8458012702482754,0.9999999999999999,1023.9999999999999
manuscript,1024.0,kl,theory,141534,8143946453556.795,0.0009765625,3.3346698913496006e+25,0.8407767894349684,0.9999999999999999,1023.9999999999999
manuscript,1024.0,kl,theory,146776,8121765860779.963,0.0009765625,3.314987388304158e+25,0.8358142017552944,0.9999999999999999,1023.9999999999999
manuscript,1024.0,kl,theory,152018,8099722812999.859,0.0009765625,3.2955482359382347e+25,0.8309129705545822,0.9999999999999999,1023.9999999999999
manuscript,1024.0,kl,theory,157260,8077816966840.942,0.0009765625,3.2763503186558723e+25,0.8260725624235182,0.9999999999999999,1023.9999999999999
manuscript,1024.0,kl,theory,162502,8056047979784.973,0.0009765625,3.257391533662997e+25,0.8212924471805529,0.9999999999999999,1023.9999999999999
manuscript,1024.0,kl,theory,167744,8034415510168.661,0.0009765625,3.238669790897792e+25,0.8165720978543455,0.9999999999999999,1023.9999999999999
manuscript,1024.0,kl,theory,172986,8012919217181.738,0.0009765625,3.2201830129617764e+25,0.8119109906663864,0.9999999999999999,1023.9999999999999
manuscript,1024.0,kl,theory,178228,7991558760864.795,0.0009765625,3.201929135051006e+25,0.8073086050136512,0.9999999999999999,1023.9999999999999
manuscript,1024.0,kl,theory,183470,7970333802107.02,0.0009765625,3.183906104887612e+25,0.8027644234513391,0.9999999999999999,1023.9999999999999
manuscript,1024.0,kl,theory,188712,7949244002644.251,0.0009765625,3.1661118826518887e+25,0.7982779316757503,0.9999999999999999,1023.9999999999999
manuscript,1024.0,kl,theory,193954,7928289025056.801,0.0009765625,3.1485444409145716e+25,0.7938486185072107,0.9999999999999999,1023.9999999999999
manuscript,1024.0,kl,theory,199196,7907468532767.238,0.0009765625,3.1312017645694234e+25,0.7894759758730752,0.9999999999999999,1023.9999999999999
manuscript,1024.0,kl,theory,204438,7886782190038.463,0.0009765625,3.1140818507663996e+25,0.7851594987908761,0.9999999999999999,1023.9999999999999
manuscript,1024.0,kl,theory,209680,7866229661971.523,0.0009765625,3.097182708844956e+25,0.7808986853515084,0.9999999999999999,1023.9999999999999
manuscript,1024.0,kl,theory,214922,7845810614503.545,0.0009765625,3.08050236026778e+25,0.7766930367025208,0.9999999999999999,1023.9999999999999
manuscript,1024.0,kl,theory,220164,7825524714405.477,0.0009765625,3.0640388385547158e+25,0.7725420570314563,0.9999999999999999,1023.9999999999999
manuscript,1024.0,kl,theory,225406,7805371629280.419,0.0009765625,3.047790189217508e+25,0.7684452535493991,0.9999999999999999,1023.9999999999999
manuscript,1024.0,kl,theory,230648,7785351027561.111,0.0009765625,3.031754469694185e+25,0.7644021364744306,0.9999999999999999,1023.9999999999999
manuscript,1024.0,kl,theory,235890,7765462578508.105,0.0009765625,3.0159297492843523e+25,0.7604122190153142,0.9999999999999999,1023.9999999999999
manuscript,1024.0,kl,theory,241132,7745705952207.545,0.0009765625,3.000314109084477e+25,0.7564750173551795,0.9999999999999999,1023.9999999999999
manuscript,1024.0,kl,theory,246374,7726080819569.308,0.0009765625,2.9849056419238217e+25,0.7525900506353683,0.9999999999999999,1023.9999999999999
manuscript,1024.0,kl,theory,251616,7706586852324.767,0.0009765625,2.969702452300378e+25,0.7487568409392815,0.9999999999999999,1023.9999999999999
manuscript,1024.0,kl,theory,256858,7687223723024.771,0.0009765625,2.9547026563173253e+25,0.7449749132763588,0.9999999999999999,1023.9999999999999
manuscript,1024.0,kl,theory,262100,7667991105037.69,0.0009765625,2.9399043816198455e+25,0.7412437955661472,0.9999999999999999,1023.9999999999999
manuscript,1024.0,kl,theory,267342,7581633955963.836,0.01220636293444183,2.8740586721111917e+25,0.7246419890777851,0.012206362934441828,0.9999999999999999
manuscript,1024.0,kl,theory,272584,6618437389986.857,0.13769465852961094,2.1901856742588024e+25,0.552215763319381,0.1376946585296109,0.9999999999999999
manuscript,1024.0,kl,theory,277826,2504912524093.7812,0.6735696500099211,3.1372933766809386e+24,0.07910118658533365,0.673569650009921,0.9999999999999999
manuscript,1024.0,kl,theory,283068,277127318490.0189,0.9638521494564924,3.839977532673418e+22,0.0009681809854098962,0.9638521494564923,0.9999999999999999
manuscript,1024.0,kl,theory,288310,22158778782.312725,0.9971061402066497,2.4550573856173628e+20,6.189983817926196e-06,0.9971061402066496,0.9999999999999999
manuscript,1024.0,kl,theory,290180,8905422454.559063,0.998836465989337,3.965327454708238e+19,9.997857044490289e-07,0.9999999999999999,
manuscript,1024.0,riemannian,const,0,8796093022208.0,0.0009765625,3.9661773888770365e+25,1.0,0.9999999999999999,1023.9999999999999
manuscript,1024.0,riemannian,const,26,5801175891.849048,0.9995165978618333,1.6826820864085295e+19,4.2425789908629266e-07,0.9999999999999999,
manuscript,1024.0,kl,const,0,8796093022208.0,0.0009765625,3.9661773888770365e+25,1.0,0.9999999999999999,1023.9999999999999
manuscript,1024.0,kl,const,30,5638222961.106931,0.9920609692411055,1.5894779079576703e+19,4.007581487442515e-07,0.9999999999999999,
retuned,8.0,riemannian,theory,0,32768.0,0.125,547730091.8086157,1.0,0.9999999999999999,7.999999999999999
retuned,8.0,riemannian,theory,50,15307.451143328313,0.5340013273530183,117159030.33337076,0.21389920343158308,0.5340013273530182,0.9999999999999999
retuned,8.0,riemannian,theory,100,1136.3530603599527,0.9658915215789583,645649.1391923496,0.0011787724443994,0.9658915215789582,0.9999999999999999
retuned,8.0,riemannian,theory,150,46.71912586881193,0.9985992167672353,1091.3383614639529,1.9924747202775216e-06,0.9985992167672352,0.9999999999999999
retuned,8.0,riemannian,theory,156,31.73443285607849,0.9990485182476126,503.53711457495007,9.193161414817661e-07,0.9999999999999999,
retuned,8.0,kl,theory,0,32768.0,0.125,547730091.8086157,1.0,0.9999999999999999,7.999999999999999
retuned,8.0,kl,theory,50,15576.441194945046,0.5136721835626107,121312760.23971161,0.22148273767310184,0.5136721835626106,0.9999999999999999
retuned,8.0,kl,theory,100,1234.145097509693,0.9563087706307245,761557.0613452081,0.001390387478676827,0.9563087706307244,0.9999999999999999
retuned,8.0,kl,theory,150,51.381137114032,0.9978001515869804,1320.0106267770886,2.40996550402843e-06,0.9978001515869803,0.9999999999999999
retuned,8.0,kl,theory,157,32.73235001845118,0.9985598069852211,535.7033693842378,9.780426114901495e-07,0.9999999999999999,
retuned,8.0,riemannian,const,0,4096.0,0.125,8645529.529238086,1.0,0.9999999999999999,7.999999999999999
retuned,8.0,riemannian,const,18,2.6143949172132324,0.9994847364957724,3.4175304579721204,3.952945214534824e-07,0.9999999999999999,
retuned,8.0,kl,const,0,4096.0,0.125,8645529.529238086,1.0,0.9999999999999999,7.999999999999999
retuned,8.0,kl,const,19,3.9836689283981612,0.9894553037039733,7.9348370601679274,9.177965367341947e-07,0.9999999999999999,
retuned,16.0,riemannian,theory,0,524288.0,0.0625,140507570642.3216,1.0,0.9999999999999999,15.999999999999998
retuned,16.0,riemannian,theory,50,470485.53725059086,0.0625,110811259936.52155,0.7886497462731352,0.9999999999999999,15.999999999999998
retuned,16.0,riemannian,theory,100,406727.7216385533,0.16624526060410325,82713719775.1245,0.5886780292122615,0.16624526060410322,0.9999999999999999
retuned,16.0,riemannian,theory,150,250343.8548095854,0.4894201753309706,31336022820.56336,0.22302017376937544,0.48942017533097054,0.9999999999999999
retuned,16.0,riemannian,theory,200,87250.96825200823,0.822993064382156,3806365730.4653735,0.027090111323288917,0.8229930643821559,0.9999999999999999
retuned,16.0,riemannian,theory,250,20855.831472635204,0.9577810650203188,217482853.20793912,0.0015478372603962179,0.9577810650203187,0.9999999999999999
retuned,16.0,riemannian,theory,300,4416.931259673307,0.9910634992698804,9754640.8763597,6.942430811213209e-05,0.9910634992698802,0.9999999999999999
retuned,16.0,riemannian,theory,350,909.7134419997662,0.9981596443022689,413789.2732783788,2.944960697752918e-06,0.9981596443022688,0.9999999999999999
retuned,16.0,riemannian,theory,368,514.1321560989998,0.9989599210181482,132165.93696777377,9.406321407706748e-07,0.9999999999999999,
retuned,16.0,kl,theory,0,524288.0,0.0625,140507570642.3216,1.0,0.9999999999999999,15.999999999999998
retuned,16.0,kl,theory,50,470485.53725059086,0.0625,110811259936.52155,0.7886497462731352,0.9999999999999999,15.999999999999998
retuned,16.0,kl,theory,100,407151.4552298023,0.1636876474390908,82886153748.35957,0.589905251150886,0.16368764743909078,0.9999999999999999
retuned,16.0,kl,theory,150,253432.71599831694,0.4769016491338055,32114070769.250458,0.22855758321379402,0.47690164913380545,0.9999999999999999
retuned,16.0,kl,theory,200,90397.39388597842,0.809401153592503,4085844410.6987953,0.029079176246664947,0.8094011535925029,0.9999999999999999
retuned,16.0,kl,theory,250,21949.008193070105,0.9518784227869764,240879480.33032745,0.001714352324427516,0.9518784227869763,0.9999999999999999
retuned,16.0,kl,theory,300,4675.130740933536,0.9892632664381319,10928423.722439902,7.777818428203757e-05,0.9892632664381318,0.9999999999999999
retuned,16.0,kl,theory,350,964.4802675889306,0.9976753826691505,465111.0932855606,3.3102208739310932e-06,0.9976753826691503,0.9999999999999999
retuned,16.0,kl,theory,369,528.1921417727442,0.9987031690302706,139493.46931566016,9.927825858633414e-07,0.9999999999999999,
retuned,16.0,riemannian,const,0,32768.0,0.0625,552208346.3314939,1.0,0.9999999999999999,15.999999999999998
retuned,16.0,riemannian,const,21,29.00117432905778,0.9992754501803622,420.53405636350647,7.615496200976605e-07,0.9999999999999999,
retuned,16.0,kl,const,0,32768.0,0.0625,552208346.3314939,1.0,0.9999999999999999,15.999999999999998
retuned,16.0,kl,const,23,28.447966660586303,0.9899523869071858,404.64342896989007,7.327731130072059e-07,0.9999999999999999,
retuned,32.0,riemannian,theory,0,8388608.0,0.03125,36017470670798.92,1.0,0.9999999999999999,31.999999999999996
retuned,32.0,riemannian,theory,50,8153981.793012977,0.03125,33763315586897.707,0.9374149533012942,0.9999999999999999,31.999999999999996
retuned,32.0,riemannian,theory,100,7931970.798218348,0.03125,31745046201966.246,0.8813791088251921,0.9999999999999999,31.999999999999996
retuned,32.0,riemannian,theory,150,7722270.682850652,0.03125,29944405318526.914,0.8313855681932787,0.9999999999999999,31.999999999999996
retuned,32.0,riemannian,theory,200,7524584.455949761,0.03125,28344175188498.297,0.786956292616024,0.9999999999999999,31.999999999999996
retuned,32.0,riemannian,theory,250,7338622.291245189,0.03125,26928123884596.625,0.7476406139320754,0.9999999999999999,31.999999999999996
retuned,32.0,riemannian,theory,300,7102406.62335963,0.059419084752638414,25222089921772.31,0.700273768591448,0.05941908475263841,0.9999999999999999
retuned,32.0,riemannian,theory,350,6638283.883405304,0.1213080073173576,22033406458339.914,0.6117421919969368,0.12130800731735758,0.9999999999999999
retuned,32.0,riemannian,theory,400,5808062.844078466,0.23186631320530238,16866797000382.766,0.4682948770763484,0.23186631320530235,0.9999999999999999
retuned,32.0,riemannian,theory,450,4559342.9150411505,0.3977968706382135,10393803908468.127,0.28857672998384304,0.39779687063821345,0.9999999999999999
retuned,32.0,riemannian,theory,500,3098503.051350197,0.591368658754323,4800360579613.298,0.13327866977358793,0.5913686587543229,0.9999999999999999
retuned,32.0,riemannian,theory,550,1818978.1067593433,0.7604324604084212,1654340676434.9194,0.04593161722975101,0.760432460408421,0.9999999999999999
retuned,32.0,riemannian,theory,600,953738.5860499822,0.8745016518525774,454808645260.31396,0.012627445425507044,0.8745016518525773,0.9999999999999999
retuned,32.0,riemannian,theory,650,466311.13402345794,0.9386713160855262,108723036857.12265,0.003018619431965543,0.9386713160855261,0.9999999999999999
retuned,32.0,riemannian,theory,700,219630.98023463643,0.9711218276860085,24118883739.413837,0.0006696440169233806,0.9711218276860084,0.9999999999999999
retuned,32.0,riemannian,theory,750,101559.16456904061,0.9866481412757203,5157131953.980782,0.00014318417862034698,0.9866481412757202,0.9999999999999999
retuned,32.0,riemannian,theory,800,46555.34359368699,0.9938797773245065,1083700008.5631351,3.0088176331652913e-05,0.9938797773245064,0.9999999999999999
retuned,32.0,riemannian,theory,850,21255.54412467337,0.9972057938042135,225899078.0179703,6.2719306439560015e-06,0.9972057938042134,0.9999999999999999
retuned,32.0,riemannian,theory,900,9686.643849379454,0.9987266308771128,46915534.53236081,1.3025771565463498e-06,0.9987266308771127,0.9999999999999999
retuned,32.0,riemannian,theory,909,8408.001045595587,0.9988947178402799,35347240.791368544,9.813915339709358e-07,0.9999999999999999,
retuned,32.0,kl,theory,0,8388608.0,0.03125,36017470670798.92,1.0,0.9999999999999999,31.999999999999996
retuned,32.0,kl,theory,50,8153981.793012977,0.03125,33763315586897.707,0.9374149533012942,0.9999999999999999,31.999999999999996
retuned,32.0,kl,theory,100,7931970.798218348,0.03125,31745046201966.246,0.8813791088251921,0.9999999999999999,31.999999999999996
retuned,32.0,kl,theory,150,7722270.682850652,0.03125,29944405318526.914,0.8313855681932787,0.9999999999999999,31.999999999999996
retuned,32.0,kl,theory,200,7524584.455949761,0.03125,28344175188498.297,0.786956292616024,0.9999999999999999,31.999999999999996
retuned,32.0,kl,theory,250,7338622.291245189,0.03125,26928123884596.625,0.7476406139320754,0.9999999999999999,31.999999999999996
retuned,32.0,kl,theory,300,7102984.464880052,0.059116615179119786,25226194154164.62,0.7003877197467033,0.05911661517911978,0.9999999999999999
retuned,32.0,kl,theory,350,6642473.530335384,0.12003509616157901,22061227300603.73,0.6125146183152116,0.120035096161579,0.9999999999999999
retuned,32.0,kl,theory,400,5821747.119424278,0.2284844749958713,16946369761262.791,0.4705041593884609,0.22848447499587127,0.9999999999999999
retuned,32.0,kl,theory,450,4587545.45824894,0.39134092160020484,10522786665750.402,0.29215784644982656,0.3913409216002048,0.9999999999999999
retuned,32.0,kl,theory,500,3136735.433715401,0.582618061604423,4919554590562.935,0.13658800851197614,0.5826180616044229,0.9999999999999999
retuned,32.0,kl,theory,550,1854358.8840038977,0.7518940313752339,1719323435342.109,0.0477358182937606,0.7518940313752338,0.9999999999999999
retuned,32.0,kl,theory,600,978148.9936534913,0.8680640331233905,478387726892.6736,0.013282102212705494,0.8680640331233904,0.9999999999999999
retuned,32.0,kl,theory,650,480243.6539896628,0.9345732067333945,115316983598.6726,0.0032016957729395913,0.9345732067333944,0.9999999999999999
retuned,32.0,kl,theory,700,226765.52852632542,0.9687615087106938,25711302463.912098,0.000713856414263911,0.9687615087106937,0.9999999999999999
retuned,32.0,kl,theory,750,105006.81381759867,0.9853647194689387,5513215474.061969,0.00015307058967168938,0.9853647194689386,0.9999999999999999
retuned,32.0,kl,theory,800,48172.24869619539,0.9932052432524082,1160282772.2240608,3.221444345243147e-05,0.9932052432524081,0.9999999999999999
retuned,32.0,kl,theory,850,22002.438673330467,0.9968587723464623,242053653.78683653,6.720451194344443e-06,0.9968587723464621,0.9999999999999999
retuned,32.0,kl,theory,900,10029.041269893874,0.9985506717672592,50290834.396617785,1.3962900075987557e-06,0.9985506717672591,0.9999999999999999
retuned,32.0,kl,theory,911,8435.82543002935,0.9987776424846148,35581575.342965305,9.878976696665427e-07,0.9999999999999999,
retuned,32.0,riemannian,const,0,262144.0,0.03125,35290492467.21689,1.0,0.9999999999999999,31.999999999999996
retuned,32.0,riemannian,const,27,156.17413369475656,0.9995094726420772,12195.180017714021,3.4556559472902617e-07,0.9999999999999999,
retuned,32.0,kl,const,0,262144.0,0.03125,35290492467.21689,1.0,0.9999999999999999,31.999999999999996
retuned,32.0,kl,const,29,194.57931140159786,0.9907635194524396,18930.554234220388,5.364208009226829e-07,0.9999999999999999,
retuned,64.0,riemannian,theory,0,134217728.0,0.015625,9227402211940996.0,1.0,0.9999999999999999,63.99999999999999
retuned,64.0,riemannian,theory,50,133256061.6359217,0.015625,9075900963261366.0,0.9835813758629081,0.9999999999999999,63.99999999999999
retuned,64.0,riemannian,theory,100,132307493.06107134,0.015625,8928498589987097.0,0.9676069585904585,0.9999999999999999,63.99999999999999
retuned,64.0,riemannian,theory,150,131371942.57150747,0.015625,8785114450362447.0,0.9520680088046674,0.9999999999999999,63.99999999999999
retuned,64.0,riemannian,theory,200,130449330.94831078,0.015625,8645669069186639.0,0.9369559135504522,0.9999999999999999,63.99999999999999
retuned,64.0,riemannian,theory,250,129539579.4546326,0.015625,8510084122514854.0,0.9222621846376357,0.9999999999999999,63.99999999999999
retuned,64.0,riemannian,theory,300,128642609.83276153,0.015625,8378282422551846.0,0.9079784570038227,0.9999999999999999,63.99999999999999
retuned,64.0,riemannian,theory,350,127758344.30120751,0.015625,8250187902735702.0,0.8940964870978854,0.9999999999999999,63.99999999999999
retuned,64.0,riemannian,theory,400,126886705.55180396,0.015625,8125725603009531.0,0.8806081512838134,0.9999999999999999,63.99999999999999
retuned,64.0,riemannian,theory,450,126027616.74682747,0.015625,8004821655278682.0,0.867505444264671,0.9999999999999999,63.99999999999999
retuned,64.0,riemannian,theory,500,125181001.5161351,0.015625,7887403269051218.0,0.8547804775264145,0.9999999999999999,63.99999999999999
retuned,64.0,riemannian,theory,550,124346783.954319,0.015625,7773398717259375.0,0.8424254778013226,0.9999999999999999,63.99999999999999
retuned,64.0,riemannian,theory,600,123524888.61787803,0.015625,7662737322259716.0,0.8304327855507936,0.9999999999999999,63.99999999999999
retuned,64.0,riemannian,theory,650,122715240.52240737,0.015625,7555349442009951.0,0.8187948534672873,0.9999999999999999,63.99999999999999
retuned,64.0,riemannian,theory,700,121917765.13980466,0.015625,7451166456420019.0,0.807504244995153,0.9999999999999999,63.99999999999999
retuned,64.0,riemannian,theory,750,121132388.39549306,0.015625,7350120753875368.0,0.7965536328701186,0.9999999999999999,63.99999999999999
retuned,64.0,riemannian,theory,800,120359036.66566151,0.015625,7252145717930354.0,0.785935797677216,0.9999999999999999,63.99999999999999
retuned,64.0,riemannian,theory,850,119597636.7745219,0.015625,7157175714169616.0,0.7756436264269112,0.9999999999999999,63.99999999999999
retuned,64.0,riemannian,theory,900,118848115.99158242,0.015625,7065146077235280.0,0.7656701111492047,0.9999999999999999,63.99999999999999
retuned,64.0,riemannian,theory,950,118110402.02893807,0.015625,6975993098018073.0,0.7560083475054962,0.9999999999999999,63.99999999999999
retuned,64.0,riemannian,theory,1000,117384423.03857704,0.015625,6889654011010174.0,0.7466515334179766,0.9999999999999999,63.99999999999999
retuned,64.0,riemannian,theory,1050,116634215.53503364,0.018931611124919895,6801770116736343.0,0.737127304143555,0.01893161112491989,0.9999999999999999
retuned,64.0,riemannian,theory,1100,115592284.98908548,0.02772918383783544,6680788174498980.0,0.7240161446364076,0.027729183837835437,0.9999999999999999
retuned,64.0,riemannian,theory,1150,114085927.26420444,0.04044709665695705,6507799399866674.0,0.7052688557831652,0.040447096656957046,0.9999999999999999
retuned,64.0,riemannian,theory,1200,111929944.0898533,0.05864749188643012,6264156191978843.0,0.6788645436819177,0.05864749188643011,0.9999999999999999
retuned,64.0,riemannian,theory,1250,108888237.24527566,0.08432060973530665,5928324105191719.0,0.6424694587952385,0.08432060973530664,0.9999999999999999
retuned,64.0,riemannian,theory,1300,104682889.79101571,0.1198068253838771,5479253707498971.0,0.5938024139024067,0.11980682538387709,0.9999999999999999
retuned,64.0,riemannian,theory,1350,99028584.31030479,0.16750440039569175,4903330255251573.0,0.5313879402489112,0.16750440039569173,0.9999999999999999
retuned,64.0,riemannian,theory,1400,91704606.86990957,0.22926033466808968,4204867460582332.5,0.4556935271707239,0.22926033466808965,0.9999999999999999
retuned,64.0,riemannian,theory,1450,82663562.1666559,0.3054535957361399,3416632255040292.0,0.37027022086659417,0.30545359573613984,0.9999999999999999
retuned,64.0,riemannian,theory,1500,72143534.70590734,0.39405392397569167,2602344799931229.0,0.28202355767732623,0.3940539239756916,0.9999999999999999
retuned,64.0,riemannian,theory,1550,60713310.17725374,0.4902504717175058,1843053016339711.2,0.19973693288828934,0.49025047171750574,0.9999999999999999
retuned,64.0,riemannian,theory,1600,49183638.452540785,0.5872106447049318,1209515145715124.2,0.1310786197387077,0.5872106447049317,0.9999999999999999
retuned,64.0,riemannian,theory,1650,38394239.98921128,0.6778787267171322,737058832174575.5,0.07987717618082828,0.6778787267171321,0.9999999999999999
retuned,64.0,riemannian,theory,1700,28984382.307229973,0.7569013108182489,420047208865832.94,0.04552171881293505,0.7569013108182487,0.9999999999999999
retuned,64.0,riemannian,theory,1750,21269274.79585789,0.8216550786261655,226191025170857.88,0.02451296908659174,0.8216550786261654,0.9999999999999999
retuned,64.0,riemannian,theory,1800,15258003.147351302,0.8720855350041793,116403330022291.11,0.012614962190729682,0.8720855350041792,0.9999999999999999
retuned,64.0,riemannian,theory,1850,10757754.495754885,0.9098264594626659,57864640895467.2,0.006270956826893894,0.9098264594626658,0.9999999999999999
retuned,64.0,riemannian,theory,1900,7488543.235790801,0.9372363775219713,28039139897154.082,0.0030386818795943666,0.9372363775219712,0.9999999999999999
retuned,64.0,riemannian,theory,1950,5165182.147128187,0.9567124489431731,13339553306505.873,0.0014456455890958589,0.956712448943173,0.9999999999999999
retuned,64.0,riemannian,theory,2000,3539662.143375836,0.97033694349809,6264604044624.007,0.000678913078755482,0.9703369434980899,0.9999999999999999
retuned,64.0,riemannian,theory,2050,2414799.35052548,0.9797642631577069,2915627951649.14,0.0003159749499025939,0.9797642631577068,0.9999999999999999
retuned,64.0,riemannian,theory,2100,1642294.8454263299,0.9862381114956265,1348566179656.9463,0.0001461479784539785,0.9862381114956263,0.9999999999999999
retuned,64.0,riemannian,theory,2150,1114543.5431147723,0.990660655737836,621103654749.415,6.731078157031643e-05,0.9906606557378359,0.9999999999999999
retuned,64.0,riemannian,theory,2200,755288.1879332813,0.9936711195807308,285230123415.7698,3.091120521945594e-05,0.9936711195807307,0.9999999999999999
retuned,64.0,riemannian,theory,2250,511328.2917061282,0.9957153976180767,130728310949.5537,1.4167401392818968e-05,0.9957153976180766,0.9999999999999999
retuned,64.0,riemannian,theory,2300,345936.3443327358,0.9971012916320838,59835977165.148575,6.484596183280711e-06,0.9971012916320837,0.9999999999999999
retuned,64.0,riemannian,theory,2350,233935.18582078564,0.9980397914635953,27362835582.502754,2.9653888444456293e-06,0.9980397914635952,0.9999999999999999
retuned,64.0,riemannian,theory,2400,158147.21214355796,0.9986748434652527,12505270354.389763,1.3552319566396427e-06,0.9986748434652526,0.9999999999999999
retuned,64.0,riemannian,theory,2420,135213.7269906923,0.998867009946479,9141375983.356733,9.906770912757072e-07,0.9999999999999999,
retuned,64.0,kl,theory,0,134217728.0,0.015625,9227402211940996.0,1.0,0.9999999999999999,63.99999999999999
retuned,64.0,kl,theory,50,133256061.6359217,0.015625,9075900963261366.0,0.9835813758629081,0.9999999999999999,63.99999999999999
retuned,64.0,kl,theory,100,132307493.06107134,0.015625,8928498589987097.0,0.9676069585904585,0.9999999999999999,63.99999999999999
retuned,64.0,kl,theory,150,131371942.57150747,0.015625,8785114450362447.0,0.9520680088046674,0.9999999999999999,63.99999999999999
retuned,64.0,kl,theory,200,130449330.94831078,0.015625,8645669069186639.0,0.9369559135504522,0.9999999999999999,63.99999999999999
retuned,64.0,kl,theory,250,129539579.4546326,0.015625,8510084122514854.0,0.9222621846376357,0.9999999999999999,63.99999999999999
retuned,64.0,kl,theory,300,128642609.83276153,0.015625,8378282422551846.0,0.9079784570038227,0.9999999999999999,63.99999999999999
retuned,64.0,kl,theory,350,127758344.30120751,0.015625,8250187902735702.0,0.8940964870978854,0.9999999999999999,63.99999999999999
retuned,64.0,kl,theory,400,126886705.55180396,0.015625,8125725603009531.0,0.8806081512838134,0.9999999999999999,63.99999999999999
retuned,64.0,kl,theory,450,126027616.74682747,0.015625,8004821655278682.0,0.867505444264671,0.9999999999999999,63.99999999999999
retuned,64.0,kl,theory,500,125181001.5161351,0.015625,7887403269051218.0,0.8547804775264145,0.9999999999999999,63.99999999999999
retuned,64.0,kl,theory,550,124346783.954319,0.015625,7773398717259375.0,0.8424254778013226,0.9999999999999999,63.99999999999999
retuned,64.0,kl,theory,600,123524888.61787803,0.015625,7662737322259716.0,0.8304327855507936,0.9999999999999999,63.99999999999999
retuned,64.0,kl,theory,650,122715240.52240737,0.015625,7555349442009951.0,0.8187948534672873,0.9999999999999999,63.99999999999999
retuned,64.0,kl,theory,700,121917765.13980466,0.015625,7451166456420019.0,0.807504244995153,0.9999999999999999,63.99999999999999
retuned,64.0,kl,theory,750,121132388.39549306,0.015625,7350120753875368.0,0.7965536328701186,0.9999999999999999,63.99999999999999
retuned,64.0,kl,theory,800,120359036.66566151,0.015625,7252145717930354.0,0.785935797677216,0.9999999999999999,63.99999999999999
retuned,64.0,kl,theory,850,119597636.7745219,0.015625,7157175714169616.0,0.7756436264269112,0.9999999999999999,63.99999999999999
retuned,64.0,kl,theory,900,118848115.99158242,0.015625,7065146077235280.0,0.7656701111492047,0.9999999999999999,63.99999999999999
retuned,64.0,kl,theory,950,118110402.02893807,0.015625,6975993098018073.0,0.7560083475054962,0.9999999999999999,63.99999999999999
retuned,64.0,kl,theory,1000,117384423.03857704,0.015625,6889654011010174.0,0.7466515334179766,0.9999999999999999,63.99999999999999
retuned,64.0,kl,theory,1050,116634362.47589447,0.018917275781729016,6801787255079171.0,0.7371291614748422,0.018917275781729012,0.9999999999999999
retuned,64.0,kl,theory,1100,115594030.39158887,0.027666563603797448,6680989931085787.0,0.7240380095754417,0.027666563603797444,0.9999999999999999
retuned,64.0,kl,theory,1150,114092183.4922593,0.04029621362618767,6508513167015684.0,0.7053462087729467,0.04029621362618766,0.9999999999999999
retuned,64.0,kl,theory,1200,111945644.7128991,0.058345283010092855,6265913685093318.0,0.6790550082432437,0.05834528301009285,0.9999999999999999
retuned,64.0,kl,theory,1250,108921097.42948727,0.08377302024565952,5931902732621930.0,0.642857284897105,0.08377302024565951,0.9999999999999999
retuned,64.0,kl,theory,1300,104743932.06816544,0.11888347134799696,5485645652550228.0,0.5944951272906869,0.11888347134799694,0.9999999999999999
retuned,64.0,kl,theory,1350,99131783.31640457,0.16604244176124092,4913555231745293.0,0.5324960502303411,0.1660424417612409,0.9999999999999999
retuned,64.0,kl,theory,1400,91864725.69288045,0.2270872157390101,4219563913314084.5,0.4572862238359602,0.22708721573901008,0.9999999999999999
retuned,64.0,kl,theory,1450,82891540.85032225,0.3024359034611701,3435503772270321.0,0.37231538122663654,0.30243590346117005,0.9999999999999999
retuned,64.0,kl,theory,1500,72440282.85343231,0.3901651631729434,2623797289942640.0,0.28434842544819783,0.39016516317294336,0.9999999999999999
retuned,64.0,kl,theory,1550,61065109.37838658,0.48562621299582326,1864473791697158.2,0.20205836365129723,0.4856262129958232,0.9999999999999999
retuned,64.0,kl,theory,1600,49563206.912122995,0.582147664238709,1228255739706958.2,0.13310959157253352,0.5821476642387089,0.9999999999999999
retuned,64.0,kl,theory,1650,38768418.58395462,0.6727618146560405,751495139750359.0,0.08144168017059712,0.6727618146560403,0.9999999999999999
retuned,64.0,kl,theory,1700,29324303.015986413,0.7520937012930894,429957373686694.9,0.04659571175192685,0.7520937012930893,0.9999999999999999
retuned,64.0,kl,theory,1750,21557200.130153015,0.817412909072808,232356438725734.6,0.025181132607945363,0.8174129090728078,0.9999999999999999
retuned,64.0,kl,theory,1800,15488350.796160545,0.868530077361967,119944505192463.5,0.012998729483932728,0.8685300773619669,0.9999999999999999
retuned,64.0,kl,theory,1850,10933969.55351011,0.9069652568615597,59775845098543.05,0.006478079499036936,0.9069652568615596,0.9999999999999999
retuned,64.0,kl,theory,1900,7618834.254612485,0.9350047950445178,29023317699628.293,0.0031453400462017143,0.9350047950445177,0.9999999999999999
retuned,64.0,kl,theory,1950,5259109.265059125,0.9550127331421431,13829115130915.363,0.001498700805847542,0.955012733142143,0.9999999999999999
retuned,64.0,kl,theory,2000,3606131.899310657,0.9690652621414898,6502093637612.942,0.0007046505059895095,0.9690652621414897,0.9999999999999999
retuned,64.0,kl,theory,2050,2461212.376811341,0.978825571933788,3028783181884.665,0.0003282379062186297,0.9788255719337879,0.9999999999999999
retuned,64.0,kl,theory,2100,1674393.1498299632,0.9855522898399899,1401796210098.753,0.00015191666927499015,0.9855522898399898,0.9999999999999999
retuned,64.0,kl,theory,2150,1136590.412549573,0.990163530647483,645918882949.8042,7.000007890779201e-05,0.9901635306474829,0.9999999999999999
retuned,64.0,kl,theory,2200,770357.6059224914,0.9933129987729814,296725420501.3162,3.215698348093354e-05,0.9933129987729813,0.9999999999999999
retuned,64.0,kl,theory,2250,521593.0283370821,0.9954586864101441,136029643604.92407,1.4741921992832484e-05,0.995458686410144,0.9999999999999999
retuned,64.0,kl,theory,2300,352911.28501691273,0.9969180139930214,62273187546.1443,6.748723651122287e-06,0.9969180139930213,0.9999999999999999
retuned,64.0,kl,theory,2350,238666.55320856837,0.9979093790850707,28480861810.229195,3.0865525481670976e-06,0.9979093790850706,0.9999999999999999
retuned,64.0,kl,theory,2400,161352.7965716508,0.9985823108278367,13017362480.746264,1.410728846727929e-06,0.9985823108278366,0.9999999999999999
retuned,64.0,kl,theory,2422,135811.78047798443,0.9988051218481139,9222419858.300116,9.994600480691702e-07,0.9999999999999999,
retuned,64.0,riemannian,const,0,2097152.0,0.015625,2256702204118.6455,1.0,0.9999999999999999,63.99999999999999
retuned,64.0,riemannian,const,36,1656.1160918945889,0.9993479786853733,1371360.2549162093,6.076833054947955e-07,0.9999999999999999,
retuned,64.0,kl,const,0,2097152.0,0.015625,2256702204118.6455,1.0,0.9999999999999999,63.99999999999999
retuned,64.0,kl,const,39,1303.0618788441263,0.9916499086548215,848985.1300659209,3.76206097781294e-07,0.9999999999999999,
retuned,128.0,riemannian,theory,0,2147483648.0,0.0078125,2.3631621988793303e+18,1.0,0.9999999999999999,127.99999999999999
retuned,128.0,riemannian,theory,81,2141212506.7452755,0.0078125,2.3472531472409436e+18,0.993267896868894,0.9999999999999999,127.99999999999999
retuned,128.0,riemannian,theory,162,2134976201.3864946,0.0078125,2.331520354186504e+18,0.9866103796396914,0.9999999999999999,127.99999999999999
retuned,128.0,riemannian,theory,243,2128774645.9170094,0.0078125,2.315962406338818e+18,0.9800268502251367,0.9999999999999999,127.99999999999999
retuned,128.0,riemannian,theory,324,2122607754.5425127,0.0078125,2.3005778986344515e+18,0.9735167140560399,0.9999999999999999,127.99999999999999
retuned,128.0,riemannian,theory,405,2116475441.680517,0.0078125,2.285365434279417e+18,0.9670793800625254,0.9999999999999999,127.99999999999999
retuned,128.0,riemannian,theory,486,2110377621.9598289,0.0078125,2.2703236247050798e+18,0.9607142606553724,0.9999999999999999,127.99999999999999
retuned,128.0,riemannian,theory,567,2104314210.2200298,0.0078125,2.2554510895242964e+18,0.9544207717074549,0.9999999999999999,127.99999999999999
retuned,128.0,riemannian,theory,648,2098285121.510954,0.0078125,2.2407464564877693e+18,0.9481983325352726,0.9999999999999999,127.99999999999999
retuned,128.0,riemannian,theory,729,2092290271.09217,0.0078125,2.2262083614406333e+18,0.9420463658805799,0.9999999999999999,127.99999999999999
retuned,128.0,riemannian,theory,810,2086329574.4324634,0.0078125,2.211835448279257e+18,0.9359642978921057,0.9999999999999999,127.99999999999999
retuned,128.0,riemannian,theory,891,2080402947.2093182,0.0078125,2.197626368908268e+18,0.9299515581073684,0.9999999999999999,127.99999999999999
retuned,128.0,riemannian,theory,972,2074510305.3084033,0.0078125,2.1835797831977994e+18,0.9240075794345842,0.9999999999999999,127.99999999999999
retuned,128.0,riemannian,theory,1053,2068651564.8230581,0.0078125,2.1696943589409562e+18,0.9181317981346683,0.9999999999999999,127.99999999999999
retuned,128.0,riemannian,theory,1134,2062826642.0537822,0.0078125,2.1559687718114998e+18,0.9123236538033289,0.9999999999999999,127.99999999999999
retuned,128.0,riemannian,theory,1215,2057035453.5077207,0.0078125,2.142401705321744e+18,0.9065825893532503,0.9999999999999999,127.99999999999999
retuned,128.0,riemannian,theory,1296,2051277915.898152,0.0078125,2.128991850780662e+18,0.9009080509963651,0.9999999999999999,127.99999999999999
retuned,128.0,riemannian,theory,1377,2045553946.1439862,0.0078125,2.1157379072522317e+18,0.8952994882262278,0.9999999999999999,127.99999999999999
retuned,128.0,riemannian,theory,1458,2039863461.3692489,0.0078125,2.1026385815139625e+18,0.8897563538004651,0.9999999999999999,127.99999999999999
retuned,128.0,riemannian,theory,1539,2034206378.9025815,0.0078125,2.0896925880156636e+18,0.8842781037233277,0.9999999999999999,127.99999999999999
retuned,128.0,riemannian,theory,1620,2028582616.2767339,0.0078125,2.0768986488384046e+18,0.8788641972283244,0.9999999999999999,127.99999999999999
retuned,128.0,riemannian,theory,1701,2022992091.2280564,0.0078125,2.0642554936536858e+18,0.8735140967609445,0.9999999999999999,127.99999999999999
retuned,128.0,riemannian,theory,1782,2017434721.696007,0.0078125,2.0517618596828424e+18,0.8682272679614791,0.9999999999999999,127.99999999999999
retuned,128.0,riemannian,theory,1863,2011910425.822637,0.0078125,2.0394164916566124e+18,0.8630031796479115,0.9999999999999999,127.99999999999999
retuned,128.0,riemannian,theory,1944,2006419121.9521005,0.0078125,2.0272181417749596e+18,0.8578413037989167,0.9999999999999999,127.99999999999999
retuned,128.0,riemannian,theory,2025,2000960728.6301541,0.0078125,2.015165569667076e+18,0.8527411155369349,0.9999999999999999,127.99999999999999
retuned,128.0,riemannian,theory,2106,1995535164.6036549,0.0078125,2.0032575423515863e+18,0.847702093111332,0.9999999999999999,127.99999999999999
retuned,128.0,riemannian,theory,2187,1990142348.8200693,0.0078125,1.9914928341969738e+18,0.842723717881654,0.9999999999999999,127.99999999999999
retuned,128.0,riemannian,theory,2268,1984782200.4269712,0.0078125,1.9798702268821873e+18,0.837805474300956,0.9999999999999999,127.99999999999999
retuned,128.0,riemannian,theory,2349,1979454638.7715535,0.0078125,1.9683885093574738e+18,0.8329468498992292,0.9999999999999999,127.99999999999999
retuned,128.0,riemannian,theory,2430,1974159583.4001362,0.0078125,1.9570464778054024e+18,0.8281473352669072,0.9999999999999999,127.99999999999999
retuned,128.0,riemannian,theory,2511,1968896954.0576696,0.0078125,1.945842935602074e+18,0.8234064240384519,0.9999999999999999,127.99999999999999
retuned,128.0,riemannian,theory,2592,1963666670.687243,0.0078125,1.9347766932785423e+18,0.8187236128760274,0.9999999999999999,127.99999999999999
retuned,128.0,riemannian,theory,2673,1958468653.4296048,0.0078125,1.9238465684824525e+18,0.814098401453268,0.9999999999999999,127.99999999999999
retuned,128.0,riemannian,theory,2754,1953302822.622667,0.0078125,1.9130513859398385e+18,0.8095302924391117,0.9999999999999999,127.99999999999999
retuned,128.0,riemannian,theory,2835,1948169098.8010182,0.0078125,1.902389977417136e+18,0.8050187914817257,0.9999999999999999,127.99999999999999
retuned,128.0,riemannian,theory,2916,1943067402.6954422,0.0078125,1.8918611816833997e+18,0.8005634071925181,0.9999999999999999,127.99999999999999
retuned,128.0,riemannian,theory,2997,1937997655.2324293,0.0078125,1.8814638444726912e+18,0.7961636511302219,0.9999999999999999,127.99999999999999
retuned,128.0,riemannian,theory,3078,1932959777.533696,0.0078125,1.8711968184466806e+18,0.7918190377850696,0.9999999999999999,127.99999999999999
retuned,128.0,riemannian,theory,3159,1927953690.915701,0.0078125,1.8610589631574292e+18,0.787529084563044,0.9999999999999999,127.99999999999999
retuned,128.0,riemannian,theory,3240,1922979316.8891673,0.0078125,1.8510491450103698e+18,0.7832933117702132,0.9999999999999999,127.99999999999999
retuned,128.0,riemannian,theory,3321,1918036577.1585996,0.0078125,1.8411662372274683e+18,0.7791112425971415,0.9999999999999999,127.99999999999999
retuned,128.0,riemannian,theory,3402,1913125393.6218066,0.0078125,1.8314091198105818e+18,0.7749824031033845,0.9999999999999999,127.99999999999999
retuned,128.0,riemannian,theory,3483,1908245688.369426,0.0078125,1.8217766795050058e+18,0.7709063222020635,0.9999999999999999,127.99999999999999
retuned,128.0,riemannian,theory,3564,1903397383.684445,0.0078125,1.8122678097632018e+18,0.7668825316445159,0.9999999999999999,127.99999999999999
retuned,128.0,riemannian,theory,3645,1898580402.0417285,0.0078125,1.8028814107087173e+18,0.7629105660050284,0.9999999999999999,127.99999999999999
retuned,128.0,riemannian,theory,3726,1893794666.1075413,0.0078125,1.793616389100283e+18,0.7589899626656434,0.9999999999999999,127.99999999999999
retuned,128.0,riemannian,theory,3807,1889040098.7390807,0.0078125,1.7844716582961093e+18,0.7551202618010519,0.9999999999999999,127.99999999999999
retuned,128.0,riemannian,theory,3888,1884316622.9839995,0.0078125,1.7754461382183483e+18,0.7513010063635532,0.9999999999999999,127.99999999999999
retuned,128.0,riemannian,theory,3969,1879624162.0799425,0.0078125,1.7665387553177587e+18,0.7475317420681047,0.9999999999999999,127.99999999999999
retuned,128.0,riemannian,theory,4050,1874962639.4540715,0.0078125,1.7577484425385298e+18,0.743812017377435,0.9999999999999999,127.99999999999999
retuned,128.0,riemannian,theory,4131,1870200664.8557703,0.00891228463145838,1.7488252634134825e+18,0.7400360687230095,0.008912284631458378,0.9999999999999999
retuned,128.0,riemannian,theory,4212,1864029415.7690392,0.0121889731549522,1.7373028314261325e+18,0.7351602155154666,0.012188973154952197,0.9999999999999999
retuned,128.0,riemannian,theory,4293,1855627164.3190455,0.016650168159379575,1.721676086479371e+18,0.7285475737957522,0.016650168159379572,0.9999999999999999
retuned,128.0,riemannian,theory,4374,1844219989.0705535,0.022706710276106396,1.7005736840436964e+18,0.7196178429267996,0.022706710276106393,0.9999999999999999
retuned,128.0,riemannian,theory,4455,1828793124.138914,0.030897244742298796,1.6722421454488847e+18,0.7076290176958243,0.030897244742298793,0.9999999999999999
retuned,128.0,riemannian,theory,4536,1808039076.866096,0.041915709877425926,1.6345026517374024e+18,0.6916591051230101,0.04191570987742592,0.9999999999999999
retuned,128.0,riemannian,theory,4617,1780314133.7442691,0.05663433249226983,1.5847592074048036e+18,0.670609579044695,0.056634332492269825,0.9999999999999999
retuned,128.0,riemannian,theory,4698,1743623190.0284934,0.07611152825425457,1.5201109144025697e+18,0.6432528901839424,0.07611152825425456,0.9999999999999999
retuned,128.0,riemannian,theory,4779,1695665777.302334,0.10156723948233,1.437641214157164e+18,0.6083548623276595,0.10156723948232999,0.9999999999999999
retuned,128.0,riemannian,theory,4860,1633989498.2681496,0.134301185593372,1.3349608402252995e+18,0.5649044491564611,0.13430118559337198,0.9999999999999999
retuned,128.0,riemannian,theory,4941,1556301653.4653254,0.17552712959513442,1.2110374182894528e+18,0.5124647892826639,0.1755271295951344,0.9999999999999999
retuned,128.0,riemannian,theory,5022,1460968322.4041846,0.2261077906319928,1.0672142195342487e+18,0.45160430377582544,0.22610779063199277,0.9999999999999999
retuned,128.0,riemannian,theory,5103,1347662068.9654384,0.28621129349737573,9.080965260641029e+17,0.38427177215967007,0.2862112934973757,0.9999999999999999
retuned,128.0,riemannian,theory,5184,1218001811.7959554,0.35497250248677775,7.417642067691149e+17,0.3138862864008563,0.3549725024867777,0.9999999999999999
retuned,128.0,riemannian,theory,5265,1075908947.655801,0.43030574333468347,5.787900318229066e+17,0.24492183909229046,0.4303057433346834,0.9999999999999999
retuned,128.0,riemannian,theory,5346,927389933.8879254,0.5090222286662255,4.3002604473832525e+17,0.18197060063936965,0.5090222286662254,0.9999999999999999
retuned,128.0,riemannian,theory,5427,779642566.7777591,0.5873057007099642,3.0392126596590624e+17,0.1286078738522617,0.5873057007099641,0.9999999999999999
retuned,128.0,riemannian,theory,5508,639721018.6608769,0.6614205910272034,2.0462149085825498e+17,0.0865880010078409,0.6614205910272033,0.9999999999999999
retuned,128.0,riemannian,theory,5589,513255011.588667,0.7283897392279098,1.3171535346044133e+17,0.05573690774289805,0.7283897392279097,0.9999999999999999
retuned,128.0,riemannian,theory,5670,403685666.7745552,0.7863971900214486,8.14810587796086e+16,0.034479672541414604,0.7863971900214485,0.9999999999999999
retuned,128.0,riemannian,theory,5751,312182752.9075872,0.834829938537149,4.872903560647981e+16,0.020620267042858215,0.8348299385371489,0.9999999999999999
retuned,128.0,riemannian,theory,5832,238085817.43126142,0.8740429211410248,2.8342428230955972e+16,0.011993433309146807,0.8740429211410247,0.9999999999999999
retuned,128.0,riemannian,theory,5913,179566943.14470848,0.9050075499519764,1.6122143535167484e+16,0.006822275484439029,0.9050075499519763,0.9999999999999999
retuned,128.0,riemannian,theory,5994,134258095.23113608,0.9289796554097826,9012618067546402.0,0.003813795799467513,0.9289796554097824,0.9999999999999999
retuned,128.0,riemannian,theory,6075,99712810.4853572,0.9472554377046365,4971322287444380.0,0.0021036737511296952,0.9472554377046364,0.9999999999999999
retuned,128.0,riemannian,theory,6156,73681830.7790075,0.9610259606206164,2714506093473147.5,0.0011486753193498242,0.9610259606206163,0.9999999999999999
retuned,128.0,riemannian,theory,6237,54239860.42938064,0.9713103785268722,1470981229699345.8,0.0006224630837430124,0.9713103785268721,0.9999999999999999
retuned,128.0,riemannian,theory,6318,39815065.418881975,0.9789405418991022,792619717154925.5,0.0003354063963661933,0.9789405418991021,0.9999999999999999
retuned,128.0,riemannian,theory,6399,29165300.97062489,0.9845737123933224,425307390353566.5,0.00017997384629597483,0.9845737123933223,0.9999999999999999
retuned,128.0,riemannian,theory,6480,21331184.155743573,0.9887174725659033,227509708743122.8,9.627342077958657e-05,0.9887174725659031,0.9999999999999999
retuned,128.0,riemannian,theory,6561,15583710.471642261,0.9917574855837226,121426016031986.31,5.138285306424143e-05,0.9917574855837225,0.9999999999999999
retuned,128.0,riemannian,theory,6642,11375375.335995149,0.9939833785952449,64699582017383.37,2.7378392413379624e-05,0.9939833785952448,0.9999999999999999
retuned,128.0,riemannian,theory,6723,8298439.476777683,0.9956108341232842,34432048874871.13,1.4570328220043318e-05,0.9956108341232841,0.9999999999999999
retuned,128.0,riemannian,theory,6804,6051096.501822154,0.9967994941149889,18307884437182.152,7.74719756682982e-06,0.9967994941149888,0.9999999999999999
retuned,128.0,riemannian,theory,6885,4410936.260125006,0.9976670007755284,9728179345442.787,4.116594006986118e-06,0.9976670007755283,0.9999999999999999
retuned,128.0,riemannian,theory,6966,3214583.038162523,0.9982997690313556,5166772054621.099,2.1863806289180274e-06,0.9982997690313555,0.9999999999999999
retuned,128.0,riemannian,theory,7047,2342305.4052236383,0.9987611281033671,2743197305669.9355,1.1608163447142253e-06,0.998761128103367,0.9999999999999999
retuned,128.0,riemannian,theory,7067,2166149.8338350235,0.99885429899244,2346102551311.7495,9.927810086097049e-07,0.9999999999999999,
retuned,128.0,kl,theory,0,2147483648.0,0.0078125,2.3631621988793303e+18,1.0,0.9999999999999999,127.99999999999999
retuned,128.0,kl,theory,81,2141212506.7452755,0.0078125,2.3472531472409436e+18,0.993267896868894,0.9999999999999999,127.99999999999999
retuned,128.0,kl,theory,162,2134976201.3864946,0.0078125,2.331520354186504e+18,0.9866103796396914,0.9999999999999999,127.99999999999999
retuned,128.0,kl,theory,243,2128774645.9170094,0.0078125,2.315962406338818e+18,0.9800268502251367,0.9999999999999999,127.99999999999999
retuned,128.0,kl,theory,324,2122607754.5425127,0.0078125,2.3005778986344515e+18,0.9735167140560399,0.9999999999999999,127.99999999999999
retuned,128.0,kl,theory,405,2116475441.680517,0.0078125,2.285365434279417e+18,0.9670793800625254,0.9999999999999999,127.99999999999999
retuned,128.0,kl,theory,486,2110377621.9598289,0.0078125,2.2703236247050798e+18,0.9607142606553724,0.9999999999999999,127.99999999999999
retuned,128.0,kl,theory,567,2104314210.2200298,0.0078125,2.2554510895242964e+18,0.9544207717074549,0.9999999999999999,127.99999999999999
retuned,128.0,kl,theory,648,2098285121.510954,0.0078125,2.2407464564877693e+18,0.9481983325352726,0.9999999999999999,127.99999999999999
retuned,128.0,kl,theory,729,2092290271.09217,0.0078125,2.2262083614406333e+18,0.9420463658805799,0.9999999999999999,127.99999999999999
retuned,128.0,kl,theory,810,2086329574.4324634,0.0078125,2.211835448279257e+18,0.9359642978921057,0.9999999999999999,127.99999999999999
retuned,128.0,kl,theory,891,2080402947.2093182,0.0078125,2.197626368908268e+18,0.9299515581073684,0.9999999999999999,127.99999999999999
retuned,128.0,kl,theory,972,2074510305.3084033,0.0078125,2.1835797831977994e+18,0.9240075794345842,0.9999999999999999,127.99999999999999
retuned,128.0,kl,theory,1053,2068651564.8230581,0.0078125,2.1696943589409562e+18,0.9181317981346683,0.9999999999999999,127.99999999999999
retuned,128.0,kl,theory,1134,2062826642.0537822,0.0078125,2.1559687718114998e+18,0.9123236538033289,0.9999999999999999,127.99999999999999
retuned,128.0,kl,theory,1215,2057035453.5077207,0.0078125,2.142401705321744e+18,0.9065825893532503,0.9999999999999999,127.99999999999999
retuned,128.0,kl,theory,1296,2051277915.898152,0.0078125,2.128991850780662e+18,0.9009080509963651,0.9999999999999999,127.99999999999999
retuned,128.0,kl,theory,1377,2045553946.1439862,0.0078125,2.1157379072522317e+18,0.8952994882262278,0.9999999999999999,127.99999999999999
retuned,128.0,kl,theory,1458,2039863461.3692489,0.0078125,2.1026385815139625e+18,0.8897563538004651,0.9999999999999999,127.99999999999999
retuned,128.0,kl,theory,1539,2034206378.9025815,0.0078125,2.0896925880156636e+18,0.8842781037233277,0.9999999999999999,127.99999999999999
retuned,128.0,kl,theory,1620,2028582616.2767339,0.0078125,2.0768986488384046e+18,0.8788641972283244,0.9999999999999999,127.99999999999999
retuned,128.0,kl,theory,1701,2022992091.2280564,0.0078125,2.0642554936536858e+18,0.8735140967609445,0.9999999999999999,127.99999999999999
retuned,128.0,kl,theory,1782,2017434721.696007,0.0078125,2.0517618596828424e+18,0.8682272679614791,0.9999999999999999,127.99999999999999
retuned,128.0,kl,theory,1863,2011910425.822637,0.0078125,2.0394164916566124e+18,0.8630031796479115,0.9999999999999999,127.99999999999999
retuned,128.0,kl,theory,1944,2006419121.9521005,0.0078125,2.0272181417749596e+18,0.8578413037989167,0.9999999999999999,127.99999999999999
retuned,128.0,kl,theory,2025,2000960728.6301541,0.0078125,2.015165569667076e+18,0.8527411155369349,0.9999999999999999,127.99999999999999
retuned,128.0,kl,theory,2106,1995535164.6036549,0.0078125,2.0032575423515863e+18,0.847702093111332,0.9999999999999999,127.99999999999999
retuned,128.0,kl,theory,2187,1990142348.8200693,0.0078125,1.9914928341969738e+18,0.842723717881654,0.9999999999999999,127.99999999999999
retuned,128.0,kl,theory,2268,1984782200.4269712,0.0078125,1.9798702268821873e+18,0.837805474300956,0.9999999999999999,127.99999999999999
retuned,128.0,kl,theory,2349,1979454638.7715535,0.0078125,1.9683885093574738e+18,0.8329468498992292,0.9999999999999999,127.99999999999999
retuned,128.0,kl,theory,2430,1974159583.4001362,0.0078125,1.9570464778054024e+18,0.8281473352669072,0.9999999999999999,127.99999999999999
retuned,128.0,kl,theory,2511,1968896954.0576696,0.0078125,1.945842935602074e+18,0.8234064240384519,0.9999999999999999,127.99999999999999
retuned,128.0,kl,theory,2592,1963666670.687243,0.0078125,1.9347766932785423e+18,0.8187236128760274,0.9999999999999999,127.99999999999999
retuned,128.0,kl,theory,2673,1958468653.4296048,0.0078125,1.9238465684824525e+18,0.814098401453268,0.9999999999999999,127.99999999999999
retuned,128.0,kl,theory,2754,1953302822.622667,0.0078125,1.9130513859398385e+18,0.8095302924391117,0.9999999999999999,127.99999999999999
retuned,128.0,kl,theory,2835,1948169098.8010182,0.0078125,1.902389977417136e+18,0.8050187914817257,0.9999999999999999,127.99999999999999
retuned,128.0,kl,theory,2916,1943067402.6954422,0.0078125,1.8918611816833997e+18,0.8005634071925181,0.9999999999999999,127.99999999999999
retuned,128.0,kl,theory,2997,1937997655.2324293,0.0078125,1.8814638444726912e+18,0.7961636511302219,0.9999999999999999,127.99999999999999
retuned,128.0,kl,theory,3078,1932959777.533696,0.0078125,1.8711968184466806e+18,0.7918190377850696,0.9999999999999999,127.99999999999999
retuned,128.0,kl,theory,3159,1927953690.915701,0.0078125,1.8610589631574292e+18,0.787529084563044,0.9999999999999999,127.99999999999999
retuned,128.0,kl,theory,3240,1922979316.8891673,0.0078125,1.8510491450103698e+18,0.7832933117702132,0.9999999999999999,127.99999999999999
retuned,128.0,kl,theory,3321,1918036577.1585996,0.0078125,1.8411662372274683e+18,0.7791112425971415,0.9999999999999999,127.99999999999999
retuned,128.0,kl,theory,3402,1913125393.6218066,0.0078125,1.8314091198105818e+18,0.7749824031033845,0.9999999999999999,127.99999999999999
retuned,128.0,kl,theory,3483,1908245688.369426,0.0078125,1.8217766795050058e+18,0.7709063222020635,0.9999999999999999,127.99999999999999
retuned,128.0,kl,theory,3564,1903397383.684445,0.0078125,1.8122678097632018e+18,0.7668825316445159,0.9999999999999999,127.99999999999999
retuned,128.0,kl,theory,3645,1898580402.0417285,0.0078125,1.8028814107087173e+18,0.7629105660050284,0.9999999999999999,127.99999999999999
retuned,128.0,kl,theory,3726,1893794666.1075413,0.0078125,1.793616389100283e+18,0.7589899626656434,0.9999999999999999,127.99999999999999
retuned,128.0,kl,theory,3807,1889040098.7390807,0.0078125,1.7844716582961093e+18,0.7551202618010519,0.9999999999999999,127.99999999999999
retuned,128.0,kl,theory,3888,1884316622.9839995,0.0078125,1.7754461382183483e+18,0.7513010063635532,0.9999999999999999,127.99999999999999
retuned,128.0,kl,theory,3969,1879624162.0799425,0.0078125,1.7665387553177587e+18,0.7475317420681047,0.9999999999999999,127.99999999999999
retuned,128.0,kl,theory,4050,1874962639.4540715,0.0078125,1.7577484425385298e+18,0.743812017377435,0.9999999999999999,127.99999999999999
retuned,128.0,kl,theory,4131,1870200930.5222344,0.008909980517515285,1.7488257602631158e+18,0.740036278970801,0.008909980517515284,0.9999999999999999
retuned,128.0,kl,theory,4212,1864033241.8158987,0.01217833726591911,1.737309963297344e+18,0.7351632334510171,0.012178337265919109,0.9999999999999999
retuned,128.0,kl,theory,4293,1855640950.654113,0.016625480347238746,1.7217016688722499e+18,0.7285583992874984,0.016625480347238743,0.9999999999999999
retuned,128.0,kl,theory,4374,1844254129.8142602,0.022659327833405175,1.700636647668477e+18,0.7196444867284018,0.02265932783340517,0.9999999999999999
retuned,128.0,kl,theory,4455,1828863796.9889104,0.030814405984215913,1.6723713939683471e+18,0.7076837107336208,0.03081440598421591,0.9999999999999999
retuned,128.0,kl,theory,4536,1808170524.8879771,0.04177902703750838,1.634740323536831e+18,0.6917596787525059,0.041779027037508375,0.9999999999999999
retuned,128.0,kl,theory,4617,1780541322.571213,0.056418050287524245,1.585163700691822e+18,0.6707807451572921,0.05641805028752424,0.9999999999999999
retuned,128.0,kl,theory,4698,1743994428.5235589,0.07578080797635783,1.5207582833606072e+18,0.643526832005771,0.07578080797635782,0.9999999999999999
retuned,128.0,kl,theory,4779,1696244387.6165526,0.10107704129447184,1.438622511260327e+18,0.6087701097887217,0.10107704129447183,0.9999999999999999
retuned,128.0,kl,theory,4860,1634852931.006865,0.13359675729940512,1.3363720530108685e+18,0.5655016205170381,0.1335967572994051,0.9999999999999999
retuned,128.0,kl,theory,4941,1557535802.8466957,0.17454753375403015,1.2129588885746504e+18,0.5132778821317747,0.17454753375403012,0.9999999999999999
retuned,128.0,kl,theory,5022,1462654831.2332149,0.22479394270926106,1.0696795776649321e+18,0.4526475491915877,0.22479394270926104,0.9999999999999999
retuned,128.0,kl,theory,5103,1349858102.9352818,0.2845190367057689,9.110584490300188e+17,0.38552514485127815,0.28451903670576884,0.9999999999999999
retuned,128.0,kl,theory,5184,1220715777.5620296,0.35288884615629224,7.450735047944352e+17,0.31528665495232083,0.3528888461562922,0.9999999999999999
retuned,128.0,kl,theory,5265,1079080803.1604,0.42786308355812025,5.822076898746468e+17,0.246368061468969,0.4278630835581202,0.9999999999999999
retuned,128.0,kl,theory,5346,930887273.2495744,0.506303364212118,4.332755577490139e+17,0.1833456704556648,0.5063033642121179,0.9999999999999999
retuned,128.0,kl,theory,5427,783279227.0423647,0.5844345477462918,3.067631737580421e+17,0.12981046070537045,0.5844345477462917,0.9999999999999999
retuned,128.0,kl,theory,5508,643293964.2086879,0.6585399591696933,2.0691356219366432e+17,0.08755791806918198,0.6585399591696932,0.9999999999999999
retuned,128.0,kl,theory,5589,516585079.1763158,0.7256343264456558,1.3343007201380022e+17,0.05646251115436598,0.7256343264456557,0.9999999999999999
retuned,128.0,kl,theory,5670,406646522.59815407,0.7838718933383576,8.26806971705855e+16,0.03498731369763562,0.7838718933383575,0.9999999999999999
retuned,128.0,kl,theory,5751,314710462.0280294,0.832599579684253,4.952133745494786e+16,0.02095553892933464,0.8325995796842529,0.9999999999999999
retuned,128.0,kl,theory,5832,240171553.10583067,0.8721333078661424,2.8841187460633416e+16,0.012204489168924002,0.8721333078661423,0.9999999999999999
retuned,128.0,kl,theory,5913,181240834.29083735,0.9034137200300828,1.642412000721938e+16,0.0069500603957731305,0.9034137200300827,0.9999999999999999
retuned,128.0,kl,theory,5994,135571931.3672991,0.9276764879300334,9189874287329832.0,0.0038888038627597787,0.9276764879300333,0.9999999999999999
retuned,128.0,kl,theory,6075,100726137.43276489,0.9462072871582954,5072877381062120.0,0.0021466479886432695,0.9462072871582953,0.9999999999999999
retuned,128.0,kl,theory,6156,74452800.37140943,0.9601938408721105,2771609741572472.0,0.0011728394025965875,0.9601938408721103,0.9999999999999999
retuned,128.0,kl,theory,6237,54820300.23724573,0.9706565516393942,1502632659050882.0,0.0006358567599648756,0.9706565516393941,0.9999999999999999
retuned,128.0,kl,theory,6318,40248553.33905886,0.9784310022602756,809973022943533.0,0.0003427496527016394,0.9784310022602755,0.9999999999999999
retuned,128.0,kl,theory,6399,29487058.197340712,0.9841792106821854,434743300566679.0,0.00018396676316710084,0.9841792106821853,0.9999999999999999
retuned,128.0,kl,theory,6480,21568897.143238112,0.9884136433683844,232608661987792.56,9.843110307794418e-05,0.9884136433683843,0.9999999999999999
retuned,128.0,kl,theory,6561,15758712.349026838,0.9915244906602235,124168507449685.47,5.2543370704122314e-05,0.9915244906602234,0.9999999999999999
retuned,128.0,kl,theory,6642,11503866.374322113,0.9938053341486046,66169470779129.484,2.800039320640313e-05,0.9938053341486045,0.9999999999999999
retuned,128.0,kl,theory,6723,8392591.209512409,0.9954751811324563,35217793604992.47,1.4902825384433456e-05,0.9954751811324561,0.9999999999999999
retuned,128.0,kl,theory,6804,6119981.566827683,0.9966963970090299,18727087189155.305,7.924588163282296e-06,0.9966963970090298,0.9999999999999999
retuned,128.0,kl,theory,6885,4461277.781542756,0.9975888138884816,9951499722043.525,4.211094662381944e-06,0.9975888138884815,0.9999999999999999
retuned,128.0,kl,theory,6966,3251341.327128097,0.9982405838041251,5285610212745.547,2.236668399338866e-06,0.998240583804125,0.9999999999999999
retuned,128.0,kl,theory,7047,2369128.244367969,0.9987163998917034,2806384319131.028,1.1875546758753523e-06,0.9987163998917032,0.9999999999999999
retuned,128.0,kl,theory,7069,2173899.6116808183,0.9988217808114813,2362919760833.006,9.998974094768274e-07,0.9999999999999999,
retuned,128.0,riemannian,const,0,16777216.0,0.0078125,144364142840859.38,1.0,0.9999999999999999,127.99999999999999
retuned,128.0,riemannian,const,50,137816.96855628444,0.9931879394216291,9496758411.021957,6.578336021771529e-05,0.993187939421629,0.9999999999999999
retuned,128.0,riemannian,const,54,8724.348648645102,0.9995701377390672,38057129.67155785,2.636189909949477e-07,0.9999999999999999,
retuned,128.0,kl,const,0,16777216.0,0.0078125,144364142840859.38,1.0,0.9999999999999999,127.99999999999999
retuned,128.0,kl,const,50,798253.3584256081,0.8858181927881611,318604212118.8847,0.0022069483865539926,0.885818192788161,0.9999999999999999
retuned,128.0,kl,const,57,8634.587099836051,0.9925122834792793,37278047.19234166,2.5822234288077563e-07,0.9999999999999999,
retuned,256.0,riemannian,theory,0,34359738368.0,0.00390625,6.050948318153208e+20,1.0,0.9999999999999999,255.99999999999997
retuned,256.0,riemannian,theory,327,34258354267.423527,0.00390625,6.009748121742121e+20,0.9931911174505518,0.9999999999999999,255.99999999999997
retuned,256.0,riemannian,theory,654,34157540677.08771,0.00390625,5.969010305944862e+20,0.9864586494711041,0.9999999999999999,255.99999999999997
retuned,256.0,riemannian,theory,981,34057296175.44529,0.00390625,5.92873111912464e+20,0.9798019760535867,0.9999999999999999,255.99999999999997
retuned,256.0,riemannian,theory,1308,33957619344.491096,0.00390625,5.888906831931033e+20,0.9732204808730491,0.9999999999999999,255.99999999999997
retuned,256.0,riemannian,theory,1635,33858508769.75328,0.00390625,5.8495337371800686e+20,0.9667135512678429,0.9999999999999999,255.99999999999997
retuned,256.0,riemannian,theory,1962,33759963040.284405,0.00390625,5.810608149734874e+20,0.9602805782198968,0.9999999999999999,255.99999999999997
retuned,256.0,riemannian,theory,2289,33661980748.65269,0.00390625,5.7721264063870036e+20,0.953920956335105,0.9999999999999999,255.99999999999997
retuned,256.0,riemannian,theory,2616,33564560490.933266,0.00390625,5.734084865738352e+20,0.9476340838238122,0.9999999999999999,255.99999999999997
retuned,256.0,riemannian,theory,2943,33467700866.699486,0.00390625,5.6964799080837094e+20,0.9414193624814028,0.9999999999999999,255.99999999999997
retuned,256.0,riemannian,theory,3270,33371400479.014156,0.00390625,5.659307935293882e+20,0.9352761976689866,0.9999999999999999,255.99999999999997
retuned,256.0,riemannian,theory,3597,33275657934.4208,0.00390625,5.6225653706994097e+20,0.9292039982941808,0.9999999999999999,255.99999999999997
retuned,256.0,riemannian,theory,3924,33180471842.935085,0.00390625,5.586248658974957e+20,0.923202176792004,0.9999999999999999,255.99999999999997
retuned,256.0,riemannian,theory,4251,33085840818.036095,0.00390625,5.550354266024214e+20,0.9172701491058547,0.9999999999999999,255.99999999999997
retuned,256.0,riemannian,theory,4578,32991763476.657764,0.00390625,5.5148786788654534e+20,0.9114073346685984,0.9999999999999999,255.99999999999997
retuned,256.0,riemannian,theory,4905,32898238439.18012,0.00390625,5.479818405517614e+20,0.9056131563837407,0.9999999999999999,255.99999999999997
retuned,256.0,riemannian,theory,5232,32805264329.420918,0.00390625,5.445169974887082e+20,0.8998870406067171,0.9999999999999999,255.99999999999997
retuned,256.0,riemannian,theory,5559,32712839774.626896,0.00390625,5.410929936654938e+20,0.8942284171262583,0.9999999999999999,255.99999999999997
retuned,256.0,riemannian,theory,5886,32620963405.46537,0.00390625,5.3770948611648756e+20,0.8886367191458682,0.9999999999999999,255.99999999999997
retuned,256.0,riemannian,theory,6213,32529633856.01559,0.00390625,5.3436613393116384e+20,0.8831113832653856,0.9999999999999999,255.99999999999997
retuned,256.0,riemannian,theory,6540,32438849763.76025,0.00390625,5.310625982430056e+20,0.877651849462647,0.9999999999999999,255.99999999999997
retuned,256.0,riemannian,theory,6867,32348609769.57713,0.00390625,5.277985422184685e+20,0.8722575610752471,0.9999999999999999,255.99999999999997
retuned,256.0,riemannian,theory,7194,32258912517.730473,0.00390625,5.24573631045997e+20,0.8669279647823872,0.9999999999999999,255.99999999999997
retuned,256.0,riemannian,theory,7521,32169756655.86269,0.00390625,5.2138753192510095e+20,0.8616625105868233,0.9999999999999999,255.99999999999997
retuned,256.0,riemannian,theory,7848,32081140834.985863,0.00390625,5.182399140554876e+20,0.8564606517969039,0.9999999999999999,255.99999999999997
retuned,256.0,riemannian,theory,8175,31993063709.473297,0.00390625,5.1513044862624544e+20,0.8513218450086959,0.9999999999999999,255.99999999999997
retuned,256.0,riemannian,theory,8502,31905523937.051292,0.00390625,5.1205880880509485e+20,0.8462455500882196,0.9999999999999999,255.99999999999997
retuned,256.0,riemannian,theory,8829,31818520178.790646,0.00390625,5.0902466972768246e+20,0.8412312301537561,0.9999999999999999,255.99999999999997
retuned,256.0,riemannian,theory,9156,31732051099.09847,0.00390625,5.060277084869405e+20,0.8362783515582624,0.9999999999999999,255.99999999999997
retuned,256.0,riemannian,theory,9483,31646115365.70969,0.00390625,5.030676041224913e+20,0.8313863838718607,0.9999999999999999,255.99999999999997
retuned,256.0,riemannian,theory,9810,31560711649.678905,0.00390625,5.0014403761011714e+20,0.8265547998644361,0.9999999999999999,255.99999999999997
retuned,256.0,riemannian,theory,10137,31475838625.372124,0.00390625,4.9725669185128e+20,0.8217830754883165,0.9999999999999999,255.99999999999997
retuned,256.0,riemannian,theory,10464,31391494970.458263,0.00390625,4.944052516626866e+20,0.8170706898610275,0.9999999999999999,255.99999999999997
retuned,256.0,riemannian,theory,10791,31307679365.901314,0.00390625,4.9158940376592974e+20,0.8124171252481731,0.9999999999999999,255.99999999999997
retuned,256.0,riemannian,theory,11118,31224390495.951855,0.00390625,4.888088367771601e+20,0.8078218670463674,0.9999999999999999,255.99999999999997
retuned,256.0,riemannian,theory,11445,31141627048.138855,0.00390625,4.860632411968216e+20,0.8032844037662704,0.9999999999999999,255.99999999999997
retuned,256.0,riemannian,theory,11772,31059387713.26167,0.00390625,4.83352309399444e+20,0.7988042270157193,0.9999999999999999,255.99999999999997
retuned,256.0,riemannian,theory,12099,30977671185.381737,0.00390625,4.806757356234793e+20,0.7943808314829318,0.9999999999999999,255.99999999999997
retuned,256.0,riemannian,theory,12426,30896476161.814636,0.00390625,4.780332159612017e+20,0.7900137149198141,0.9999999999999999,255.99999999999997
retuned,256.0,riemannian,theory,12753,30815801343.12179,0.00390625,4.754244483486463e+20,0.7857023781253335,0.9999999999999999,255.99999999999997
retuned,256.0,riemannian,theory,13080,30735645433.102417,0.00390625,4.728491325556093e+20,0.7814463249289926,0.9999999999999999,255.99999999999997
retuned,256.0,riemannian,theory,13407,30656007138.78552,0.00390625,4.703069701757002e+20,0.7772450621743886,0.9999999999999999,255.99999999999997
retuned,256.0,riemannian,theory,13734,30576885170.421806,0.00390625,4.677976646164412e+20,0.7730980997028517,0.9999999999999999,255.99999999999997
retuned,256.0,riemannian,theory,14061,30498278241.475693,0.00390625,4.653209210894212e+20,0.7690049503371736,0.9999999999999999,255.99999999999997
retuned,256.0,riemannian,theory,14388,30420185068.61727,0.00390625,4.6287644660049936e+20,0.7649651298654168,0.9999999999999999,255.99999999999997
retuned,256.0,riemannian,theory,14715,30342604371.71426,0.00390625,4.604639499400573e+20,0.7609781570248052,0.9999999999999999,255.99999999999997
retuned,256.0,riemannian,theory,15042,30265534873.824196,0.00390625,4.580831416733097e+20,0.757043553485712,0.9999999999999999,255.99999999999997
retuned,256.0,riemannian,theory,15369,30188975301.186325,0.00390625,4.557337341306541e+20,0.7531608438357101,0.9999999999999999,255.99999999999997
retuned,256.0,riemannian,theory,15696,30112924383.213745,0.00390625,4.5341544139807916e+20,0.7493295555637215,0.9999999999999999,255.99999999999997
retuned,256.0,riemannian,theory,16023,30037380852.485523,0.00390625,4.511279793076205e+20,0.7455492190442439,0.9999999999999999,255.99999999999997
retuned,256.0,riemannian,theory,16350,29962343444.738697,0.00390625,4.4887106542786177e+20,0.7418193675216521,0.9999999999999999,255.99999999999997
retuned,256.0,riemannian,theory,16677,29864738621.435547,0.0068887837148861545,4.459513064633319e+20,0.7369940759954124,0.006888783714886154,0.9999999999999999
retuned,256.0,riemannian,theory,17004,29682121430.031464,0.012967327091709141,4.405141662935665e+20,0.7280084759144242,0.01296732709170914,0.9999999999999999
retuned,256.0,riemannian,theory,17331,29342295793.095562,0.024278473719126555,4.304851612047567e+20,0.7114342059628495,0.024278473719126552,0.9999999999999999
retuned,256.0,riemannian,theory,17658,28719531032.033237,0.04500664299366264,4.1240573134996007e+20,0.6815555342172038,0.04500664299366263,0.9999999999999999
retuned,256.0,riemannian,theory,17985,27609622190.85987,0.08194688951825911,3.811456187610109e+20,0.6298940244086223,0.0819468895182591,0.9999999999999999
retuned,256.0,riemannian,theory,18312,25726384347.547096,0.14461916077004397,3.309234257988581e+20,0.5468951450239097,0.14461916077004394,0.9999999999999999
retuned,256.0,riemannian,theory,18639,22782663955.984283,0.24256787301395408,2.5952488846565268e+20,0.4288995291648128,0.24256787301395405,0.9999999999999999
retuned,256.0,riemannian,theory,18966,18723818275.6783,0.3775903059736999,1.7529068541031232e+20,0.28969126192076333,0.37759030597369986,0.9999999999999999
retuned,256.0,riemannian,theory,19293,13998594393.408194,0.5347357693600072,9.798032249557965e+19,0.16192556495918634,0.5347357693600071,0.9999999999999999
retuned,256.0,riemannian,theory,19620,9470004181.595682,0.6852965653336243,4.484048959971985e+19,0.07410489602959539,0.6852965653336242,0.9999999999999999
retuned,256.0,riemannian,theory,19947,5870875562.5882225,0.8049242067179406,1.7233589935697789e+19,0.028480808345356354,0.8049242067179405,0.9999999999999999
retuned,256.0,riemannian,theory,20274,3412816068.457346,0.886608972711377,5.823656758560328e+18,0.00962437035049367,0.8866089727113768,0.9999999999999999
retuned,256.0,riemannian,theory,20601,1902915642.5143003,0.9367786117494245,1.810543971262806e+18,0.002992165650846935,0.9367786117494243,0.9999999999999999
retuned,256.0,riemannian,theory,20928,1035065207.6247785,0.9656125516550149,5.3567999201766285e+17,0.0008852827091756687,0.9656125516550148,0.9999999999999999
retuned,256.0,riemannian,theory,21255,555201127.4563602,0.9815551212150799,1.541241459644068e+17,0.00025471072939430847,0.9815551212150798,0.9999999999999999
retuned,256.0,riemannian,theory,21582,295539153.8193147,0.9901816880626197,4.367169572011829e+16,7.217330808974286e-05,0.9901816880626196,0.9999999999999999
retuned,256.0,riemannian,theory,21909,156673231.57271916,0.9947950730174923,1.227325074571944e+16,2.0283185544485567e-05,0.9947950730174921,0.9999999999999999
retuned,256.0,riemannian,theory,22236,82874898.35071996,0.997246774350132,3434124388321082.5,5.675349065564654e-06,0.9972467743501319,0.9999999999999999
retuned,256.0,riemannian,theory,22563,43787118.14283684,0.998545329574743,958655857627375.5,1.5843068015493545e-06,0.9985453295747428,0.9999999999999999
retuned,256.0,riemannian,theory,22681,34776639.26159213,0.9988446708540757,604707319165455.5,9.993595836065848e-07,0.9999999999999999,
retuned,256.0,kl,theory,0,34359738368.0,0.00390625,6.050948318153208e+20,1.0,0.9999999999999999,255.99999999999997
retuned,256.0,kl,theory,327,34258354267.423527,0.00390625,6.009748121742121e+20,0.9931911174505518,0.9999999999999999,255.99999999999997
retuned,256.0,kl,theory,654,34157540677.08771,0.00390625,5.969010305944862e+20,0.9864586494711041,0.9999999999999999,255.99999999999997
retuned,256.0,kl,theory,981,34057296175.44529,0.00390625,5.92873111912464e+20,0.9798019760535867,0.9999999999999999,255.99999999999997
retuned,256.0,kl,theory,1308,33957619344.491096,0.00390625,5.888906831931033e+20,0.9732204808730491,0.9999999999999999,255.99999999999997
retuned,256.0,kl,theory,1635,33858508769.75328,0.00390625,5.8495337371800686e+20,0.9667135512678429,0.9999999999999999,255.99999999999997
retuned,256.0,kl,theory,1962,33759963040.284405,0.00390625,5.810608149734874e+20,0.9602805782198968,0.9999999999999999,255.99999999999997
retuned,256.0,kl,theory,2289,33661980748.65269,0.00390625,5.7721264063870036e+20,0.953920956335105,0.9999999999999999,255.99999999999997
retuned,256.0,kl,theory,2616,33564560490.933266,0.00390625,5.734084865738352e+20,0.9476340838238122,0.9999999999999999,255.99999999999997
retuned,256.0,kl,theory,2943,33467700866.699486,0.00390625,5.6964799080837094e+20,0.9414193624814028,0.9999999999999999,255.99999999999997
retuned,256.0,kl,theory,3270,33371400479.014156,0.00390625,5.659307935293882e+20,0.9352761976689866,0.9999999999999999,255.99999999999997
retuned,256.0,kl,theory,3597,33275657934.4208,0.00390625,5.6225653706994097e+20,0.9292039982941808,0.9999999999999999,255.99999999999997
retuned,256.0,kl,theory,3924,33180471842.935085,0.00390625,5.586248658974957e+20,0.923202176792004,0.9999999999999999,255.99999999999997
retuned,256.0,kl,theory,4251,33085840818.036095,0.00390625,5.550354266024214e+20,0.9172701491058547,0.9999999999999999,255.99999999999997
retuned,256.0,kl,theory,4578,32991763476.657764,0.00390625,5.5148786788654534e+20,0.9114073346685984,0.9999999999999999,255.99999999999997
retuned,256.0,kl,theory,4905,32898238439.18012,0.00390625,5.479818405517614e+20,0.9056131563837407,0.9999999999999999,255.99999999999997
retuned,256.0,kl,theory,5232,32805264329.420918,0.00390625,5.445169974887082e+20,0.8998870406067171,0.9999999999999999,255.99999999999997
retuned,256.0,kl,theory,5559,32712839774.626896,0.00390625,5.410929936654938e+20,0.8942284171262583,0.9999999999999999,255.99999999999997
retuned,256.0,kl,theory,5886,32620963405.46537,0.00390625,5.3770948611648756e+20,0.8886367191458682,0.9999999999999999,255.99999999999997
retuned,256.0,kl,theory,6213,32529633856.01559,0.00390625,5.3436613393116384e+20,0.8831113832653856,0.9999999999999999,255.99999999999997
retuned,256.0,kl,theory,6540,32438849763.76025,0.00390625,5.310625982430056e+20,0.877651849462647,0.9999999999999999,255.99999999999997
retuned,256.0,kl,theory,6867,32348609769.57713,0.00390625,5.277985422184685e+20,0.8722575610752471,0.9999999999999999,255.99999999999997
retuned,256.0,kl,theory,7194,32258912517.730473,0.00390625,5.24573631045997e+20,0.8669279647823872,0.9999999999999999,255.99999999999997
retuned,256.0,kl,theory,7521,32169756655.86269,0.00390625,5.2138753192510095e+20,0.8616625105868233,0.9999999999999999,255.99999999999997
retuned,256.0,kl,theory,7848,32081140834.985863,0.00390625,5.182399140554876e+20,0.8564606517969039,0.9999999999999999,255.99999999999997
retuned,256.0,kl,theory,8175,31993063709.473297,0.00390625,5.1513044862624544e+20,0.8513218450086959,0.9999999999999999,255.99999999999997
retuned,256.0,kl,theory,8502,31905523937.051292,0.00390625,5.1205880880509485e+20,0.8462455500882196,0.9999999999999999,255.99999999999997
retuned,256.0,kl,theory,8829,31818520178.790646,0.00390625,5.0902466972768246e+20,0.8412312301537561,0.9999999999999999,255.99999999999997
retuned,256.0,kl,theory,9156,31732051099.09847,0.00390625,5.060277084869405e+20,0.8362783515582624,0.9999999999999999,255.99999999999997
retuned,256.0,kl,theory,9483,31646115365.70969,0.00390625,5.030676041224913e+20,0.8313863838718607,0.9999999999999999,255.99999999999997
retuned,256.0,kl,theory,9810,31560711649.678905,0.00390625,5.0014403761011714e+20,0.8265547998644361,0.9999999999999999,255.99999999999997
retuned,256.0,kl,theory,10137,31475838625.372124,0.00390625,4.9725669185128e+20,0.8217830754883165,0.9999999999999999,255.99999999999997
retuned,256.0,kl,theory,10464,31391494970.458263,0.00390625,4.944052516626866e+20,0.8170706898610275,0.9999999999999999,255.99999999999997
retuned,256.0,kl,theory,10791,31307679365.901314,0.00390625,4.9158940376592974e+20,0.8124171252481731,0.9999999999999999,255.99999999999997
retuned,256.0,kl,theory,11118,31224390495.951855,0.00390625,4.888088367771601e+20,0.8078218670463674,0.9999999999999999,255.99999999999997
retuned,256.0,kl,theory,11445,31141627048.138855,0.00390625,4.860632411968216e+20,0.8032844037662704,0.9999999999999999,255.99999999999997
retuned,256.0,kl,theory,11772,31059387713.26167,0.00390625,4.83352309399444e+20,0.7988042270157193,0.9999999999999999,255.99999999999997
retuned,256.0,kl,theory,12099,30977671185.381737,0.00390625,4.806757356234793e+20,0.7943808314829318,0.9999999999999999,255.99999999999997
retuned,256.0,kl,theory,12426,30896476161.814636,0.00390625,4.780332159612017e+20,0.7900137149198141,0.9999999999999999,255.99999999999997
retuned,256.0,kl,theory,12753,30815801343.12179,0.00390625,4.754244483486463e+20,0.7857023781253335,0.9999999999999999,255.99999999999997
retuned,256.0,kl,theory,13080,30735645433.102417,0.00390625,4.728491325556093e+20,0.7814463249289926,0.9999999999999999,255.99999999999997
retuned,256.0,kl,theory,13407,30656007138.78552,0.00390625,4.703069701757002e+20,0.7772450621743886,0.9999999999999999,255.99999999999997
retuned,256.0,kl,theory,13734,30576885170.421806,0.00390625,4.677976646164412e+20,0.7730980997028517,0.9999999999999999,255.99999999999997
retuned,256.0,kl,theory,14061,30498278241.475693,0.00390625,4.653209210894212e+20,0.7690049503371736,0.9999999999999999,255.99999999999997
retuned,256.0,kl,theory,14388,30420185068.61727,0.00390625,4.6287644660049936e+20,0.7649651298654168,0.9999999999999999,255.99999999999997
retuned,256.0,kl,theory,14715,30342604371.71426,0.00390625,4.604639499400573e+20,0.7609781570248052,0.9999999999999999,255.99999999999997
retuned,256.0,kl,theory,15042,30265534873.824196,0.00390625,4.580831416733097e+20,0.757043553485712,0.9999999999999999,255.99999999999997
retuned,256.0,kl,theory,15369,30188975301.186325,0.00390625,4.557337341306541e+20,0.7531608438357101,0.9999999999999999,255.99999999999997
retuned,256.0,kl,theory,15696,30112924383.213745,0.00390625,4.5341544139807916e+20,0.7493295555637215,0.9999999999999999,255.99999999999997
retuned,256.0,kl,theory,16023,30037380852.485523,0.00390625,4.511279793076205e+20,0.7455492190442439,0.9999999999999999,255.99999999999997
retuned,256.0,kl,theory,16350,29962343444.738697,0.00390625,4.4887106542786177e+20,0.7418193675216521,0.9999999999999999,255.99999999999997
retuned,256.0,kl,theory,16677,29864765724.75683,0.006884959446357721,4.4595211589730514e+20,0.7369954136931265,0.00688495944635772,0.9999999999999999
retuned,256.0,kl,theory,17004,29682311409.300995,0.012952130018814418,4.4051980529935994e+20,0.7280177951244008,0.012952130018814416,0.9999999999999999
retuned,256.0,kl,theory,17331,29342992503.833233,0.024235345458142984,4.305056045400066e+20,0.711467991303882,0.02423534545814298,0.9999999999999999
retuned,256.0,kl,theory,17658,28721504649.696377,0.044900769097628364,4.124624146712653e+20,0.6816492109738457,0.04490076909762836,0.9999999999999999
retuned,256.0,kl,theory,17985,27614394768.694347,0.08171191459985253,3.8127739922064684e+20,0.6301118092130976,0.08171191459985251,0.9999999999999999
retuned,256.0,kl,theory,18312,25736461063.767216,0.1441473291469018,3.3118271404340294e+20,0.5473236534673994,0.14414732914690176,0.9999999999999999
retuned,256.0,kl,theory,18639,22800968332.16837,0.24173087114262243,2.599420784422724e+20,0.4295889913031162,0.2417308711426224,0.9999999999999999
retuned,256.0,kl,theory,18966,18751445079.632683,0.3763277885837911,1.7580834628724038e+20,0.29054676563639587,0.37632778858379107,0.9999999999999999
retuned,256.0,kl,theory,19293,14032086907.841995,0.533172349512013,9.844973149461535e+19,0.1627013260041575,0.5331723495120129,0.9999999999999999
retuned,256.0,kl,theory,19620,9502348810.31942,0.6837228111146916,4.514731645648944e+19,0.07461196837699768,0.6837228111146915,0.9999999999999999
retuned,256.0,kl,theory,19947,5896441117.177985,0.8036054174159587,1.7384008924173584e+19,0.028729395807299354,0.8036054174159586,0.9999999999999999
retuned,256.0,kl,theory,20274,3430183421.0700116,0.8856473290805746,5.883079151091784e+18,0.009722573788049376,0.8856473290805745,0.9999999999999999
retuned,256.0,kl,theory,20601,1913571526.9260187,0.9361405187605872,1.830877994330987e+18,0.0030257703389041405,0.9361405187605871,0.9999999999999999
retuned,256.0,kl,theory,20928,1041201998.1390994,0.9652138213667963,5.420508004644265e+17,0.0008958113207449509,0.9652138213667962,0.9999999999999999
retuned,256.0,kl,theory,21255,558604970.7418987,0.9813151108965434,1.5601975666877872e+17,0.00025784347917947025,0.9813151108965433,0.9999999999999999
retuned,256.0,kl,theory,21582,297386569.3710008,0.9900405837645418,4.421938582112654e+16,7.307843910757878e-05,0.9900405837645417,0.9999999999999999
retuned,256.0,kl,theory,21909,157663583.50743744,0.9947133848633888,1.2428902782203348e+16,2.0540421316962654e-05,0.9947133848633887,0.9999999999999999
retuned,256.0,kl,theory,22236,83402109.14935343,0.9971999818743142,3477955905280331.5,5.747786499590908e-06,0.9971999818743141,0.9999999999999999
retuned,256.0,kl,theory,22563,44066680.541095175,0.9985187319862165,970936166955468.0,1.604601652343652e-06,0.9985187319862164,0.9999999999999999
retuned,256.0,kl,theory,22685,34726558.4010341,0.9988321511510616,602966929190216.0,9.96483356800915e-07,0.9999999999999999,
retuned,256.0,riemannian,const,0,134217728.0,0.00390625,9237160908851490.0,1.0,0.9999999999999999,255.99999999999997
retuned,256.0,riemannian,const,50,120280035.87208422,0.00390625,7243500715226075.0,0.7841695935257559,0.9999999999999999,255.99999999999997
retuned,256.0,riemannian,const,87,91524.85407363533,0.9994359067280948,4188399456.600121,4.534293055982814e-07,0.9999999999999999,
retuned,256.0,kl,const,0,134217728.0,0.00390625,9237160908851490.0,1.0,0.9999999999999999,255.99999999999997
retuned,256.0,kl,const,50,120280035.87208422,0.00390625,7243500715226075.0,0.7841695935257559,0.9999999999999999,255.99999999999997
retuned,256.0,kl,const,90,112690.27750591247,0.9900024183538552,6349549322.179806,6.87391871250761e-07,0.9999999999999999,
retuned,512.0,riemannian,theory,0,549755813888.0,0.001953125,1.5492058341235532e+23,1.0,0.9999999999999999,511.99999999999994
retuned,512.0,riemannian,theory,1310,548130219375.68665,0.001953125,1.5386297891107224e+23,0.9931732473633408,0.9999999999999999,511.99999999999994
retuned,512.0,riemannian,theory,2620,546513803363.4857,0.001953125,1.528172836648185e+23,0.9864233680172866,0.9999999999999999,511.99999999999994
retuned,512.0,riemannian,theory,3930,544906542946.35565,0.001953125,1.5178340077323207e+23,0.9797497364777349,0.9999999999999999,511.99999999999994
retuned,512.0,riemannian,theory,5240,543308415276.4175,0.001953125,1.5076123391264979e+23,0.9731517309831289,0.9999999999999999,511.99999999999994
retuned,512.0,riemannian,theory,6550,541719397562.8076,0.001953125,1.4975068733299694e+23,0.9666287334743792,0.9999999999999999,511.99999999999994
retuned,512.0,riemannian,theory,7860,540139467071.53625,0.001953125,1.4875166585469473e+23,0.9601801295749018,0.9999999999999999,511.99999999999994
retuned,512.0,riemannian,theory,9170,538568601125.3504,0.001953125,1.4776407486558728e+23,0.9538053085707829,0.9999999999999999,511.99999999999994
retuned,512.0,riemannian,theory,10480,537006777103.5866,0.001953125,1.4678782031787762e+23,0.9475036633909998,0.9999999999999999,511.99999999999994
retuned,512.0,riemannian,theory,11790,535453972442.0307,0.001953125,1.4582280872508329e+23,0.9412745905877704,0.9999999999999999,511.99999999999994
retuned,512.0,riemannian,theory,13100,533910164632.77625,0.001953125,1.4486894715900769e+23,0.9351174903170033,0.9999999999999999,511.99999999999994
retuned,512.0,riemannian,theory,14410,532375331224.0886,0.001953125,1.43926143246729e+23,0.9290317663188616,0.9999999999999999,511.99999999999994
retuned,512.0,riemannian,theory,15720,530849449820.2594,0.001953125,1.4299430516759961e+23,0.9230168258983942,0.9999999999999999,511.99999999999994
retuned,512.0,riemannian,theory,17030,529332498081.47064,0.001953125,1.4207334165026671e+23,0.9170720799063038,0.9999999999999999,511.99999999999994
retuned,512.0,riemannian,theory,18340,527824453723.6536,0.001953125,1.4116316196970363e+23,0.9111969427197851,0.9999999999999999,511.99999999999994
retuned,512.0,riemannian,theory,19650,526325294518.34906,0.001953125,1.4026367594425949e+23,0.9053908322234804,0.9999999999999999,511.99999999999994
retuned,512.0,riemannian,theory,20960,524834998292.56573,0.001953125,1.393747939327201e+23,0.899653169790507,0.9999999999999999,511.99999999999994
retuned,512.0,riemannian,theory,22270,523353542928.6528,0.001953125,1.3849642683139497e+23,0.8939833802636552,0.9999999999999999,511.99999999999994
retuned,512.0,riemannian,theory,23580,521880906364.14777,0.001953125,1.3762848607120237e+23,0.8883808919365723,0.9999999999999999,511.99999999999994
retuned,512.0,riemannian,theory,24890,520417066591.6472,0.001953125,1.3677088361478404e+23,0.8828451365351379,0.9999999999999999,511.99999999999994
retuned,512.0,riemannian,theory,26200,518962001658.6687,0.001953125,1.3592353195362918e+23,0.8773755491988996,0.9999999999999999,511.99999999999994
retuned,512.0,riemannian,theory,27510,517515689667.5117,0.001953125,1.350863441052121e+23,0.8719715684625974,0.9999999999999999,511.99999999999994
retuned,512.0,riemannian,theory,28820,516078108775.12036,0.001953125,1.3425923361014648e+23,0.8666326362377935,0.9999999999999999,511.99999999999994
retuned,512.0,riemannian,theory,30130,514649237192.9491,0.001953125,1.3344211452935482e+23,0.8613581977946028,0.9999999999999999,511.99999999999994
retuned,512.0,riemannian,theory,31440,513229053186.8274,0.001953125,1.3263490144125271e+23,0.8561477017435163,0.9999999999999999,511.99999999999994
retuned,512.0,riemannian,theory,32750,511817535076.82056,0.001953125,1.3183750943894456e+23,0.8510006000173,0.9999999999999999,511.99999999999994
retuned,512.0,riemannian,theory,34060,510414661237.098,0.001953125,1.3104985412743849e+23,0.8459163478530183,0.9999999999999999,511.99999999999994
retuned,512.0,riemannian,theory,35370,509020410095.7956,0.001953125,1.3027185162087165e+23,0.840894403774122,0.9999999999999999,511.99999999999994
retuned,512.0,riemannian,theory,36680,507634760134.88153,0.001953125,1.295034185397522e+23,0.8359342295726467,0.9999999999999999,511.99999999999994
retuned,512.0,riemannian,theory,37990,506257689890.02344,0.001953125,1.2874447200821552e+23,0.8310352902915018,0.9999999999999999,511.99999999999994
retuned,512.0,riemannian,theory,39300,504889177950.45404,0.001953125,1.2799492965129408e+23,0.8261970542068469,0.9999999999999999,511.99999999999994
retuned,512.0,riemannian,theory,40610,503529202958.83307,0.001953125,1.2725470959219911e+23,0.8214189928105462,0.9999999999999999,511.99999999999994
retuned,512.0,riemannian,theory,41920,502177743611.1239,0.001953125,1.2652373044962425e+23,0.8167005807927629,0.9999999999999999,511.99999999999994
retuned,512.0,riemannian,theory,43230,500834778656.4495,0.001953125,1.2580191133505163e+23,0.8120412960245708,0.9999999999999999,511.99999999999994
retuned,512.0,riemannian,theory,44540,499500286896.96606,0.001953125,1.2508917185008133e+23,0.8074406195407159,0.9999999999999999,511.99999999999994
retuned,512.0,riemannian,theory,45850,498174247187.7286,0.001953125,1.2438543208377057e+23,0.8028980355224412,0.9999999999999999,511.99999999999994
retuned,512.0,riemannian,theory,47160,496856638436.5613,0.001953125,1.2369061260998865e+23,0.7984130312804129,0.9999999999999999,511.99999999999994
retuned,512.0,riemannian,theory,48470,495547439603.92163,0.001953125,1.2300463448478185e+23,0.7939850972377109,0.9999999999999999,511.99999999999994
retuned,512.0,riemannian,theory,49780,494246629702.77545,0.001953125,1.223274192437586e+23,0.7896137269129512,0.9999999999999999,511.99999999999994
retuned,512.0,riemannian,theory,51090,492954187798.45844,0.001953125,1.2165888889947997e+23,0.78529841690344,0.9999999999999999,511.99999999999994
retuned,512.0,riemannian,theory,52400,491670093008.5476,0.001953125,1.2099896593886926e+23,0.7810386668684549,0.9999999999999999,511.99999999999994
retuned,512.0,riemannian,theory,53710,490394324502.7369,0.001953125,1.2034757332063676e+23,0.7768339795126199,0.9999999999999999,511.99999999999994
retuned,512.0,riemannian,theory,55020,489126861502.6988,0.001953125,1.1970463447271063e+23,0.7726838605693236,0.9999999999999999,511.99999999999994
retuned,512.0,riemannian,theory,56330,487867683281.9614,0.001953125,1.1907007328968884e+23,0.7685878187842707,0.9999999999999999,511.99999999999994
retuned,512.0,riemannian,theory,57640,486616769165.77246,0.001953125,1.1844381413029748e+23,0.7645453658990757,0.9999999999999999,511.99999999999994
retuned,512.0,riemannian,theory,58950,485374098530.97656,0.001953125,1.1782578181486896e+23,0.7605560166349854,0.9999999999999999,511.99999999999994
retuned,512.0,riemannian,theory,60260,484139650805.8811,0.001953125,1.1721590162282722e+23,0.7566192886766456,0.9999999999999999,511.99999999999994
retuned,512.0,riemannian,theory,61570,482913405470.13153,0.001953125,1.1661409929019064e+23,0.7527347026559826,0.9999999999999999,511.99999999999994
retuned,512.0,riemannian,theory,62880,481695342054.5847,0.001953125,1.1602030100708687e+23,0.7489017821361622,0.9999999999999999,511.99999999999994
retuned,512.0,riemannian,theory,64190,480485440141.1743,0.001953125,1.1543443341527638e+23,0.7451200535956036,0.9999999999999999,511.99999999999994
retuned,512.0,riemannian,theory,65500,479283679362.7889,0.001953125,1.1485642360569488e+23,0.7413890464121167,0.9999999999999999,511.99999999999994
retuned,512.0,riemannian,theory,66810,476953240033.89825,0.006738188397711797,1.1374219658941668e+23,0.7341967999608336,0.006738188397711796,0.9999999999999999
retuned,512.0,riemannian,theory,68120,468763315763.22534,0.023801953006358064,1.0986952310266664e+23,0.7091990017248041,0.02380195300635806,0.9999999999999999
retuned,512.0,riemannian,theory,69430,441513957837.2954,0.08057413524830111,9.746728748257653e+22,0.6291435607568416,0.0805741352483011,0.9999999999999999
retuned,512.0,riemannian,theory,70740,365204087694.9205,0.23954381295462632,6.668701283453958e+22,0.43045934481822457,0.2395438129546263,0.9999999999999999
retuned,512.0,riemannian,theory,72050,225243333088.83856,0.5310476891514595,2.5367279550484737e+22,0.1637437646549789,0.5310476891514594,0.9999999999999999
retuned,512.0,riemannian,theory,73360,94716109912.46748,0.8028290540585943,4.48557073847531e+21,0.028954001073801625,0.8028290540585942,0.9999999999999999
retuned,512.0,riemannian,theory,74670,30711949142.133736,0.9360709620795149,4.7161191005450456e+20,0.003044217234834479,0.9360709620795148,0.9999999999999999
retuned,512.0,riemannian,theory,75980,8953340059.466936,0.9813634184049853,4.00811491102277e+19,0.00025872061818630563,0.9813634184049852,0.9999999999999999
retuned,512.0,riemannian,theory,77290,2523542545.954323,0.994747222978986,3.1841334906208123e+18,2.0553327521014674e-05,0.9947472229789859,0.9999999999999999
retuned,512.0,riemannian,theory,78600,704367428.5492595,0.9985338554321421,2.480667372005481e+17,1.6012509876771103e-06,0.998533855432142,0.9999999999999999
retuned,512.0,riemannian,theory,78842,556220954.4353402,0.9988422232844546,1.546908750764804e+17,9.985172510274924e-07,0.9999999999999999,
retuned,512.0,kl,theory,0,549755813888.0,0.001953125,1.5492058341235532e+23,1.0,0.9999999999999999,511.99999999999994
retuned,512.0,kl,theory,1310,548130219375.68665,0.001953125,1.5386297891107224e+23,0.9931732473633408,0.9999999999999999,511.99999999999994
retuned,512.0,kl,theory,2620,546513803363.4857,0.001953125,1.528172836648185e+23,0.9864233680172866,0.9999999999999999,511.99999999999994
retuned,512.0,kl,theory,3930,544906542946.35565,0.001953125,1.5178340077323207e+23,0.9797497364777349,0.9999999999999999,511.99999999999994
retuned,512.0,kl,theory,5240,543308415276.4175,0.001953125,1.5076123391264979e+23,0.9731517309831289,0.9999999999999999,511.99999999999994
retuned,512.0,kl,theory,6550,541719397562.8076,0.001953125,1.4975068733299694e+23,0.9666287334743792,0.9999999999999999,511.99999999999994
retuned,512.0,kl,theory,7860,540139467071.53625,0.001953125,1.4875166585469473e+23,0.9601801295749018,0.9999999999999999,511.99999999999994
retuned,512.0,kl,theory,9170,538568601125.3504,0.001953125,1.4776407486558728e+23,0.9538053085707829,0.9999999999999999,511.99999999999994
retuned,512.0,kl,theory,10480,537006777103.5866,0.001953125,1.4678782031787762e+23,0.9475036633909998,0.9999999999999999,511.99999999999994
retuned,512.0,kl,theory,11790,535453972442.0307,0.001953125,1.4582280872508329e+23,0.9412745905877704,0.9999999999999999,511.99999999999994
retuned,512.0,kl,theory,13100,533910164632.77625,0.001953125,1.4486894715900769e+23,0.9351174903170033,0.9999999999999999,511.99999999999994
retuned,512.0,kl,theory,14410,532375331224.0886,0.001953125,1.43926143246729e+23,0.9290317663188616,0.9999999999999999,511.99999999999994
retuned,512.0,kl,theory,15720,530849449820.2594,0.001953125,1.4299430516759961e+23,0.9230168258983942,0.9999999999999999,511.99999999999994
retuned,512.0,kl,theory,17030,529332498081.47064,0.001953125,1.4207334165026671e+23,0.9170720799063038,0.9999999999999999,511.99999999999994
retuned,512.0,kl,theory,18340,527824453723.6536,0.001953125,1.4116316196970363e+23,0.9111969427197851,0.9999999999999999,511.99999999999994
retuned,512.0,kl,theory,19650,526325294518.34906,0.001953125,1.4026367594425949e+23,0.9053908322234804,0.9999999999999999,511.99999999999994
retuned,512.0,kl,theory,20960,524834998292.56573,0.001953125,1.393747939327201e+23,0.899653169790507,0.9999999999999999,511.99999999999994
retuned,512.0,kl,theory,22270,523353542928.6528,0.001953125,1.3849642683139497e+23,0.8939833802636552,0.9999999999999999,511.99999999999994
retuned,512.0,kl,theory,23580,521880906364.14777,0.001953125,1.3762848607120237e+23,0.8883808919365723,0.9999999999999999,511.99999999999994
retuned,512.0,kl,theory,24890,520417066591.6472,0.001953125,1.3677088361478404e+23,0.8828451365351379,0.9999999999999999,511.99999999999994
retuned,512.0,kl,theory,26200,518962001658.6687,0.001953125,1.3592353195362918e+23,0.8773755491988996,0.9999999999999999,511.99999999999994
retuned,512.0,kl,theory,27510,517515689667.5117,0.001953125,1.350863441052121e+23,0.8719715684625974,0.9999999999999999,511.99999999999994
retuned,512.0,kl,theory,28820,516078108775.12036,0.001953125,1.3425923361014648e+23,0.8666326362377935,0.9999999999999999,511.99999999999994
retuned,512.0,kl,theory,30130,514649237192.9491,0.001953125,1.3344211452935482e+23,0.8613581977946028,0.9999999999999999,511.99999999999994
retuned,512.0,kl,theory,31440,513229053186.8274,0.001953125,1.3263490144125271e+23,0.8561477017435163,0.9999999999999999,511.99999999999994
retuned,512.0,kl,theory,32750,511817535076.82056,0.001953125,1.3183750943894456e+23,0.8510006000173,0.9999999999999999,511.99999999999994
retuned,512.0,kl,theory,34060,510414661237.098,0.001953125,1.3104985412743849e+23,0.8459163478530183,0.9999999999999999,511.99999999999994
retuned,512.0,kl,theory,35370,509020410095.7956,0.001953125,1.3027185162087165e+23,0.840894403774122,0.9999999999999999,511.99999999999994
retuned,512.0,kl,theory,36680,507634760134.88153,0.001953125,1.295034185397522e+23,0.8359342295726467,0.9999999999999999,511.99999999999994
retuned,512.0,kl,theory,37990,506257689890.02344,0.001953125,1.2874447200821552e+23,0.8310352902915018,0.9999999999999999,511.99999999999994
retuned,512.0,kl,theory,39300,504889177950.45404,0.001953125,1.2799492965129408e+23,0.8261970542068469,0.9999999999999999,511.99999999999994
retuned,512.0,kl,theory,40610,503529202958.83307,0.001953125,1.2725470959219911e+23,0.8214189928105462,0.9999999999999999,511.99999999999994
retuned,512.0,kl,theory,41920,502177743611.1239,0.001953125,1.2652373044962425e+23,0.8167005807927629,0.9999999999999999,511.99999999999994
retuned,512.0,kl,theory,43230,500834778656.4495,0.001953125,1.2580191133505163e+23,0.8120412960245708,0.9999999999999999,511.99999999999994
retuned,512.0,kl,theory,44540,499500286896.96606,0.001953125,1.2508917185008133e+23,0.8074406195407159,0.9999999999999999,511.99999999999994
retuned,512.0,kl,theory,45850,498174247187.7286,0.001953125,1.2438543208377057e+23,0.8028980355224412,0.9999999999999999,511.99999999999994
retuned,512.0,kl,theory,47160,496856638436.5613,0.001953125,1.2369061260998865e+23,0.7984130312804129,0.9999999999999999,511.99999999999994
retuned,512.0,kl,theory,48470,495547439603.92163,0.001953125,1.2300463448478185e+23,0.7939850972377109,0.9999999999999999,511.99999999999994
retuned,512.0,kl,theory,49780,494246629702.77545,0.001953125,1.223274192437586e+23,0.7896137269129512,0.9999999999999999,511.99999999999994
retuned,512.0,kl,theory,51090,492954187798.45844,0.001953125,1.2165888889947997e+23,0.78529841690344,0.9999999999999999,511.99999999999994
retuned,512.0,kl,theory,52400,491670093008.5476,0.001953125,1.2099896593886926e+23,0.7810386668684549,0.9999999999999999,511.99999999999994
retuned,512.0,kl,theory,53710,490394324502.7369,0.001953125,1.2034757332063676e+23,0.7768339795126199,0.9999999999999999,511.99999999999994
retuned,512.0,kl,theory,55020,489126861502.6988,0.001953125,1.1970463447271063e+23,0.7726838605693236,0.9999999999999999,511.99999999999994
retuned,512.0,kl,theory,56330,487867683281.9614,0.001953125,1.1907007328968884e+23,0.7685878187842707,0.9999999999999999,511.99999999999994
retuned,512.0,kl,theory,57640,486616769165.77246,0.001953125,1.1844381413029748e+23,0.7645453658990757,0.9999999999999999,511.99999999999994
retuned,512.0,kl,theory,58950,485374098530.97656,0.001953125,1.1782578181486896e+23,0.7605560166349854,0.9999999999999999,511.99999999999994
retuned,512.0,kl,theory,60260,484139650805.8811,0.001953125,1.1721590162282722e+23,0.7566192886766456,0.9999999999999999,511.99999999999994
retuned,512.0,kl,theory,61570,482913405470.13153,0.001953125,1.1661409929019064e+23,0.7527347026559826,0.9999999999999999,511.99999999999994
retuned,512.0,kl,theory,62880,481695342054.5847,0.001953125,1.1602030100708687e+23,0.7489017821361622,0.9999999999999999,511.99999999999994
retuned,512.0,kl,theory,64190,480485440141.1743,0.001953125,1.1543443341527638e+23,0.7451200535956036,0.9999999999999999,511.99999999999994
retuned,512.0,kl,theory,65500,479283679362.7889,0.001953125,1.1485642360569488e+23,0.7413890464121167,0.9999999999999999,511.99999999999994
retuned,512.0,kl,theory,66810,476954072616.1221,0.00673411394922832,1.1374259369255252e+23,0.7341993632298782,0.006734113949228319,0.9999999999999999
retuned,512.0,kl,theory,68120,468772030710.74744,0.023773119210163236,1.0987360838833897e+23,0.7092253719177272,0.023773119210163233,0.9999999999999999
retuned,512.0,kl,theory,69430,441562901752.5738,0.08043384838380364,9.748889810207655e+22,0.6292830555807315,0.08043384838380363,0.9999999999999999
retuned,512.0,kl,theory,70740,365377876608.2512,0.2390683083580257,6.675049635737722e+22,0.4308691258908188,0.23906830835802567,0.9999999999999999
retuned,512.0,kl,theory,72050,225550819864.87857,0.5301828454450056,2.5436586170859448e+22,0.16419113335736904,0.5301828454450055,0.9999999999999999
retuned,512.0,kl,theory,73360,94947207896.81787,0.8021126257230269,4.5074861437007765e+21,0.029095463265220913,0.8021126257230268,0.9999999999999999
retuned,512.0,kl,theory,74670,30807481505.56879,0.9357293738121718,4.745504583579815e+20,0.0030631853295753526,0.9357293738121717,0.9999999999999999
retuned,512.0,kl,theory,75980,8983716531.017416,0.9812364301968904,4.0353581354837795e+19,0.00026047914657943054,0.9812364301968903,0.9999999999999999
retuned,512.0,kl,theory,77290,2532356726.123895,0.9947043975274394,3.206415294172466e+18,2.06971547843832e-05,0.9947043975274393,0.9999999999999999
retuned,512.0,kl,theory,78600,706850923.3386056,0.9985200138631121,2.4981911391231968e+17,1.6125624394750115e-06,0.998520013863112,0.9999999999999999
retuned,512.0,kl,theory,78845,556551953.4931232,0.9988344343632128,1.5487503846850576e+17,9.997060110228972e-07,0.9999999999999999,
retuned,512.0,riemannian,const,0,1073741824.0,0.001953125,5.911085412167214e+17,1.0,0.9999999999999999,511.99999999999994
retuned,512.0,riemannian,const,50,1014794628.3497849,0.001953125,5.199494466037645e+17,0.8796175496525815,0.9999999999999999,511.99999999999994
retuned,512.0,riemannian,const,100,962392824.2612039,0.001953125,4.637113659941998e+17,0.7844775259713034,0.9999999999999999,511.99999999999994
retuned,512.0,riemannian,const,150,3816612.8955211155,0.9970552208805211,7283266997129.037,1.2321369916491753e-05,0.997055220880521,0.9999999999999999
retuned,512.0,riemannian,const,152,958375.1311842127,0.9992613610342806,459241446036.17847,7.76915598429501e-07,0.9999999999999999,
retuned,512.0,kl,const,0,1073741824.0,0.001953125,5.911085412167214e+17,1.0,0.9999999999999999,511.99999999999994
retuned,512.0,kl,const,50,1014794628.3497849,0.001953125,5.199494466037645e+17,0.8796175496525815,0.9999999999999999,511.99999999999994
retuned,512.0,kl,const,100,962392824.2612039,0.001953125,4.637113659941998e+17,0.7844775259713034,0.9999999999999999,511.99999999999994
retuned,512.0,kl,const,150,36757459.75106503,0.9070720716725766,675555423675582.8,0.0011428618884190681,0.9070720716725765,0.9999999999999999
retuned,512.0,kl,const,156,741424.5485128161,0.9910860891546243,274855180568.71658,4.6498259017364615e-07,0.9999999999999999,
retuned,1024.0,riemannian,theory,0,8796093022208.0,0.0009765625,3.9661773888770365e+25,1.0,0.9999999999999999,1023.9999999999999
retuned,1024.0,riemannian,theory,5242,8770065726707.35,0.0009765625,3.939075977826734e+25,0.9931668686513349,0.9999999999999999,1023.9999999999999
retuned,1024.0,riemannian,theory,10484,8744185579341.448,0.0009765625,3.912280141643887e+25,0.9864107824868595,0.9999999999999999,1023.9999999999999
retuned,1024.0,riemannian,theory,15726,8718452212761.009,0.0009765625,3.8857873914583745e+25,0.9797311139829217,0.9999999999999999,1023.9999999999999
retuned,1024.0,riemannian,theory,20968,8692865260533.682,0.0009765625,3.8595952532203812e+25,0.9731272393525413,0.9999999999999999,1023.9999999999999
retuned,1024.0,riemannian,theory,26210,8667424357141.985,0.0009765625,3.8337012676207185e+25,0.9665985385253213,0.9999999999999999,1023.9999999999999
retuned,1024.0,riemannian,theory,31452,8642129137980.848,0.0009765625,3.8081029900111516e+25,0.9601443951273593,0.9999999999999999,1023.9999999999999
retuned,1024.0,riemannian,theory,36694,8616979239355.481,0.0009765625,3.7827979903254435e+25,0.9537641964613403,0.9999999999999999,1023.9999999999999
retuned,1024.0,riemannian,theory,41936,8591974298479.055,0.0009765625,3.7577838530006167e+25,0.9474573334866842,0.9999999999999999,1023.9999999999999
retuned,1024.0,riemannian,theory,47178,8567113953470.341,0.0009765625,3.7330581768985976e+25,0.9412232007997899,0.9999999999999999,1023.9999999999999
retuned,1024.0,riemannian,theory,52420,8542397843351.642,0.0009765625,3.7086185752285224e+25,0.9350611966144464,0.9999999999999999,1023.9999999999999
retuned,1024.0,riemannian,theory,57662,8517825608046.377,0.0009765625,3.684462675469111e+25,0.9289707227422602,0.9999999999999999,1023.9999999999999
retuned,1024.0,riemannian,theory,62904,8493396888376.833,0.0009765625,3.6605881192916037e+25,0.9229511845732256,0.9999999999999999,1023.9999999999999
retuned,1024.0,riemannian,theory,68146,8469111326062.105,0.0009765625,3.636992562483258e+25,0.9170019910564358,0.9999999999999999,1023.9999999999999
retuned,1024.0,riemannian,theory,73388,8444968563715.567,0.0009765625,3.6136736748708233e+25,0.9111225546807882,0.9999999999999999,1023.9999999999999
retuned,1024.0,riemannian,theory,78630,8420968244842.927,0.0009765625,3.5906291402449095e+25,0.9053122914559155,0.9999999999999999,1023.9999999999999
retuned,1024.0,riemannian,theory,83872,8397110013839.746,0.0009765625,3.5678566562842842e+25,0.8995706208930986,0.9999999999999999,1023.9999999999999
retuned,1024.0,riemannian,theory,89114,8373393515989.415,0.0009765625,3.545353934480937e+25,0.8938969659863728,0.9999999999999999,1023.9999999999999
retuned,1024.0,riemannian,theory,94356,8349818397460.872,0.0009765625,3.5231187000653736e+25,0.888290753193692,0.9999999999999999,1023.9999999999999
retuned,1024.0,riemannian,theory,99598,8326384305306.304,0.0009765625,3.501148691932137e+25,0.8827514124181508,0.9999999999999999,1023.9999999999999
retuned,1024.0,riemannian,theory,104840,8303090887459.061,0.0009765625,3.4794416625660514e+25,0.877278376989387,0.9999999999999999,1023.9999999999999
retuned,1024.0,riemannian,theory,110082,8279937792731.408,0.0009765625,3.457995377968596e+25,0.8718710836450195,0.9999999999999999,1023.9999999999999
retuned,1024.0,riemannian,theory,115324,8256924670812.381,0.0009765625,3.4368076175847677e+25,0.8665289725122073,0.9999999999999999,1023.9999999999999
retuned,1024.0,riemannian,theory,120566,8234051172265.52,0.0009765625,3.4158761742302795e+25,0.8612514870892937,0.9999999999999999,1023.9999999999999
retuned,1024.0,riemannian,theory,125808,8211316948526.669,0.0009765625,3.3951988540190802e+25,0.8560380742275322,0.9999999999999999,1023.9999999999999
retuned,1024.0,riemannian,theory,131050,8188721651901.897,0.0009765625,3.374773476291432e+25,0.8508881841129522,0.9999999999999999,1023.9999999999999
retuned,1024.0,riemannian,theory,136292,8166264935565.2705,0.0009765625,3.354597873542186e+25,0.8458012702482754,0.9999999999999999,1023.9999999999999
retuned,1024.0,riemannian,theory,141534,8143946453556.795,0.0009765625,3.3346698913496006e+25,0.8407767894349684,0.9999999999999999,1023.9999999999999
retuned,1024.0,riemannian,theory,146776,8121765860779.963,0.0009765625,3.314987388304158e+25,0.8358142017552944,0.9999999999999999,1023.9999999999999
retuned,1024.0,riemannian,theory,152018,8099722812999.859,0.0009765625,3.2955482359382347e+25,0.8309129705545822,0.9999999999999999,1023.9999999999999
retuned,1024.0,riemannian,theory,157260,8077816966840.942,0.0009765625,3.2763503186558723e+25,0.8260725624235182,0.9999999999999999,1023.9999999999999
retuned,1024.0,riemannian,theory,162502,8056047979784.973,0.0009765625,3.257391533662997e+25,0.8212924471805529,0.9999999999999999,1023.9999999999999
retuned,1024.0,riemannian,theory,167744,8034415510168.661,0.0009765625,3.238669790897792e+25,0.8165720978543455,0.9999999999999999,1023.9999999999999
retuned,1024.0,riemannian,theory,172986,8012919217181.738,0.0009765625,3.2201830129617764e+25,0.8119109906663864,0.9999999999999999,1023.9999999999999
retuned,1024.0,riemannian,theory,178228,7991558760864.795,0.0009765625,3.201929135051006e+25,0.8073086050136512,0.9999999999999999,1023.9999999999999
retuned,1024.0,riemannian,theory,183470,7970333802107.02,0.0009765625,3.183906104887612e+25,0.8027644234513391,0.9999999999999999,1023.9999999999999
retuned,1024.0,riemannian,theory,188712,7949244002644.251,0.0009765625,3.1661118826518887e+25,0.7982779316757503,0.9999999999999999,1023.9999999999999
retuned,1024.0,riemannian,theory,193954,7928289025056.801,0.0009765625,3.1485444409145716e+25,0.7938486185072107,0.9999999999999999,1023.9999999999999
retuned,1024.0,riemannian,theory,199196,7907468532767.238,0.0009765625,3.1312017645694234e+25,0.7894759758730752,0.9999999999999999,1023.9999999999999
retuned,1024.0,riemannian,theory,204438,7886782190038.463,0.0009765625,3.1140818507663996e+25,0.7851594987908761,0.9999999999999999,1023.9999999999999
retuned,1024.0,riemannian,theory,209680,7866229661971.523,0.0009765625,3.097182708844956e+25,0.7808986853515084,0.9999999999999999,1023.9999999999999
retuned,1024.0,riemannian,theory,214922,7845810614503.545,0.0009765625,3.08050236026778e+25,0.7766930367025208,0.9999999999999999,1023.9999999999999
retuned,1024.0,riemannian,theory,220164,7825524714405.477,0.0009765625,3.0640388385547158e+25,0.7725420570314563,0.9999999999999999,1023.9999999999999
retuned,1024.0,riemannian,theory,225406,7805371629280.419,0.0009765625,3.047790189217508e+25,0.7684452535493991,0.9999999999999999,1023.9999999999999
retuned,1024.0,riemannian,theory,230648,7785351027561.111,0.0009765625,3.031754469694185e+25,0.7644021364744306,0.9999999999999999,1023.9999999999999
retuned,1024.0,riemannian,theory,235890,7765462578508.105,0.0009765625,3.0159297492843523e+25,0.7604122190153142,0.9999999999999999,1023.9999999999999
retuned,1024.0,riemannian,theory,241132,7745705952207.545,0.0009765625,3.000314109084477e+25,0.7564750173551795,0.9999999999999999,1023.9999999999999
retuned,1024.0,riemannian,theory,246374,7726080819569.308,0.0009765625,2.9849056419238217e+25,0.7525900506353683,0.9999999999999999,1023.9999999999999
retuned,1024.0,riemannian,theory,251616,7706586852324.767,0.0009765625,2.969702452300378e+25,0.7487568409392815,0.9999999999999999,1023.9999999999999
retuned,1024.0,riemannian,theory,256858,7687223723024.771,0.0009765625,2.9547026563173253e+25,0.7449749132763588,0.9999999999999999,1023.9999999999999
retuned,1024.0,riemannian,theory,262100,7667991105037.69,0.0009765625,2.9399043816198455e+25,0.7412437955661472,0.9999999999999999,1023.9999999999999
retuned,1024.0,riemannian,theory,267342,7581597442183.452,0.012213865985907384,2.8740309887661326e+25,0.7246350092222857,0.012213865985907383,0.9999999999999999
retuned,1024.0,riemannian,theory,272584,6617525238791.532,0.13784670857877201,2.189582014302146e+25,0.552063561363324,0.137846708578772,0.9999999999999999
retuned,1024.0,riemannian,theory,277826,2502255491152.911,0.6740404762546564,3.130641271502448e+24,0.07893346576686631,0.6740404762546562,0.9999999999999999
retuned,1024.0,riemannian,theory,283068,276629093283.2345,0.9639671076343227,3.826182762535222e+22,0.0009647028832511569,0.9639671076343226,0.9999999999999999
retuned,1024.0,riemannian,theory,288310,22116229770.194664,0.9971192282622763,2.4456380962402235e+20,6.1662347808721414e-06,0.9971192282622762,0.9999999999999999
retuned,1024.0,riemannian,theory,290176,8905610548.231262,0.9988399912345812,3.965494961838396e+19,9.998279383467432e-07,0.9999999999999999,
retuned,1024.0,kl,theory,0,8796093022208.0,0.0009765625,3.9661773888770365e+25,1.0,0.9999999999999999,1023.9999999999999
retuned,1024.0,kl,theory,5242,8770065726707.35,0.0009765625,3.939075977826734e+25,0.9931668686513349,0.9999999999999999,1023.9999999999999
retuned,1024.0,kl,theory,10484,8744185579341.448,0.0009765625,3.912280141643887e+25,0.9864107824868595,0.9999999999999999,1023.9999999999999
retuned,1024.0,kl,theory,15726,8718452212761.009,0.0009765625,3.8857873914583745e+25,0.9797311139829217,0.9999999999999999,1023.9999999999999
retuned,1024.0,kl,theory,20968,8692865260533.682,0.0009765625,3.8595952532203812e+25,0.9731272393525413,0.9999999999999999,1023.9999999999999
retuned,1024.0,kl,theory,26210,8667424357141.985,0.0009765625,3.8337012676207185e+25,0.9665985385253213,0.9999999999999999,1023.9999999999999
retuned,1024.0,kl,theory,31452,8642129137980.848,0.0009765625,3.8081029900111516e+25,0.9601443951273593,0.9999999999999999,1023.9999999999999
retuned,1024.0,kl,theory,36694,8616979239355.481,0.0009765625,3.7827979903254435e+25,0.9537641964613403,0.9999999999999999,1023.9999999999999
retuned,1024.0,kl,theory,41936,8591974298479.055,0.0009765625,3.7577838530006167e+25,0.9474573334866842,0.9999999999999999,1023.9999999999999
retuned,1024.0,kl,theory,47178,8567113953470.341,0.0009765625,3.7330581768985976e+25,0.9412232007997899,0.9999999999999999,1023.9999999999999
retuned,1024.0,kl,theory,52420,8542397843351.642,0.0009765625,3.7086185752285224e+25,0.9350611966144464,0.9999999999999999,1023.9999999999999
retuned,1024.0,kl,theory,57662,8517825608046.377,0.0009765625,3.684462675469111e+25,0.9289707227422602,0.9999999999999999,1023.9999999999999
retuned,1024.0,kl,theory,62904,8493396888376.833,0.0009765625,3.6605881192916037e+25,0.9229511845732256,0.9999999999999999,1023.9999999999999
retuned,1024.0,kl,theory,68146,8469111326062.105,0.0009765625,3.636992562483258e+25,0.9170019910564358,0.9999999999999999,1023.9999999999999
retuned,1024.0,kl,theory,73388,8444968563715.567,0.0009765625,3.6136736748708233e+25,0.9111225546807882,0.9999999999999999,1023.9999999999999
retuned,1024.0,kl,theory,78630,8420968244842.927,0.0009765625,3.5906291402449095e+25,0.9053122914559155,0.9999999999999999,1023.9999999999999
retuned,1024.0,kl,theory,83872,8397110013839.746,0.0009765625,3.5678566562842842e+25,0.8995706208930986,0.9999999999999999,1023.9999999999999
retuned,1024.0,kl,theory,89114,8373393515989.415,0.0009765625,3.545353934480937e+25,0.8938969659863728,0.9999999999999999,1023.9999999999999
retuned,1024.0,kl,theory,94356,8349818397460.872,0.0009765625,3.5231187000653736e+25,0.888290753193692,0.9999999999999999,1023.9999999999999
retuned,1024.0,kl,theory,99598,8326384305306.304,0.0009765625,3.501148691932137e+25,0.8827514124181508,0.9999999999999999,1023.9999999999999
retuned,1024.0,kl,theory,104840,8303090887459.061,0.0009765625,3.4794416625660514e+25,0.877278376989387,0.9999999999999999,1023.9999999999999
retuned,1024.0,kl,theory,110082,8279937792731.408,0.0009765625,3.457995377968596e+25,0.8718710836450195,0.9999999999999999,1023.9999999999999
retuned,1024.0,kl,theory,115324,8256924670812.381,0.0009765625,3.4368076175847677e+25,0.8665289725122073,0.9999999999999999,1023.9999999999999
retuned,1024.0,kl,theory,120566,8234051172265.52,0.0009765625,3.4158761742302795e+25,0.8612514870892937,0.9999999999999999,1023.9999999999999
retuned,1024.0,kl,theory,125808,8211316948526.669,0.0009765625,3.3951988540190802e+25,0.8560380742275322,0.9999999999999999,1023.9999999999999
retuned,1024.0,kl,theory,131050,8188721651901.897,0.0009765625,3.374773476291432e+25,0.8508881841129522,0.9999999999999999,1023.9999999999999
retuned,1024.0,kl,theory,136292,8166264935565.2705,0.0009765625,3.354597873542186e+25,0.8458012702482754,0.9999999999999999,1023.9999999999999
retuned,1024.0,kl,theory,141534,8143946453556.795,0.0009765625,3.3346698913496006e+25,0.8407767894349684,0.9999999999999999,1023.9999999999999
retuned,1024.0,kl,theory,146776,8121765860779.963,0.0009765625,3.314987388304158e+25,0.8358142017552944,0.9999999999999999,1023.9999999999999
retuned,1024.0,kl,theory,152018,8099722812999.859,0.0009765625,3.2955482359382347e+25,0.8309129705545822,0.9999999999999999,1023.9999999999999
retuned,1024.0,kl,theory,157260,8077816966840.942,0.0009765625,3.2763503186558723e+25,0.8260725624235182,0.9999999999999999,1023.9999999999999
retuned,1024.0,kl,theory,162502,8056047979784.973,0.0009765625,3.257391533662997e+25,0.8212924471805529,0.9999999999999999,1023.9999999999999
retuned,1024.0,kl,theory,167744,8034415510168.661,0.0009765625,3.238669790897792e+25,0.8165720978543455,0.9999999999999999,1023.9999999999999
retuned,1024.0,kl,theory,172986,8012919217181.738,0.0009765625,3.2201830129617764e+25,0.8119109906663864,0.9999999999999999,1023.9999999999999
retuned,1024.0,kl,theory,178228,7991558760864.795,0.0009765625,3.201929135051006e+25,0.8073086050136512,0.9999999999999999,1023.9999999999999
retuned,1024.0,kl,theory,183470,7970333802107.02,0.0009765625,3.183906104887612e+25,0.8027644234513391,0.9999999999999999,1023.9999999999999
retuned,1024.0,kl,theory,188712,7949244002644.251,0.0009765625,3.1661118826518887e+25,0.7982779316757503,0.9999999999999999,1023.9999999999999
retuned,1024.0,kl,theory,193954,7928289025056.801,0.0009765625,3.1485444409145716e+25,0.7938486185072107,0.9999999999999999,1023.9999999999999
retuned,1024.0,kl,theory,199196,7907468532767.238,0.0009765625,3.1312017645694234e+25,0.7894759758730752,0.9999999999999999,1023.9999999999999
retuned,1024.0,kl,theory,204438,7886782190038.463,0.0009765625,3.1140818507663996e+25,0.7851594987908761,0.9999999999999999,1023.9999999999999
retuned,1024.0,kl,theory,209680,7866229661971.523,0.0009765625,3.097182708844956e+25,0.7808986853515084,0.9999999999999999,1023.9999999999999
retuned,1024.0,kl,theory,214922,7845810614503.545,0.0009765625,3.08050236026778e+25,0.7766930367025208,0.9999999999999999,1023.9999999999999
retuned,1024.0,kl,theory,220164,7825524714405.477,0.0009765625,3.0640388385547158e+25,0.7725420570314563,0.9999999999999999,1023.9999999999999
retuned,1024.0,kl,theory,225406,7805371629280.419,0.0009765625,3.047790189217508e+25,0.7684452535493991,0.9999999999999999,1023.9999999999999
retuned,1024.0,kl,theory,230648,7785351027561.111,0.0009765625,3.031754469694185e+25,0.7644021364744306,0.9999999999999999,1023.9999999999999
retuned,1024.0,kl,theory,235890,7765462578508.105,0.0009765625,3.0159297492843523e+25,0.7604122190153142,0.9999999999999999,1023.9999999999999
retuned,1024.0,kl,theory,241132,7745705952207.545,0.0009765625,3.000314109084477e+25,0.7564750173551795,0.9999999999999999,1023.9999999999999
retuned,1024.0,kl,theory,246374,7726080819569.308,0.0009765625,2.9849056419238217e+25,0.7525900506353683,0.9999999999999999,1023.9999999999999
retuned,1024.0,kl,theory,251616,7706586852324.767,0.0009765625,2.969702452300378e+25,0.7487568409392815,0.9999999999999999,1023.9999999999999
retuned,1024.0,kl,theory,256858,7687223723024.771,0.0009765625,2.9547026563173253e+25,0.7449749132763588,0.9999999999999999,1023.9999999999999
retuned,1024.0,kl,theory,262100,7667991105037.69,0.0009765625,2.9399043816198455e+25,0.7412437955661472,0.9999999999999999,1023.9999999999999
retuned,1024.0,kl,theory,267342,7581633955963.836,0.01220636293444183,2.8740586721111917e+25,0.7246419890777851,0.012206362934441828,0.9999999999999999
retuned,1024.0,kl,theory,272584,6618437389986.857,0.13769465852961094,2.1901856742588024e+25,0.552215763319381,0.1376946585296109,0.9999999999999999
retuned,1024.0,kl,theory,277826,2504912524093.7812,0.6735696500099211,3.1372933766809386e+24,0.07910118658533365,0.673569650009921,0.9999999999999999
retuned,1024.0,kl,theory,283068,277127318490.0189,0.9638521494564924,3.839977532673418e+22,0.0009681809854098962,0.9638521494564923,0.9999999999999999
retuned,1024.0,kl,theory,288310,22158778782.312725,0.9971061402066497,2.4550573856173628e+20,6.189983817926196e-06,0.9971061402066496,0.9999999999999999
retuned,1024.0,kl,theory,290180,8905422454.559063,0.998836465989337,3.965327454708238e+19,9.997857044490289e-07,0.9999999999999999,
retuned,1024.0,riemannian,const,0,8589934592.0,0.0009765625,3.78286960658837e+19,1.0,0.9999999999999999,1023.9999999999999
retuned,1024.0,riemannian,const,50,8347580639.62569,0.0009765625,3.5423611219695084e+19,0.9364216825766386,0.9999999999999999,1023.9999999999999
retuned,1024.0,riemannian,const,100,8118647323.014511,0.0009765625,3.327752196346106e+19,0.8796899027527629,0.9999999999999999,1023.9999999999999
retuned,1024.0,riemannian,const,150,7902810879.146566,0.0009765625,3.136995772259573e+19,0.8292635217444656,0.9999999999999999,1023.9999999999999
retuned,1024.0,riemannian,const,200,7699755355.547959,0.0009765625,2.968161969753348e+19,0.784632376591543,0.9999999999999999,1023.9999999999999
retuned,1024.0,riemannian,const,250,7509172421.867097,0.0009765625,2.819432028057333e+19,0.7453156786443068,0.9999999999999999,1023.9999999999999
retuned,1024.0,riemannian,const,282,5017520.02619825,0.9995165978618333,12587753606650.244,3.327567406692263e-07,0.9999999999999999,
retuned,1024.0,kl,const,0,8589934592.0,0.0009765625,3.78286960658837e+19,1.0,0.9999999999999999,1023.9999999999999
retuned,1024.0,kl,const,50,8347580639.62569,0.0009765625,3.5423611219695084e+19,0.9364216825766386,0.9999999999999999,1023.9999999999999
retuned,1024.0,kl,const,100,8118647323.014511,0.0009765625,3.327752196346106e+19,0.8796899027527629,0.9999999999999999,1023.9999999999999
retuned,1024.0,kl,const,150,7902810879.146566,0.0009765625,3.136995772259573e+19,0.8292635217444656,0.9999999999999999,1023.9999999999999
retuned,1024.0,kl,const,200,7699755355.547959,0.0009765625,2.968161969753348e+19,0.784632376591543,0.9999999999999999,1023.9999999999999
retuned,1024.0,kl,const,250,7509172421.867097,0.0009765625,2.819432028057333e+19,0.7453156786443068,0.9999999999999999,1023.9999999999999
retuned,1024.0,kl,const,286,4870167.68529449,0.9920609692411055,11859266641443.346,3.134992181805277e-07,0.9999999999999999,
