target,scheme,d,kappa,alpha,beta,dt,lambda0,iteration,energy_gap,gap_ratio_emp,q_dynamic,q_frozen,L_n,lambda_frozen,gap_dynamic_envelope,gap_frozen_envelope,lambda_min_C,status
gaussian,riemannian,20,10.0,1.0,10.0,0.05,1e-06,0,206.64222004228537,,0.999999925,0.999999925,1e-06,1e-06,206.64222004228537,206.64222004228537,1e-06,ok
gaussian,riemannian,20,10.0,1.0,10.0,0.05,1e-06,32,190.63976128498294,0.9973833290963302,0.9999996285471733,0.999999925,4.952704355861091e-06,1e-06,206.64102516571856,206.64172410153387,4.952841490724936e-06,ok
gaussian,riemannian,20,10.0,1.0,10.0,0.05,1e-06,64,174.62758550827874,0.9971407029382917,0.9999981607854936,0.999999925,2.4522860084264836e-05,1e-06,206.63510814002623,206.64122816197263,2.4526901471705272e-05,ok
gaussian,riemannian,20,10.0,1.0,10.0,0.05,1e-06,96,158.56734043970516,0.9968336249434802,0.9999909050847059,0.999999925,0.00012126553725547885,1e-06,206.605831217513,206.64073222360165,0.00012136778062222339,ok
gaussian,riemannian,20,10.0,1.0,10.0,0.05,1e-06,129,141.75146944065267,0.9963521119812753,0.9999530443687182,0.999999925,0.0006260750837566728,1e-06,206.45233350384612,206.6402207884032,0.0006288281534463174,ok
gaussian,riemannian,20,10.0,1.0,10.0,0.05,1e-06,161,124.24593322165165,0.9952726214252985,0.9997766882831028,0.999999925,0.00297748955862902,1e-06,205.7206908060992,206.63972485244992,0.003040858057518492,ok
gaussian,riemannian,20,10.0,1.0,10.0,0.05,1e-06,193,101.64582747202302,0.9915420249039447,0.9990761420889293,0.999999925,0.012318105480943855,1e-06,202.50188806541868,206.6392289176869,0.01347820449653572,ok
gaussian,riemannian,20,10.0,1.0,10.0,0.05,1e-06,225,65.4598974709366,0.9796400402804487,0.9974801695326957,0.999999925,0.03359773956405712,1e-06,192.11473435014926,206.63873298411406,0.04381767929891214,ok
gaussian,riemannian,20,10.0,1.0,10.0,0.05,1e-06,257,23.441638929275634,0.956143956228584,0.996130612272653,0.999999925,0.0515918363646269,1e-06,173.0820997240929,206.6382370517315,0.0798530874822418,ok
gaussian,riemannian,20,10.0,1.0,10.0,0.05,1e-06,289,3.3069781235455906,0.9265098334959636,0.995661485915507,0.999999925,0.05784685445990671,1e-06,151.52406087090182,206.63774112053918,0.09531969939615023,ok
gaussian,riemannian,20,10.0,1.0,10.0,0.05,1e-06,321,0.19945833610553265,0.9089099113073026,0.9955526228978668,0.999999925,0.059298361361775125,1e-06,131.56238753502808,206.6372451905371,0.09905687258358843,ok
gaussian,riemannian,20,10.0,1.0,10.0,0.05,1e-06,353,0.008380165651312055,0.9038426573975359,0.9955299776079782,0.999999925,0.05960029856029057,1e-06,114.02327956963941,206.6367492617252,0.09981586856217345,ok
gaussian,riemannian,20,10.0,1.0,10.0,0.05,1e-06,386,0.00029047401404014295,0.9027511119247476,0.9955253207821655,0.999999925,0.059662389571127294,1e-06,98.34346546066766,206.6362378363846,0.09996606271467048,ok
gaussian,riemannian,20,10.0,1.0,10.0,0.05,1e-06,418,1.094641505083871e-05,0.9025487879534977,0.9955244362435054,0.999999925,0.05967418341992868,1e-06,85.1945646897513,206.63574190999037,0.0999934241113619,ok
gaussian,riemannian,20,10.0,1.0,10.0,0.05,1e-06,450,4.1109520587667703e-07,0.9025094526160656,0.9955242576157987,0.999999925,0.0596765651226843,1e-06,73.80264945906133,206.6352459847864,0.0999987261055302,ok
gaussian,riemannian,20,10.0,1.0,10.0,0.05,1e-06,482,1.542847272162362e-08,0.9025020797497525,0.9955242215497566,0.999999925,0.05967704600324445,1e-06,63.93383302345127,206.6347500607726,0.09999975322940984,ok
gaussian,riemannian,20,10.0,1.0,10.0,0.05,1e-06,514,5.789591028815266e-10,0.9025018344940258,0.9955242142680778,0.999999925,0.059677143092295375,1e-06,55.38463201127534,206.63425413794906,0.09999995219760507,ok
gaussian,riemannian,20,10.0,1.0,10.0,0.05,1e-06,546,2.1726620502704463e-11,0.9025902147442993,0.9955242127979294,0.999999925,0.05967716269427502,1e-06,47.9786202515865,206.6337582163157,0.09999999074012342,ok
gaussian,riemannian,20,10.0,1.0,10.0,0.05,1e-06,578,8.171241461241152e-13,0.905511811023622,0.9955242125011114,0.999999925,0.05967716665184804,1e-06,41.56293654072965,206.63326229587258,0.0999999982062555,ok
gaussian,riemannian,20,10.0,1.0,10.0,0.05,1e-06,610,2.842170943040401e-14,0.8888888888888888,0.9955242124411848,0.999999925,0.05967716745086832,1e-06,36.0051555547403,206.63276637661966,0.09999999965253108,ok
gaussian,riemannian,20,10.0,1.0,10.0,0.05,1e-06,643,3.552713678800501e-15,1.0,0.9955242124289366,0.999999925,0.059677167614178024,1e-06,31.050956704228362,206.63225496113665,0.09999999993605678,ok
gaussian,riemannian,20,10.0,1.0,10.0,0.05,1e-06,675,1.7763568394002505e-15,1.0,0.995524212426613,0.999999925,0.05967716764515938,1e-06,26.89883386457231,206.63175904430133,0.09999999998761347,ok
gaussian,riemannian,20,10.0,1.0,10.0,0.05,1e-06,707,-1.7763568394002505e-15,-1.0,0.9955242124261439,0.999999925,0.05967716765141443,1e-06,23.301931407082744,206.63126312865617,0.09999999999760056,ok
gaussian,riemannian,20,10.0,1.0,10.0,0.05,1e-06,739,0.0,0.0,0.9955242124260492,0.999999925,0.059677167652677277,1e-06,20.186005461424323,206.63076721420126,0.09999999999953524,ok
gaussian,riemannian,20,10.0,1.0,10.0,0.05,1e-06,771,0.0,-0.0,0.9955242124260301,0.999999925,0.05967716765293223,1e-06,17.486740020364326,206.63027130093653,0.09999999999991004,ok
gaussian,riemannian,20,10.0,1.0,10.0,0.05,1e-06,803,-1.7763568394002505e-15,-1.0,0.9955242124260262,0.999999925,0.059677167652983726,1e-06,15.148419390060887,206.629775388862,0.09999999999998263,ok
gaussian,riemannian,20,10.0,1.0,10.0,0.05,1e-06,835,0.0,,0.9955242124260254,0.999999925,0.05967716765299413,1e-06,13.122778159332247,206.62927947797763,0.0999999999999966,ok
gaussian,riemannian,20,10.0,1.0,10.0,0.05,1e-06,867,0.0,,0.9955242124260253,0.999999925,0.059677167652996244,1e-06,11.368004950538475,206.62878356828344,0.09999999999999935,ok
gaussian,riemannian,20,10.0,1.0,10.0,0.05,1e-06,900,-1.7763568394002505e-15,1.0,0.9955242124260253,0.999999925,0.059677167652996625,1e-06,9.803802372327308,206.62827216265788,0.09999999999999935,ok
gaussian,riemannian,20,10.0,1.0,10.0,0.05,1e-06,932,-1.7763568394002505e-15,1.0,0.9955242124260253,0.999999925,0.059677167652996625,1e-06,8.492841420432015,206.62777625538126,0.09999999999999935,ok
gaussian,riemannian,20,10.0,1.0,10.0,0.05,1e-06,964,-1.7763568394002505e-15,1.0,0.9955242124260253,0.999999925,0.059677167652996625,1e-06,7.357181698827255,206.62728034929484,0.09999999999999935,ok
gaussian,riemannian,20,10.0,1.0,10.0,0.05,1e-06,996,-1.7763568394002505e-15,1.0,0.9955242124260253,0.999999925,0.059677167652996625,1e-06,6.373381989605696,206.62678444439854,0.09999999999999935,ok
gaussian,riemannian,20,10.0,1.0,10.0,0.05,1e-06,1028,-1.7763568394002505e-15,1.0,0.9955242124260253,0.999999925,0.059677167652996625,1e-06,5.521135626146786,206.62628854069243,0.09999999999999935,ok
gaussian,riemannian,20,10.0,1.0,10.0,0.05,1e-06,1060,-1.7763568394002505e-15,1.0,0.9955242124260253,0.999999925,0.059677167652996625,1e-06,4.782851342038132,206.62579263817653,0.09999999999999935,ok
gaussian,riemannian,20,10.0,1.0,10.0,0.05,1e-06,1092,-1.7763568394002505e-15,1.0,0.9955242124260253,0.999999925,0.059677167652996625,1e-06,4.143290168729461,206.62529673685074,0.09999999999999935,ok
gaussian,riemannian,20,10.0,1.0,10.0,0.05,1e-06,1124,-1.7763568394002505e-15,1.0,0.9955242124260253,0.999999925,0.059677167652996625,1e-06,3.5892508871025957,206.62480083671514,0.09999999999999935,ok
gaussian,riemannian,20,10.0,1.0,10.0,0.05,1e-06,1157,-1.7763568394002505e-15,1.0,0.9955242124260253,0.999999925,0.059677167652996625,1e-06,3.0953809850502862,206.62428944094682,0.09999999999999935,ok
gaussian,riemannian,20,10.0,1.0,10.0,0.05,1e-06,1189,-1.7763568394002505e-15,1.0,0.9955242124260253,0.999999925,0.059677167652996625,1e-06,2.681467745214465,206.62379354322871,0.09999999999999935,ok
gaussian,riemannian,20,10.0,1.0,10.0,0.05,1e-06,1221,-1.7763568394002505e-15,1.0,0.9955242124260253,0.999999925,0.059677167652996625,1e-06,2.3229028359844155,206.6232976467008,0.09999999999999935,ok
gaussian,riemannian,20,10.0,1.0,10.0,0.05,1e-06,1253,-1.7763568394002505e-15,1.0,0.9955242124260253,0.999999925,0.059677167652996625,1e-06,2.0122850983586527,206.62280175136297,0.09999999999999935,ok
gaussian,riemannian,20,10.0,1.0,10.0,0.05,1e-06,1285,-1.7763568394002505e-15,1.0,0.9955242124260253,0.999999925,0.059677167652996625,1e-06,1.743203053674114,206.62230585721534,0.09999999999999935,ok
gaussian,riemannian,20,10.0,1.0,10.0,0.05,1e-06,1317,-1.7763568394002505e-15,1.0,0.9955242124260253,0.999999925,0.059677167652996625,1e-06,1.5101025639047652,206.62180996425784,0.09999999999999935,ok
gaussian,riemannian,20,10.0,1.0,10.0,0.05,1e-06,1349,-1.7763568394002505e-15,1.0,0.9955242124260253,0.999999925,0.059677167652996625,1e-06,1.3081721883778095,206.62131407249046,0.09999999999999935,ok
gaussian,riemannian,20,10.0,1.0,10.0,0.05,1e-06,1382,-1.7763568394002505e-15,1.0,0.9955242124260253,0.999999925,0.059677167652996625,1e-06,1.1281717117147703,206.6208026853519,0.09999999999999935,ok
gaussian,riemannian,20,10.0,1.0,10.0,0.05,1e-06,1414,-1.7763568394002505e-15,1.0,0.9955242124260253,0.999999925,0.059677167652996625,1e-06,0.9773129933397852,206.62030679600198,0.09999999999999935,ok
gaussian,riemannian,20,10.0,1.0,10.0,0.05,1e-06,1446,-1.7763568394002505e-15,1.0,0.9955242124260253,0.999999925,0.059677167652996625,1e-06,0.8466270489081843,206.61981090784224,0.09999999999999935,ok
gaussian,riemannian,20,10.0,1.0,10.0,0.05,1e-06,1478,-1.7763568394002505e-15,1.0,0.9955242124260253,0.999999925,0.059677167652996625,1e-06,0.733416382292768,206.6193150208726,0.09999999999999935,ok
gaussian,riemannian,20,10.0,1.0,10.0,0.05,1e-06,1510,-1.7763568394002505e-15,1.0,0.9955242124260253,0.999999925,0.059677167652996625,1e-06,0.6353442055850805,206.61881913509308,0.09999999999999935,ok
gaussian,riemannian,20,10.0,1.0,10.0,0.05,1e-06,1542,-1.7763568394002505e-15,1.0,0.9955242124260253,0.999999925,0.059677167652996625,1e-06,0.5503862053212244,206.6183232505037,0.09999999999999935,ok
gaussian,riemannian,20,10.0,1.0,10.0,0.05,1e-06,1574,-1.7763568394002505e-15,1.0,0.9955242124260253,0.999999925,0.059677167652996625,1e-06,0.4767887585107308,206.61782736710444,0.09999999999999935,ok
gaussian,riemannian,20,10.0,1.0,10.0,0.05,1e-06,1606,-1.7763568394002505e-15,1.0,0.9955242124260253,0.999999925,0.059677167652996625,1e-06,0.4130327360031266,206.6173314848953,0.09999999999999935,ok
gaussian,riemannian,20,10.0,1.0,10.0,0.05,1e-06,1639,-1.7763568394002505e-15,1.0,0.9955242124260253,0.999999925,0.059677167652996625,1e-06,0.3562006996561421,206.61682010761362,0.09999999999999935,ok
gaussian,riemannian,20,10.0,1.0,10.0,0.05,1e-06,1671,-1.7763568394002505e-15,1.0,0.9955242124260253,0.999999925,0.059677167652996625,1e-06,0.3085696693117254,206.6163242278219,0.09999999999999935,ok
gaussian,riemannian,20,10.0,1.0,10.0,0.05,1e-06,1703,-1.7763568394002505e-15,1.0,0.9955242124260253,0.999999925,0.059677167652996625,1e-06,0.2673078433340067,206.61582834922027,0.09999999999999935,ok
gaussian,riemannian,20,10.0,1.0,10.0,0.05,1e-06,1735,-1.7763568394002505e-15,1.0,0.9955242124260253,0.999999925,0.059677167652996625,1e-06,0.23156353398977003,206.61533247180878,0.09999999999999935,ok
gaussian,riemannian,20,10.0,1.0,10.0,0.05,1e-06,1767,-1.7763568394002505e-15,1.0,0.9955242124260253,0.999999925,0.059677167652996625,1e-06,0.20059894092531366,206.61483659558738,0.09999999999999935,ok
gaussian,riemannian,20,10.0,1.0,10.0,0.05,1e-06,1799,-1.7763568394002505e-15,1.0,0.9955242124260253,0.999999925,0.059677167652996625,1e-06,0.17377492218673427,206.6143407205561,0.09999999999999935,ok
gaussian,riemannian,20,10.0,1.0,10.0,0.05,1e-06,1831,-1.7763568394002505e-15,1.0,0.9955242124260253,0.999999925,0.059677167652996625,1e-06,0.15053780165394132,206.6138448467149,0.09999999999999935,ok
gaussian,riemannian,20,10.0,1.0,10.0,0.05,1e-06,1863,-1.7763568394002505e-15,1.0,0.9955242124260253,0.999999925,0.059677167652996625,1e-06,0.13040794057988264,206.6133489740638,0.09999999999999935,ok
gaussian,riemannian,20,10.0,1.0,10.0,0.05,1e-06,1896,-1.7763568394002505e-15,1.0,0.9955242124260253,0.999999925,0.059677167652996625,1e-06,0.11246420834526583,206.6128376066388,0.09999999999999935,ok
gaussian,riemannian,20,10.0,1.0,10.0,0.05,1e-06,1928,-1.7763568394002505e-15,1.0,0.9955242124260253,0.999999925,0.059677167652996625,1e-06,0.09742553457083102,206.61234173640506,0.09999999999999935,ok
gaussian,riemannian,20,10.0,1.0,10.0,0.05,1e-06,1960,-1.7763568394002505e-15,1.0,0.9955242124260253,0.999999925,0.059677167652996625,1e-06,0.08439782688259813,206.61184586736144,0.09999999999999935,ok
gaussian,riemannian,20,10.0,1.0,10.0,0.05,1e-06,1992,-1.7763568394002505e-15,1.0,0.9955242124260253,0.999999925,0.059677167652996625,1e-06,0.07311217961371712,206.61134999950787,0.09999999999999935,ok
gaussian,riemannian,20,10.0,1.0,10.0,0.05,1e-06,2024,-1.7763568394002505e-15,1.0,0.9955242124260253,0.999999925,0.059677167652996625,1e-06,0.06333564506707214,206.6108541328444,0.09999999999999935,ok
gaussian,riemannian,20,10.0,1.0,10.0,0.05,1e-06,2056,-1.7763568394002505e-15,1.0,0.9955242124260253,0.999999925,0.059677167652996625,1e-06,0.05486642522841063,206.61035826737097,0.09999999999999935,ok
gaussian,riemannian,20,10.0,1.0,10.0,0.05,1e-06,2088,-1.7763568394002505e-15,1.0,0.9955242124260253,0.999999925,0.059677167652996625,1e-06,0.04752970644187572,206.60986240308767,0.09999999999999935,ok
gaussian,riemannian,20,10.0,1.0,10.0,0.05,1e-06,2120,-1.7763568394002505e-15,1.0,0.9955242124260253,0.999999925,0.059677167652996625,1e-06,0.04117405107123879,206.60936653999443,0.09999999999999935,ok
gaussian,riemannian,20,10.0,1.0,10.0,0.05,1e-06,2153,-1.7763568394002505e-15,1.0,0.9955242124260253,0.999999925,0.059677167652996625,1e-06,0.035508628059791256,206.60885518242594,0.09999999999999935,ok
gaussian,riemannian,20,10.0,1.0,10.0,0.05,1e-06,2185,-1.7763568394002505e-15,1.0,0.9955242124260253,0.999999925,0.059677167652996625,1e-06,0.030760426997195858,206.60835932175002,0.09999999999999935,ok
gaussian,riemannian,20,10.0,1.0,10.0,0.05,1e-06,2217,-1.7763568394002505e-15,1.0,0.9955242124260253,0.999999925,0.059677167652996625,1e-06,0.026647153684917057,206.60786346226416,0.09999999999999935,ok
gaussian,riemannian,20,10.0,1.0,10.0,0.05,1e-06,2249,-1.7763568394002505e-15,1.0,0.9955242124260253,0.999999925,0.059677167652996625,1e-06,0.023083905810940768,206.60736760396836,0.09999999999999935,ok
gaussian,riemannian,20,10.0,1.0,10.0,0.05,1e-06,2281,-1.7763568394002505e-15,1.0,0.9955242124260253,0.999999925,0.059677167652996625,1e-06,0.019997134170093397,206.60687174686262,0.09999999999999935,ok
gaussian,riemannian,20,10.0,1.0,10.0,0.05,1e-06,2313,-1.7763568394002505e-15,1.0,0.9955242124260253,0.999999925,0.059677167652996625,1e-06,0.017323124530649776,206.60637589094696,0.09999999999999935,ok
gaussian,riemannian,20,10.0,1.0,10.0,0.05,1e-06,2345,-1.7763568394002505e-15,1.0,0.9955242124260253,0.999999925,0.059677167652996625,1e-06,0.015006682505196116,206.60588003622132,0.09999999999999935,ok
gaussian,riemannian,20,10.0,1.0,10.0,0.05,1e-06,2378,-1.7763568394002505e-15,1.0,0.9955242124260253,0.999999925,0.059677167652996625,1e-06,0.012941809067230883,206.60536868728192,0.09999999999999935,ok
gaussian,riemannian,20,10.0,1.0,10.0,0.05,1e-06,2410,-1.7763568394002505e-15,1.0,0.9955242124260253,0.999999925,0.059677167652996625,1e-06,0.011211234980801545,206.6048728349736,0.09999999999999935,ok
gaussian,riemannian,20,10.0,1.0,10.0,0.05,1e-06,2442,-1.7763568394002505e-15,1.0,0.9955242124260253,0.999999925,0.059677167652996625,1e-06,0.009712072643151895,206.60437698385527,0.09999999999999935,ok
gaussian,riemannian,20,10.0,1.0,10.0,0.05,1e-06,2474,-1.7763568394002505e-15,1.0,0.9955242124260253,0.999999925,0.059677167652996625,1e-06,0.008413377757881561,206.60388113392705,0.09999999999999935,ok
gaussian,riemannian,20,10.0,1.0,10.0,0.05,1e-06,2506,-1.7763568394002505e-15,1.0,0.9955242124260253,0.999999925,0.059677167652996625,1e-06,0.007288343888853374,206.6033852851888,0.09999999999999935,ok
gaussian,riemannian,20,10.0,1.0,10.0,0.05,1e-06,2538,-1.7763568394002505e-15,1.0,0.9955242124260253,0.999999925,0.059677167652996625,1e-06,0.006313749146996773,206.6028894376406,0.09999999999999935,ok
gaussian,riemannian,20,10.0,1.0,10.0,0.05,1e-06,2570,-1.7763568394002505e-15,1.0,0.9955242124260253,0.999999925,0.059677167652996625,1e-06,0.00546947686595424,206.60239359128246,0.09999999999999935,ok
gaussian,riemannian,20,10.0,1.0,10.0,0.05,1e-06,2602,-1.7763568394002505e-15,1.0,0.9955242124260253,0.999999925,0.059677167652996625,1e-06,0.004738100372809109,206.60189774611433,0.09999999999999935,ok
gaussian,riemannian,20,10.0,1.0,10.0,0.05,1e-06,2635,-1.7763568394002505e-15,1.0,0.9955242124260253,0.999999925,0.059677167652996625,1e-06,0.004086152308815679,206.60138640703113,0.09999999999999935,ok
gaussian,riemannian,20,10.0,1.0,10.0,0.05,1e-06,2667,-1.7763568394002505e-15,1.0,0.9955242124260253,0.999999925,0.059677167652996625,1e-06,0.003539753481410255,206.60089056428023,0.09999999999999935,ok
gaussian,riemannian,20,10.0,1.0,10.0,0.05,1e-06,2699,-1.7763568394002505e-15,1.0,0.9955242124260253,0.999999925,0.059677167652996625,1e-06,0.003066418910064477,206.60039472271936,0.09999999999999935,ok
gaussian,riemannian,20,10.0,1.0,10.0,0.05,1e-06,2731,-1.7763568394002505e-15,1.0,0.9955242124260253,0.999999925,0.059677167652996625,1e-06,0.0026563784685522352,206.59989888234853,0.09999999999999935,ok
gaussian,riemannian,20,10.0,1.0,10.0,0.05,1e-06,2763,-1.7763568394002505e-15,1.0,0.9955242124260253,0.999999925,0.059677167652996625,1e-06,0.002301168488437069,206.5994030431677,0.09999999999999935,ok
gaussian,riemannian,20,10.0,1.0,10.0,0.05,1e-06,2795,-1.7763568394002505e-15,1.0,0.9955242124260253,0.999999925,0.059677167652996625,1e-06,0.0019934570600031263,206.59890720517689,0.09999999999999935,ok
gaussian,riemannian,20,10.0,1.0,10.0,0.05,1e-06,2827,-1.7763568394002505e-15,1.0,0.9955242124260253,0.999999925,0.059677167652996625,1e-06,0.0017268926938832385,206.59841136837608,0.09999999999999935,ok
gaussian,riemannian,20,10.0,1.0,10.0,0.05,1e-06,2859,-1.7763568394002505e-15,1.0,0.9955242124260253,0.999999925,0.059677167652996625,1e-06,0.0014959732196000396,206.59791553276528,0.09999999999999935,ok
gaussian,riemannian,20,10.0,1.0,10.0,0.05,1e-06,2892,-1.7763568394002505e-15,1.0,0.9955242124260253,0.999999925,0.059677167652996625,1e-06,0.0012901318976429796,206.59740420353802,0.09999999999999935,ok
gaussian,riemannian,20,10.0,1.0,10.0,0.05,1e-06,2924,-1.7763568394002505e-15,1.0,0.9955242124260253,0.999999925,0.059677167652996625,1e-06,0.0011176159210481737,206.5969083703444,0.09999999999999935,ok
gaussian,riemannian,20,10.0,1.0,10.0,0.05,1e-06,2956,-1.7763568394002505e-15,1.0,0.9955242124260253,0.999999925,0.059677167652996625,1e-06,0.0009681687192312281,206.5964125383408,0.09999999999999935,ok
gaussian,riemannian,20,10.0,1.0,10.0,0.05,1e-06,2988,-1.7763568394002505e-15,1.0,0.9955242124260253,0.999999925,0.059677167652996625,1e-06,0.0008387055438676352,206.59591670752718,0.09999999999999935,ok
gaussian,riemannian,20,10.0,1.0,10.0,0.05,1e-06,3020,-1.7763568394002505e-15,1.0,0.9955242124260253,0.999999925,0.059677167652996625,1e-06,0.000726554138077153,206.59542087790356,0.09999999999999935,ok
gaussian,riemannian,20,10.0,1.0,10.0,0.05,1e-06,3052,-1.7763568394002505e-15,1.0,0.9955242124260253,0.999999925,0.059677167652996625,1e-06,0.0006293995782151939,206.59492504946996,0.09999999999999935,ok
gaussian,riemannian,20,10.0,1.0,10.0,0.05,1e-06,3084,-1.7763568394002505e-15,1.0,0.9955242124260253,0.999999925,0.059677167652996625,1e-06,0.0005452364914001735,206.5944292222263,0.09999999999999935,ok
gaussian,riemannian,20,10.0,1.0,10.0,0.05,1e-06,3116,-1.7763568394002505e-15,1.0,0.9955242124260253,0.999999925,0.059677167652996625,1e-06,0.00047232766249603257,206.59393339617264,0.09999999999999935,ok
gaussian,riemannian,20,10.0,1.0,10.0,0.05,1e-06,3149,-1.7763568394002505e-15,1.0,0.9955242124260253,0.999999925,0.059677167652996625,1e-06,0.0004073368263157799,206.59342207680115,0.09999999999999935,ok
gaussian,riemannian,20,10.0,1.0,10.0,0.05,1e-06,3181,-1.7763568394002505e-15,1.0,0.9955242124260253,0.999999925,0.059677167652996625,1e-06,0.00035286789137720505,206.59292625316465,0.09999999999999935,ok
gaussian,riemannian,20,10.0,1.0,10.0,0.05,1e-06,3213,-1.7763568394002505e-15,1.0,0.9955242124260253,0.999999925,0.059677167652996625,1e-06,0.000305682522965568,206.5924304307181,0.09999999999999935,ok
gaussian,riemannian,20,10.0,1.0,10.0,0.05,1e-06,3245,-1.7763568394002505e-15,1.0,0.9955242124260253,0.999999925,0.059677167652996625,1e-06,0.00026480676516614125,206.59193460946156,0.09999999999999935,ok
gaussian,riemannian,20,10.0,1.0,10.0,0.05,1e-06,3277,-1.7763568394002505e-15,1.0,0.9955242124260253,0.999999925,0.059677167652996625,1e-06,0.00022939689910127603,206.59143878939497,0.09999999999999935,ok
gaussian,riemannian,20,10.0,1.0,10.0,0.05,1e-06,3309,-1.7763568394002505e-15,1.0,0.9955242124260253,0.999999925,0.059677167652996625,1e-06,0.00019872202768031664,206.5909429705183,0.09999999999999935,ok
gaussian,riemannian,20,10.0,1.0,10.0,0.05,1e-06,3341,-1.7763568394002505e-15,1.0,0.9955242124260253,0.999999925,0.059677167652996625,1e-06,0.000172148989110537,206.59044715283167,0.09999999999999935,ok
gaussian,riemannian,20,10.0,1.0,10.0,0.05,1e-06,3373,-1.7763568394002505e-15,1.0,0.9955242124260253,0.999999925,0.059677167652996625,1e-06,0.00014912928776800698,206.58995133633496,0.09999999999999935,ok
gaussian,riemannian,20,10.0,1.0,10.0,0.05,1e-06,3406,-1.7763568394002505e-15,1.0,0.9955242124260253,0.999999925,0.059677167652996625,1e-06,0.00012860955564012274,206.58944002681906,0.09999999999999935,ok
gaussian,riemannian,20,10.0,1.0,10.0,0.05,1e-06,3438,-1.7763568394002505e-15,1.0,0.9955242124260253,0.999999925,0.059677167652996625,1e-06,0.00011141193179157285,206.58894421273945,0.09999999999999935,ok
gaussian,riemannian,20,10.0,1.0,10.0,0.05,1e-06,3470,-1.7763568394002505e-15,1.0,0.9955242124260253,0.999999925,0.059677167652996625,1e-06,9.651396806208758e-05,206.5884483998498,0.09999999999999935,ok
gaussian,riemannian,20,10.0,1.0,10.0,0.05,1e-06,3502,-1.7763568394002505e-15,1.0,0.9955242124260253,0.999999925,0.059677167652996625,1e-06,8.360815472184679e-05,206.5879525881501,0.09999999999999935,ok
gaussian,riemannian,20,10.0,1.0,10.0,0.05,1e-06,3534,-1.7763568394002505e-15,1.0,0.9955242124260253,0.999999925,0.059677167652996625,1e-06,7.242810213227775e-05,206.58745677764034,0.09999999999999935,ok
gaussian,riemannian,20,10.0,1.0,10.0,0.05,1e-06,3566,-1.7763568394002505e-15,1.0,0.9955242124260253,0.999999925,0.059677167652996625,1e-06,6.274304218213926e-05,206.58696096832054,0.09999999999999935,ok
gaussian,riemannian,20,10.0,1.0,10.0,0.05,1e-06,3598,-1.7763568394002505e-15,1.0,0.9955242124260253,0.999999925,0.059677167652996625,1e-06,5.4353064989608624e-05,206.58646516019067,0.09999999999999935,ok
gaussian,riemannian,20,10.0,1.0,10.0,0.05,1e-06,3631,-1.7763568394002505e-15,1.0,0.9955242124260253,0.999999925,0.059677167652996625,1e-06,4.687425012628489e-05,206.58595385930303,0.09999999999999935,ok
gaussian,riemannian,20,10.0,1.0,10.0,0.05,1e-06,3663,-1.7763568394002505e-15,1.0,0.9955242124260253,0.999999925,0.059677167652996625,1e-06,4.0606242140078954e-05,206.58545805359023,0.09999999999999935,ok
gaussian,riemannian,20,10.0,1.0,10.0,0.05,1e-06,3695,-1.7763568394002505e-15,1.0,0.9955242124260253,0.999999925,0.059677167652996625,1e-06,3.5176389943230595e-05,206.58496224906733,0.09999999999999935,ok
gaussian,riemannian,20,10.0,1.0,10.0,0.05,1e-06,3727,-1.7763568394002505e-15,1.0,0.9955242124260253,0.999999925,0.059677167652996625,1e-06,3.047261564292608e-05,206.5844664457344,0.09999999999999935,ok
gaussian,riemannian,20,10.0,1.0,10.0,0.05,1e-06,3759,-1.7763568394002505e-15,1.0,0.9955242124260253,0.999999925,0.059677167652996625,1e-06,2.6397828362151213e-05,206.58397064359136,0.09999999999999935,ok
gaussian,riemannian,20,10.0,1.0,10.0,0.05,1e-06,3791,-1.7763568394002505e-15,1.0,0.9955242124260253,0.999999925,0.059677167652996625,1e-06,2.2867920181291058e-05,206.58347484263828,0.09999999999999935,ok
gaussian,riemannian,20,10.0,1.0,10.0,0.05,1e-06,3823,-1.7763568394002505e-15,1.0,0.9955242124260253,0.999999925,0.059677167652996625,1e-06,1.981003006170328e-05,206.5829790428751,0.09999999999999935,ok
gaussian,riemannian,20,10.0,1.0,10.0,0.05,1e-06,3855,-1.7763568394002505e-15,1.0,0.9955242124260253,0.999999925,0.059677167652996625,1e-06,1.716103991681118e-05,206.58248324430184,0.09999999999999935,ok
gaussian,riemannian,20,10.0,1.0,10.0,0.05,1e-06,3888,-1.7763568394002505e-15,1.0,0.9955242124260253,0.999999925,0.059677167652996625,1e-06,1.4799733513492865e-05,206.58197195326946,0.09999999999999935,ok
gaussian,riemannian,20,10.0,1.0,10.0,0.05,1e-06,3920,-1.7763568394002505e-15,1.0,0.9955242124260253,0.999999925,0.059677167652996625,1e-06,1.2820718433648954e-05,206.5814761571132,0.09999999999999935,ok
gaussian,riemannian,20,10.0,1.0,10.0,0.05,1e-06,3952,-1.7763568394002505e-15,1.0,0.9955242124260253,0.999999925,0.059677167652996625,1e-06,1.110633654349585e-05,206.58098036214687,0.09999999999999935,ok
gaussian,riemannian,20,10.0,1.0,10.0,0.05,1e-06,3984,-1.7763568394002505e-15,1.0,0.9955242124260253,0.999999925,0.059677167652996625,1e-06,9.621201187419263e-06,206.58048456837042,0.09999999999999935,ok
gaussian,riemannian,20,10.0,1.0,10.0,0.05,1e-06,4016,-1.7763568394002505e-15,1.0,0.9955242124260253,0.999999925,0.059677167652996625,1e-06,8.334657600755645e-06,206.5799887757839,0.09999999999999935,ok
gaussian,riemannian,20,10.0,1.0,10.0,0.05,1e-06,4048,-1.7763568394002505e-15,1.0,0.9955242124260253,0.999999925,0.059677167652996625,1e-06,7.220150163024201e-06,206.57949298438726,0.09999999999999935,ok
gaussian,riemannian,20,10.0,1.0,10.0,0.05,1e-06,4080,-1.7763568394002505e-15,1.0,0.9955242124260253,0.999999925,0.059677167652996625,1e-06,6.254674261830754e-06,206.57899719418054,0.09999999999999935,ok
gaussian,riemannian,20,10.0,1.0,10.0,0.05,1e-06,4112,-1.7763568394002505e-15,1.0,0.9955242124260253,0.999999925,0.059677167652996625,1e-06,5.418301453334601e-06,206.5785014051637,0.09999999999999935,ok
gaussian,riemannian,20,10.0,1.0,10.0,0.05,1e-06,4145,-1.7763568394002505e-15,1.0,0.9955242124260253,0.999999925,0.059677167652996625,1e-06,4.672759809070114e-06,206.57799012398635,0.09999999999999935,ok
gaussian,riemannian,20,10.0,1.0,10.0,0.05,1e-06,4177,-1.7763568394002505e-15,1.0,0.9955242124260253,0.999999925,0.059677167652996625,1e-06,4.04792003623181e-06,206.57749433738647,0.09999999999999935,ok
gaussian,riemannian,20,10.0,1.0,10.0,0.05,1e-06,4209,-1.7763568394002505e-15,1.0,0.9955242124260253,0.999999925,0.059677167652996625,1e-06,3.5066336146620204e-06,206.57699855197652,0.09999999999999935,ok
gaussian,riemannian,20,10.0,1.0,10.0,0.05,1e-06,4241,-1.7763568394002505e-15,1.0,0.9955242124260253,0.999999925,0.059677167652996625,1e-06,3.037727820069381e-06,206.57650276775638,0.09999999999999935,ok
gaussian,riemannian,20,10.0,1.0,10.0,0.05,1e-06,4273,-1.7763568394002505e-15,1.0,0.9955242124260253,0.999999925,0.059677167652996625,1e-06,2.6315239408645404e-06,206.57600698472618,0.09999999999999935,ok
gaussian,riemannian,20,10.0,1.0,10.0,0.05,1e-06,4305,-1.7763568394002505e-15,1.0,0.9955242124260253,0.999999925,0.059677167652996625,1e-06,2.279637499315221e-06,206.57551120288585,0.09999999999999935,ok
gaussian,riemannian,20,10.0,1.0,10.0,0.05,1e-06,4337,-1.7763568394002505e-15,1.0,0.9955242124260253,0.999999925,0.059677167652996625,1e-06,1.9748051870570693e-06,206.5750154222354,0.09999999999999935,ok
gaussian,riemannian,20,10.0,1.0,10.0,0.05,1e-06,4369,-1.7763568394002505e-15,1.0,0.9955242124260253,0.999999925,0.059677167652996625,1e-06,1.7107349427261932e-06,206.5745196427748,0.09999999999999935,ok
gaussian,riemannian,20,10.0,1.0,10.0,0.05,1e-06,4402,-1.7763568394002505e-15,1.0,0.9955242124260253,0.999999925,0.059677167652996625,1e-06,1.475343067046064e-06,206.57400837145227,0.09999999999999935,ok
gaussian,riemannian,20,10.0,1.0,10.0,0.05,1e-06,4434,-1.7763568394002505e-15,1.0,0.9955242124260253,0.999999925,0.059677167652996625,1e-06,1.278060719025039e-06,206.5735125944086,0.09999999999999935,ok
gaussian,riemannian,20,10.0,1.0,10.0,0.05,1e-06,4466,-1.7763568394002505e-15,1.0,0.9955242124260253,0.999999925,0.059677167652996625,1e-06,1.1071588961239202e-06,206.5730168185548,0.09999999999999935,ok
gaussian,riemannian,20,10.0,1.0,10.0,0.05,1e-06,4498,-1.7763568394002505e-15,1.0,0.9955242124260253,0.999999925,0.059677167652996625,1e-06,9.591100039452217e-07,206.57252104389084,0.09999999999999935,ok
gaussian,riemannian,20,10.0,1.0,10.0,0.05,1e-06,4530,-1.7763568394002505e-15,1.0,0.9955242124260253,0.999999925,0.059677167652996625,1e-06,8.30858156754442e-07,206.57202527041676,0.09999999999999935,ok
gaussian,riemannian,20,10.0,1.0,10.0,0.05,1e-06,4562,-1.7763568394002505e-15,1.0,0.9955242124260253,0.999999925,0.059677167652996625,1e-06,7.197561007661179e-07,206.57152949813252,0.09999999999999935,ok
gaussian,riemannian,20,10.0,1.0,10.0,0.05,1e-06,4594,-1.7763568394002505e-15,1.0,0.9955242124260253,0.999999925,0.059677167652996625,1e-06,6.235105720255377e-07,206.57103372703816,0.09999999999999935,ok
gaussian,riemannian,20,10.0,1.0,10.0,0.05,1e-06,4627,-1.7763568394002505e-15,1.0,0.9955242124260253,0.999999925,0.059677167652996625,1e-06,5.37717431668217e-07,206.57052246434324,0.09999999999999935,ok
gaussian,riemannian,20,10.0,1.0,10.0,0.05,1e-06,4659,-1.7763568394002505e-15,1.0,0.9955242124260253,0.999999925,0.059677167652996625,1e-06,4.658140487460746e-07,206.57002669566577,0.09999999999999935,ok
gaussian,riemannian,20,10.0,1.0,10.0,0.05,1e-06,4691,-1.7763568394002505e-15,1.0,0.9955242124260253,0.999999925,0.059677167652996625,1e-06,4.0352556050869e-07,206.5695309281781,0.09999999999999935,ok
gaussian,riemannian,20,10.0,1.0,10.0,0.05,1e-06,4723,-1.7763568394002505e-15,1.0,0.9955242124260253,0.999999925,0.059677167652996625,1e-06,3.495662666726827e-07,206.56903516188027,0.09999999999999935,ok
gaussian,riemannian,20,10.0,1.0,10.0,0.05,1e-06,4755,-1.7763568394002505e-15,1.0,0.9955242124260253,0.999999925,0.059677167652996625,1e-06,3.0282239033739143e-07,206.56853939677228,0.09999999999999935,ok
gaussian,riemannian,20,10.0,1.0,10.0,0.05,1e-06,4787,-1.7763568394002505e-15,1.0,0.9955242124260253,0.999999925,0.059677167652996625,1e-06,2.6232908845153603e-07,206.56804363285414,0.09999999999999935,ok
gaussian,riemannian,20,10.0,1.0,10.0,0.05,1e-06,4819,-1.7763568394002505e-15,1.0,0.9955242124260253,0.999999925,0.059677167652996625,1e-06,2.2725053643206977e-07,206.56754787012582,0.09999999999999935,ok
gaussian,riemannian,20,10.0,1.0,10.0,0.05,1e-06,4851,-1.7763568394002505e-15,1.0,0.9955242124260253,0.999999925,0.059677167652996625,1e-06,1.9686267586068407e-07,206.56705210858732,0.09999999999999935,ok
gaussian,riemannian,20,10.0,1.0,10.0,0.05,1e-06,4884,-1.7763568394002505e-15,1.0,0.9955242124260253,0.999999925,0.059677167652996625,1e-06,1.697749760862179e-07,206.56654085574695,0.09999999999999935,ok
gaussian,riemannian,20,10.0,1.0,10.0,0.05,1e-06,4916,-1.7763568394002505e-15,1.0,0.9955242124260253,0.999999925,0.059677167652996625,1e-06,1.4707272691744422e-07,206.5660450966253,0.09999999999999935,ok
gaussian,riemannian,20,10.0,1.0,10.0,0.05,1e-06,4948,-1.7763568394002505e-15,1.0,0.9955242124260253,0.999999925,0.059677167652996625,1e-06,1.274062143996323e-07,206.56554933869347,0.09999999999999935,ok
gaussian,riemannian,20,10.0,1.0,10.0,0.05,1e-06,4980,-1.7763568394002505e-15,1.0,0.9955242124260253,0.999999925,0.059677167652996625,1e-06,1.1036950091199922e-07,206.56505358195142,0.09999999999999935,ok
gaussian,riemannian,20,10.0,1.0,10.0,0.05,1e-06,5012,-1.7763568394002505e-15,1.0,0.9955242124260253,0.999999925,0.059677167652996625,1e-06,9.561093066743653e-08,206.56455782639924,0.09999999999999935,ok
gaussian,riemannian,20,10.0,1.0,10.0,0.05,1e-06,5044,-1.7763568394002505e-15,1.0,0.9955242124260253,0.999999925,0.059677167652996625,1e-06,8.282587116509747e-08,206.56406207203685,0.09999999999999935,ok
gaussian,riemannian,20,10.0,1.0,10.0,0.05,1e-06,5076,-1.7763568394002505e-15,1.0,0.9955242124260253,0.999999925,0.059677167652996625,1e-06,7.175042525335199e-08,206.56356631886428,0.09999999999999935,ok
gaussian,riemannian,20,10.0,1.0,10.0,0.05,1e-06,5108,-1.7763568394002505e-15,1.0,0.9955242124260253,0.999999925,0.059677167652996625,1e-06,6.215598401343775e-08,206.5630705668815,0.09999999999999935,ok
gaussian,riemannian,20,10.0,1.0,10.0,0.05,1e-06,5141,-1.7763568394002505e-15,1.0,0.9955242124260253,0.999999925,0.059677167652996625,1e-06,5.360351144959831e-08,206.56255932389539,0.09999999999999935,ok
gaussian,riemannian,20,10.0,1.0,10.0,0.05,1e-06,5173,-1.7763568394002505e-15,1.0,0.9955242124260253,0.999999925,0.059677167652996625,1e-06,4.6435669042528866e-08,206.56206357432941,0.09999999999999935,ok
gaussian,riemannian,20,10.0,1.0,10.0,0.05,1e-06,5205,-1.7763568394002505e-15,1.0,0.9955242124260253,0.999999925,0.059677167652996625,1e-06,4.022630796220782e-08,206.56156782595323,0.09999999999999935,ok
gaussian,riemannian,20,10.0,1.0,10.0,0.05,1e-06,5237,-1.7763568394002505e-15,1.0,0.9955242124260253,0.999999925,0.059677167652996625,1e-06,3.4847260427934595e-08,206.5610720787668,0.09999999999999935,ok
gaussian,riemannian,20,10.0,1.0,10.0,0.05,1e-06,5269,-1.7763568394002505e-15,1.0,0.9955242124260253,0.999999925,0.059677167652996625,1e-06,3.0187497208870087e-08,206.5605763327702,0.09999999999999935,ok
gaussian,riemannian,20,10.0,1.0,10.0,0.05,1e-06,5301,-1.7763568394002505e-15,1.0,0.9955242124260253,0.999999925,0.059677167652996625,1e-06,2.6150835863269928e-08,206.5600805879634,0.09999999999999935,ok
gaussian,riemannian,20,10.0,1.0,10.0,0.05,1e-06,5333,-1.7763568394002505e-15,1.0,0.9955242124260253,0.999999925,0.059677167652996625,1e-06,2.2653955431149224e-08,206.55958484434638,0.09999999999999935,ok
gaussian,riemannian,20,10.0,1.0,10.0,0.05,1e-06,5365,-1.7763568394002505e-15,1.0,0.9955242124260253,0.999999925,0.059677167652996625,1e-06,1.962467660153499e-08,206.5590891019191,0.09999999999999935,ok
gaussian,riemannian,20,10.0,1.0,10.0,0.05,1e-06,5398,-1.7763568394002505e-15,1.0,0.9955242124260253,0.999999925,0.059677167652996625,1e-06,1.6924381354458472e-08,206.55857786878715,0.09999999999999935,ok
gaussian,riemannian,20,10.0,1.0,10.0,0.05,1e-06,5430,-1.7763568394002505e-15,1.0,0.9955242124260253,0.999999925,0.059677167652996625,1e-06,1.4661259124117875e-08,206.55808212877665,0.09999999999999935,ok
gaussian,riemannian,20,10.0,1.0,10.0,0.05,1e-06,5462,-1.7763568394002505e-15,1.0,0.9955242124260253,0.999999925,0.059677167652996625,1e-06,1.270076079016641e-08,206.5575863899559,0.09999999999999935,ok
gaussian,riemannian,20,10.0,1.0,10.0,0.05,1e-06,5494,-1.7763568394002505e-15,1.0,0.9955242124260253,0.999999925,0.059677167652996625,1e-06,1.1002419593258087e-08,206.55709065232494,0.09999999999999935,ok
gaussian,riemannian,20,10.0,1.0,10.0,0.05,1e-06,5526,-1.7763568394002505e-15,1.0,0.9955242124260253,0.999999925,0.059677167652996625,1e-06,9.53117997465437e-09,206.55659491588375,0.09999999999999935,ok
gaussian,riemannian,20,10.0,1.0,10.0,0.05,1e-06,5558,-1.7763568394002505e-15,1.0,0.9955242124260253,0.999999925,0.059677167652996625,1e-06,8.256673992411473e-09,206.55609918063232,0.09999999999999935,ok
gaussian,riemannian,20,10.0,1.0,10.0,0.05,1e-06,5590,-1.7763568394002505e-15,1.0,0.9955242124260253,0.999999925,0.059677167652996625,1e-06,7.152594494936728e-09,206.55560344657064,0.09999999999999935,ok
gaussian,riemannian,20,10.0,1.0,10.0,0.05,1e-06,5622,-1.7763568394002505e-15,1.0,0.9955242124260253,0.999999925,0.059677167652996625,1e-06,6.196152113553093e-09,206.55510771369873,0.09999999999999935,ok
gaussian,riemannian,20,10.0,1.0,10.0,0.05,1e-06,5655,-1.7763568394002505e-15,1.0,0.9955242124260253,0.999999925,0.059677167652996625,1e-06,5.343580606663554e-09,206.5545964904207,0.09999999999999935,ok
gaussian,riemannian,20,10.0,1.0,10.0,0.05,1e-06,5687,-1.7763568394002505e-15,1.0,0.9955242124260253,0.999999925,0.059677167652996625,1e-06,4.629038916348152e-09,206.5541007599655,0.09999999999999935,ok
gaussian,riemannian,20,10.0,1.0,10.0,0.05,1e-06,5719,-1.7763568394002505e-15,1.0,0.9955242124260253,0.999999925,0.059677167652996625,1e-06,4.01004548567014e-09,206.55360503070003,0.09999999999999935,ok
gaussian,riemannian,20,10.0,1.0,10.0,0.05,1e-06,5751,-1.7763568394002505e-15,1.0,0.9955242124260253,0.999999925,0.059677167652996625,1e-06,3.473823635474929e-09,206.55310930262434,0.09999999999999935,ok
gaussian,riemannian,20,10.0,1.0,10.0,0.05,1e-06,5783,-1.7763568394002505e-15,1.0,0.9955242124260253,0.999999925,0.059677167652996625,1e-06,3.0093051795814233e-09,206.55261357573835,0.09999999999999935,ok
gaussian,riemannian,20,10.0,1.0,10.0,0.05,1e-06,5815,-1.7763568394002505e-15,1.0,0.9955242124260253,0.999999925,0.059677167652996625,1e-06,2.606901965711765e-09,206.55211785004215,0.09999999999999935,ok
gaussian,riemannian,20,10.0,1.0,10.0,0.05,1e-06,5847,-1.7763568394002505e-15,1.0,0.9955242124260253,0.999999925,0.059677167652996625,1e-06,2.2583079658863767e-09,206.55162212553566,0.09999999999999935,ok
gaussian,riemannian,20,10.0,1.0,10.0,0.05,1e-06,5880,-1.7763568394002505e-15,1.0,0.9955242124260253,0.999999925,0.059677167652996625,1e-06,1.947571723423097e-09,206.55111091088443,0.09999999999999935,ok
gaussian,riemannian,20,10.0,1.0,10.0,0.05,1e-06,5912,-1.7763568394002505e-15,1.0,0.9955242124260253,0.999999925,0.059677167652996625,1e-06,1.6871431281231908e-09,206.55061518879458,0.09999999999999935,ok
gaussian,riemannian,20,10.0,1.0,10.0,0.05,1e-06,5944,-1.7763568394002505e-15,1.0,0.9955242124260253,0.999999925,0.059677167652996625,1e-06,1.4615389515772568e-09,206.5501194678945,0.09999999999999935,ok
gaussian,riemannian,20,10.0,1.0,10.0,0.05,1e-06,5976,-1.7763568394002505e-15,1.0,0.9955242124260253,0.999999925,0.059677167652996625,1e-06,1.2661024849467157e-09,206.54962374818413,0.09999999999999935,ok
gaussian,riemannian,20,10.0,1.0,10.0,0.05,1e-06,6008,-1.7763568394002505e-15,1.0,0.9955242124260253,0.999999925,0.059677167652996625,1e-06,1.096799712835784e-09,206.54912802966348,0.09999999999999935,ok
gaussian,riemannian,20,10.0,1.0,10.0,0.05,1e-06,6040,-1.7763568394002505e-15,1.0,0.9955242124260253,0.999999925,0.059677167652996625,1e-06,9.501360469466933e-10,206.54863231233256,0.09999999999999935,ok
gaussian,riemannian,20,10.0,1.0,10.0,0.05,1e-06,6072,-1.7763568394002505e-15,1.0,0.9955242124260253,0.999999925,0.059677167652996625,1e-06,8.230841940807955e-10,206.54813659619134,0.09999999999999935,ok
gaussian,riemannian,20,10.0,1.0,10.0,0.05,1e-06,6104,-1.7763568394002505e-15,1.0,0.9955242124260253,0.999999925,0.059677167652996625,1e-06,7.130216696047967e-10,206.54764088123986,0.09999999999999935,ok
gaussian,riemannian,20,10.0,1.0,10.0,0.05,1e-06,6137,-1.7763568394002505e-15,1.0,0.9955242124260253,0.999999925,0.059677167652996625,1e-06,6.149120770448969e-10,206.5471296764422,0.09999999999999935,ok
gaussian,riemannian,20,10.0,1.0,10.0,0.05,1e-06,6169,-1.7763568394002505e-15,1.0,0.9955242124260253,0.999999925,0.059677167652996625,1e-06,5.326862537122988e-10,206.5466339639073,0.09999999999999935,ok
gaussian,riemannian,20,10.0,1.0,10.0,0.05,1e-06,6201,-1.7763568394002505e-15,1.0,0.9955242124260253,0.999999925,0.059677167652996625,1e-06,4.614556381095858e-10,206.54613825256217,0.09999999999999935,ok
gaussian,riemannian,20,10.0,1.0,10.0,0.05,1e-06,6233,-1.7763568394002505e-15,1.0,0.9955242124260253,0.999999925,0.059677167652996625,1e-06,3.997499549859488e-10,206.5456425424067,0.09999999999999935,ok
gaussian,riemannian,20,10.0,1.0,10.0,0.05,1e-06,6265,-1.7763568394002505e-15,1.0,0.9955242124260253,0.999999925,0.059677167652996625,1e-06,3.46295533772022e-10,206.54514683344092,0.09999999999999935,ok
gaussian,riemannian,20,10.0,1.0,10.0,0.05,1e-06,6297,-1.7763568394002505e-15,1.0,0.9955242124260253,0.999999925,0.059677167652996625,1e-06,2.9998901867209666e-10,206.54465112566487,0.09999999999999935,ok
gaussian,riemannian,20,10.0,1.0,10.0,0.05,1e-06,6329,-1.7763568394002505e-15,1.0,0.9955242124260253,0.999999925,0.059677167652996625,1e-06,2.5987459423341347e-10,206.54415541907852,0.09999999999999935,ok
gaussian,riemannian,20,10.0,1.0,10.0,0.05,1e-06,6361,-1.7763568394002505e-15,1.0,0.9955242124260253,0.999999925,0.059677167652996625,1e-06,2.2512425630419595e-10,206.54365971368185,0.09999999999999935,ok
gaussian,riemannian,20,10.0,1.0,10.0,0.05,1e-06,6394,-1.7763568394002505e-15,1.0,0.9955242124260253,0.999999925,0.059677167652996625,1e-06,1.941478498317291e-10,206.54314851873755,0.09999999999999935,ok
gaussian,riemannian,20,10.0,1.0,10.0,0.05,1e-06,6426,-1.7763568394002505e-15,1.0,0.9955242124260253,0.999999925,0.059677167652996625,1e-06,1.6818646869023961e-10,206.54265281575744,0.09999999999999935,ok
gaussian,riemannian,20,10.0,1.0,10.0,0.05,1e-06,6458,-1.7763568394002505e-15,1.0,0.9955242124260253,0.999999925,0.059677167652996625,1e-06,1.4569663416313626e-10,206.54215711396702,0.09999999999999935,ok
gaussian,riemannian,20,10.0,1.0,10.0,0.05,1e-06,6490,-1.7763568394002505e-15,1.0,0.9955242124260253,0.999999925,0.059677167652996625,1e-06,1.2621413227697228e-10,206.54166141336626,0.09999999999999935,ok
gaussian,riemannian,20,10.0,1.0,10.0,0.05,1e-06,6522,-1.7763568394002505e-15,1.0,0.9955242124260253,0.999999925,0.059677167652996625,1e-06,1.0933682358504085e-10,206.5411657139552,0.09999999999999935,ok
gaussian,riemannian,20,10.0,1.0,10.0,0.05,1e-06,6554,-1.7763568394002505e-15,1.0,0.9955242124260253,0.999999925,0.059677167652996625,1e-06,9.471634258382839e-11,206.54067001573384,0.09999999999999935,ok
gaussian,riemannian,20,10.0,1.0,10.0,0.05,1e-06,6586,-1.7763568394002505e-15,1.0,0.9955242124260253,0.999999925,0.059677167652996625,1e-06,8.205090708053604e-11,206.54017431870213,0.09999999999999935,ok
gaussian,riemannian,20,10.0,1.0,10.0,0.05,1e-06,6618,-1.7763568394002505e-15,1.0,0.9955242124260253,0.999999925,0.059677167652996625,1e-06,7.107908908940726e-11,206.53967862286007,0.09999999999999935,ok
gaussian,riemannian,20,10.0,1.0,10.0,0.05,1e-06,6651,-1.7763568394002505e-15,1.0,0.9955242124260253,0.999999925,0.059677167652996625,1e-06,6.129882466356482e-11,206.53916743776898,0.09999999999999935,ok
gaussian,riemannian,20,10.0,1.0,10.0,0.05,1e-06,6683,-1.7763568394002505e-15,1.0,0.9955242124260253,0.999999925,0.059677167652996625,1e-06,5.310196772182977e-11,206.53867174434345,0.09999999999999935,ok
gaussian,riemannian,20,10.0,1.0,10.0,0.05,1e-06,6715,-1.7763568394002505e-15,1.0,0.9955242124260253,0.999999925,0.059677167652996625,1e-06,4.6001191562916083e-11,206.5381760521076,0.09999999999999935,ok
gaussian,riemannian,20,10.0,1.0,10.0,0.05,1e-06,6747,-1.7763568394002505e-15,1.0,0.9955242124260253,0.999999925,0.059677167652996625,1e-06,3.9849928655999476e-11,206.53768036106138,0.09999999999999935,ok
gaussian,riemannian,20,10.0,1.0,10.0,0.05,1e-06,6779,-1.7763568394002505e-15,1.0,0.9955242124260253,0.999999925,0.059677167652996625,1e-06,3.452121042813224e-11,206.53718467120484,0.09999999999999935,ok
gaussian,riemannian,20,10.0,1.0,10.0,0.05,1e-06,6811,-1.7763568394002505e-15,1.0,0.9955242124260253,0.999999925,0.059677167652996625,1e-06,2.990504649859573e-11,206.53668898253795,0.09999999999999935,ok
gaussian,riemannian,20,10.0,1.0,10.0,0.05,1e-06,6843,-1.7763568394002505e-15,1.0,0.9955242124260253,0.999999925,0.059677167652996625,1e-06,2.5906154361098934e-11,206.5361932950607,0.09999999999999935,ok
gaussian,riemannian,20,10.0,1.0,10.0,0.05,1e-06,6876,-1.7763568394002505e-15,1.0,0.9955242124260253,0.999999925,0.059677167652996625,1e-06,2.2341547060215593e-11,206.5356821185958,0.09999999999999935,ok
gaussian,riemannian,20,10.0,1.0,10.0,0.05,1e-06,6908,-1.7763568394002505e-15,1.0,0.9955242124260253,0.999999925,0.059677167652996625,1e-06,1.9354043366389006e-11,206.53518643353502,0.09999999999999935,ok
gaussian,riemannian,20,10.0,1.0,10.0,0.05,1e-06,6940,-1.7763568394002505e-15,1.0,0.9955242124260253,0.999999925,0.059677167652996625,1e-06,1.6766027599543127e-11,206.53469074966387,0.09999999999999935,ok
gaussian,riemannian,20,10.0,1.0,10.0,0.05,1e-06,6972,-1.7763568394002505e-15,1.0,0.9955242124260253,0.999999925,0.059677167652996625,1e-06,1.4524080376755312e-11,206.5341950669824,0.09999999999999935,ok
gaussian,riemannian,20,10.0,1.0,10.0,0.05,1e-06,7004,-1.7763568394002505e-15,1.0,0.9955242124260253,0.999999925,0.059677167652996625,1e-06,1.2581925535909117e-11,206.53369938549054,0.09999999999999935,ok
gaussian,riemannian,20,10.0,1.0,10.0,0.05,1e-06,7036,-1.7763568394002505e-15,1.0,0.9955242124260253,0.999999925,0.059677167652996625,1e-06,1.0899474946759234e-11,206.53320370518833,0.09999999999999935,ok
gaussian,riemannian,20,10.0,1.0,10.0,0.05,1e-06,7068,-1.7763568394002505e-15,1.0,0.9955242124260253,0.999999925,0.059677167652996625,1e-06,9.442001049519668e-12,206.5327080260757,0.09999999999999935,ok
gaussian,riemannian,20,10.0,1.0,10.0,0.05,1e-06,7100,-1.7763568394002505e-15,1.0,0.9955242124260253,0.999999925,0.059677167652996625,1e-06,8.179420041296403e-12,206.53221234815277,0.09999999999999935,ok
gaussian,riemannian,20,10.0,1.0,10.0,0.05,1e-06,7133,-1.7763568394002505e-15,1.0,0.9955242124260253,0.999999925,0.059677167652996625,1e-06,7.053956956741548e-12,206.53170118154068,0.09999999999999935,ok
gaussian,riemannian,20,10.0,1.0,10.0,0.05,1e-06,7165,-1.7763568394002505e-15,1.0,0.9955242124260253,0.999999925,0.059677167652996625,1e-06,6.110704351737939e-12,206.53120550603415,0.09999999999999935,ok
gaussian,riemannian,20,10.0,1.0,10.0,0.05,1e-06,7197,-1.7763568394002505e-15,1.0,0.9955242124260253,0.999999925,0.059677167652996625,1e-06,5.293583148201949e-12,206.53070983171725,0.09999999999999935,ok
gaussian,riemannian,20,10.0,1.0,10.0,0.05,1e-06,7229,-1.7763568394002505e-15,1.0,0.9955242124260253,0.999999925,0.059677167652996625,1e-06,4.585727100175933e-12,206.53021415858996,0.09999999999999935,ok
gaussian,riemannian,20,10.0,1.0,10.0,0.05,1e-06,7261,-1.7763568394002505e-15,1.0,0.9955242124260253,0.999999925,0.059677167652996625,1e-06,3.972525310088073e-12,206.52971848665226,0.09999999999999935,ok
gaussian,riemannian,20,10.0,1.0,10.0,0.05,1e-06,7293,-1.7763568394002505e-15,1.0,0.9955242124260253,0.999999925,0.059677167652996625,1e-06,3.441320644371732e-12,206.52922281590418,0.09999999999999935,ok
gaussian,riemannian,20,10.0,1.0,10.0,0.05,1e-06,7325,-1.7763568394002505e-15,1.0,0.9955242124260253,0.999999925,0.059677167652996625,1e-06,2.981148476840418e-12,206.52872714634572,0.09999999999999935,ok
gaussian,riemannian,20,10.0,1.0,10.0,0.05,1e-06,7357,-1.7763568394002505e-15,1.0,0.9955242124260253,0.999999925,0.059677167652996625,1e-06,2.5825103672053938e-12,206.52823147797687,0.09999999999999935,ok
gaussian,riemannian,20,10.0,1.0,10.0,0.05,1e-06,7390,-1.7763568394002505e-15,1.0,0.9955242124260253,0.999999925,0.059677167652996625,1e-06,2.2271648697134693e-12,206.52772032121743,0.09999999999999935,ok
gaussian,riemannian,20,10.0,1.0,10.0,0.05,1e-06,7422,-1.7763568394002505e-15,1.0,0.9955242124260253,0.999999925,0.059677167652996625,1e-06,1.929349178745576e-12,206.52722465526494,0.09999999999999935,ok
gaussian,riemannian,20,10.0,1.0,10.0,0.05,1e-06,7454,-1.7763568394002505e-15,1.0,0.9955242124260253,0.999999925,0.059677167652996625,1e-06,1.6713572956119435e-12,206.52672899050205,0.09999999999999935,ok
gaussian,riemannian,20,10.0,1.0,10.0,0.05,1e-06,7486,-1.7763568394002505e-15,1.0,0.9955242124260253,0.999999925,0.059677167652996625,1e-06,1.4478639949516563e-12,206.52623332692875,0.09999999999999935,ok
gaussian,riemannian,20,10.0,1.0,10.0,0.05,1e-06,7518,-1.7763568394002505e-15,1.0,0.9955242124260253,0.999999925,0.059677167652996625,1e-06,1.2542561386372133e-12,206.52573766454506,0.09999999999999935,ok
gaussian,riemannian,20,10.0,1.0,10.0,0.05,1e-06,7550,-1.7763568394002505e-15,1.0,0.9955242124260253,0.999999925,0.059677167652996625,1e-06,1.086537455723981e-12,206.52524200335097,0.09999999999999935,ok
gaussian,riemannian,20,10.0,1.0,10.0,0.05,1e-06,7582,-1.7763568394002505e-15,1.0,0.9955242124260253,0.999999925,0.059677167652996625,1e-06,9.412460551908166e-13,206.52474634334644,0.09999999999999935,ok
gaussian,riemannian,20,10.0,1.0,10.0,0.05,1e-06,7614,-1.7763568394002505e-15,1.0,0.9955242124260253,0.999999925,0.059677167652996625,1e-06,8.153829688475408e-13,206.5242506845315,0.09999999999999935,ok
gaussian,riemannian,20,10.0,1.0,10.0,0.05,1e-06,7647,-1.7763568394002505e-15,1.0,0.9955242124260253,0.999999925,0.059677167652996625,1e-06,7.031887757899114e-13,206.5237395376245,0.09999999999999935,ok
gaussian,riemannian,20,10.0,1.0,10.0,0.05,1e-06,7679,-1.7763568394002505e-15,1.0,0.9955242124260253,0.999999925,0.059677167652996625,1e-06,6.091586238282913e-13,206.52324388122588,0.09999999999999935,ok
gaussian,riemannian,20,10.0,1.0,10.0,0.05,1e-06,7711,-1.7763568394002505e-15,1.0,0.9955242124260253,0.999999925,0.059677167652996625,1e-06,5.277021502050281e-13,206.52274822601686,0.09999999999999935,ok
gaussian,riemannian,20,10.0,1.0,10.0,0.05,1e-06,7743,-1.7763568394002505e-15,1.0,0.9955242124260253,0.999999925,0.059677167652996625,1e-06,4.571380071432834e-13,206.52225257199737,0.09999999999999935,ok
gaussian,riemannian,20,10.0,1.0,10.0,0.05,1e-06,7775,-1.7763568394002505e-15,1.0,0.9955242124260253,0.999999925,0.059677167652996625,1e-06,3.960096760904604e-13,206.52175691916747,0.09999999999999935,ok
gaussian,riemannian,20,10.0,1.0,10.0,0.05,1e-06,7807,-1.7763568394002505e-15,1.0,0.9955242124260253,0.999999925,0.059677167652996625,1e-06,3.43055403634634e-13,206.52126126752714,0.09999999999999935,ok
gaussian,riemannian,20,10.0,1.0,10.0,0.05,1e-06,7839,-1.7763568394002505e-15,1.0,0.9955242124260253,0.999999925,0.059677167652996625,1e-06,2.9718215757949935e-13,206.5207656170764,0.09999999999999935,ok
gaussian,riemannian,20,10.0,1.0,10.0,0.05,1e-06,7871,-1.7763568394002505e-15,1.0,0.9955242124260253,0.999999925,0.059677167652996625,1e-06,2.5744306560367527e-13,206.52026996781515,0.09999999999999935,ok
gaussian,riemannian,20,10.0,1.0,10.0,0.05,1e-06,7904,-1.7763568394002505e-15,1.0,0.9955242124260253,0.999999925,0.059677167652996625,1e-06,2.220196901994641e-13,206.51975883076045,0.09999999999999935,ok
gaussian,riemannian,20,10.0,1.0,10.0,0.05,1e-06,7936,-1.7763568394002505e-15,1.0,0.9955242124260253,0.999999925,0.059677167652996625,1e-06,1.9233129651815683e-13,206.5192631839155,0.09999999999999935,ok
gaussian,riemannian,20,10.0,1.0,10.0,0.05,1e-06,7968,-1.7763568394002505e-15,1.0,0.9955242124260253,0.999999925,0.059677167652996625,1e-06,1.6661282423699392e-13,206.51876753826014,0.09999999999999935,ok
gaussian,riemannian,20,10.0,1.0,10.0,0.05,1e-06,8000,-1.7763568394002505e-15,1.0,0.9955242124260253,0.999999925,0.059677167652996625,1e-06,1.4433341688416683e-13,206.5182718937943,0.09999999999999935,ok
gaussian,kl,20,10.0,1.0,10.0,0.05,1e-06,0,206.64222004228537,,0.9999999841269841,0.9999999841269841,1e-06,1e-06,206.64222004228537,206.64222004228537,1e-06,ok
gaussian,kl,20,10.0,1.0,10.0,0.05,1e-06,32,191.02696238630224,0.9974516535841953,0.9999999243688559,0.9999999841269841,4.7647620781002484e-06,1e-06,206.64197306408934,206.64211508118336,4.764762078100258e-06,ok
gaussian,kl,20,10.0,1.0,10.0,0.05,1e-06,64,175.40265183612644,0.9972221921535697,0.999999639686662,0.9999999841269841,2.269974029613196e-05,1e-06,206.64079635597673,206.64201012013467,2.269974029613203e-05,ok
gaussian,kl,20,10.0,1.0,10.0,0.05,1e-06,96,159.7352535259115,0.9969344224951658,0.9999982845940746,0.9999999841269841,0.00010807057330032249,1e-06,206.63519232698945,206.6419051591393,0.00010807057330032284,ok
gaussian,kl,20,10.0,1.0,10.0,0.05,1e-06,129,143.35943394469572,0.9964952091229381,0.9999914544709847,0.9999999841269841,0.0005383683279628937,1e-06,206.60687351255112,206.64179691816864,0.0005383683279628959,ok
gaussian,kl,20,10.0,1.0,10.0,0.05,1e-06,161,126.48050425841242,0.9955691162826592,0.9999600900002829,0.9999999841269841,0.0025143299821836777,1e-06,206.47524921273393,206.64169195728158,0.0025143299821836886,ok
gaussian,kl,20,10.0,1.0,10.0,0.05,1e-06,193,105.40871736179321,0.9925371778706009,0.9998262763941016,0.9999999841269841,0.01094458717160085,1e-06,205.8822309835517,206.64158699644778,0.010944587171600904,ok
gaussian,kl,20,10.0,1.0,10.0,0.05,1e-06,225,72.27705299017005,0.9826809236824378,0.9994137753381256,0.9999999841269841,0.03693215369808691,1e-06,203.6254035417615,206.6414820356673,0.03693215369808704,ok
gaussian,kl,20,10.0,1.0,10.0,0.05,1e-06,257,30.003169529812695,0.9620143410513686,0.9988314760016045,0.9999999841269841,0.07361701189891692,1e-06,197.98835726735825,206.64137707494018,0.07361701189891702,ok
gaussian,kl,20,10.0,1.0,10.0,0.05,1e-06,289,5.3289541207554905,0.9333614655495993,0.9985237317765935,0.9999999841269841,0.09300489807460749,1e-06,189.64344022490104,206.64127211426637,0.09300489807460738,ok
gaussian,kl,20,10.0,1.0,10.0,0.05,1e-06,321,0.38544087833282603,0.912370630050534,0.9984373638333953,0.9999999841269841,0.09844607849609442,1e-06,180.58613337877622,206.64116715364582,0.09844607849609432,ok
gaussian,kl,20,10.0,1.0,10.0,0.05,1e-06,353,0.01744843219177028,0.9050611210753529,0.9984179391966446,0.9999999841269841,0.09966983061139324,1e-06,171.7064288992045,206.64106219307862,0.09966983061139331,ok
gaussian,kl,20,10.0,1.0,10.0,0.05,1e-06,386,0.0006228388299494014,0.9033217714664529,0.9984137486760557,0.9999999841269841,0.09993383340849088,1e-06,162.95139280945185,206.64095395254952,0.09993383340849106,ok
gaussian,kl,20,10.0,1.0,10.0,0.05,1e-06,418,2.3889135794874505e-05,0.9030156107187653,0.9984129189427372,0.9999999841269841,0.09998610660755443,1e-06,154.8776430810575,206.6408489920906,0.09998610660755451,ok
gaussian,kl,20,10.0,1.0,10.0,0.05,1e-06,450,9.124328848031382e-07,0.9030042753157582,0.9984127446995735,0.9999999841269841,0.09999708392687075,1e-06,147.2018928138761,206.64074403168502,0.09999708392687066,ok
gaussian,kl,20,10.0,1.0,10.0,0.05,1e-06,482,3.4889184874487e-08,0.9030620316980125,0.9984127081269712,0.9999999841269841,0.09999938800080997,1e-06,139.906148273541,206.64063907133274,0.0999993880008099,ok
gaussian,kl,20,10.0,1.0,10.0,0.05,1e-06,514,1.3374243934549668e-09,0.9031425733642976,0.9984127004514055,0.9999999841269841,0.09999987156145504,1e-06,132.9719207638216,206.64053411103376,0.09999987156145512,ok
gaussian,kl,20,10.0,1.0,10.0,0.05,1e-06,546,5.142553050063725e-11,0.9032197678771996,0.9984126988405545,0.9999999841269841,0.09999997304506768,1e-06,126.38136117904804,206.6404291507881,0.09999997304506777,ok
gaussian,kl,20,10.0,1.0,10.0,0.05,1e-06,578,1.9841905896100798e-12,0.9022617124394184,0.9984126985024909,0.9999999841269841,0.09999999434307057,1e-06,120.11744986555627,206.64032419059575,0.09999999434307066,ok
gaussian,kl,20,10.0,1.0,10.0,0.05,1e-06,610,7.638334409421077e-14,0.8958333333333334,0.9984126984315428,0.9999999841269841,0.09999999881280192,1e-06,114.16399971116786,206.64021923045672,0.09999999881280207,ok
gaussian,kl,20,10.0,1.0,10.0,0.05,1e-06,643,1.7763568394002505e-15,0.5,0.9984126984164648,0.9999999841269841,0.09999999976271177,1e-06,108.33339254977192,206.64011099036918,0.09999999976271182,ok
gaussian,kl,20,10.0,1.0,10.0,0.05,1e-06,675,0.0,,0.9984126984134889,0.9999999841269841,0.0999999999502013,1e-06,102.96400224882285,206.64000603033844,0.09999999995020144,ok
gaussian,kl,20,10.0,1.0,10.0,0.05,1e-06,707,0.0,,0.9984126984128643,0.9999999841269841,0.09999999998954899,1e-06,97.86073812560173,206.639901070361,0.0999999999895491,ok
gaussian,kl,20,10.0,1.0,10.0,0.05,1e-06,739,-1.7763568394002505e-15,-1.0,0.9984126984127333,0.9999999841269841,0.09999999999780676,1e-06,93.0104100192714,206.6397961104369,0.09999999999780673,ok
gaussian,kl,20,10.0,1.0,10.0,0.05,1e-06,771,1.7763568394002505e-15,inf,0.9984126984127057,0.9999999841269841,0.0999999999995398,1e-06,88.40048151722385,206.63969115056608,0.09999999999953978,ok
gaussian,kl,20,10.0,1.0,10.0,0.05,1e-06,803,1.7763568394002505e-15,-1.0,0.9984126984127,0.9999999841269841,0.0999999999999035,1e-06,84.01903755562735,206.6395861907486,0.09999999999990344,ok
gaussian,kl,20,10.0,1.0,10.0,0.05,1e-06,835,-1.7763568394002505e-15,1.0,0.9984126984126988,0.9999999841269841,0.0999999999999798,1e-06,79.85475362368736,206.63948123098442,0.0999999999999799,ok
gaussian,kl,20,10.0,1.0,10.0,0.05,1e-06,867,0.0,,0.9984126984126985,0.9999999841269841,0.09999999999999584,1e-06,75.89686649383174,206.63937627127356,0.09999999999999583,ok
gaussian,kl,20,10.0,1.0,10.0,0.05,1e-06,900,0.0,,0.9984126984126984,0.9999999841269841,0.09999999999999923,1e-06,72.02064617014302,206.63926803162755,0.09999999999999899,ok
gaussian,kl,20,10.0,1.0,10.0,0.05,1e-06,932,0.0,-0.0,0.9984126984126984,0.9999999841269841,0.0999999999999999,1e-06,68.45104541845818,206.63916307202499,0.09999999999999899,ok
gaussian,kl,20,10.0,1.0,10.0,0.05,1e-06,964,-1.7763568394002505e-15,1.0,0.9984126984126984,0.9999999841269841,0.0999999999999999,1e-06,65.05836684401022,206.63905811247574,0.09999999999999899,ok
gaussian,kl,20,10.0,1.0,10.0,0.05,1e-06,996,-1.7763568394002505e-15,1.0,0.9984126984126984,0.9999999841269841,0.0999999999999999,1e-06,61.8338415510666,206.63895315297978,0.09999999999999899,ok
gaussian,kl,20,10.0,1.0,10.0,0.05,1e-06,1028,-1.7763568394002505e-15,1.0,0.9984126984126984,0.9999999841269841,0.0999999999999999,1e-06,58.769135261722674,206.63884819353714,0.09999999999999899,ok
gaussian,kl,20,10.0,1.0,10.0,0.05,1e-06,1060,-1.7763568394002505e-15,1.0,0.9984126984126984,0.9999999841269841,0.0999999999999999,1e-06,55.85632677468799,206.63874323414782,0.09999999999999899,ok
gaussian,kl,20,10.0,1.0,10.0,0.05,1e-06,1092,-1.7763568394002505e-15,1.0,0.9984126984126984,0.9999999841269841,0.0999999999999999,1e-06,53.08788749173223,206.63863827481183,0.09999999999999899,ok
gaussian,kl,20,10.0,1.0,10.0,0.05,1e-06,1124,-1.7763568394002505e-15,1.0,0.9984126984126984,0.9999999841269841,0.0999999999999999,1e-06,50.456661958873724,206.63853331552912,0.09999999999999899,ok
gaussian,kl,20,10.0,1.0,10.0,0.05,1e-06,1157,-1.7763568394002505e-15,1.0,0.9984126984126984,0.9999999841269841,0.0999999999999999,1e-06,47.879728976187614,206.63842507632467,0.09999999999999899,ok
gaussian,kl,20,10.0,1.0,10.0,0.05,1e-06,1189,-1.7763568394002505e-15,1.0,0.9984126984126984,0.9999999841269841,0.0999999999999999,1e-06,45.50663840240822,206.63832011715027,0.09999999999999899,ok
gaussian,kl,20,10.0,1.0,10.0,0.05,1e-06,1221,-1.7763568394002505e-15,1.0,0.9984126984126984,0.9999999841269841,0.0999999999999999,1e-06,43.251166683032984,206.6382151580292,0.09999999999999899,ok
gaussian,kl,20,10.0,1.0,10.0,0.05,1e-06,1253,-1.7763568394002505e-15,1.0,0.9984126984126984,0.9999999841269841,0.0999999999999999,1e-06,41.10748420706258,206.6381101989614,0.09999999999999899,ok
gaussian,kl,20,10.0,1.0,10.0,0.05,1e-06,1285,-1.7763568394002505e-15,1.0,0.9984126984126984,0.9999999841269841,0.0999999999999999,1e-06,39.070050299863965,206.63800523994695,0.09999999999999899,ok
gaussian,kl,20,10.0,1.0,10.0,0.05,1e-06,1317,-1.7763568394002505e-15,1.0,0.9984126984126984,0.9999999841269841,0.0999999999999999,1e-06,37.133598902450984,206.63790028098578,0.09999999999999899,ok
gaussian,kl,20,10.0,1.0,10.0,0.05,1e-06,1349,-1.7763568394002505e-15,1.0,0.9984126984126984,0.9999999841269841,0.0999999999999999,1e-06,35.29312496055092,206.63779532207792,0.09999999999999899,ok
gaussian,kl,20,10.0,1.0,10.0,0.05,1e-06,1382,-1.7763568394002505e-15,1.0,0.9984126984126984,0.9999999841269841,0.0999999999999999,1e-06,33.49062724782002,206.63768708326006,0.09999999999999899,ok
gaussian,kl,20,10.0,1.0,10.0,0.05,1e-06,1414,-1.7763568394002505e-15,1.0,0.9984126984126984,0.9999999841269841,0.0999999999999999,1e-06,31.830712007462527,206.63758212446052,0.09999999999999899,ok
gaussian,kl,20,10.0,1.0,10.0,0.05,1e-06,1446,-1.7763568394002505e-15,1.0,0.9984126984126984,0.9999999841269841,0.0999999999999999,1e-06,30.253068101851394,206.63747716571427,0.09999999999999899,ok
gaussian,kl,20,10.0,1.0,10.0,0.05,1e-06,1478,-1.7763568394002505e-15,1.0,0.9984126984126984,0.9999999841269841,0.0999999999999999,1e-06,28.753617869455237,206.63737220702134,0.09999999999999899,ok
gaussian,kl,20,10.0,1.0,10.0,0.05,1e-06,1510,-1.7763568394002505e-15,1.0,0.9984126984126984,0.9999999841269841,0.0999999999999999,1e-06,27.3284857522289,206.63726724838173,0.09999999999999899,ok
gaussian,kl,20,10.0,1.0,10.0,0.05,1e-06,1542,-1.7763568394002505e-15,1.0,0.9984126984126984,0.9999999841269841,0.0999999999999999,1e-06,25.973988278641865,206.6371622897954,0.09999999999999899,ok
gaussian,kl,20,10.0,1.0,10.0,0.05,1e-06,1574,-1.7763568394002505e-15,1.0,0.9984126984126984,0.9999999841269841,0.0999999999999999,1e-06,24.68662454318387,206.63705733126244,0.09999999999999899,ok
gaussian,kl,20,10.0,1.0,10.0,0.05,1e-06,1606,-1.7763568394002505e-15,1.0,0.9984126984126984,0.9999999841269841,0.0999999999999999,1e-06,23.463067157740106,206.63695237278276,0.09999999999999899,ok
gaussian,kl,20,10.0,1.0,10.0,0.05,1e-06,1639,-1.7763568394002505e-15,1.0,0.9984126984126984,0.9999999841269841,0.0999999999999999,1e-06,22.264756582160583,206.63684413440646,0.09999999999999899,ok
gaussian,kl,20,10.0,1.0,10.0,0.05,1e-06,1671,-1.7763568394002505e-15,1.0,0.9984126984126984,0.9999999841269841,0.0999999999999999,1e-06,21.161235632848292,206.63673917603504,0.09999999999999899,ok
gaussian,kl,20,10.0,1.0,10.0,0.05,1e-06,1703,-1.7763568394002505e-15,1.0,0.9984126984126984,0.9999999841269841,0.0999999999999999,1e-06,20.112409127693855,206.63663421771696,0.09999999999999899,ok
gaussian,kl,20,10.0,1.0,10.0,0.05,1e-06,1735,-1.7763568394002505e-15,1.0,0.9984126984126984,0.9999999841269841,0.0999999999999999,1e-06,19.115566214471404,206.6365292594522,0.09999999999999899,ok
gaussian,kl,20,10.0,1.0,10.0,0.05,1e-06,1767,-1.7763568394002505e-15,1.0,0.9984126984126984,0.9999999841269841,0.0999999999999999,1e-06,18.168130400484692,206.63642430124077,0.09999999999999899,ok
gaussian,kl,20,10.0,1.0,10.0,0.05,1e-06,1799,-1.7763568394002505e-15,1.0,0.9984126984126984,0.9999999841269841,0.0999999999999999,1e-06,17.267652893228387,206.63631934308262,0.09999999999999899,ok
gaussian,kl,20,10.0,1.0,10.0,0.05,1e-06,1831,-1.7763568394002505e-15,1.0,0.9984126984126984,0.9999999841269841,0.0999999999999999,1e-06,16.41180627110998,206.6362143849778,0.09999999999999899,ok
gaussian,kl,20,10.0,1.0,10.0,0.05,1e-06,1863,-1.7763568394002505e-15,1.0,0.9984126984126984,0.9999999841269841,0.0999999999999999,1e-06,15.59837846787337,206.63610942692628,0.09999999999999899,ok
gaussian,kl,20,10.0,1.0,10.0,0.05,1e-06,1896,-1.7763568394002505e-15,1.0,0.9984126984126984,0.9999999841269841,0.0999999999999999,1e-06,14.801734885247027,206.6360011889915,0.09999999999999899,ok
gaussian,kl,20,10.0,1.0,10.0,0.05,1e-06,1928,-1.7763568394002505e-15,1.0,0.9984126984126984,0.9999999841269841,0.0999999999999999,1e-06,14.068107977099094,206.63589623104826,0.09999999999999899,ok
gaussian,kl,20,10.0,1.0,10.0,0.05,1e-06,1960,-1.7763568394002505e-15,1.0,0.9984126984126984,0.9999999841269841,0.0999999999999999,1e-06,13.370842241782007,206.63579127315833,0.09999999999999899,ok
gaussian,kl,20,10.0,1.0,10.0,0.05,1e-06,1992,-1.7763568394002505e-15,1.0,0.9984126984126984,0.9999999841269841,0.0999999999999999,1e-06,12.708135489551966,206.63568631532175,0.09999999999999899,ok
gaussian,kl,20,10.0,1.0,10.0,0.05,1e-06,2024,-1.7763568394002505e-15,1.0,0.9984126984126984,0.9999999841269841,0.0999999999999999,1e-06,12.078274853633049,206.63558135753846,0.09999999999999899,ok
gaussian,kl,20,10.0,1.0,10.0,0.05,1e-06,2056,-1.7763568394002505e-15,1.0,0.9984126984126984,0.9999999841269841,0.0999999999999999,1e-06,11.479632363051527,206.63547639980848,0.09999999999999899,ok
gaussian,kl,20,10.0,1.0,10.0,0.05,1e-06,2088,-1.7763568394002505e-15,1.0,0.9984126984126984,0.9999999841269841,0.0999999999999999,1e-06,10.910660734896346,206.63537144213183,0.09999999999999899,ok
gaussian,kl,20,10.0,1.0,10.0,0.05,1e-06,2120,-1.7763568394002505e-15,1.0,0.9984126984126984,0.9999999841269841,0.0999999999999999,1e-06,10.369889375130208,206.63526648450846,0.09999999999999899,ok
gaussian,kl,20,10.0,1.0,10.0,0.05,1e-06,2153,-1.7763568394002505e-15,1.0,0.9984126984126984,0.9999999841269841,0.0999999999999999,1e-06,9.840276259237601,206.63515824701523,0.09999999999999899,ok
gaussian,kl,20,10.0,1.0,10.0,0.05,1e-06,2185,-1.7763568394002505e-15,1.0,0.9984126984126984,0.9999999841269841,0.0999999999999999,1e-06,9.352556981507442,206.63505328950015,0.09999999999999899,ok
gaussian,kl,20,10.0,1.0,10.0,0.05,1e-06,2217,-1.7763568394002505e-15,1.0,0.9984126984126984,0.9999999841269841,0.0999999999999999,1e-06,8.889010815141546,206.63494833203842,0.09999999999999899,ok
gaussian,kl,20,10.0,1.0,10.0,0.05,1e-06,2249,-1.7763568394002505e-15,1.0,0.9984126984126984,0.9999999841269841,0.0999999999999999,1e-06,8.44843965430381,206.63484337462998,0.09999999999999899,ok
gaussian,kl,20,10.0,1.0,10.0,0.05,1e-06,2281,-1.7763568394002505e-15,1.0,0.9984126984126984,0.9999999841269841,0.0999999999999999,1e-06,8.02970477556748,206.63473841727483,0.09999999999999899,ok
gaussian,kl,20,10.0,1.0,10.0,0.05,1e-06,2313,-1.7763568394002505e-15,1.0,0.9984126984126984,0.9999999841269841,0.0999999999999999,1e-06,7.631723894710633,206.63463345997303,0.09999999999999899,ok
gaussian,kl,20,10.0,1.0,10.0,0.05,1e-06,2345,-1.7763568394002505e-15,1.0,0.9984126984126984,0.9999999841269841,0.0999999999999999,1e-06,7.253468369387339,206.63452850272452,0.09999999999999899,ok
gaussian,kl,20,10.0,1.0,10.0,0.05,1e-06,2378,-1.7763568394002505e-15,1.0,0.9984126984126984,0.9999999841269841,0.0999999999999999,1e-06,6.8830177459358755,206.63442026561785,0.09999999999999899,ok
gaussian,kl,20,10.0,1.0,10.0,0.05,1e-06,2410,-1.7763568394002505e-15,1.0,0.9984126984126984,0.9999999841269841,0.0999999999999999,1e-06,6.541870774528409,206.63431530847762,0.09999999999999899,ok
gaussian,kl,20,10.0,1.0,10.0,0.05,1e-06,2442,-1.7763568394002505e-15,1.0,0.9984126984126984,0.9999999841269841,0.0999999999999999,1e-06,6.217632266878607,206.63421035139072,0.09999999999999899,ok
gaussian,kl,20,10.0,1.0,10.0,0.05,1e-06,2474,-1.7763568394002505e-15,1.0,0.9984126984126984,0.9999999841269841,0.0999999999999999,1e-06,5.909464179062271,206.63410539435714,0.09999999999999899,ok
gaussian,kl,20,10.0,1.0,10.0,0.05,1e-06,2506,-1.7763568394002505e-15,1.0,0.9984126984126984,0.9999999841269841,0.0999999999999999,1e-06,5.616570003608727,206.63400043737684,0.09999999999999899,ok
gaussian,kl,20,10.0,1.0,10.0,0.05,1e-06,2538,-1.7763568394002505e-15,1.0,0.9984126984126984,0.9999999841269841,0.0999999999999999,1e-06,5.338192710805655,206.6338954804499,0.09999999999999899,ok
gaussian,kl,20,10.0,1.0,10.0,0.05,1e-06,2570,-1.7763568394002505e-15,1.0,0.9984126984126984,0.9999999841269841,0.0999999999999999,1e-06,5.073612792040221,206.6337905235762,0.09999999999999899,ok
gaussian,kl,20,10.0,1.0,10.0,0.05,1e-06,2602,-1.7763568394002505e-15,1.0,0.9984126984126984,0.9999999841269841,0.0999999999999999,1e-06,4.82214640011922,206.63368556675587,0.09999999999999899,ok
gaussian,kl,20,10.0,1.0,10.0,0.05,1e-06,2635,-1.7763568394002505e-15,1.0,0.9984126984126984,0.9999999841269841,0.0999999999999999,1e-06,4.5758687506794535,206.63357733009073,0.09999999999999899,ok
gaussian,kl,20,10.0,1.0,10.0,0.05,1e-06,2667,-1.7763568394002505e-15,1.0,0.9984126984126984,0.9999999841269841,0.0999999999999999,1e-06,4.349072333254251,206.63347237337865,0.09999999999999899,ok
gaussian,kl,20,10.0,1.0,10.0,0.05,1e-06,2699,-1.7763568394002505e-15,1.0,0.9984126984126984,0.9999999841269841,0.0999999999999999,1e-06,4.133516757242881,206.63336741671992,0.09999999999999899,ok
gaussian,kl,20,10.0,1.0,10.0,0.05,1e-06,2731,-1.7763568394002505e-15,1.0,0.9984126984126984,0.9999999841269841,0.0999999999999999,1e-06,3.9286448863504915,206.63326246011448,0.09999999999999899,ok
gaussian,kl,20,10.0,1.0,10.0,0.05,1e-06,2763,-1.7763568394002505e-15,1.0,0.9984126984126984,0.9999999841269841,0.0999999999999999,1e-06,3.733927197949174,206.63315750356236,0.09999999999999899,ok
gaussian,kl,20,10.0,1.0,10.0,0.05,1e-06,2795,-1.7763568394002505e-15,1.0,0.9984126984126984,0.9999999841269841,0.0999999999999999,1e-06,3.548860414445898,206.63305254706356,0.09999999999999899,ok
gaussian,kl,20,10.0,1.0,10.0,0.05,1e-06,2827,-1.7763568394002505e-15,1.0,0.9984126984126984,0.9999999841269841,0.0999999999999999,1e-06,3.3729662024847387,206.63294759061804,0.09999999999999899,ok
gaussian,kl,20,10.0,1.0,10.0,0.05,1e-06,2859,-1.7763568394002505e-15,1.0,0.9984126984126984,0.9999999841269841,0.0999999999999999,1e-06,3.2057899366212905,206.63284263422585,0.09999999999999899,ok
gaussian,kl,20,10.0,1.0,10.0,0.05,1e-06,2892,-1.7763568394002505e-15,1.0,0.9984126984126984,0.9999999841269841,0.0999999999999999,1e-06,3.0420631758225682,206.63273439800224,0.09999999999999899,ok
gaussian,kl,20,10.0,1.0,10.0,0.05,1e-06,2924,-1.7763568394002505e-15,1.0,0.9984126984126984,0.9999999841269841,0.0999999999999999,1e-06,2.891287647185465,206.63262944171834,0.09999999999999899,ok
gaussian,kl,20,10.0,1.0,10.0,0.05,1e-06,2956,-1.7763568394002505e-15,1.0,0.9984126984126984,0.9999999841269841,0.0999999999999999,1e-06,2.7479850928825167,206.63252448548775,0.09999999999999899,ok
gaussian,kl,20,10.0,1.0,10.0,0.05,1e-06,2988,-1.7763568394002505e-15,1.0,0.9984126984126984,0.9999999841269841,0.0999999999999999,1e-06,2.6117851255842677,206.63241952931045,0.09999999999999899,ok
gaussian,kl,20,10.0,1.0,10.0,0.05,1e-06,3020,-1.7763568394002505e-15,1.0,0.9984126984126984,0.9999999841269841,0.0999999999999999,1e-06,2.482335715681725,206.6323145731865,0.09999999999999899,ok
gaussian,kl,20,10.0,1.0,10.0,0.05,1e-06,3052,-1.7763568394002505e-15,1.0,0.9984126984126984,0.9999999841269841,0.0999999999999999,1e-06,2.3593022814120794,206.63220961711585,0.09999999999999899,ok
gaussian,kl,20,10.0,1.0,10.0,0.05,1e-06,3084,-1.7763568394002505e-15,1.0,0.9984126984126984,0.9999999841269841,0.0999999999999999,1e-06,2.242366824081072,206.6321046610985,0.09999999999999899,ok
gaussian,kl,20,10.0,1.0,10.0,0.05,1e-06,3116,-1.7763568394002505e-15,1.0,0.9984126984126984,0.9999999841269841,0.0999999999999999,1e-06,2.1312271061468095,206.63199970513446,0.09999999999999899,ok
gaussian,kl,20,10.0,1.0,10.0,0.05,1e-06,3149,-1.7763568394002505e-15,1.0,0.9984126984126984,0.9999999841269841,0.0999999999999999,1e-06,2.022380638500955,206.63189146935238,0.09999999999999899,ok
gaussian,kl,20,10.0,1.0,10.0,0.05,1e-06,3181,-1.7763568394002505e-15,1.0,0.9984126984126984,0.9999999841269841,0.0999999999999999,1e-06,1.9221442225386296,206.63178651349665,0.09999999999999899,ok
gaussian,kl,20,10.0,1.0,10.0,0.05,1e-06,3213,-1.7763568394002505e-15,1.0,0.9984126984126984,0.9999999841269841,0.0999999999999999,1e-06,1.8268758817712993,206.6316815576942,0.09999999999999899,ok
gaussian,kl,20,10.0,1.0,10.0,0.05,1e-06,3245,-1.7763568394002505e-15,1.0,0.9984126984126984,0.9999999841269841,0.0999999999999999,1e-06,1.7363293806277265,206.63157660194508,0.09999999999999899,ok
gaussian,kl,20,10.0,1.0,10.0,0.05,1e-06,3277,-1.7763568394002505e-15,1.0,0.9984126984126984,0.9999999841269841,0.0999999999999999,1e-06,1.650270687852061,206.63147164624925,0.09999999999999899,ok
gaussian,kl,20,10.0,1.0,10.0,0.05,1e-06,3309,-1.7763568394002505e-15,1.0,0.9984126984126984,0.9999999841269841,0.0999999999999999,1e-06,1.56847737161433,206.63136669060674,0.09999999999999899,ok
gaussian,kl,20,10.0,1.0,10.0,0.05,1e-06,3341,-1.7763568394002505e-15,1.0,0.9984126984126984,0.9999999841269841,0.0999999999999999,1e-06,1.4907380246014141,206.63126173501755,0.09999999999999899,ok
gaussian,kl,20,10.0,1.0,10.0,0.05,1e-06,3373,-1.7763568394002505e-15,1.0,0.9984126984126984,0.9999999841269841,0.0999999999999999,1e-06,1.4168517176025692,206.63115677948167,0.09999999999999899,ok
gaussian,kl,20,10.0,1.0,10.0,0.05,1e-06,3406,-1.7763568394002505e-15,1.0,0.9984126984126984,0.9999999841269841,0.0999999999999999,1e-06,1.344489976240418,206.63104854414112,0.09999999999999899,ok
gaussian,kl,20,10.0,1.0,10.0,0.05,1e-06,3438,-1.7763568394002505e-15,1.0,0.9984126984126984,0.9999999841269841,0.0999999999999999,1e-06,1.2778522454641266,206.63094358871354,0.09999999999999899,ok
gaussian,kl,20,10.0,1.0,10.0,0.05,1e-06,3470,-1.7763568394002505e-15,1.0,0.9984126984126984,0.9999999841269841,0.0999999999999999,1e-06,1.2145173189046656,206.63083863333924,0.09999999999999899,ok
gaussian,kl,20,10.0,1.0,10.0,0.05,1e-06,3502,-1.7763568394002505e-15,1.0,0.9984126984126984,0.9999999841269841,0.0999999999999999,1e-06,1.154321497775062,206.6307336780183,0.09999999999999899,ok
gaussian,kl,20,10.0,1.0,10.0,0.05,1e-06,3534,-1.7763568394002505e-15,1.0,0.9984126984126984,0.9999999841269841,0.0999999999999999,1e-06,1.097109196785571,206.6306287227506,0.09999999999999899,ok
gaussian,kl,20,10.0,1.0,10.0,0.05,1e-06,3566,-1.7763568394002505e-15,1.0,0.9984126984126984,0.9999999841269841,0.0999999999999999,1e-06,1.042732542009739,206.63052376753626,0.09999999999999899,ok
gaussian,kl,20,10.0,1.0,10.0,0.05,1e-06,3598,-1.7763568394002505e-15,1.0,0.9984126984126984,0.9999999841269841,0.0999999999999999,1e-06,0.9910509886816704,206.6304188123752,0.09999999999999899,ok
gaussian,kl,20,10.0,1.0,10.0,0.05,1e-06,3631,-1.7763568394002505e-15,1.0,0.9984126984126984,0.9999999841269841,0.0999999999999999,1e-06,0.9404358294319551,206.63031057742123,0.09999999999999899,ok
gaussian,kl,20,10.0,1.0,10.0,0.05,1e-06,3663,-1.7763568394002505e-15,1.0,0.9984126984126984,0.9999999841269841,0.0999999999999999,1e-06,0.8938244669662385,206.63020562236846,0.09999999999999899,ok
gaussian,kl,20,10.0,1.0,10.0,0.05,1e-06,3695,-1.7763568394002505e-15,1.0,0.9984126984126984,0.9999999841269841,0.0999999999999999,1e-06,0.8495233302946864,206.63010066736902,0.09999999999999899,ok
gaussian,kl,20,10.0,1.0,10.0,0.05,1e-06,3727,-1.7763568394002505e-15,1.0,0.9984126984126984,0.9999999841269841,0.0999999999999999,1e-06,0.8074179163661614,206.62999571242287,0.09999999999999899,ok
gaussian,kl,20,10.0,1.0,10.0,0.05,1e-06,3759,-1.7763568394002505e-15,1.0,0.9984126984126984,0.9999999841269841,0.0999999999999999,1e-06,0.7673993973101729,206.62989075753006,0.09999999999999899,ok
gaussian,kl,20,10.0,1.0,10.0,0.05,1e-06,3791,-1.7763568394002505e-15,1.0,0.9984126984126984,0.9999999841269841,0.0999999999999999,1e-06,0.7293643391546338,206.62978580269055,0.09999999999999899,ok
gaussian,kl,20,10.0,1.0,10.0,0.05,1e-06,3823,-1.7763568394002505e-15,1.0,0.9984126984126984,0.9999999841269841,0.0999999999999999,1e-06,0.6932144344849668,206.62968084790435,0.09999999999999899,ok
gaussian,kl,20,10.0,1.0,10.0,0.05,1e-06,3855,-1.7763568394002505e-15,1.0,0.9984126984126984,0.9999999841269841,0.0999999999999999,1e-06,0.6588562483535828,206.62957589317145,0.09999999999999899,ok
gaussian,kl,20,10.0,1.0,10.0,0.05,1e-06,3888,-1.7763568394002505e-15,1.0,0.9984126984126984,0.9999999841269841,0.0999999999999999,1e-06,0.6252070069785777,206.629467658659,0.09999999999999899,ok
gaussian,kl,20,10.0,1.0,10.0,0.05,1e-06,3920,-1.7763568394002505e-15,1.0,0.9984126984126984,0.9999999841269841,0.0999999999999999,1e-06,0.5942195121316548,206.62936270403438,0.09999999999999899,ok
gaussian,kl,20,10.0,1.0,10.0,0.05,1e-06,3952,-1.7763568394002505e-15,1.0,0.9984126984126984,0.9999999841269841,0.0999999999999999,1e-06,0.5647678683327371,206.62925774946308,0.09999999999999899,ok
gaussian,kl,20,10.0,1.0,10.0,0.05,1e-06,3984,-1.7763568394002505e-15,1.0,0.9984126984126984,0.9999999841269841,0.0999999999999999,1e-06,0.5367759533120725,206.6291527949451,0.09999999999999899,ok
gaussian,kl,20,10.0,1.0,10.0,0.05,1e-06,4016,-1.7763568394002505e-15,1.0,0.9984126984126984,0.9999999841269841,0.0999999999999999,1e-06,0.510171417691793,206.6290478404804,0.09999999999999899,ok
gaussian,kl,20,10.0,1.0,10.0,0.05,1e-06,4048,-1.7763568394002505e-15,1.0,0.9984126984126984,0.9999999841269841,0.0999999999999999,1e-06,0.48488549798789976,206.62894288606907,0.09999999999999899,ok
gaussian,kl,20,10.0,1.0,10.0,0.05,1e-06,4080,-1.7763568394002505e-15,1.0,0.9984126984126984,0.9999999841269841,0.0999999999999999,1e-06,0.460852838880542,206.62883793171102,0.09999999999999899,ok
gaussian,kl,20,10.0,1.0,10.0,0.05,1e-06,4112,-1.7763568394002505e-15,1.0,0.9984126984126984,0.9999999841269841,0.0999999999999999,1e-06,0.43801132429321443,206.62873297740626,0.09999999999999899,ok
gaussian,kl,20,10.0,1.0,10.0,0.05,1e-06,4145,-1.7763568394002505e-15,1.0,0.9984126984126984,0.9999999841269841,0.0999999999999999,1e-06,0.41564112015087123,206.62862474333534,0.09999999999999899,ok
gaussian,kl,20,10.0,1.0,10.0,0.05,1e-06,4177,-1.7763568394002505e-15,1.0,0.9984126984126984,0.9999999841269841,0.0999999999999999,1e-06,0.3950404600093804,206.62851978913886,0.09999999999999899,ok
gaussian,kl,20,10.0,1.0,10.0,0.05,1e-06,4209,-1.7763568394002505e-15,1.0,0.9984126984126984,0.9999999841269841,0.0999999999999999,1e-06,0.37546084224721693,206.6284148349957,0.09999999999999899,ok
gaussian,kl,20,10.0,1.0,10.0,0.05,1e-06,4241,-1.7763568394002505e-15,1.0,0.9984126984126984,0.9999999841269841,0.0999999999999999,1e-06,0.3568516603530742,206.62830988090587,0.09999999999999899,ok
gaussian,kl,20,10.0,1.0,10.0,0.05,1e-06,4273,-1.7763568394002505e-15,1.0,0.9984126984126984,0.9999999841269841,0.0999999999999999,1e-06,0.33916481605530124,206.62820492686936,0.09999999999999899,ok
gaussian,kl,20,10.0,1.0,10.0,0.05,1e-06,4305,-1.7763568394002505e-15,1.0,0.9984126984126984,0.9999999841269841,0.0999999999999999,1e-06,0.3223545950045776,206.62809997288613,0.09999999999999899,ok
gaussian,kl,20,10.0,1.0,10.0,0.05,1e-06,4337,-1.7763568394002505e-15,1.0,0.9984126984126984,0.9999999841269841,0.0999999999999999,1e-06,0.306377548618198,206.6279950189562,0.09999999999999899,ok
gaussian,kl,20,10.0,1.0,10.0,0.05,1e-06,4369,-1.7763568394002505e-15,1.0,0.9984126984126984,0.9999999841269841,0.0999999999999999,1e-06,0.291192381780577,206.6278900650796,0.09999999999999899,ok
gaussian,kl,20,10.0,1.0,10.0,0.05,1e-06,4402,-1.7763568394002505e-15,1.0,0.9984126984126984,0.9999999841269841,0.0999999999999999,1e-06,0.2763205447666875,206.62778183145022,0.09999999999999899,ok
gaussian,kl,20,10.0,1.0,10.0,0.05,1e-06,4434,-1.7763568394002505e-15,1.0,0.9984126984126984,0.9999999841269841,0.0999999999999999,1e-06,0.26262511051614,206.6276768776819,0.09999999999999899,ok
gaussian,kl,20,10.0,1.0,10.0,0.05,1e-06,4466,-1.7763568394002505e-15,1.0,0.9984126984126984,0.9999999841269841,0.0999999999999999,1e-06,0.24960847095843544,206.6275719239669,0.09999999999999899,ok
gaussian,kl,20,10.0,1.0,10.0,0.05,1e-06,4498,-1.7763568394002505e-15,1.0,0.9984126984126984,0.9999999841269841,0.0999999999999999,1e-06,0.2372369826013993,206.6274669703052,0.09999999999999899,ok
gaussian,kl,20,10.0,1.0,10.0,0.05,1e-06,4530,-1.7763568394002505e-15,1.0,0.9984126984126984,0.9999999841269841,0.0999999999999999,1e-06,0.2254786694446303,206.62736201669682,0.09999999999999899,ok
gaussian,kl,20,10.0,1.0,10.0,0.05,1e-06,4562,-1.7763568394002505e-15,1.0,0.9984126984126984,0.9999999841269841,0.0999999999999999,1e-06,0.21430314033264455,206.62725706314174,0.09999999999999899,ok
gaussian,kl,20,10.0,1.0,10.0,0.05,1e-06,4594,-1.7763568394002505e-15,1.0,0.9984126984126984,0.9999999841269841,0.0999999999999999,1e-06,0.20368151040429544,206.62715210963998,0.09999999999999899,ok
gaussian,kl,20,10.0,1.0,10.0,0.05,1e-06,4627,-1.7763568394002505e-15,1.0,0.9984126984126984,0.9999999841269841,0.0999999999999999,1e-06,0.19327904655220857,206.62704387639712,0.09999999999999899,ok
gaussian,kl,20,10.0,1.0,10.0,0.05,1e-06,4659,-1.7763568394002505e-15,1.0,0.9984126984126984,0.9999999841269841,0.0999999999999999,1e-06,0.18369944588842402,206.62693892300365,0.09999999999999899,ok
gaussian,kl,20,10.0,1.0,10.0,0.05,1e-06,4691,-1.7763568394002505e-15,1.0,0.9984126984126984,0.9999999841269841,0.0999999999999999,1e-06,0.1745946444877494,206.62683396966347,0.09999999999999899,ok
gaussian,kl,20,10.0,1.0,10.0,0.05,1e-06,4723,-1.7763568394002505e-15,1.0,0.9984126984126984,0.9999999841269841,0.0999999999999999,1e-06,0.16594110960094374,206.6267290163766,0.09999999999999899,ok
gaussian,kl,20,10.0,1.0,10.0,0.05,1e-06,4755,-1.7763568394002505e-15,1.0,0.9984126984126984,0.9999999841269841,0.0999999999999999,1e-06,0.15771647484596546,206.62662406314305,0.09999999999999899,ok
gaussian,kl,20,10.0,1.0,10.0,0.05,1e-06,4787,-1.7763568394002505e-15,1.0,0.9984126984126984,0.9999999841269841,0.0999999999999999,1e-06,0.14989948239864362,206.62651910996283,0.09999999999999899,ok
gaussian,kl,20,10.0,1.0,10.0,0.05,1e-06,4819,-1.7763568394002505e-15,1.0,0.9984126984126984,0.9999999841269841,0.0999999999999999,1e-06,0.14246992804858571,206.6264141568359,0.09999999999999899,ok
gaussian,kl,20,10.0,1.0,10.0,0.05,1e-06,4851,-1.7763568394002505e-15,1.0,0.9984126984126984,0.9999999841269841,0.0999999999999999,1e-06,0.13540860897831128,206.62630920376228,0.09999999999999899,ok
gaussian,kl,20,10.0,1.0,10.0,0.05,1e-06,4884,-1.7763568394002505e-15,1.0,0.9984126984126984,0.9999999841269841,0.0999999999999999,1e-06,0.1284929927431297,206.62620097096092,0.09999999999999899,ok
gaussian,kl,20,10.0,1.0,10.0,0.05,1e-06,4916,-1.7763568394002505e-15,1.0,0.9984126984126984,0.9999999841269841,0.0999999999999999,1e-06,0.12212442056455543,206.6260960179956,0.09999999999999899,ok
gaussian,kl,20,10.0,1.0,10.0,0.05,1e-06,4948,-1.7763568394002505e-15,1.0,0.9984126984126984,0.9999999841269841,0.0999999999999999,1e-06,0.1160714975955439,206.62599106508355,0.09999999999999899,ok
gaussian,kl,20,10.0,1.0,10.0,0.05,1e-06,4980,-1.7763568394002505e-15,1.0,0.9984126984126984,0.9999999841269841,0.0999999999999999,1e-06,0.1103185791325879,206.62588611222483,0.09999999999999899,ok
gaussian,kl,20,10.0,1.0,10.0,0.05,1e-06,5012,-1.7763568394002505e-15,1.0,0.9984126984126984,0.9999999841269841,0.0999999999999999,1e-06,0.10485079587962749,206.62578115941943,0.09999999999999899,ok
gaussian,kl,20,10.0,1.0,10.0,0.05,1e-06,5044,-1.7763568394002505e-15,1.0,0.9984126984126984,0.9999999841269841,0.0999999999999999,1e-06,0.09965401551608455,206.62567620666732,0.09999999999999899,ok
gaussian,kl,20,10.0,1.0,10.0,0.05,1e-06,5076,-1.7763568394002505e-15,1.0,0.9984126984126984,0.9999999841269841,0.0999999999999999,1e-06,0.09471480616972214,206.62557125396853,0.09999999999999899,ok
gaussian,kl,20,10.0,1.0,10.0,0.05,1e-06,5108,-1.7763568394002505e-15,1.0,0.9984126984126984,0.9999999841269841,0.0999999999999999,1e-06,0.09002040169992047,206.62546630132306,0.09999999999999899,ok
gaussian,kl,20,10.0,1.0,10.0,0.05,1e-06,5141,-1.7763568394002505e-15,1.0,0.9984126984126984,0.9999999841269841,0.0999999999999999,1e-06,0.0854228612909997,206.62535806896324,0.09999999999999899,ok
gaussian,kl,20,10.0,1.0,10.0,0.05,1e-06,5173,-1.7763568394002505e-15,1.0,0.9984126984126984,0.9999999841269841,0.0999999999999999,1e-06,0.08118899883501643,206.62525311642605,0.09999999999999899,ok
gaussian,kl,20,10.0,1.0,10.0,0.05,1e-06,5205,-1.7763568394002505e-15,1.0,0.9984126984126984,0.9999999841269841,0.0999999999999999,1e-06,0.07716498174156582,206.62514816394216,0.09999999999999899,ok
gaussian,kl,20,10.0,1.0,10.0,0.05,1e-06,5237,-1.7763568394002505e-15,1.0,0.9984126984126984,0.9999999841269841,0.0999999999999999,1e-06,0.07334040932412716,206.62504321151158,0.09999999999999899,ok
gaussian,kl,20,10.0,1.0,10.0,0.05,1e-06,5269,-1.7763568394002505e-15,1.0,0.9984126984126984,0.9999999841269841,0.0999999999999999,1e-06,0.06970539639139388,206.62493825913432,0.09999999999999899,ok
gaussian,kl,20,10.0,1.0,10.0,0.05,1e-06,5301,-1.7763568394002505e-15,1.0,0.9984126984126984,0.9999999841269841,0.0999999999999999,1e-06,0.06625054769748753,206.62483330681033,0.09999999999999899,ok
gaussian,kl,20,10.0,1.0,10.0,0.05,1e-06,5333,-1.7763568394002505e-15,1.0,0.9984126984126984,0.9999999841269841,0.0999999999999999,1e-06,0.06296693365851046,206.6247283545397,0.09999999999999899,ok
gaussian,kl,20,10.0,1.0,10.0,0.05,1e-06,5365,-1.7763568394002505e-15,1.0,0.9984126984126984,0.9999999841269841,0.0999999999999999,1e-06,0.0598460672726728,206.62462340232236,0.09999999999999899,ok
gaussian,kl,20,10.0,1.0,10.0,0.05,1e-06,5398,-1.7763568394002505e-15,1.0,0.9984126984126984,0.9999999841269841,0.0999999999999999,1e-06,0.05678959665706406,206.62451517040407,0.09999999999999899,ok
gaussian,kl,20,10.0,1.0,10.0,0.05,1e-06,5430,-1.7763568394002505e-15,1.0,0.9984126984126984,0.9999999841269841,0.0999999999999999,1e-06,0.053974901181602274,206.624410218295,0.09999999999999899,ok
gaussian,kl,20,10.0,1.0,10.0,0.05,1e-06,5462,-1.7763568394002505e-15,1.0,0.9984126984126984,0.9999999841269841,0.0999999999999999,1e-06,0.051299712078538735,206.62430526623925,0.09999999999999899,ok
gaussian,kl,20,10.0,1.0,10.0,0.05,1e-06,5494,-1.7763568394002505e-15,1.0,0.9984126984126984,0.9999999841269841,0.0999999999999999,1e-06,0.04875711491321808,206.62420031423682,0.09999999999999899,ok
gaussian,kl,20,10.0,1.0,10.0,0.05,1e-06,5526,-1.7763568394002505e-15,1.0,0.9984126984126984,0.9999999841269841,0.0999999999999999,1e-06,0.046340537955090765,206.6240953622877,0.09999999999999899,ok
gaussian,kl,20,10.0,1.0,10.0,0.05,1e-06,5558,-1.7763568394002505e-15,1.0,0.9984126984126984,0.9999999841269841,0.0999999999999999,1e-06,0.04404373519207212,206.62399041039185,0.09999999999999899,ok
gaussian,kl,20,10.0,1.0,10.0,0.05,1e-06,5590,-1.7763568394002505e-15,1.0,0.9984126984126984,0.9999999841269841,0.0999999999999999,1e-06,0.04186077018677055,206.62388545854935,0.09999999999999899,ok
gaussian,kl,20,10.0,1.0,10.0,0.05,1e-06,5622,-1.7763568394002505e-15,1.0,0.9984126984126984,0.9999999841269841,0.0999999999999999,1e-06,0.03978600073285875,206.62378050676014,0.09999999999999899,ok
gaussian,kl,20,10.0,1.0,10.0,0.05,1e-06,5655,-1.7763568394002505e-15,1.0,0.9984126984126984,0.9999999841269841,0.0999999999999999,1e-06,0.03775404194768893,206.62367227528335,0.09999999999999899,ok
gaussian,kl,20,10.0,1.0,10.0,0.05,1e-06,5687,-1.7763568394002505e-15,1.0,0.9984126984126984,0.9999999841269841,0.0999999999999999,1e-06,0.03588281662992052,206.62356732360246,0.09999999999999899,ok
gaussian,kl,20,10.0,1.0,10.0,0.05,1e-06,5719,-1.7763568394002505e-15,1.0,0.9984126984126984,0.9999999841269841,0.0999999999999999,1e-06,0.03410433592992598,206.62346237197482,0.09999999999999899,ok
gaussian,kl,20,10.0,1.0,10.0,0.05,1e-06,5751,-1.7763568394002505e-15,1.0,0.9984126984126984,0.9999999841269841,0.0999999999999999,1e-06,0.03241400309281735,206.6233574204005,0.09999999999999899,ok
gaussian,kl,20,10.0,1.0,10.0,0.05,1e-06,5783,-1.7763568394002505e-15,1.0,0.9984126984126984,0.9999999841269841,0.0999999999999999,1e-06,0.030807449195315615,206.62325246887954,0.09999999999999899,ok
gaussian,kl,20,10.0,1.0,10.0,0.05,1e-06,5815,-1.7763568394002505e-15,1.0,0.9984126984126984,0.9999999841269841,0.0999999999999999,1e-06,0.02928052185360175,206.62314751741184,0.09999999999999899,ok
gaussian,kl,20,10.0,1.0,10.0,0.05,1e-06,5847,-1.7763568394002505e-15,1.0,0.9984126984126984,0.9999999841269841,0.0999999999999999,1e-06,0.02782927449084661,206.62304256599745,0.09999999999999899,ok
gaussian,kl,20,10.0,1.0,10.0,0.05,1e-06,5880,-1.7763568394002505e-15,1.0,0.9984126984126984,0.9999999841269841,0.0999999999999999,1e-06,0.026407972079320836,206.62293433490723,0.09999999999999899,ok
gaussian,kl,20,10.0,1.0,10.0,0.05,1e-06,5912,-1.7763568394002505e-15,1.0,0.9984126984126984,0.9999999841269841,0.0999999999999999,1e-06,0.025099098554885617,206.62282938360113,0.09999999999999899,ok
gaussian,kl,20,10.0,1.0,10.0,0.05,1e-06,5944,-1.7763568394002505e-15,1.0,0.9984126984126984,0.9999999841269841,0.0999999999999999,1e-06,0.023855097482519873,206.62272443234835,0.09999999999999899,ok
gaussian,kl,20,10.0,1.0,10.0,0.05,1e-06,5976,-1.7763568394002505e-15,1.0,0.9984126984126984,0.9999999841269841,0.0999999999999999,1e-06,0.022672753551531658,206.62261948114886,0.09999999999999899,ok
gaussian,kl,20,10.0,1.0,10.0,0.05,1e-06,6008,-1.7763568394002505e-15,1.0,0.9984126984126984,0.9999999841269841,0.0999999999999999,1e-06,0.021549010813524068,206.62251453000272,0.09999999999999899,ok
gaussian,kl,20,10.0,1.0,10.0,0.05,1e-06,6040,-1.7763568394002505e-15,1.0,0.9984126984126984,0.9999999841269841,0.0999999999999999,1e-06,0.02048096478383003,206.62240957890984,0.09999999999999899,ok
gaussian,kl,20,10.0,1.0,10.0,0.05,1e-06,6072,-1.7763568394002505e-15,1.0,0.9984126984126984,0.9999999841269841,0.0999999999999999,1e-06,0.019465854934428276,206.6223046278703,0.09999999999999899,ok
gaussian,kl,20,10.0,1.0,10.0,0.05,1e-06,6104,-1.7763568394002505e-15,1.0,0.9984126984126984,0.9999999841269841,0.0999999999999999,1e-06,0.018501057558937224,206.62219967688404,0.09999999999999899,ok
gaussian,kl,20,10.0,1.0,10.0,0.05,1e-06,6137,-1.7763568394002505e-15,1.0,0.9984126984126984,0.9999999841269841,0.0999999999999999,1e-06,0.017556167754751228,206.62209144623532,0.09999999999999899,ok
gaussian,kl,20,10.0,1.0,10.0,0.05,1e-06,6169,-1.7763568394002505e-15,1.0,0.9984126984126984,0.9999999841269841,0.0999999999999999,1e-06,0.016686021304440073,206.62198649535736,0.09999999999999899,ok
gaussian,kl,20,10.0,1.0,10.0,0.05,1e-06,6201,-1.7763568394002505e-15,1.0,0.9984126984126984,0.9999999841269841,0.0999999999999999,1e-06,0.01585900242362849,206.6218815445327,0.09999999999999899,ok
gaussian,kl,20,10.0,1.0,10.0,0.05,1e-06,6233,-1.7763568394002505e-15,1.0,0.9984126984126984,0.9999999841269841,0.0999999999999999,1e-06,0.01507297355575886,206.62177659376138,0.09999999999999899,ok
gaussian,kl,20,10.0,1.0,10.0,0.05,1e-06,6265,-1.7763568394002505e-15,1.0,0.9984126984126984,0.9999999841269841,0.0999999999999999,1e-06,0.014325903089219947,206.62167164304333,0.09999999999999899,ok
gaussian,kl,20,10.0,1.0,10.0,0.05,1e-06,6297,-1.7763568394002505e-15,1.0,0.9984126984126984,0.9999999841269841,0.0999999999999999,1e-06,0.013615860106336457,206.62156669237862,0.09999999999999899,ok
gaussian,kl,20,10.0,1.0,10.0,0.05,1e-06,6329,-1.7763568394002505e-15,1.0,0.9984126984126984,0.9999999841269841,0.0999999999999999,1e-06,0.012941009392617601,206.62146174176718,0.09999999999999899,ok
gaussian,kl,20,10.0,1.0,10.0,0.05,1e-06,6361,-1.7763568394002505e-15,1.0,0.9984126984126984,0.9999999841269841,0.0999999999999999,1e-06,0.012299606693364966,206.62135679120908,0.09999999999999899,ok
gaussian,kl,20,10.0,1.0,10.0,0.05,1e-06,6394,-1.7763568394002505e-15,1.0,0.9984126984126984,0.9999999841269841,0.0999999999999999,1e-06,0.011671438659022282,206.62124856100186,0.09999999999999899,ok
gaussian,kl,20,10.0,1.0,10.0,0.05,1e-06,6426,-1.7763568394002505e-15,1.0,0.9984126984126984,0.9999999841269841,0.0999999999999999,1e-06,0.011092960424988318,206.62114361055202,0.09999999999999899,ok
gaussian,kl,20,10.0,1.0,10.0,0.05,1e-06,6458,-1.7763568394002505e-15,1.0,0.9984126984126984,0.9999999841269841,0.0999999999999999,1e-06,0.010543153640723946,206.6210386601555,0.09999999999999899,ok
gaussian,kl,20,10.0,1.0,10.0,0.05,1e-06,6490,-1.7763568394002505e-15,1.0,0.9984126984126984,0.9999999841269841,0.0999999999999999,1e-06,0.010020597246656781,206.6209337098123,0.09999999999999899,ok
gaussian,kl,20,10.0,1.0,10.0,0.05,1e-06,6522,-1.7763568394002505e-15,1.0,0.9984126984126984,0.9999999841269841,0.0999999999999999,1e-06,0.009523940616008192,206.6208287595224,0.09999999999999899,ok
gaussian,kl,20,10.0,1.0,10.0,0.05,1e-06,6554,-1.7763568394002505e-15,1.0,0.9984126984126984,0.9999999841269841,0.0999999999999999,1e-06,0.009051900063892202,206.6207238092858,0.09999999999999899,ok
gaussian,kl,20,10.0,1.0,10.0,0.05,1e-06,6586,-1.7763568394002505e-15,1.0,0.9984126984126984,0.9999999841269841,0.0999999999999999,1e-06,0.0086032555294359,206.6206188591025,0.09999999999999899,ok
gaussian,kl,20,10.0,1.0,10.0,0.05,1e-06,6618,-1.7763568394002505e-15,1.0,0.9984126984126984,0.9999999841269841,0.0999999999999999,1e-06,0.008176847422345873,206.62051390897253,0.09999999999999899,ok
gaussian,kl,20,10.0,1.0,10.0,0.05,1e-06,6651,-1.7763568394002505e-15,1.0,0.9984126984126984,0.9999999841269841,0.0999999999999999,1e-06,0.007759237794618029,206.6204056792068,0.09999999999999899,ok
gaussian,kl,20,10.0,1.0,10.0,0.05,1e-06,6683,-1.7763568394002505e-15,1.0,0.9984126984126984,0.9999999841269841,0.0999999999999999,1e-06,0.007374662224458088,206.62030072918512,0.09999999999999899,ok
gaussian,kl,20,10.0,1.0,10.0,0.05,1e-06,6715,-1.7763568394002505e-15,1.0,0.9984126984126984,0.9999999841269841,0.0999999999999999,1e-06,0.0070091475946995946,206.62019577921674,0.09999999999999899,ok
gaussian,kl,20,10.0,1.0,10.0,0.05,1e-06,6747,-1.7763568394002505e-15,1.0,0.9984126984126984,0.9999999841269841,0.0999999999999999,1e-06,0.006661749176979178,206.62009082930166,0.09999999999999899,ok
gaussian,kl,20,10.0,1.0,10.0,0.05,1e-06,6779,-1.7763568394002505e-15,1.0,0.9984126984126984,0.9999999841269841,0.0999999999999999,1e-06,0.006331569067049272,206.6199858794399,0.09999999999999899,ok
gaussian,kl,20,10.0,1.0,10.0,0.05,1e-06,6811,-1.7763568394002505e-15,1.0,0.9984126984126984,0.9999999841269841,0.0999999999999999,1e-06,0.006017753864007494,206.61988092963142,0.09999999999999899,ok
gaussian,kl,20,10.0,1.0,10.0,0.05,1e-06,6843,-1.7763568394002505e-15,1.0,0.9984126984126984,0.9999999841269841,0.0999999999999999,1e-06,0.005719492464551725,206.61977597987627,0.09999999999999899,ok
gaussian,kl,20,10.0,1.0,10.0,0.05,1e-06,6876,-1.7763568394002505e-15,1.0,0.9984126984126984,0.9999999841269841,0.0999999999999999,1e-06,0.005427385372962092,206.6196677504971,0.09999999999999899,ok
gaussian,kl,20,10.0,1.0,10.0,0.05,1e-06,6908,-1.7763568394002505e-15,1.0,0.9984126984126984,0.9999999841269841,0.0999999999999999,1e-06,0.005158384746929936,206.6195628008502,0.09999999999999899,ok
gaussian,kl,20,10.0,1.0,10.0,0.05,1e-06,6940,-1.7763568394002505e-15,1.0,0.9984126984126984,0.9999999841269841,0.0999999999999999,1e-06,0.004902716753801676,206.61945785125664,0.09999999999999899,ok
gaussian,kl,20,10.0,1.0,10.0,0.05,1e-06,6972,-1.7763568394002505e-15,1.0,0.9984126984126984,0.9999999841269841,0.0999999999999999,1e-06,0.004659720580616502,206.61935290171638,0.09999999999999899,ok
gaussian,kl,20,10.0,1.0,10.0,0.05,1e-06,7004,-1.7763568394002505e-15,1.0,0.9984126984126984,0.9999999841269841,0.0999999999999999,1e-06,0.004428768166666827,206.61924795222941,0.09999999999999899,ok
gaussian,kl,20,10.0,1.0,10.0,0.05,1e-06,7036,-1.7763568394002505e-15,1.0,0.9984126984126984,0.9999999841269841,0.0999999999999999,1e-06,0.00420926258017952,206.6191430027958,0.09999999999999899,ok
gaussian,kl,20,10.0,1.0,10.0,0.05,1e-06,7068,-1.7763568394002505e-15,1.0,0.9984126984126984,0.9999999841269841,0.0999999999999999,1e-06,0.004000636475454612,206.61903805341544,0.09999999999999899,ok
gaussian,kl,20,10.0,1.0,10.0,0.05,1e-06,7100,-1.7763568394002505e-15,1.0,0.9984126984126984,0.9999999841269841,0.0999999999999999,1e-06,0.0038023506264737027,206.61893310408843,0.09999999999999899,ok
gaussian,kl,20,10.0,1.0,10.0,0.05,1e-06,7133,-1.7763568394002505e-15,1.0,0.9984126984126984,0.9999999841269841,0.0999999999999999,1e-06,0.0036081561958337264,206.61882487515075,0.09999999999999899,ok
gaussian,kl,20,10.0,1.0,10.0,0.05,1e-06,7165,-1.7763568394002505e-15,1.0,0.9984126984126984,0.9999999841269841,0.0999999999999999,1e-06,0.0034293230729203726,206.618719925932,0.09999999999999899,ok
gaussian,kl,20,10.0,1.0,10.0,0.05,1e-06,7197,-1.7763568394002505e-15,1.0,0.9984126984126984,0.9999999841269841,0.0999999999999999,1e-06,0.0032593535590403153,206.61861497676657,0.09999999999999899,ok
gaussian,kl,20,10.0,1.0,10.0,0.05,1e-06,7229,-1.7763568394002505e-15,1.0,0.9984126984126984,0.9999999841269841,0.0999999999999999,1e-06,0.0030978083420358563,206.61851002765442,0.09999999999999899,ok
gaussian,kl,20,10.0,1.0,10.0,0.05,1e-06,7261,-1.7763568394002505e-15,1.0,0.9984126984126984,0.9999999841269841,0.0999999999999999,1e-06,0.0029442698836307027,206.6184050785956,0.09999999999999899,ok
gaussian,kl,20,10.0,1.0,10.0,0.05,1e-06,7293,-1.7763568394002505e-15,1.0,0.9984126984126984,0.9999999841269841,0.0999999999999999,1e-06,0.002798341340238541,206.61830012959007,0.09999999999999899,ok
gaussian,kl,20,10.0,1.0,10.0,0.05,1e-06,7325,-1.7763568394002505e-15,1.0,0.9984126984126984,0.9999999841269841,0.0999999999999999,1e-06,0.0026596455372602085,206.61819518063785,0.09999999999999899,ok
gaussian,kl,20,10.0,1.0,10.0,0.05,1e-06,7357,-1.7763568394002505e-15,1.0,0.9984126984126984,0.9999999841269841,0.0999999999999999,1e-06,0.0025278239942183593,206.61809023173896,0.09999999999999899,ok
gaussian,kl,20,10.0,1.0,10.0,0.05,1e-06,7390,-1.7763568394002505e-15,1.0,0.9984126984126984,0.9999999841269841,0.0999999999999999,1e-06,0.00239872244900643,206.6179820032428,0.09999999999999899,ok
gaussian,kl,20,10.0,1.0,10.0,0.05,1e-06,7422,-1.7763568394002505e-15,1.0,0.9984126984126984,0.9999999841269841,0.0999999999999999,1e-06,0.002279833187212965,206.61787705445215,0.09999999999999899,ok
gaussian,kl,20,10.0,1.0,10.0,0.05,1e-06,7454,-1.7763568394002505e-15,1.0,0.9984126984126984,0.9999999841269841,0.0999999999999999,1e-06,0.002166836502351712,206.61777210571483,0.09999999999999899,ok
gaussian,kl,20,10.0,1.0,10.0,0.05,1e-06,7486,-1.7763568394002505e-15,1.0,0.9984126984126984,0.9999999841269841,0.0999999999999999,1e-06,0.0020594403372395566,206.61766715703084,0.09999999999999899,ok
gaussian,kl,20,10.0,1.0,10.0,0.05,1e-06,7518,-1.7763568394002505e-15,1.0,0.9984126984126984,0.9999999841269841,0.0999999999999999,1e-06,0.0019573671100917003,206.61756220840013,0.09999999999999899,ok
gaussian,kl,20,10.0,1.0,10.0,0.05,1e-06,7550,-1.7763568394002505e-15,1.0,0.9984126984126984,0.9999999841269841,0.0999999999999999,1e-06,0.0018603529970691616,206.61745725982274,0.09999999999999899,ok
gaussian,kl,20,10.0,1.0,10.0,0.05,1e-06,7582,-1.7763568394002505e-15,1.0,0.9984126984126984,0.9999999841269841,0.0999999999999999,1e-06,0.0017681472503857847,206.61735231129867,0.09999999999999899,ok
gaussian,kl,20,10.0,1.0,10.0,0.05,1e-06,7614,-1.7763568394002505e-15,1.0,0.9984126984126984,0.9999999841269841,0.0999999999999999,1e-06,0.0016805115502123104,206.61724736282787,0.09999999999999899,ok
gaussian,kl,20,10.0,1.0,10.0,0.05,1e-06,7647,-1.7763568394002505e-15,1.0,0.9984126984126984,0.9999999841269841,0.0999999999999999,1e-06,0.0015946841198314272,206.6171391347732,0.09999999999999899,ok
gaussian,kl,20,10.0,1.0,10.0,0.05,1e-06,7679,-1.7763568394002505e-15,1.0,0.9984126984126984,0.9999999841269841,0.0999999999999999,1e-06,0.001515645872668213,206.6170341864107,0.09999999999999899,ok
gaussian,kl,20,10.0,1.0,10.0,0.05,1e-06,7711,-1.7763568394002505e-15,1.0,0.9984126984126984,0.9999999841269841,0.0999999999999999,1e-06,0.0014405250436550546,206.6169292381015,0.09999999999999899,ok
gaussian,kl,20,10.0,1.0,10.0,0.05,1e-06,7743,-1.7763568394002505e-15,1.0,0.9984126984126984,0.9999999841269841,0.0999999999999999,1e-06,0.0013691274715407456,206.61682428984562,0.09999999999999899,ok
gaussian,kl,20,10.0,1.0,10.0,0.05,1e-06,7775,-1.7763568394002505e-15,1.0,0.9984126984126984,0.9999999841269841,0.0999999999999999,1e-06,0.0013012686183999599,206.61671934164306,0.09999999999999899,ok
gaussian,kl,20,10.0,1.0,10.0,0.05,1e-06,7807,-1.7763568394002505e-15,1.0,0.9984126984126984,0.9999999841269841,0.0999999999999999,1e-06,0.0012367730926668122,206.61661439349376,0.09999999999999899,ok
gaussian,kl,20,10.0,1.0,10.0,0.05,1e-06,7839,-1.7763568394002505e-15,1.0,0.9984126984126984,0.9999999841269841,0.0999999999999999,1e-06,0.001175474195808577,206.6165094453978,0.09999999999999899,ok
gaussian,kl,20,10.0,1.0,10.0,0.05,1e-06,7871,-1.7763568394002505e-15,1.0,0.9984126984126984,0.9999999841269841,0.0999999999999999,1e-06,0.0011172134914678828,206.61640449735515,0.09999999999999899,ok
gaussian,kl,20,10.0,1.0,10.0,0.05,1e-06,7904,-1.7763568394002505e-15,1.0,0.9984126984126984,0.9999999841269841,0.0999999999999999,1e-06,0.00106015493501379,206.61629626974198,0.09999999999999899,ok
gaussian,kl,20,10.0,1.0,10.0,0.05,1e-06,7936,-1.7763568394002505e-15,1.0,0.9984126984126984,0.9999999841269841,0.0999999999999999,1e-06,0.0010076098655903995,206.6161913218076,0.09999999999999899,ok
gaussian,kl,20,10.0,1.0,10.0,0.05,1e-06,7968,-1.7763568394002505e-15,1.0,0.9984126984126984,0.9999999841269841,0.0999999999999999,1e-06,0.0009576691176954213,206.61608637392655,0.09999999999999899,ok
gaussian,kl,20,10.0,1.0,10.0,0.05,1e-06,8000,-1.7763568394002505e-15,1.0,0.9984126984126984,0.9999999841269841,0.0999999999999999,1e-06,0.0009102036118415161,206.61598142609878,0.09999999999999899,ok
gaussian,riemannian,20,100.0,1.0,100.0,0.005,1e-06,0,195.1294851255115,,0.9999999925,0.9999999925,1e-06,1e-06,195.1294851255115,195.1294851255115,1e-06,ok
gaussian,riemannian,20,100.0,1.0,100.0,0.005,1e-06,32,193.52884699021263,0.9997415961473922,0.9999999911989302,0.9999999925,1.1734759723038116e-06,1e-06,195.12943446747545,195.1294382944408,1.1734905605103042e-06,ok
gaussian,riemannian,20,100.0,1.0,100.0,0.005,1e-06,64,191.92809815681255,0.9997394220836707,0.9999999896722094,0.9999999925,1.3770387535003866e-06,1e-06,195.1293750216526,195.12939146338132,1.3770759606879696e-06,ok
gaussian,riemannian,20,100.0,1.0,100.0,0.005,1e-06,96,190.3272194275306,0.999737207879953,0.9999999878807218,0.9999999925,1.6159037716126518e-06,1e-06,195.12930526399526,195.1293446323331,1.615975094754274e-06,ok
gaussian,riemannian,20,100.0,1.0,100.0,0.005,1e-06,129,188.67615332070847,0.9997348806919265,0.9999999857073167,0.9999999925,1.9056911035639296e-06,1e-06,195.12922063127687,195.12929633782642,1.9058147961621224e-06,ok
gaussian,riemannian,20,100.0,1.0,100.0,0.005,1e-06,161,187.07493725772827,0.9997325796918657,0.9999999832283313,0.9999999925,2.2362224900784127e-06,1e-06,195.12912409410944,195.12924950680102,2.2364206122217347e-06,ok
gaussian,riemannian,20,100.0,1.0,100.0,0.005,1e-06,193,185.47351028651903,0.999730233002534,0.9999999803195733,0.9999999925,2.6240568909232033e-06,1e-06,195.12901081371413,195.12920267578687,2.624362318251809e-06,ok
gaussian,riemannian,20,100.0,1.0,100.0,0.005,1e-06,225,183.87183584685982,0.9997278383789145,0.9999999769066075,0.9999999925,3.079118998196332e-06,1e-06,195.1288778876052,195.12915584478395,3.079577829836849e-06,ok
gaussian,riemannian,20,100.0,1.0,100.0,0.005,1e-06,257,182.2698710479923,0.9997253933128185,0.9999999729021343,0.9999999925,3.6130487643708253e-06,1e-06,195.12872191068115,195.1291090137923,3.613725447666354e-06,ok
gaussian,riemannian,20,100.0,1.0,100.0,0.005,1e-06,289,180.6675655751224,0.9997228949890545,0.9999999682037765,0.9999999925,4.239496466102923e-06,1e-06,195.12853888839112,195.12906218281185,4.2404808746124e-06,ok
gaussian,riemannian,20,100.0,1.0,100.0,0.005,1e-06,321,179.06486040804003,0.9997203402336756,0.9999999626914899,0.9999999925,4.974468005279261e-06,1e-06,195.12832413497554,195.12901535184267,4.975885208212202e-06,ok
gaussian,riemannian,20,100.0,1.0,100.0,0.005,1e-06,353,177.46168631995286,0.9997177254528592,0.999999956224534,0.9999999925,5.836728804036755e-06,1e-06,195.12807215424615,195.12896852088468,5.838752542686005e-06,ok
gaussian,riemannian,20,100.0,1.0,100.0,0.005,1e-06,386,175.80783587588684,0.9997149617630854,0.9999999483807805,0.9999999925,6.882562597531058e-06,1e-06,195.1277664777793,195.12892022647108,6.885465165398601e-06,ok
gaussian,riemannian,20,100.0,1.0,100.0,0.005,1e-06,418,174.20344447522544,0.9997122118648951,0.9999999394366812,0.9999999925,8.075109178372714e-06,1e-06,195.12741785354223,195.12887339553595,8.079205407545434e-06,ok
gaussian,riemannian,20,100.0,1.0,100.0,0.005,1e-06,450,172.59829231765673,0.9997093876716882,0.9999999289453507,0.9999999925,9.473953231675687e-06,1e-06,195.12700883074925,195.12882656461207,9.479709797167582e-06,ok
gaussian,riemannian,20,100.0,1.0,100.0,0.005,1e-06,482,170.99224785500158,0.999706483018037,0.9999999166400835,0.9999999925,1.1114655538503421e-05,1e-06,195.12652896405518,195.12877973369942,1.1122717565116158e-05,ok
gaussian,riemannian,20,100.0,1.0,100.0,0.005,1e-06,514,169.38515688384967,0.9997034907962746,0.9999999022085563,0.9999999925,1.3038859168941783e-05,1e-06,195.1259660086925,195.12873290279802,1.3050117702798295e-05,ok
gaussian,riemannian,20,100.0,1.0,100.0,0.005,1e-06,546,167.77683867840403,0.9997004027899574,0.9999998852851607,0.9999999925,1.529531191307132e-05,1e-06,195.12530561311547,195.12868607190782,1.5310996713740077e-05,ok
gaussian,riemannian,20,100.0,1.0,100.0,0.005,1e-06,578,166.16708147621932,0.9996972094775008,0.9999998654420962,0.9999999925,1.7941053846386588e-05,1e-06,195.12453096013607,195.1286392410289,1.7962860932325588e-05,ok
gaussian,riemannian,20,100.0,1.0,100.0,0.005,1e-06,610,164.55563721346243,0.9996938998008676,0.9999998421790439,0.9999999925,2.10427941432874e-05,1e-06,195.12362234828967,195.12859241016122,2.1073061002744156e-05,ok
gaussian,riemannian,20,100.0,1.0,100.0,0.005,1e-06,643,162.89176052823098,0.9996903511877857,0.9999998139874042,0.9999999925,2.480167943987642e-05,1e-06,195.1225205889947,195.1285441158407,2.4844054591174298e-05,ok
gaussian,riemannian,20,100.0,1.0,100.0,0.005,1e-06,675,161.27594256586875,0.9996867632794008,0.9999997818730852,0.9999999925,2.9083588629575196e-05,1e-06,195.1212646637471,195.12849728499583,2.9142237054073335e-05,ok
gaussian,riemannian,20,100.0,1.0,100.0,0.005,1e-06,707,159.65739557878754,0.9996830130544861,0.9999997442469039,0.9999999925,3.410041282306269e-05,1e-06,195.11979200915175,195.12845045416222,3.418149117177684e-05,ok
gaussian,riemannian,20,100.0,1.0,100.0,0.005,1e-06,739,158.03565188811842,0.9996790799717228,0.9999997001750235,0.9999999925,3.997666353490157e-05,1e-06,195.1180654652344,195.12840362333984,4.0088634638458505e-05,ok
gaussian,riemannian,20,100.0,1.0,100.0,0.005,1e-06,771,156.41016484860603,0.9996749400170001,0.9999996485699422,0.9999999925,4.685734104957307e-05,1e-06,195.11604159040868,195.1283567925287,4.701182932679228e-05,ok
gaussian,riemannian,20,100.0,1.0,100.0,0.005,1e-06,803,154.78029595728236,0.9996705651038466,0.9999995881669035,0.9999999925,5.491107953740216e-05,1e-06,195.11366963310687,195.12830996172877,5.512403949907029e-05,ok
gaussian,riemannian,20,100.0,1.0,100.0,0.005,1e-06,835,153.1453000234187,0.9996659223782677,0.9999995174973269,0.9999999925,6.433368975612748e-05,1e-06,195.11089034754605,195.12826313094013,6.462699981864971e-05,ok
gaussian,riemannian,20,100.0,1.0,100.0,0.005,1e-06,867,151.50430817124942,0.9996609734164589,0.9999994348591276,0.9999999925,7.53521163198879e-05,1e-06,195.10763463471233,195.1282163001627,7.57557489471982e-05,ok
gaussian,riemannian,20,100.0,1.0,100.0,0.005,1e-06,900,149.80468316683675,0.9996555014668035,0.9999993350174498,0.9999999925,8.866434003995437e-05,1e-06,195.1036928858523,195.12816800593527,8.922485230278171e-05,ok
gaussian,riemannian,20,100.0,1.0,100.0,0.005,1e-06,932,148.14822177381382,0.9996497841995567,0.9999992216880328,0.9999999925,0.00010377492895562725,1e-06,195.09920762865104,195.12812117518067,0.00010454488355762066,ok
gaussian,riemannian,20,100.0,1.0,100.0,0.005,1e-06,964,146.48216243126598,0.9996436000797365,0.9999990894525981,0.9999999925,0.00012140632025360186,1e-06,195.0939592434684,195.1280743444373,0.000122462962166834,ok
gaussian,riemannian,20,100.0,1.0,100.0,0.005,1e-06,996,144.80491323040843,0.999636877536271,0.9999989353068781,0.9999999925,0.00014195908291668376,1e-06,195.08782088964657,195.1280275137052,0.00014340764652523313,ok
gaussian,riemannian,20,100.0,1.0,100.0,0.005,1e-06,1028,143.114632840197,0.9996295334325762,0.9999987558237158,0.9999999925,0.00016589017122359793,1e-06,195.08064574156796,195.12798068298432,0.0001678737427917574,ok
gaussian,riemannian,20,100.0,1.0,100.0,0.005,1e-06,1060,141.40919679360056,0.9996214714737441,0.999998547113428,0.9999999925,0.00019371820960711726,1e-06,195.07226423819066,195.12793385227468,0.00019643090305524922,ok
gaussian,riemannian,20,100.0,1.0,100.0,0.005,1e-06,1092,139.68616121349348,0.999612580517518,0.9999983047880971,0.9999999925,0.0002260282537162352,1e-06,195.06248109910726,195.12788702157627,0.00022973271882118036,ok
gaussian,riemannian,20,100.0,1.0,100.0,0.005,1e-06,1124,137.9427245918757,0.9996027328373384,0.9999980239334955,0.9999999925,0.00026347553393637357,1e-06,195.05107214342306,195.12784019088915,0.00026852607519881354,ok
gaussian,riemannian,20,100.0,1.0,100.0,0.005,1e-06,1157,136.1200500709843,0.9995914206883237,0.9999976881695756,0.9999999925,0.00030824405658661007,1e-06,195.03733221112066,195.12779189675476,0.0003151831956136052,ok
gaussian,riemannian,20,100.0,1.0,100.0,0.005,1e-06,1189,134.32486656159455,0.9995791590892139,0.9999973116857765,0.9999999925,0.00035844189646110335,1e-06,195.0217938051285,195.12774506609045,0.0003678639966820732,ok
gaussian,riemannian,20,100.0,1.0,100.0,0.005,1e-06,1221,132.4982093384259,0.9995654356371939,0.9999968785088585,0.9999999925,0.0004161988188676958,1e-06,195.00373946024683,195.12769823543735,0.00042896097758996475,ok
gaussian,riemannian,20,100.0,1.0,100.0,0.005,1e-06,1253,130.63545704696236,0.9995500406908466,0.9999963816822294,0.9999999925,0.0004824423694130253,1e-06,194.9827953177808,195.12765140479553,0.0004996801417296966,ok
gaussian,riemannian,20,100.0,1.0,100.0,0.005,1e-06,1285,128.73146740842913,0.999532742682786,0.9999958139250399,0.9999999925,0.0005581433280076246,1e-06,194.95854334398237,195.1276045741649,0.0005813516752941019,ok
gaussian,riemannian,20,100.0,1.0,100.0,0.005,1e-06,1317,126.78057314152625,0.9995132892240197,0.9999951678048961,0.9999999925,0.0006442926805212693,1e-06,194.93051988702584,195.12755774354554,0.0006754253914398611,ok
gaussian,riemannian,20,100.0,1.0,100.0,0.005,1e-06,1349,124.77659951780771,0.9994914096727041,0.9999944359787084,0.9999999925,0.0007418695055430996,1e-06,194.89821553500911,195.1275109129374,0.0007834586694205256,ok
gaussian,riemannian,20,100.0,1.0,100.0,0.005,1e-06,1382,122.64738270896919,0.999466004268881,0.9999935841818551,0.9999999925,0.0008554424193169308,1e-06,194.85983185884444,195.12746261888455,0.0009112280082317291,ok
gaussian,riemannian,20,100.0,1.0,100.0,0.005,1e-06,1414,120.51476453824623,0.9994383134430088,0.9999926577579851,0.9999999925,0.0009789656019956658,1e-06,194.81708513772162,195.12741578829926,0.0010527289972327774,ok
gaussian,riemannian,20,100.0,1.0,100.0,0.005,1e-06,1446,118.30792688570921,0.9994073219077513,0.9999916275548018,0.9999999925,0.0011163260264268615,1e-06,194.76826242618665,195.1273689577252,0.001213276332516539,ok
gaussian,riemannian,20,100.0,1.0,100.0,0.005,1e-06,1478,116.01953999773869,0.999372754476949,0.999990490549479,0.9999999925,0.001267926736143974,1e-06,194.71271145769006,195.12732212716236,0.0013945002154882118,ok
gaussian,riemannian,20,100.0,1.0,100.0,0.005,1e-06,1510,113.6424498116518,0.9993343643852154,0.9999892460617924,0.9999999925,0.0014338584276757246,1e-06,194.6497693275173,195.12727529661078,0.0015978808554426534,ok
gaussian,riemannian,20,100.0,1.0,100.0,0.005,1e-06,1542,111.16997191344798,0.9992919491950745,0.9999878962682234,0.9999999925,0.0016138309035513517,1e-06,194.57877891688094,195.12722846607045,0.001824647071788758,ok
gaussian,riemannian,20,100.0,1.0,100.0,0.005,1e-06,1574,108.5962345716463,0.9992453671508958,0.9999864466286409,0.9999999925,0.0018071161812197878,1e-06,194.49910827718386,195.12718163554132,0.00207566078682999,ok
gaussian,riemannian,20,100.0,1.0,100.0,0.005,1e-06,1606,105.91655577810221,0.9991945521571933,0.9999849061579815,0.9999999925,0.002012512269136916,1e-06,194.41017220392578,195.12713480502347,0.002351293552841303,ok
gaussian,riemannian,20,100.0,1.0,100.0,0.005,1e-06,1639,103.03890692169871,0.9991377385842911,0.9999832358005539,0.9999999925,0.002235226592815913,1e-06,194.30820737328034,195.1270865110637,0.0026610644434287077,ok
gaussian,riemannian,20,100.0,1.0,100.0,0.005,1e-06,1671,100.13653015182999,0.9990784869268349,0.9999815532706955,0.9999999925,0.0024595639072666283,1e-06,194.19895948127746,195.12703968056866,0.0029852015537319776,ok
gaussian,riemannian,20,100.0,1.0,100.0,0.005,1e-06,1703,97.12509141658396,0.9990153448428358,0.9999798280670822,0.9999999925,0.0026895910557122667,1e-06,194.07918431474792,195.12699285008486,0.0033309310585707577,ok
gaussian,riemannian,20,100.0,1.0,100.0,0.005,1e-06,1735,94.00819079269351,0.998948590251568,0.9999780812402966,0.9999999925,0.0029225012937753787,1e-06,193.94869901073028,195.12694601961232,0.0036956397063699015,ok
gaussian,riemannian,20,100.0,1.0,100.0,0.005,1e-06,1767,90.79193925117778,0.9988785506395844,0.9999763349231013,0.9999999925,0.0031553435864907923,1e-06,193.80745736019995,195.12689918915098,0.004075911750121853,ok
gaussian,riemannian,20,100.0,1.0,100.0,0.005,1e-06,1799,87.48486595142032,0.9988055696311744,0.9999746112225246,0.9999999925,0.0033851703300550543,1e-06,193.65555279828249,195.12685235870092,0.004467622340779805,ok
gaussian,riemannian,20,100.0,1.0,100.0,0.005,1e-06,1831,84.09766944830183,0.9987299678491636,0.9999729311146702,0.9999999925,0.003609184710641051,1e-06,193.4932143521159,195.12680552826208,0.004866095877551706,ok
gaussian,riemannian,20,100.0,1.0,100.0,0.005,1e-06,1863,80.64283317150185,0.9986520025435749,0.9999713134575947,0.9999999925,0.0038248723207122298,1e-06,193.32079595608235,195.12675869783448,0.005266318846066189,ok
gaussian,riemannian,20,100.0,1.0,100.0,0.005,1e-06,1896,77.02378812647049,0.9985692906523249,0.9999697275257929,0.9999999925,0.004036329894278072,1e-06,193.13292244490844,195.1267104039678,0.005675481189319118,ok
gaussian,riemannian,20,100.0,1.0,100.0,0.005,1e-06,1928,73.47482543960498,0.9984868718039827,0.9999682822788082,0.9999999925,0.004229029492247499,1e-06,192.94154675320766,195.12666357356304,0.006063725526946022,ok
gaussian,riemannian,20,100.0,1.0,100.0,0.005,1e-06,1960,69.90187265652675,0.9984021503493221,0.999966937203433,0.9999999925,0.004408372875607466,1e-06,192.7417419751892,195.12661674316948,0.006439019211663793,ok
gaussian,riemannian,20,100.0,1.0,100.0,0.005,1e-06,1992,66.31956368527099,0.9983148500428248,0.9999656976021787,0.9999999925,0.00457365304284263,1e-06,192.53416946295522,195.1265699127872,0.006797461648489009,ok
gaussian,riemannian,20,100.0,1.0,100.0,0.005,1e-06,2024,62.74198079526195,0.998224546268746,0.999964565510804,0.9999999925,0.00472459855946723,1e-06,192.31951153247488,195.12652308241616,0.007135901277366035,ok
gaussian,riemannian,20,100.0,1.0,100.0,0.005,1e-06,2056,59.18241808453213,0.9981306789246754,0.9999635401304419,0.9999999925,0.004861315941079932,1e-06,192.0984522275269,195.12647625205634,0.007452006851122958,ok
gaussian,riemannian,20,100.0,1.0,100.0,0.005,1e-06,2088,55.65326178083217,0.9980325704609844,0.9999626183441686,0.9999999925,0.0049842207775333365,1e-06,191.87166116701982,195.12642942170777,0.007744274317891391,ok
gaussian,riemannian,20,100.0,1.0,100.0,0.005,1e-06,2120,52.16597477434824,0.9979294461867515,0.9999617952580455,0.9999999925,0.005093965593928987,1e-06,191.63978079807652,195.12638259137046,0.00801197883722421,ok
gaussian,riemannian,20,100.0,1.0,100.0,0.005,1e-06,2153,48.6247810746297,0.9978169443325348,0.999961043307422,0.9999999925,0.00519422567707511,1e-06,191.39596469264742,195.12633429759686,0.008262291429991369,ok
gaussian,riemannian,20,100.0,1.0,100.0,0.005,1e-06,2185,45.25442269730464,0.997700949706932,0.9999604009291517,0.9999999925,0.005279876113109557,1e-06,191.1555667660673,195.12628746728234,0.008480606155497632,ok
gaussian,riemannian,20,100.0,1.0,100.0,0.005,1e-06,2217,41.955999443346045,0.997577200264463,0.9999598365741262,0.9999999925,0.005355123449831205,1e-06,190.9117808670099,195.12624063697908,0.008675898304599125,ok
gaussian,riemannian,20,100.0,1.0,100.0,0.005,1e-06,2249,38.738391282895265,0.9974447248141951,0.9999593428121759,0.9999999925,0.005420958376546068,1e-06,190.6650748046752,195.12619380668707,0.008849501880420668,ok
gaussian,riemannian,20,100.0,1.0,100.0,0.005,1e-06,2281,35.610226155530064,0.997302548469521,0.9999589123739809,0.9999999925,0.00547835013587689,1e-06,190.4158692829901,195.12614697640626,0.009002965855216451,ok
gaussian,riemannian,20,100.0,1.0,100.0,0.005,1e-06,2313,32.58000512797399,0.9971497130810771,0.9999585383209015,0.9999999925,0.0055282238797891466,1e-06,190.16453964312967,195.1261001461367,0.009137958033119176,ok
gaussian,riemannian,20,100.0,1.0,100.0,0.005,1e-06,2345,29.65618654656332,0.9969853018759262,0.9999582141573118,0.9999999925,0.00557144569176139,1e-06,189.9114184685607,195.1260533158784,0.009256186659305608,ok
gaussian,riemannian,20,100.0,1.0,100.0,0.005,1e-06,2378,26.761380876988333,0.9968027354454357,0.9999579257847924,0.9999999925,0.005609895361019997,1e-06,189.64882060190052,195.1260050221863,0.009362338351333864,ok
gaussian,riemannian,20,100.0,1.0,100.0,0.005,1e-06,2410,24.07966001941569,0.9966123260312807,0.9999576850982341,0.9999999925,0.005641986902110345,1e-06,189.3929240147716,195.12595819195084,0.009451644401921597,ok
gaussian,riemannian,20,100.0,1.0,100.0,0.005,1e-06,2442,21.529733286458246,0.9964081649672343,0.9999574778149559,0.9999999925,0.005669624672541413,1e-06,189.1360161860104,195.1259113617266,0.009529073561478578,ok
gaussian,riemannian,20,100.0,1.0,100.0,0.005,1e-06,2474,19.11957100355591,0.9961898867779448,0.9999572995704887,0.9999999925,0.005693390601494802,1e-06,188.87829103512985,195.1258645315136,0.009596037943248592,ok
gaussian,riemannian,20,100.0,1.0,100.0,0.005,1e-06,2506,16.85660822308552,0.9959573938089054,0.9999571464971005,0.9999999925,0.0057138003865887165,1e-06,188.61991658661958,195.12581770131183,0.009653826943544946,ok
gaussian,riemannian,20,100.0,1.0,100.0,0.005,1e-06,2538,14.747450784922073,0.9957109168548754,0.9999570151878363,0.9999999925,0.005731308288488136,1e-06,188.36103802523684,195.12577087112132,0.009703604877214033,ok
gaussian,riemannian,20,100.0,1.0,100.0,0.005,1e-06,2570,12.797536666199353,0.9954510727812172,0.9999569026567732,0.9999999925,0.005746312430237593,1e-06,188.10178050095516,195.12572404094203,0.00974641347779182,ok
gaussian,riemannian,20,100.0,1.0,100.0,0.005,1e-06,2602,11.010777067349032,0.9951789123113167,0.9999568062981252,0.9999999925,0.005759160249972371,1e-06,187.84225167039466,195.125677210774,0.009783177688796258,ok
gaussian,riemannian,20,100.0,1.0,100.0,0.005,1e-06,2635,9.341202741459828,0.9948869538116119,0.9999567214713049,0.9999999925,0.005770470492680523,1e-06,187.5744261242232,195.12562891717496,0.009815622820584994,ok
gaussian,riemannian,20,100.0,1.0,100.0,0.005,1e-06,2667,7.88983018731513,0.9945949334743819,0.9999566513059749,0.9999999925,0.005779825870016037,1e-06,187.31461685197345,195.12558208702976,0.009842515797643133,ok
gaussian,riemannian,20,100.0,1.0,100.0,0.005,1e-06,2699,6.6009058171165265,0.9942965978557537,0.9999565913352367,0.9999999925,0.005787821968436342,1e-06,187.05477777137705,195.12553525689577,0.009865540072432347,ok
gaussian,riemannian,20,100.0,1.0,100.0,0.005,1e-06,2731,5.469413747165541,0.9939947533793738,0.9999565401004447,0.9999999925,0.005794653274039263,1e-06,186.79496661448903,195.12548842677305,0.009885237532408428,ok
gaussian,riemannian,20,100.0,1.0,100.0,0.005,1e-06,2763,4.487980736086593,0.9936924762109974,0.9999564963454964,0.9999999925,0.005800487267137629,1e-06,186.53523268936362,195.12544159666155,0.009902078161323487,ok
gaussian,riemannian,20,100.0,1.0,100.0,0.005,1e-06,2795,3.647118926977477,0.9933929807673546,0.9999564589904024,0.9999999925,0.005805467946342068,1e-06,186.2756180661822,195.12539476656133,0.009916468474356248,ok
gaussian,riemannian,20,100.0,1.0,100.0,0.005,1e-06,2827,2.935610678038449,0.9930994698602447,0.9999564271078294,0.9999999925,0.005809718956078738,1e-06,186.0161586053274,195.1253479364723,0.009928759280828824,ok
gaussian,riemannian,20,100.0,1.0,100.0,0.005,1e-06,2859,2.340999428038254,0.9928149812341055,0.9999563999024234,0.9999999925,0.005813346343551934,1e-06,185.75688484595622,195.12530110639452,0.009939252727450703,ok
gaussian,riemannian,20,100.0,1.0,100.0,0.005,1e-06,2892,1.8363232036398465,0.9925339392540824,0.9999563760251594,0.9999999925,0.0058165299787410266,1e-06,185.4897307436504,195.1252528128886,0.009948466236981137,ok
gaussian,riemannian,20,100.0,1.0,100.0,0.005,1e-06,2924,1.4385299487359493,0.9922757399679175,0.9999563563257958,0.9999999925,0.005819156560555329,1e-06,185.23091006752756,195.12520598283365,0.009956069810536138,ok
gaussian,riemannian,20,100.0,1.0,100.0,0.005,1e-06,2956,1.1178554933697775,0.9920334638392592,0.9999563395250601,0.9999999925,0.005821396658653645,1e-06,184.97234246253868,195.12515915278993,0.009962555744317262,ok
gaussian,riemannian,20,100.0,1.0,100.0,0.005,1e-06,2988,0.8621470015788741,0.9918083679752276,0.9999563251982065,0.9999999925,0.005823306905792347,1e-06,184.71404376253514,195.12511232275745,0.009968087160063723,ok
gaussian,riemannian,20,100.0,1.0,100.0,0.005,1e-06,3020,0.6603158195527321,0.9916011753841222,0.9999563129822453,0.9999999925,0.005824935700629887,1e-06,184.45602738627204,195.1250654927362,0.009972803689088474,ok
gaussian,riemannian,20,100.0,1.0,100.0,0.005,1e-06,3052,0.5025152784125435,0.9914121118519454,0.9999563025670957,0.9999999925,0.0058263243872416805,1e-06,184.19830469201614,195.12501866272623,0.009976824767737126,ok
gaussian,riemannian,20,100.0,1.0,100.0,0.005,1e-06,3084,0.3802126635821157,0.9912409674880007,0.9999562936879709,0.9999999925,0.0058275082705413535,1e-06,183.94088528079385,195.12497183272748,0.009980252494724834,ok
gaussian,riemannian,20,100.0,1.0,100.0,0.005,1e-06,3116,0.286174330800268,0.9910871730957388,0.9999562861188319,0.9999999925,0.005828517489081653,1e-06,183.68377725552588,195.12492500273996,0.009983174101762153,ok
gaussian,riemannian,20,100.0,1.0,100.0,0.005,1e-06,3149,0.21244600941925285,0.9909458467464071,0.999956279481277,0.9999999925,0.005829402496406202,1e-06,183.41896795331346,195.12487670932714,0.009985735661940524,ok
gaussian,riemannian,20,100.0,1.0,100.0,0.005,1e-06,3181,0.15847145711292931,0.9908244802196631,0.9999562740090737,0.9999999925,0.005830132123496852,1e-06,183.16251229579723,195.12482987936244,0.009987847034794474,ok
gaussian,riemannian,20,100.0,1.0,100.0,0.005,1e-06,3213,0.11777570856582997,0.9907173672599953,0.9999562693448887,0.9999999925,0.005830754014839456,1e-06,182.90638553697045,195.12478304940902,0.009989646212192555,ok
gaussian,riemannian,20,100.0,1.0,100.0,0.005,1e-06,3245,0.08724760274870746,0.990623276318646,0.9999562653695471,0.9999999925,0.005831284060391939,1e-06,182.65059167626302,195.1247362194668,0.009991179267430438,ok
gaussian,riemannian,20,100.0,1.0,100.0,0.005,1e-06,3277,0.06444926042872368,0.9905409655139369,0.999956261981414,0.9999999925,0.005831735811471501,1e-06,182.39513404431628,195.12468938953586,0.00999248549882038,ok
gaussian,riemannian,20,100.0,1.0,100.0,0.005,1e-06,3309,0.04749035027369786,0.9904692209942223,0.9999562590938231,0.9999999925,0.005832120823587705,1e-06,182.14001540235176,195.12464255961612,0.009993598419228764,ok
gaussian,riemannian,20,100.0,1.0,100.0,0.005,1e-06,3341,0.034918495952760864,0.9904068845607974,0.9999562566328796,0.9999999925,0.005832448949391392,1e-06,181.88523802684298,195.1245957297076,0.009994546602930466,ok
gaussian,riemannian,20,100.0,1.0,100.0,0.005,1e-06,3373,0.02562668458677919,0.9903528720535152,0.9999562545355832,0.9999999925,0.0058327285888952005,1e-06,181.6308037816497,195.12454889981038,0.00999535440984333,ok
gaussian,riemannian,20,100.0,1.0,100.0,0.005,1e-06,3406,0.01859492302665089,0.9903048330488977,0.9999562526968474,0.9999999925,0.00583297375368614,1e-06,181.36877944668078,195.1245006064906,0.009996062383693837,ok
gaussian,riemannian,20,100.0,1.0,100.0,0.005,1e-06,3438,0.013605111506027612,0.9902647471429958,0.9999562511812409,0.9999999925,0.0058331758345511195,1e-06,181.1150465260517,195.12445377661618,0.009996645734879123,ok
gaussian,riemannian,20,100.0,1.0,100.0,0.005,1e-06,3470,0.009942337017937675,0.9902302330888517,0.9999562498896434,0.9999999925,0.005833348047555042,1e-06,180.86166044816378,195.12440694675303,0.009997142688339903,ok
gaussian,riemannian,20,100.0,1.0,100.0,0.005,1e-06,3502,0.007258156301990226,0.9902005621777032,0.9999562487889564,0.9999999925,0.005833494805821351,1e-06,180.6086219500346,195.1243601169011,0.009997566033289683,ok
gaussian,riemannian,20,100.0,1.0,100.0,0.005,1e-06,3534,0.005293937454540654,0.990175088611668,0.999956247850969,0.9999999925,0.005833619870793992,1e-06,180.35593158557512,195.12431328706037,0.009997926667655047,ok
gaussian,riemannian,20,100.0,1.0,100.0,0.005,1e-06,3566,0.0038583413524566623,0.9901532435362755,0.9999562470516372,0.9999999925,0.00583372644836557,1e-06,180.1035897529526,195.12426645723093,0.009998233877250084,ok
gaussian,riemannian,20,100.0,1.0,100.0,0.005,1e-06,3598,0.002810211947469554,0.9901345284217395,0.9999562463704685,0.9999999925,0.005833817270854417,1e-06,179.85159671788378,195.12421962741269,0.009998495573882148,ok
gaussian,riemannian,20,100.0,1.0,100.0,0.005,1e-06,3631,0.0020254511575537038,0.9901180467740495,0.9999562457733125,0.9999999925,0.005833896891663797,1e-06,179.5920943794182,195.12417133417443,0.009998724905080894,ok
gaussian,riemannian,20,100.0,1.0,100.0,0.005,1e-06,3663,0.0014736821843666092,0.9901044101920148,0.9999562452811229,0.9999999925,0.005833962516947423,1e-06,179.34081020949125,195.12412450437904,0.009998913851200577,ok
gaussian,riemannian,20,100.0,1.0,100.0,0.005,1e-06,3695,0.0010717886764783913,0.9900927530089826,0.9999562448616979,0.9999999925,0.005834018440290399,1e-06,179.0898750215971,195.12407767459487,0.009999074801502965,ok
gaussian,riemannian,20,100.0,1.0,100.0,0.005,1e-06,3727,0.0007792260445071975,0.9900827931203173,0.999956244504281,0.9999999925,0.005834066095865856,1e-06,178.8392887205575,195.124030844822,0.00999921190336678,ok
gaussian,riemannian,20,100.0,1.0,100.0,0.005,1e-06,3759,0.0005663549997994011,0.9900742871939482,0.9999562441997059,0.9999999925,0.005834106705882892,1e-06,178.58905115274098,195.1239840150603,0.009999328689962051,ok
gaussian,riemannian,20,100.0,1.0,100.0,0.005,1e-06,3791,0.0004115322327340465,0.9900670257847141,0.9999562439401607,0.9999999925,0.005834141311902832,1e-06,178.3391621148736,195.12393718530987,0.009999428171158073,ok
gaussian,riemannian,20,100.0,1.0,100.0,0.005,1e-06,3823,0.0002989681646337061,0.9900608287829118,0.9999562437189885,0.9999999925,0.005834170801531769,1e-06,178.089621361537,195.12389035557067,0.009999512910990917,ok
gaussian,riemannian,20,100.0,1.0,100.0,0.005,1e-06,3855,0.00021715298315783116,0.9900555416638542,0.9999562435305163,0.9999999925,0.005834195931171166,1e-06,177.84042861154987,195.12384352584272,0.009999585093673713,ok
gaussian,riemannian,20,100.0,1.0,100.0,0.005,1e-06,3888,0.00015613336956477042,0.990050902211004,0.9999562433652929,0.9999999925,0.005834217960956626,1e-06,177.58381274416934,195.12379523269755,0.009999648346879617,ok
gaussian,riemannian,20,100.0,1.0,100.0,0.005,1e-06,3920,0.00011337259460297844,0.9900470753606987,0.9999562432291144,0.9999999925,0.005834236118080313,1e-06,177.3353258897783,195.1237484029924,0.009999700459653166,ok
gaussian,riemannian,20,100.0,1.0,100.0,0.005,1e-06,3952,8.231346945564155e-05,0.9900438123856893,0.9999562431130701,0.9999999925,0.005834251590649675,1e-06,177.08718601946094,195.12370157329852,0.009999744849840038,ok
gaussian,riemannian,20,100.0,1.0,100.0,0.005,1e-06,3984,5.975737317776009e-05,0.9900410307009934,0.9999562430141833,0.9999999925,0.005834264775568322,1e-06,176.83939275525256,195.12365474361587,0.009999782661795381,ok
gaussian,riemannian,20,100.0,1.0,100.0,0.005,1e-06,4016,4.337865574477462e-05,0.990038659580644,0.999956242929917,0.9999999925,0.0058342760110618825,1e-06,176.59194570368578,195.12360791394445,0.009999814870315357,ok
gaussian,riemannian,20,100.0,1.0,100.0,0.005,1e-06,4048,3.1486906557631755e-05,0.9900366386274683,0.9999562428581099,0.9999999925,0.005834285585352084,1e-06,176.3448444582008,195.12356108428426,0.009999842305756615,ok
gaussian,riemannian,20,100.0,1.0,100.0,0.005,1e-06,4080,2.2853764518160347e-05,0.9900349160297292,0.9999562427969196,0.9999999925,0.005834293744048814,1e-06,176.09808860119756,195.12351425463535,0.009999865675435527,ok
gaussian,riemannian,20,100.0,1.0,100.0,0.005,1e-06,4112,1.65868231150057e-05,0.9900334482036369,0.9999562427447767,0.9999999925,0.005834300696449563,1e-06,175.85167770578116,195.12346742499767,0.009999885581857847,ok
gaussian,riemannian,20,100.0,1.0,100.0,0.005,1e-06,4145,1.1917879467304715e-05,0.9900321617721324,0.9999562426990659,0.9999999925,0.005834306791204806,1e-06,175.59792730989048,195.12341913194555,0.009999903025552091,ok
gaussian,riemannian,20,100.0,1.0,100.0,0.005,1e-06,4177,8.649058061749315e-06,0.9900311018105203,0.999956242661391,0.9999999925,0.005834311814525327,1e-06,175.35221577249285,195.1233723023307,0.009999917396865924,ok
gaussian,riemannian,20,100.0,1.0,100.0,0.005,1e-06,4209,6.276606690391873e-06,0.9900301974029377,0.9999562426292866,0.9999999925,0.005834316095123535,1e-06,175.10684785996995,195.12332547272706,0.009999929638410432,ok
gaussian,riemannian,20,100.0,1.0,100.0,0.005,1e-06,4241,4.554800172584805e-06,0.9900294280293307,0.999956242601929,0.9999999925,0.005834319742813668,1e-06,174.86182312091728,195.12327864313468,0.0099999400658045,ok
gaussian,riemannian,20,100.0,1.0,100.0,0.005,1e-06,4273,3.305245943607815e-06,0.9900287707709577,0.9999562425786162,0.9999999925,0.005834322851173759,1e-06,174.61714110017604,195.12323181355353,0.009999948947895364,ok
gaussian,riemannian,20,100.0,1.0,100.0,0.005,1e-06,4305,2.398444914675224e-06,0.9900282123894052,0.9999562425587504,0.9999999925,0.005834325499946116,1e-06,174.3728013394921,195.12318498398363,0.009999956513689347,ok
gaussian,riemannian,20,100.0,1.0,100.0,0.005,1e-06,4337,1.7403976464436255e-06,0.990027735560296,0.9999562425418219,0.9999999925,0.005834327757082929,1e-06,174.12880337807644,195.12313815442496,0.009999962958255787,ok
gaussian,riemannian,20,100.0,1.0,100.0,0.005,1e-06,4369,1.2628770402756118e-06,0.9900273336259564,0.9999562425273963,0.9999999925,0.005834329680489424,1e-06,173.88514675308215,195.12309132487755,0.009999968447756028,ok
gaussian,riemannian,20,100.0,1.0,100.0,0.005,1e-06,4402,9.072258766451569e-07,0.9900269783023344,0.9999562425147503,0.9999999925,0.005834331366622494,1e-06,173.63423287021274,195.1230430319185,0.009999973258108313,ok
gaussian,riemannian,20,100.0,1.0,100.0,0.005,1e-06,4434,6.582913751884689e-07,0.9900266803683747,0.9999562425043275,0.9999999925,0.005834332756337889,1e-06,173.3912681534304,195.12299620239392,0.009999977221197881,ok
gaussian,riemannian,20,100.0,1.0,100.0,0.005,1e-06,4466,4.776580624366034e-07,0.9900264341642024,0.9999562424954457,0.9999999925,0.005834333940575752,1e-06,173.14864336134278,195.12294937288056,0.00999998059696743,ok
gaussian,riemannian,20,100.0,1.0,100.0,0.005,1e-06,4498,3.4658744851867596e-07,0.990026222746755,0.9999562424878771,0.9999999925,0.005834334949717078,1e-06,172.90635802634603,195.12290254337844,0.009999983472456014,ok
gaussian,riemannian,20,100.0,1.0,100.0,0.005,1e-06,4530,2.5148136195696225e-07,0.990026040563429,0.9999562424814277,0.9999999925,0.005834335809650862,1e-06,172.66441168029053,195.12285571388756,0.00999998592180383,ok
gaussian,riemannian,20,100.0,1.0,100.0,0.005,1e-06,4562,1.8247208366517498e-07,0.9900258911304181,0.9999562424759317,0.9999999925,0.005834336542438297,1e-06,172.42280385466103,195.12280888440793,0.009999988008163811,ok
gaussian,riemannian,20,100.0,1.0,100.0,0.005,1e-06,4594,1.3239911034190754e-07,0.9900257533427914,0.9999562424712484,0.9999999925,0.005834337166878704,1e-06,172.1815340807287,195.12276205493953,0.009999989785329816,ok
gaussian,riemannian,20,100.0,1.0,100.0,0.005,1e-06,4627,9.510830523140612e-08,0.9900256350535522,0.9999562424671429,0.9999999925,0.005834337714287265,1e-06,171.93307819316462,195.122713762062,0.009999991342627971,ok
gaussian,riemannian,20,100.0,1.0,100.0,0.005,1e-06,4659,6.900870630488498e-08,0.9900255464828046,0.999956242463759,0.9999999925,0.0058343381654627074,1e-06,171.69249364348045,195.12266693261643,0.009999992625633454,ok
gaussian,riemannian,20,100.0,1.0,100.0,0.005,1e-06,4691,5.007121295363959e-08,0.9900254214913756,0.9999562424608756,0.9999999925,0.005834338549929111,1e-06,171.45224572458847,195.12262010318207,0.009999993718500173,ok
gaussian,riemannian,20,100.0,1.0,100.0,0.005,1e-06,4723,3.6330490615910094e-08,0.9900253684873596,0.9999562424584184,0.9999999925,0.0058343388775498155,1e-06,171.2123339680317,195.122573273759,0.009999994649406253,ok
gaussian,riemannian,20,100.0,1.0,100.0,0.005,1e-06,4755,2.6360494231880693e-08,0.9900253189790402,0.9999562424563245,0.9999999925,0.0058343391567297846,1e-06,170.97275790562298,195.12252644434713,0.00999999544235393,ok
gaussian,riemannian,20,100.0,1.0,100.0,0.005,1e-06,4787,1.9126481731746026e-08,0.9900252258812853,0.9999562424545403,0.9999999925,0.005834339394631282,1e-06,170.73351706950194,195.1224796149465,0.009999996117788332,ok
gaussian,riemannian,20,100.0,1.0,100.0,0.005,1e-06,4819,1.3877652804694662e-08,0.9900253892500889,0.9999562424530198,0.9999999925,0.005834339597357583,1e-06,170.49461099218348,195.12243278555715,0.009999996693124694,ok
gaussian,riemannian,20,100.0,1.0,100.0,0.005,1e-06,4851,1.0069229006148817e-08,0.9900251223281328,0.9999562424517242,0.9999999925,0.005834339770109555,1e-06,170.25603920659904,195.122385956179,0.009999997183197318,ok
gaussian,riemannian,20,100.0,1.0,100.0,0.005,1e-06,4884,7.233063925582428e-09,0.9900249922256404,0.9999562424505883,0.9999999925,0.005834339921550575,1e-06,170.01036168379804,195.12233766339457,0.009999997612638922,ok
gaussian,riemannian,20,100.0,1.0,100.0,0.005,1e-06,4916,5.24809884439037e-09,0.9900257423977492,0.9999562424496522,0.9999999925,0.005834340046368611,1e-06,169.7724674922737,195.12229083403926,0.009999997966441316,ok
gaussian,riemannian,20,100.0,1.0,100.0,0.005,1e-06,4948,3.807860693427756e-09,0.99002554922521,0.9999562424488545,0.9999999925,0.005834340152731529,1e-06,169.5349061795567,195.12224400469518,0.009999998267810879,ok
gaussian,riemannian,20,100.0,1.0,100.0,0.005,1e-06,4980,2.762867268302216e-09,0.9900249963877132,0.9999562424481747,0.9999999925,0.005834340243368032,1e-06,169.2976772805602,195.12219717536234,0.009999998524518036,ok
gaussian,riemannian,20,100.0,1.0,100.0,0.005,1e-06,5012,2.004650667686292e-09,0.9900262043518349,0.9999562424475955,0.9999999925,0.005834340320603366,1e-06,169.06078033074263,195.12215034604074,0.009999998743181696,ok
gaussian,riemannian,20,100.0,1.0,100.0,0.005,1e-06,5044,1.4545094018103555e-09,0.9900261769026618,0.9999562424471019,0.9999999925,0.005834340386418981,1e-06,168.8242148661226,195.1221035167304,0.009999998929439808,ok
gaussian,riemannian,20,100.0,1.0,100.0,0.005,1e-06,5076,1.0553442564287252e-09,0.9900215632884182,0.9999562424466812,0.9999999925,0.005834340442503349,1e-06,168.58798042329153,195.12205668743127,0.009999999088094819,ok
gaussian,riemannian,20,100.0,1.0,100.0,0.005,1e-06,5108,7.65725260976069e-10,0.9900254473964649,0.9999562424463228,0.9999999925,0.00583434049029529,1e-06,168.35207653942447,195.1220098581434,0.009999999223237464,ok
gaussian,riemannian,20,100.0,1.0,100.0,0.005,1e-06,5141,5.5004178989293e-10,0.9900213257792542,0.9999562424460086,0.9999999925,0.005834340532191549,1e-06,168.10914638534393,195.12196156545207,0.009999999341660465,ok
gaussian,riemannian,20,100.0,1.0,100.0,0.005,1e-06,5173,3.9909231475121487e-10,0.9900191245031595,0.9999562424457495,0.9999999925,0.005834340566722535,1e-06,167.873912526971,195.121914736187,0.00999999943922515,ok
gaussian,riemannian,20,100.0,1.0,100.0,0.005,1e-06,5205,2.8956748110431363e-10,0.9900215602320003,0.9999562424455289,0.9999999925,0.005834340596147901,1e-06,167.63900782827162,195.1218679069332,0.009999999522330947,ok
gaussian,riemannian,20,100.0,1.0,100.0,0.005,1e-06,5237,2.1010215789374342e-10,0.9900308032276426,0.9999562424453409,0.9999999925,0.0058343406212225495,1e-06,167.4044318288488,195.1218210776906,0.009999999593120609,ok
gaussian,riemannian,20,100.0,1.0,100.0,0.005,1e-06,5269,1.524433912436507e-10,0.9900325327057521,0.9999562424451806,0.9999999925,0.005834340642589753,1e-06,167.170184068921,195.1217742484593,0.00999999965341938,ok
gaussian,riemannian,20,100.0,1.0,100.0,0.005,1e-06,5301,1.106084113189354e-10,0.9900308455496549,0.999956242445044,0.9999999925,0.005834340660797682,1e-06,166.93626408932522,195.12172741923922,0.00999999970478198,ok
gaussian,riemannian,20,100.0,1.0,100.0,0.005,1e-06,5333,8.025224929042452e-11,0.9900291455744746,0.9999562424449276,0.9999999925,0.005834340676313455,1e-06,166.7026714315203,195.12168059003034,0.009999999748532747,ok
gaussian,riemannian,20,100.0,1.0,100.0,0.005,1e-06,5365,5.822897719554021e-11,0.9900033221587992,0.9999562424448285,0.9999999925,0.00583434068953512,1e-06,166.46940563758895,195.12163376083274,0.009999999785799723,ok
gaussian,riemannian,20,100.0,1.0,100.0,0.005,1e-06,5398,4.18260981405183e-11,0.9899516501997057,0.9999562424447416,0.9999999925,0.0058343407011257455,1e-06,166.22919214888176,195.12158546823449,0.009999999818456083,ok
gaussian,riemannian,20,100.0,1.0,100.0,0.005,1e-06,5430,3.034905660115328e-11,0.9899756634604242,0.99995624244467,0.9999999925,0.005834340710678767,1e-06,165.99658889003257,195.12153863905968,0.009999999845360555,ok
gaussian,riemannian,20,100.0,1.0,100.0,0.005,1e-06,5462,2.2019719381205505e-11,0.9901749341001678,0.9999562424446089,0.9999999925,0.0058343407188193195,1e-06,165.76431111082255,195.12149180989616,0.00999999986827783,ok
gaussian,riemannian,20,100.0,1.0,100.0,0.005,1e-06,5494,1.5976553413565853e-11,0.9898745322474136,0.9999562424445568,0.9999999925,0.005834340725756233,1e-06,165.5323583558636,195.12144498074386,0.009999999887798814,ok
gaussian,riemannian,20,100.0,1.0,100.0,0.005,1e-06,5526,1.1592504733926035e-11,0.9901380670611439,0.9999562424445125,0.9999999925,0.0058343407316674865,1e-06,165.30073017039678,195.12139815160276,0.009999999904426817,ok
gaussian,riemannian,20,100.0,1.0,100.0,0.005,1e-06,5558,8.411049634560186e-12,0.9903785818866346,0.9999562424444747,0.9999999925,0.005834340736704718,1e-06,165.0694261002927,195.12135132247295,0.009999999918590572,ok
gaussian,riemannian,20,100.0,1.0,100.0,0.005,1e-06,5590,6.103562100179261e-12,0.9902017291066283,0.9999562424444425,0.9999999925,0.005834340740997167,1e-06,164.83844569205206,195.12130449335436,0.009999999930655291,ok
gaussian,riemannian,20,100.0,1.0,100.0,0.005,1e-06,5622,4.4284576006248244e-12,0.9900714853057982,0.999956242444415,0.9999999925,0.005834340744654956,1e-06,164.60778849280487,195.121257664247,0.00999999994093205,ok
gaussian,riemannian,20,100.0,1.0,100.0,0.005,1e-06,5655,3.1814550993658486e-12,0.9900497512437811,0.9999562424443911,0.9999999925,0.005834340747861511,1e-06,164.37026129472437,195.12120937174183,0.009999999949937381,ok
gaussian,riemannian,20,100.0,1.0,100.0,0.005,1e-06,5687,2.3074875343809254e-12,0.9893373952779894,0.9999562424443712,0.9999999925,0.00583434075050436,1e-06,164.1402592221381,195.1211625426573,0.009999999957356571,ok
gaussian,riemannian,20,100.0,1.0,100.0,0.005,1e-06,5719,1.673328142715036e-12,0.9894957983193278,0.9999562424443543,0.9999999925,0.005834340752756444,1e-06,163.9105789896289,195.12111571358403,0.009999999963676249,ok
gaussian,riemannian,20,100.0,1.0,100.0,0.005,1e-06,5751,1.2168044349891716e-12,0.9913169319826338,0.9999562424443399,0.9999999925,0.005834340754675546,1e-06,163.6812201468629,195.12106888452197,0.009999999969059366,ok
gaussian,riemannian,20,100.0,1.0,100.0,0.005,1e-06,5783,8.828493491819245e-13,0.994,0.9999562424443277,0.9999999925,0.0058343407563108945,1e-06,163.45218224413404,195.12102205547117,0.009999999973644716,ok
gaussian,riemannian,20,100.0,1.0,100.0,0.005,1e-06,5815,6.377121053446899e-13,0.9862637362637363,0.9999562424443172,0.9999999925,0.005834340757704447,1e-06,163.2234648323639,195.12097522643163,0.00999999997755052,ok
gaussian,riemannian,20,100.0,1.0,100.0,0.005,1e-06,5847,4.654054919228656e-13,0.9924242424242424,0.9999562424443084,0.9999999925,0.005834340758891952,1e-06,162.99506746310087,195.12092839740328,0.009999999980877495,ok
gaussian,riemannian,20,100.0,1.0,100.0,0.005,1e-06,5880,3.3217872896784684e-13,0.9842105263157894,0.9999562424443005,0.9999999925,0.0058343407599329685,1e-06,162.75986740290202,195.1208801049796,0.009999999983792857,ok
gaussian,riemannian,20,100.0,1.0,100.0,0.005,1e-06,5912,2.4158453015843406e-13,0.9927007299270073,0.999956242444294,0.9999999925,0.005834340760790979,1e-06,162.53211874196194,195.1208332759741,0.009999999986194738,ok
gaussian,riemannian,20,100.0,1.0,100.0,0.005,1e-06,5944,1.758593271006248e-13,0.99,0.9999562424442886,0.9999999925,0.0058343407615221235,1e-06,162.3046887679828,195.12078644697985,0.009999999988240665,ok
gaussian,riemannian,20,100.0,1.0,100.0,0.005,1e-06,5976,1.2612133559741778e-13,0.9861111111111112,0.9999562424442839,0.9999999925,0.0058343407621451685,1e-06,162.07757703503313,195.12073961799683,0.00999999998998338,ok
gaussian,riemannian,20,100.0,1.0,100.0,0.005,1e-06,6008,9.237055564881302e-14,0.9811320754716981,0.9999562424442799,0.9999999925,0.005834340762676085,1e-06,161.85078309780454,195.12069278902504,0.00999999999146782,ok
gaussian,riemannian,20,100.0,1.0,100.0,0.005,1e-06,6040,6.927791673660977e-14,1.0263157894736843,0.9999562424442765,0.9999999925,0.005834340763128506,1e-06,161.6243065116113,195.1206459600645,0.009999999992732274,ok
gaussian,riemannian,20,100.0,1.0,100.0,0.005,1e-06,6072,4.796163466380676e-14,1.0,0.9999562424442736,0.9999999925,0.00583434076351403,1e-06,161.3981468323893,195.1205991311152,0.009999999993809334,ok
gaussian,riemannian,20,100.0,1.0,100.0,0.005,1e-06,6104,3.552713678800501e-14,1.0526315789473684,0.9999562424442712,0.9999999925,0.005834340763842553,1e-06,161.17230361669542,195.12055230217712,0.009999999994726769,ok
gaussian,riemannian,20,100.0,1.0,100.0,0.005,1e-06,6137,2.4868995751603507e-14,0.9333333333333333,0.9999562424442691,0.9999999925,0.005834340764130556,1e-06,160.9397337841678,195.12050400984654,0.009999999995530712,ok
gaussian,riemannian,20,100.0,1.0,100.0,0.005,1e-06,6169,1.7763568394002505e-14,0.9090909090909091,0.9999562424442673,0.9999999925,0.005834340764367926,1e-06,160.71453202239024,195.12045718093128,0.009999999996193054,ok
gaussian,riemannian,20,100.0,1.0,100.0,0.005,1e-06,6201,1.0658141036401503e-14,0.8571428571428571,0.9999562424442657,0.9999999925,0.005834340764570199,1e-06,160.48964538373957,195.1204103520273,0.00999999999675724,ok
gaussian,riemannian,20,100.0,1.0,100.0,0.005,1e-06,6233,7.105427357601002e-15,0.8,0.9999562424442644,0.9999999925,0.005834340764742568,1e-06,160.2650734272676,195.12036352313453,0.009999999997237805,ok
gaussian,riemannian,20,100.0,1.0,100.0,0.005,1e-06,6265,8.881784197001252e-15,1.25,0.9999562424442633,0.9999999925,0.0058343407648894455,1e-06,160.04081571264297,195.12031669425303,0.009999999997647169,ok
gaussian,riemannian,20,100.0,1.0,100.0,0.005,1e-06,6297,3.552713678800501e-15,0.6666666666666666,0.9999562424442624,0.9999999925,0.005834340765014607,1e-06,159.81687180015035,195.12026986538277,0.009999999997995857,ok
gaussian,riemannian,20,100.0,1.0,100.0,0.005,1e-06,6329,5.329070518200751e-15,1.5,0.9999562424442616,0.9999999925,0.005834340765121259,1e-06,159.59324125068954,195.12022303652373,0.009999999998292862,ok
gaussian,riemannian,20,100.0,1.0,100.0,0.005,1e-06,6361,3.552713678800501e-15,2.0,0.999956242444261,0.9999999925,0.005834340765212148,1e-06,159.36992362577473,195.1201762076759,0.009999999998545867,ok
gaussian,riemannian,20,100.0,1.0,100.0,0.005,1e-06,6394,1.7763568394002505e-15,0.5,0.9999562424442603,0.9999999925,0.005834340765291833,1e-06,159.1399546073771,195.1201279154384,0.009999999998767573,ok
gaussian,riemannian,20,100.0,1.0,100.0,0.005,1e-06,6426,0.0,0.0,0.9999562424442598,0.9999999925,0.005834340765357498,1e-06,158.91727126305483,195.12008108661342,0.009999999998950213,ok
gaussian,riemannian,20,100.0,1.0,100.0,0.005,1e-06,6458,1.7763568394002505e-15,0.5,0.9999562424442594,0.9999999925,0.005834340765413455,1e-06,158.69489951786306,195.1200342577997,0.009999999999105783,ok
gaussian,riemannian,20,100.0,1.0,100.0,0.005,1e-06,6490,0.0,,0.9999562424442591,0.9999999925,0.005834340765461136,1e-06,158.4728389357837,195.11998742899718,0.009999999999238311,ok
gaussian,riemannian,20,100.0,1.0,100.0,0.005,1e-06,6522,0.0,,0.9999562424442587,0.9999999925,0.0058343407655017665,1e-06,158.25108908140885,195.11994060020592,0.009999999999351196,ok
gaussian,riemannian,20,100.0,1.0,100.0,0.005,1e-06,6554,0.0,-0.0,0.9999562424442585,0.9999999925,0.005834340765536395,1e-06,158.02964951993988,195.11989377142592,0.009999999999447349,ok
gaussian,riemannian,20,100.0,1.0,100.0,0.005,1e-06,6586,1.7763568394002505e-15,-1.0,0.9999562424442583,0.9999999925,0.005834340765565898,1e-06,157.80851981718638,195.11984694265715,0.009999999999529259,ok
gaussian,riemannian,20,100.0,1.0,100.0,0.005,1e-06,6618,1.7763568394002505e-15,-1.0,0.9999562424442581,0.9999999925,0.00583434076559104,1e-06,157.58769953956562,195.1198001138996,0.009999999999599026,ok
gaussian,riemannian,20,100.0,1.0,100.0,0.005,1e-06,6651,0.0,0.0,0.9999562424442578,0.9999999925,0.00583434076561308,1e-06,157.36030225058943,195.1197518217552,0.009999999999660154,ok
gaussian,riemannian,20,100.0,1.0,100.0,0.005,1e-06,6683,0.0,0.0,0.9999562424442577,0.9999999925,0.005834340765631248,1e-06,157.14010916044458,195.11970499302046,0.009999999999710527,ok
gaussian,riemannian,20,100.0,1.0,100.0,0.005,1e-06,6715,0.0,0.0,0.9999562424442576,0.9999999925,0.0058343407656467295,1e-06,156.9202241848379,195.119658164297,0.009999999999753442,ok
gaussian,riemannian,20,100.0,1.0,100.0,0.005,1e-06,6747,-1.7763568394002505e-15,-inf,0.9999562424442575,0.9999999925,0.005834340765659921,1e-06,156.70064689262708,195.11961133558475,0.00999999999978998,ok
gaussian,riemannian,20,100.0,1.0,100.0,0.005,1e-06,6779,0.0,-0.0,0.9999562424442575,0.9999999925,0.005834340765671159,1e-06,156.48137685327316,195.11956450688376,0.009999999999821114,ok
gaussian,riemannian,20,100.0,1.0,100.0,0.005,1e-06,6811,0.0,-0.0,0.9999562424442574,0.9999999925,0.00583434076568074,1e-06,156.2624136368395,195.119517678194,0.009999999999847626,ok
gaussian,riemannian,20,100.0,1.0,100.0,0.005,1e-06,6843,1.7763568394002505e-15,inf,0.9999562424442573,0.9999999925,0.005834340765688898,1e-06,156.04375681399134,195.1194708495155,0.009999999999870213,ok
gaussian,riemannian,20,100.0,1.0,100.0,0.005,1e-06,6876,0.0,,0.9999562424442573,0.9999999925,0.005834340765696053,1e-06,155.81858741710695,195.11942255745254,0.009999999999890007,ok
gaussian,riemannian,20,100.0,1.0,100.0,0.005,1e-06,6908,1.7763568394002505e-15,0.5,0.9999562424442572,0.9999999925,0.005834340765701956,1e-06,155.60055163695728,195.11937572879685,0.009999999999906306,ok
gaussian,riemannian,20,100.0,1.0,100.0,0.005,1e-06,6940,1.7763568394002505e-15,inf,0.9999562424442572,0.9999999925,0.005834340765706984,1e-06,155.3828209526381,195.1193289001524,0.009999999999920198,ok
gaussian,riemannian,20,100.0,1.0,100.0,0.005,1e-06,6972,0.0,,0.9999562424442572,0.9999999925,0.00583434076571127,1e-06,155.16539493723172,195.11928207151922,0.00999999999993203,ok
gaussian,riemannian,20,100.0,1.0,100.0,0.005,1e-06,7004,0.0,,0.9999562424442572,0.9999999925,0.0058343407657149215,1e-06,154.9482731644172,195.11923524289725,0.009999999999942118,ok
gaussian,riemannian,20,100.0,1.0,100.0,0.005,1e-06,7036,-1.7763568394002505e-15,-inf,0.9999562424442571,0.9999999925,0.00583434076571803,1e-06,154.73145520846987,195.11918841428653,0.009999999999950692,ok
gaussian,riemannian,20,100.0,1.0,100.0,0.005,1e-06,7068,0.0,,0.9999562424442571,0.9999999925,0.005834340765720681,1e-06,154.51494064426103,195.119141585687,0.009999999999957999,ok
gaussian,riemannian,20,100.0,1.0,100.0,0.005,1e-06,7100,0.0,,0.9999562424442571,0.9999999925,0.005834340765722938,1e-06,154.2987290472572,195.11909475709876,0.009999999999964225,ok
gaussian,riemannian,20,100.0,1.0,100.0,0.005,1e-06,7133,0.0,,0.9999562424442571,0.9999999925,0.005834340765724917,1e-06,154.0760777059338,195.1190464651289,0.009999999999969684,ok
gaussian,riemannian,20,100.0,1.0,100.0,0.005,1e-06,7165,0.0,0.0,0.9999562424442571,0.9999999925,0.005834340765726549,1e-06,153.86048020654653,195.1189996365635,0.009999999999974182,ok
gaussian,riemannian,20,100.0,1.0,100.0,0.005,1e-06,7197,0.0,0.0,0.9999562424442571,0.9999999925,0.005834340765727939,1e-06,153.64518439112237,195.1189528080093,0.009999999999978016,ok
gaussian,riemannian,20,100.0,1.0,100.0,0.005,1e-06,7229,-1.7763568394002505e-15,1.0,0.9999562424442571,0.9999999925,0.0058343407657291246,1e-06,153.4301898375172,195.11890597946635,0.009999999999981276,ok
gaussian,riemannian,20,100.0,1.0,100.0,0.005,1e-06,7261,0.0,0.0,0.9999562424442571,0.9999999925,0.005834340765730136,1e-06,153.21549612417766,195.11885915093464,0.009999999999984056,ok
gaussian,riemannian,20,100.0,1.0,100.0,0.005,1e-06,7293,0.0,0.0,0.9999562424442571,0.9999999925,0.005834340765730996,1e-06,153.0011028301402,195.11881232241416,0.009999999999986409,ok
gaussian,riemannian,20,100.0,1.0,100.0,0.005,1e-06,7325,-1.7763568394002505e-15,-1.0,0.999956242444257,0.9999999925,0.005834340765731731,1e-06,152.78700953503,195.11876549390493,0.009999999999988428,ok
gaussian,riemannian,20,100.0,1.0,100.0,0.005,1e-06,7357,0.0,-0.0,0.999956242444257,0.9999999925,0.005834340765732353,1e-06,152.5732158190609,195.11871866540696,0.009999999999990142,ok
gaussian,riemannian,20,100.0,1.0,100.0,0.005,1e-06,7390,0.0,0.0,0.999956242444257,0.9999999925,0.0058343407657328985,1e-06,152.35305437403815,195.1186703735302,0.00999999999999164,ok
gaussian,riemannian,20,100.0,1.0,100.0,0.005,1e-06,7422,0.0,,0.999956242444257,0.9999999925,0.005834340765733346,1e-06,152.13986788826952,195.11862354505502,0.00999999999999289,ok
gaussian,riemannian,20,100.0,1.0,100.0,0.005,1e-06,7454,1.7763568394002505e-15,inf,0.999956242444257,0.9999999925,0.005834340765733732,1e-06,151.92697971275075,195.1185767165911,0.009999999999993943,ok
gaussian,riemannian,20,100.0,1.0,100.0,0.005,1e-06,7486,1.7763568394002505e-15,inf,0.999956242444257,0.9999999925,0.005834340765734058,1e-06,151.71438943005853,195.1185298881384,0.009999999999994838,ok
gaussian,riemannian,20,100.0,1.0,100.0,0.005,1e-06,7518,0.0,-0.0,0.999956242444257,0.9999999925,0.005834340765734333,1e-06,151.5020966233537,195.11848305969696,0.00999999999999561,ok
gaussian,riemannian,20,100.0,1.0,100.0,0.005,1e-06,7550,0.0,,0.999956242444257,0.9999999925,0.005834340765734573,1e-06,151.29010087638028,195.11843623126674,0.009999999999996253,ok
gaussian,riemannian,20,100.0,1.0,100.0,0.005,1e-06,7582,0.0,,0.999956242444257,0.9999999925,0.005834340765734777,1e-06,151.0784017734648,195.11838940284778,0.009999999999996805,ok
gaussian,riemannian,20,100.0,1.0,100.0,0.005,1e-06,7614,0.0,-0.0,0.999956242444257,0.9999999925,0.0058343407657349446,1e-06,150.86699889951552,195.11834257444005,0.009999999999997247,ok
gaussian,riemannian,20,100.0,1.0,100.0,0.005,1e-06,7647,0.0,0.0,0.999956242444257,0.9999999925,0.005834340765735098,1e-06,150.64929950643622,195.11829428265636,0.009999999999997677,ok
gaussian,riemannian,20,100.0,1.0,100.0,0.005,1e-06,7679,0.0,,0.999956242444257,0.9999999925,0.005834340765735219,1e-06,150.43849707206937,195.11824745427148,0.009999999999998028,ok
gaussian,riemannian,20,100.0,1.0,100.0,0.005,1e-06,7711,0.0,0.0,0.999956242444257,0.9999999925,0.005834340765735329,1e-06,150.22798961196708,195.11820062589783,0.009999999999998295,ok
gaussian,riemannian,20,100.0,1.0,100.0,0.005,1e-06,7743,0.0,0.0,0.999956242444257,0.9999999925,0.00583434076573541,1e-06,150.0177767133741,195.11815379753537,0.009999999999998545,ok
gaussian,riemannian,20,100.0,1.0,100.0,0.005,1e-06,7775,0.0,0.0,0.999956242444257,0.9999999925,0.005834340765735494,1e-06,149.8078579641128,195.1181069691842,0.009999999999998767,ok
gaussian,riemannian,20,100.0,1.0,100.0,0.005,1e-06,7807,1.7763568394002505e-15,inf,0.999956242444257,0.9999999925,0.0058343407657355725,1e-06,149.5982329525821,195.11806014084425,0.009999999999998956,ok
gaussian,riemannian,20,100.0,1.0,100.0,0.005,1e-06,7839,1.7763568394002505e-15,inf,0.999956242444257,0.9999999925,0.005834340765735613,1e-06,149.38890126775706,195.11801331251553,0.009999999999999103,ok
gaussian,riemannian,20,100.0,1.0,100.0,0.005,1e-06,7871,0.0,,0.999956242444257,0.9999999925,0.005834340765735641,1e-06,149.17986249918783,195.11796648419806,0.00999999999999925,ok
gaussian,riemannian,20,100.0,1.0,100.0,0.005,1e-06,7904,0.0,,0.999956242444257,0.9999999925,0.00583434076573567,1e-06,148.96459762507607,195.11791819250746,0.009999999999999377,ok
gaussian,riemannian,20,100.0,1.0,100.0,0.005,1e-06,7936,0.0,,0.999956242444257,0.9999999925,0.005834340765735707,1e-06,148.7561525814102,195.11787136421285,0.009999999999999466,ok
gaussian,riemannian,20,100.0,1.0,100.0,0.005,1e-06,7968,0.0,-0.0,0.999956242444257,0.9999999925,0.0058343407657357625,1e-06,148.54799921332983,195.11782453592943,0.009999999999999554,ok
gaussian,riemannian,20,100.0,1.0,100.0,0.005,1e-06,8000,0.0,,0.999956242444257,0.9999999925,0.0058343407657357954,1e-06,148.3401371126955,195.11777770765727,0.009999999999999643,ok
gaussian,kl,20,100.0,1.0,100.0,0.005,1e-06,0,195.1294851255115,,0.9999999983416252,0.9999999983416252,1e-06,1e-06,195.1294851255115,195.1294851255115,1e-06,ok
gaussian,kl,20,100.0,1.0,100.0,0.005,1e-06,32,193.53283373339968,0.9997422449027209,0.9999999980546885,0.9999999983416252,1.1730228203736508e-06,1e-06,195.1294739263305,195.12947477038168,1.1730228203736502e-06,ok
gaussian,kl,20,100.0,1.0,100.0,0.005,1e-06,64,191.93607194627552,0.9997400817468695,0.9999999977181121,0.9999999983416252,1.3759784174530586e-06,1e-06,195.12946078945544,195.12946441525241,1.375978417453058e-06,ok
gaussian,kl,20,100.0,1.0,100.0,0.005,1e-06,96,190.33918067054788,0.9997378787476429,0.9999999973233108,0.9999999983416252,1.6140435831510774e-06,1e-06,195.12944537967473,195.1294540601237,1.6140435831510738e-06,ok
gaussian,kl,20,100.0,1.0,100.0,0.005,1e-06,129,188.6922271908538,0.9997355634412721,0.9999999968445199,0.9999999983416252,1.9027544870810322e-06,1e-06,195.12942669114125,195.12944338139778,1.9027544870810289e-06,ok
gaussian,kl,20,100.0,1.0,100.0,0.005,1e-06,161,187.0949998477405,0.9997332742977615,0.9999999962986077,0.9999999983416252,2.231939569172899e-06,1e-06,195.12940538201744,195.12943302627016,2.2319395691729006e-06,ok
gaussian,kl,20,100.0,1.0,100.0,0.005,1e-06,193,185.49756251150612,0.9997309398146403,0.9999999956582749,0.9999999983416252,2.6180602378418326e-06,1e-06,195.1293803863914,195.12942267114312,2.618060237841832e-06,ok
gaussian,kl,20,100.0,1.0,100.0,0.005,1e-06,225,183.8998788786912,0.9997285577693019,0.9999999949071999,0.9999999983416252,3.0709584205377218e-06,1e-06,195.12935106667555,195.1294123160166,3.0709584205377235e-06,ok
gaussian,kl,20,100.0,1.0,100.0,0.005,1e-06,257,182.30190637670063,0.9997261256792371,0.9999999940262434,0.9999999983416252,3.602175220553437e-06,1e-06,195.12931667507894,195.12940196089068,3.6021752205534334e-06,ok
gaussian,kl,20,100.0,1.0,100.0,0.005,1e-06,289,180.7035950838288,0.9997236407588651,0.9999999929929627,0.9999999983416252,4.225243482124316e-06,1e-06,195.12927633458412,195.12939160576525,4.225243482124306e-06,ok
gaussian,kl,20,100.0,1.0,100.0,0.005,1e-06,321,179.10488646422488,0.9997210998685782,0.999999991781044,0.9999999983416252,4.9560304318265445e-06,1e-06,195.12922901665146,195.1293812506404,4.956030431826542e-06,ok
gaussian,kl,20,100.0,1.0,100.0,0.005,1e-06,353,177.50571188645833,0.9997184994545901,0.999999990359637,0.9999999983416252,5.813138855417e-06,1e-06,195.12917351508867,195.1293708955161,5.8131388554169896e-06,ok
gaussian,kl,20,100.0,1.0,100.0,0.005,1e-06,386,175.8559898145822,0.9997157511558192,0.9999999886360776,0.9999999983416252,6.85244517789937e-06,1e-06,195.12910620902554,195.12936021679474,6.85244517789936e-06,ok
gaussian,kl,20,100.0,1.0,100.0,0.005,1e-06,418,174.2556063635971,0.9997130167968218,0.9999999866712096,0.9999999983416252,8.037260629348952e-06,1e-06,195.12902947117715,195.12934986167153,8.037260629348941e-06,ok
gaussian,kl,20,100.0,1.0,100.0,0.005,1e-06,450,172.65446787145044,0.9997102088141032,0.9999999843669284,0.9999999983416252,9.426742210294603e-06,1e-06,195.12893946597674,195.1293395065489,9.426742210294587e-06,ok
gaussian,kl,20,100.0,1.0,100.0,0.005,1e-06,482,171.05244412883616,0.9997073211199667,0.9999999816647238,0.9999999983416252,1.105617156274487e-05,1e-06,195.12883390195972,195.1293291514268,1.105617156274484e-05,ok
gaussian,kl,20,100.0,1.0,100.0,0.005,1e-06,514,169.4493825616723,0.9997043466991709,0.9999999784960445,0.9999999983416252,1.2966885153918944e-05,1e-06,195.12871009277555,195.12931879630526,1.2966885153918917e-05,ok
gaussian,kl,20,100.0,1.0,100.0,0.005,1e-06,546,167.8451044235861,0.9997012774454361,0.9999999747805918,0.9999999983416252,1.5207303140443215e-05,1e-06,195.12856488946943,195.12930844118426,1.5207303140443203e-05,ok
gaussian,kl,20,100.0,1.0,100.0,0.005,1e-06,578,166.2394003528977,0.9996981039687487,0.9999999704243296,0.9999999983416252,1.783412921800381e-05,1e-06,195.12839460127523,195.12929808606384,1.783412921800381e-05,ok
gaussian,kl,20,100.0,1.0,100.0,0.005,1e-06,610,164.63202519282297,0.9996948153684546,0.9999999653171668,0.9999999983416252,2.091374842151264e-05,1e-06,195.12819490301737,195.12928773094393,2.091374842151263e-05,ok
gaussian,kl,20,100.0,1.0,100.0,0.005,1e-06,643,162.97236522233868,0.9996912899894383,0.9999999591274119,0.9999999983416252,2.4646170596619467e-05,1e-06,195.12795279111958,195.1292770522271,2.4646170596619446e-05,ok
gaussian,kl,20,100.0,1.0,100.0,0.005,1e-06,675,161.3606603943009,0.9996877262972276,0.999999952075131,0.9999999983416252,2.88986959603246e-05,1e-06,195.12767683122902,195.12926669710833,2.8898695960324635e-05,ok
gaussian,kl,20,100.0,1.0,100.0,0.005,1e-06,707,159.7462555549481,0.999684002223592,0.9999999438101612,0.9999999983416252,3.3882472758893595e-05,1e-06,195.12735326840203,195.1292563419901,3.388247275889363e-05,ok
gaussian,kl,20,100.0,1.0,100.0,0.005,1e-06,739,158.12868920802896,0.999680097553845,0.9999999341255194,0.9999999983416252,3.972231181238812e-05,1e-06,195.12697392148348,195.12924598687243,3.972231181238813e-05,ok
gaussian,kl,20,100.0,1.0,100.0,0.005,1e-06,771,156.50742213065857,0.9996759886653964,0.9999999227794727,0.9999999983416252,4.656397797691405e-05,1e-06,195.1265292146337,195.1292356317553,4.656397797691395e-05,ok
gaussian,kl,20,100.0,1.0,100.0,0.005,1e-06,803,154.88182471308343,0.9996716479407282,0.999999909489921,0.9999999983416252,5.457757764853216e-05,1e-06,195.12600794380955,195.12922527663872,5.4577577648532e-05,ok
gaussian,kl,20,100.0,1.0,100.0,0.005,1e-06,835,153.2511623974521,0.9996670430869119,0.999999893927952,0.9999999983416252,6.39614449546143e-05,1e-06,195.12539700573154,195.12921492152267,6.396144495461422e-05,ok
gaussian,kl,20,100.0,1.0,100.0,0.005,1e-06,867,151.61457899124753,0.9996621363503653,0.9999998757104788,0.9999999983416252,7.494658133270734e-05,1e-06,195.1246810839035,195.1292045664072,7.494658133270712e-05,ok
gaussian,kl,20,100.0,1.0,100.0,0.005,1e-06,900,149.91959456040655,0.9996567133519687,0.9999998536702547,0.9999999983416252,8.82368363995658e-05,1e-06,195.12381387407808,195.12919388769492,8.823683639956542e-05,ok
gaussian,kl,20,100.0,1.0,100.0,0.005,1e-06,932,148.26774304239157,0.9996510497728835,0.9999998286105899,0.9999999983416252,0.00010334781428003619,1e-06,195.12282644665163,195.12918353258058,0.0001033478142800356,ok
gaussian,kl,20,100.0,1.0,100.0,0.005,1e-06,964,146.60642328097427,0.9996449266082,0.9999997993117353,0.9999999983416252,0.00012101502360897497,1e-06,195.12167007018184,195.12917317746675,0.00012101502360897436,ok
gaussian,kl,20,100.0,1.0,100.0,0.005,1e-06,996,144.9340684296797,0.9996382736233154,0.9999997650759622,0.9999999983416252,0.00014165919477820643,1e-06,195.12031622111806,195.12916282235352,0.0001416591947782056,ok
gaussian,kl,20,100.0,1.0,100.0,0.005,1e-06,1028,143.24886655082798,0.9996310092520442,0.9999997250978458,0.9999999983416252,0.0001657659989779945,1e-06,195.11873170207198,195.12915246724077,0.0001657659989779936,ok
gaussian,kl,20,100.0,1.0,100.0,0.005,1e-06,1060,141.54872747814443,0.9996230390343078,0.9999996784502744,0.9999999983416252,0.00019389448457782316,1e-06,195.11687792810517,195.12914211212862,0.0001938944845778217,ok
gaussian,kl,20,100.0,1.0,100.0,0.005,1e-06,1092,139.83124712864742,0.9996142539570015,0.9999996240696325,0.9999999983416252,0.0002266860115769516,1e-06,195.1147101232134,195.129131757017,0.00022668601157694983,ok
gaussian,kl,20,100.0,1.0,100.0,0.005,1e-06,1124,138.09366984523774,0.9996045287438985,0.9999995607405285,0.9999999983416252,0.0002648734613162645,1e-06,195.11217642294355,195.12912140190593,0.00026487346131626275,ok
gaussian,kl,20,100.0,1.0,100.0,0.005,1e-06,1157,136.27741178894445,0.9995933632202949,0.9999994845957494,0.9999999983416252,0.0003107887631268617,1e-06,195.10911680670802,195.12911072319824,0.0003107887631268594,ok
gaussian,kl,20,100.0,1.0,100.0,0.005,1e-06,1189,134.48887396646714,0.9995812667486672,0.9999993986426815,0.9999999983416252,0.00036261846306047445,1e-06,195.10564562451907,195.12910036808827,0.00036261846306047217,ok
gaussian,kl,20,100.0,1.0,100.0,0.005,1e-06,1221,132.66934676544898,0.9995677345440602,0.9999992989807355,0.9999999983416252,0.00042271461651978686,1e-06,195.10159738767751,195.12909001297888,0.0004227146165197834,ok
gaussian,kl,20,100.0,1.0,100.0,0.005,1e-06,1253,130.81428218033204,0.9995525607639951,0.9999991836456328,0.9999999983416252,0.0004922616834411045,1e-06,195.09688071205883,195.12907965787002,0.0004922616834411009,ok
gaussian,kl,20,100.0,1.0,100.0,0.005,1e-06,1285,128.9186173375722,0.9995355178733042,0.9999990504694652,0.9999999983416252,0.0005725669124469493,1e-06,195.09139134914585,195.12906930276174,0.0005725669124469455,ok
gaussian,kl,20,100.0,1.0,100.0,0.005,1e-06,1317,126.97676899945026,0.9995163576301402,0.9999988970872633,0.9999999983416252,0.0006650563802280425,1e-06,195.08501093481829,195.12905894765396,0.000665056380228039,ok
gaussian,kl,20,100.0,1.0,100.0,0.005,1e-06,1349,124.98264882420034,0.9994948134791185,0.9999987209554867,0.9999999983416252,0.0007712638415469395,1e-06,195.07760581504562,195.12904859254675,0.0007712638415469362,ok
gaussian,kl,20,100.0,1.0,100.0,0.005,1e-06,1382,122.86452944425423,0.9994698021399959,0.9999985126470812,0.9999999983416252,0.0008968738100279991,1e-06,195.06873721253416,195.12903791384304,0.0008968738100279957,ok
gaussian,kl,20,100.0,1.0,100.0,0.005,1e-06,1414,120.74366175231825,0.9994425434016725,0.999998281934893,0.9999999983416252,0.0010359932594831962,1e-06,195.0587709691286,195.12902755873696,0.0010359932594831945,ok
gaussian,kl,20,100.0,1.0,100.0,0.005,1e-06,1446,118.54961711551294,0.9994120353290425,0.9999980201289942,0.9999999983416252,0.0011938622164999046,1e-06,195.04727266611872,195.1290172036314,0.0011938622164998998,ok
gaussian,kl,20,100.0,1.0,100.0,0.005,1e-06,1478,116.27511424844961,0.9993780034691746,0.9999977245346967,0.9999999983416252,0.0013721055778607672,1e-06,195.03404028704685,195.12900684852642,0.001372105577860762,ok
gaussian,kl,20,100.0,1.0,100.0,0.005,1e-06,1510,113.91302003181856,0.9993401999553642,0.9999973926874011,0.9999999983416252,0.0015722094971657872,1e-06,195.0188557145754,195.128996493422,0.0015722094971657866,ok
gaussian,kl,20,100.0,1.0,100.0,0.005,1e-06,1542,111.45663455545949,0.9992984190548798,0.999997022515355,0.9999999983416252,0.0017954232409272337,1e-06,195.0014866704812,195.12898613831808,0.0017954232409272332,ok
gaussian,kl,20,100.0,1.0,100.0,0.005,1e-06,1574,108.90002554569489,0.9992525133054289,0.9999966125260755,0.9999999983416252,0.002042646776470745,1e-06,194.98168975011697,195.12897578321474,0.002042646776470747,ok
gaussian,kl,20,100.0,1.0,100.0,0.005,1e-06,1606,106.23839826184948,0.9992024085121535,0.9999961620070139,0.9999999983416252,0.002314309770642388,1e-06,194.95921467250957,195.12896542811197,0.002314309770642388,ok
gaussian,kl,20,100.0,1.0,100.0,0.005,1e-06,1639,103.38015235516245,0.9991463520932383,0.9999956552520682,0.9999999983416252,0.002619883002851792,1e-06,194.9329659667326,195.1289547494128,0.0026198830028517895,ok
gaussian,kl,20,100.0,1.0,100.0,0.005,1e-06,1671,100.4971214135325,0.9990878468773952,0.9999951244573891,0.9999999983416252,0.0029399521943454104,1e-06,194.90428187440148,195.1289443943111,0.0029399521943454113,ok
gaussian,kl,20,100.0,1.0,100.0,0.005,1e-06,1703,97.50526996981584,0.9990254514968504,0.9999945576515092,0.9999999983416252,0.003281736139948592,1e-06,194.8721814126299,195.12893403920998,0.0032817361399485913,ok
gaussian,kl,20,100.0,1.0,100.0,0.005,1e-06,1735,94.40787939892834,0.9989594334672852,0.9999939589507779,0.9999999983416252,0.003642752680923298,1e-06,194.83645347234582,195.1289236841094,0.0036427526809232956,ok
gaussian,kl,20,100.0,1.0,100.0,0.005,1e-06,1767,91.21071840361024,0.9988901126757455,0.99999333379519,0.9999999983416252,0.004019721500457595,1e-06,194.79691699471428,195.12891332900938,0.004019721500457586,ok
gaussian,kl,20,100.0,1.0,100.0,0.005,1e-06,1799,87.92197047002703,0.9988178293854264,0.9999926888098458,0.9999999983416252,0.0044086476629830625,1e-06,194.7534288660572,195.1289029739099,0.00440864766298306,ok
gaussian,kl,20,100.0,1.0,100.0,0.005,1e-06,1831,84.55200651770504,0.9987429061609445,0.999992031559948,0.9999999983416252,0.004804969351358476,1e-06,194.70589060577143,195.128892618811,0.004804969351358473,ok
gaussian,kl,20,100.0,1.0,100.0,0.005,1e-06,1863,81.11302017286081,0.9986656079843926,0.9999913702143284,0.9999999983416252,0.005203760759955999,1e-06,194.65425321908924,195.1288822637126,0.005203760759955984,ok
gaussian,kl,20,100.0,1.0,100.0,0.005,1e-06,1896,77.50862236376322,0.9985835862536352,0.9999906927730158,0.9999999983416252,0.005612257871509452,1e-06,194.59671251982886,195.12887158501798,0.005612257871509448,ok
gaussian,kl,20,100.0,1.0,100.0,0.005,1e-06,1928,73.97203840039138,0.9985018574259347,0.9999900486585048,0.9999999983416252,0.006000658921582421,1e-06,194.5368130548983,195.12886122992072,0.006000658921582418,ok
gaussian,kl,20,100.0,1.0,100.0,0.005,1e-06,1960,70.40955710577451,0.9984178683580268,0.9999894247522311,0.9999999983416252,0.0063768744046619145,1e-06,194.47298077332485,195.12885087482402,0.0063768744046619145,ok
gaussian,kl,20,100.0,1.0,100.0,0.005,1e-06,1992,66.83576141919814,0.9983313664875956,0.9999888276215516,0.9999999983416252,0.00673694420435331,1e-06,194.40536562889727,195.12884051972785,0.006736944204353324,ok
gaussian,kl,20,100.0,1.0,100.0,0.005,1e-06,2024,63.26472991272489,0.9982419514230771,0.999988262638612,0.9999999983416252,0.007077628916962519,1e-06,194.3341549365904,195.12883016463223,0.00707762891696252,ok
gaussian,kl,20,100.0,1.0,100.0,0.005,1e-06,2056,59.70978636019035,0.9981490866497676,0.9999877338475861,0.9999999983416252,0.007396489905561595,1e-06,194.2595653866734,195.1288198095372,0.0073964899055615945,ok
gaussian,kl,20,100.0,1.0,100.0,0.005,1e-06,2088,56.183365247104234,0.9980521167455045,0.9999872439376394,0.9999999983416252,0.007691905603436586,1e-06,194.18183456703306,195.12880945444266,0.007691905603436591,ok
gaussian,kl,20,100.0,1.0,100.0,0.005,1e-06,2120,52.696982516921786,0.9979502872134302,0.9999867943078328,0.9999999983416252,0.007963032376830383,1e-06,194.10121261984284,195.1287990993487,0.007963032376830385,ok
gaussian,kl,20,100.0,1.0,100.0,0.005,1e-06,2153,49.15485271288431,0.997839303229576,0.9999863730646795,0.9999999983416252,0.008217041998240724,1e-06,194.0153130282815,195.12878842065862,0.008217041998240736,ok
gaussian,kl,20,100.0,1.0,100.0,0.005,1e-06,2185,45.78180648711534,0.9977249738295935,0.9999860049736868,0.9999999983416252,0.008439000866803716,1e-06,193.92960152895557,195.12877806556577,0.008439000866803728,ok
gaussian,kl,20,100.0,1.0,100.0,0.005,1e-06,2217,42.478953589973784,0.9976030936158432,0.9999856751101506,0.9999999983416252,0.008637908579220675,1e-06,193.84176041836432,195.12876771047348,0.008637908579220678,ok
gaussian,kl,20,100.0,1.0,100.0,0.005,1e-06,2249,39.25516276937181,0.9974727023247455,0.9999853813769187,0.9999999983416252,0.008815029717999134,1e-06,193.7520235860216,195.12875735538177,0.00881502971799913,ok
gaussian,kl,20,100.0,1.0,100.0,0.005,1e-06,2281,36.11903014314019,0.9973328329601397,0.9999851212933001,0.9999999983416252,0.008971860140025397,1e-06,193.66061031629167,195.12874700029056,0.008971860140025387,ok
gaussian,kl,20,100.0,1.0,100.0,0.005,1e-06,2313,33.07900835096634,0.9971825313967174,0.9999848921563995,0.9999999983416252,0.009110029691112033,1e-06,193.56772342338354,195.1287366451999,0.009110029691112022,ok
gaussian,kl,20,100.0,1.0,100.0,0.005,1e-06,2345,30.143497189084343,0.9970208798197197,0.999984691174124,0.9999999983416252,0.009231222003216402,1e-06,193.47354831106801,195.1287262901098,0.009231222003216393,ok
gaussian,kl,20,100.0,1.0,100.0,0.005,1e-06,2378,27.234588805161884,0.9968413875681755,0.999984510460883,0.9999999983416252,0.009340192087587879,1e-06,193.3752584227851,195.1287156114237,0.009340192087587861,ok
gaussian,kl,20,100.0,1.0,100.0,0.005,1e-06,2410,24.537158429194314,0.9966541638151644,0.9999843582154844,0.9999999983416252,0.009431996062922105,1e-06,193.27896495322736,195.1287052563347,0.0094319960629221,ok
gaussian,kl,20,100.0,1.0,100.0,0.005,1e-06,2442,21.96949159496347,0.9964533626179508,0.9999842260456692,0.9999999983416252,0.009511694461460501,1e-06,193.18183963812177,195.1286949012463,0.009511694461460487,ok
gaussian,kl,20,100.0,1.0,100.0,0.005,1e-06,2474,19.539567955961942,0.9962385787569052,0.9999841115965998,0.9999999983416252,0.009580707250289344,1e-06,193.08400067642557,195.1286845461584,0.009580707250289327,ok
gaussian,kl,20,100.0,1.0,100.0,0.005,1e-06,2506,17.254882725308626,0.9960096604609013,0.9999840127111183,0.9999999983416252,0.009640335195662002,1e-06,192.98555208194114,195.12867419107107,0.009640335195661974,ok
gaussian,kl,20,100.0,1.0,100.0,0.005,1e-06,2538,15.122166011041582,0.9957667690093994,0.9999839274357766,0.9999999983416252,0.00969175622673301,1e-06,192.8865849584511,195.1286638359843,0.009691756226732974,ok
gaussian,kl,20,100.0,1.0,100.0,0.005,1e-06,2570,13.147054709397452,0.9955104364508215,0.9999838540183557,0.9999999983416252,0.009736026931561148,1e-06,192.78717878242304,195.12865348089804,0.009736026931561106,ok
gaussian,kl,20,100.0,1.0,100.0,0.005,1e-06,2602,11.333739389921547,0.9952416150375483,0.9999837908995326,0.9999999983416252,0.00977408758187499,1e-06,192.6874026487203,195.12864312581237,0.009774087581874957,ok
gaussian,kl,20,100.0,1.0,100.0,0.005,1e-06,2635,9.63573699525983,0.9949528043376576,0.9999837351371857,0.9999999983416252,0.009807712277001963,1e-06,192.58418434456334,195.12863244713083,0.009807712277001945,ok
gaussian,kl,20,100.0,1.0,100.0,0.005,1e-06,2667,8.156228319116302,0.9946634336002891,0.9999836888696924,0.9999999983416252,0.009835611575508753,1e-06,192.4838325477677,195.12862209204627,0.009835611575508737,ok
gaussian,kl,20,100.0,1.0,100.0,0.005,1e-06,2699,6.839094447204765,0.9943672394836897,0.9999836492190625,0.9999999983416252,0.009859520905322054,1e-06,192.38326843898278,195.12861173696223,0.009859520905322033,ok
gaussian,kl,20,100.0,1.0,100.0,0.005,1e-06,2731,5.679827531577185,0.9940669295488055,0.9999836152650208,0.9999999983416252,0.00987999519249961,1e-06,192.2825303116966,195.12860138187878,0.009879995192499588,ok
gaussian,kl,20,100.0,1.0,100.0,0.005,1e-06,2763,4.671555941706359,0.9937655011895591,0.9999835862082115,0.9999999983416252,0.009897516448468572,1e-06,192.18165108845187,195.12859102679585,0.009897516448468561,ok
gaussian,kl,20,100.0,1.0,100.0,0.005,1e-06,2795,3.8052535619991943,0.9934661177428754,0.9999835613562593,0.9999999983416252,0.009912502175600585,1e-06,192.0806590356983,195.12858067171348,0.00991250217560056,ok
gaussian,kl,20,100.0,1.0,100.0,0.005,1e-06,2827,3.0700939662423927,0.9931719639758966,0.9999835401108786,0.9999999983416252,0.009925313140155134,1e-06,191.97957839394832,195.12857031663165,0.009925313140155104,ok
gaussian,kl,20,100.0,1.0,100.0,0.005,1e-06,2859,2.4539176617085445,0.9928860947930493,0.9999835219561312,0.9999999983416252,0.009936260452883145,1e-06,191.87842993029145,195.1285599615504,0.009936260452883133,ok
gaussian,kl,20,100.0,1.0,100.0,0.005,1e-06,2892,1.92938709496749,0.9926029106634715,0.9999835060015482,0.9999999983416252,0.009945881066422753,1e-06,191.77406833290175,195.1285492828734,0.00994588106642273,ok
gaussian,kl,20,100.0,1.0,100.0,0.005,1e-06,2924,1.5147334014837863,0.9923420199784037,0.9999834928231571,0.9999999983416252,0.009953827636246826,1e-06,191.6728341127103,195.12853892779324,0.009953827636246809,ok
gaussian,kl,20,100.0,1.0,100.0,0.005,1e-06,2956,1.1795294753279428,0.9920965509988392,0.9999834815721558,0.9999999983416252,0.00996061199005689,1e-06,191.57157842082276,195.12852857271363,0.009960611990056859,ok
gaussian,kl,20,100.0,1.0,100.0,0.005,1e-06,2988,0.9115129562809905,0.9918678759991931,0.9999834719687447,0.9999999983416252,0.009966402846969168,1e-06,191.4703123047785,195.12851821763456,0.009966402846969142,ok
gaussian,kl,20,100.0,1.0,100.0,0.005,1e-06,3020,0.6994224720532465,0.9916568371407369,0.9999834637731729,0.9999999983416252,0.009971344776724497,1e-06,191.36904519728245,195.12850786255606,0.009971344776724478,ok
gaussian,kl,20,100.0,1.0,100.0,0.005,1e-06,3052,0.5331980242522523,0.9914637754644183,0.9999834567801622,0.9999999983416252,0.00997556156220067,1e-06,191.26778514861007,195.1284975074781,0.009975561562200662,ok
gaussian,kl,20,100.0,1.0,100.0,0.005,1e-06,3084,0.4040739526071828,0.99128858622303,0.9999834508140635,0.9999999983416252,0.009979159119715019,1e-06,191.16653902639635,195.1284871524007,0.009979159119715007,ok
gaussian,kl,20,100.0,1.0,100.0,0.005,1e-06,3116,0.3045815520366446,0.9911307910421253,0.9999834457246635,0.9999999983416252,0.009982228027951798,1e-06,191.06531268715622,195.12847679732386,0.009982228027951791,ok
gaussian,kl,20,100.0,1.0,100.0,0.005,1e-06,3149,0.2264239023487704,0.9909854635202676,0.9999834412587173,0.9999999983416252,0.009984920993446085,1e-06,190.96094902189984,195.1284661186514,0.009984920993446092,ok
gaussian,kl,20,100.0,1.0,100.0,0.005,1e-06,3181,0.1691038033575314,0.9908603963919072,0.9999834375745698,0.9999999983416252,0.009987142534459974,1e-06,190.8597774566248,195.12845576357566,0.009987142534459988,ok
gaussian,kl,20,100.0,1.0,100.0,0.005,1e-06,3213,0.12581614412331454,0.9907498004452872,0.9999834344325996,0.9999999983416252,0.009989037142406362,1e-06,190.75863864970177,195.12844540850045,0.009989037142406367,ok
gaussian,kl,20,100.0,1.0,100.0,0.005,1e-06,3245,0.09329651013168849,0.990652470145162,0.9999834317531803,0.9999999983416252,0.009990652832261353,1e-06,190.6575356720623,195.12843505342582,0.00999065283226136,ok
gaussian,kl,20,100.0,1.0,100.0,0.005,1e-06,3277,0.06897910081916336,0.9905671773158597,0.9999834294683349,0.9999999983416252,0.009992030594092058,1e-06,190.55647113790292,195.12842469835172,0.009992030594092066,ok
gaussian,kl,20,100.0,1.0,100.0,0.005,1e-06,3309,0.0508689459932814,0.990492711839772,0.9999834275200439,0.9999999983416252,0.009993205413519099,1e-06,190.45544727175863,195.1284143432782,0.009993205413519108,ok
gaussian,kl,20,100.0,1.0,100.0,0.005,1e-06,3341,0.03742953091345491,0.9904279115447103,0.9999834258587961,0.9999999983416252,0.009994207145951414,1e-06,190.35446596579155,195.12840398820518,0.009994207145951426,ok
gaussian,kl,20,100.0,1.0,100.0,0.005,1e-06,3373,0.027487169294889924,0.9903716826381902,0.9999834244423466,0.9999999983416252,0.009995061264993919,1e-06,190.25352882870325,195.12839363313273,0.009995061264993908,ok
gaussian,kl,20,100.0,1.0,100.0,0.005,1e-06,3406,0.019956698357233904,0.9903216028139956,0.9999834231999308,0.9999999983416252,0.009995810441708075,1e-06,190.14948511183752,195.12838295446485,0.009995810441708068,ok
gaussian,kl,20,100.0,1.0,100.0,0.005,1e-06,3438,0.014608942842754047,0.9902797589303224,0.9999834221753738,0.9999999983416252,0.009996428249594767,1e-06,190.0486416833837,195.12837259939354,0.009996428249594756,ok
gaussian,kl,20,100.0,1.0,100.0,0.005,1e-06,3470,0.010680813861034366,0.9902436870171393,0.9999834213018558,0.9999999983416252,0.009996954980980004,1e-06,189.9478459651662,195.12836224432274,0.009996954980979992,ok
gaussian,kl,20,100.0,1.0,100.0,0.005,1e-06,3502,0.007800471372505058,0.9902126406504071,0.9999834205571233,0.9999999983416252,0.009997404054670402,1e-06,189.8470987883217,195.1283518892525,0.00999740405467038,ok
gaussian,kl,20,100.0,1.0,100.0,0.005,1e-06,3534,0.005691594040870385,0.9901859565454612,0.9999834199221982,0.9999999983416252,0.009997786914477124,1e-06,189.74640085696214,195.12834153418282,0.009997786914477107,ok
gaussian,kl,20,100.0,1.0,100.0,0.005,1e-06,3566,0.004149544639941993,0.9901630490259477,0.9999834193808966,0.9999999983416252,0.009998113319331783,1e-06,189.64575276693293,195.1283311791137,0.009998113319331781,ok
gaussian,kl,20,100.0,1.0,100.0,0.005,1e-06,3598,0.0030232190701546813,0.9901434036995819,0.999983418919418,0.9999999983416252,0.009998391590940684,1e-06,189.54515502180698,195.12832082404512,0.00999839159094068,ok
gaussian,kl,20,100.0,1.0,100.0,0.005,1e-06,3631,0.0021795879870314394,0.990126085687744,0.9999834185146833,0.9999999983416252,0.009998635645984608,1e-06,189.44146677567556,195.12831014538122,0.009998635645984622,ok
gaussian,kl,20,100.0,1.0,100.0,0.005,1e-06,3663,0.0015862224002329839,0.9901117434200996,0.9999834181809499,0.9999999983416252,0.009998836887192105,1e-06,189.34097253100938,195.12829979031375,0.009998836887192105,ok
gaussian,kl,20,100.0,1.0,100.0,0.005,1e-06,3695,0.001153898994985525,0.9900994718849518,0.9999834178964371,0.9999999983416252,0.009999008448414051,1e-06,189.2405297234905,195.12828943524684,0.009999008448414044,ok
gaussian,kl,20,100.0,1.0,100.0,0.005,1e-06,3727,0.0008390975383676391,0.9900889779458191,0.9999834176538869,0.9999999983416252,0.009999154706187854,1e-06,189.14013860386981,195.12827908018048,0.009999154706187842,ok
gaussian,kl,20,100.0,1.0,100.0,0.005,1e-06,3759,0.0006099877418961341,0.9900800083882454,0.9999834174471113,0.9999999983416252,0.009999279391917327,1e-06,189.03979938163923,195.12826872511465,0.009999279391917318,ok
gaussian,kl,20,100.0,1.0,100.0,0.005,1e-06,3791,0.00044331615230497334,0.9900723449273086,0.9999834172708343,0.9999999983416252,0.009999385686910004,1e-06,188.93951223113456,195.1282583700494,0.009999385686909983,ok
gaussian,kl,20,100.0,1.0,100.0,0.005,1e-06,3823,0.0003221118702256831,0.9900657997242863,0.9999834171205582,0.9999999983416252,0.009999476303430583,1e-06,188.83927729673673,195.12824801498468,0.009999476303430564,ok
gaussian,kl,20,100.0,1.0,100.0,0.005,1e-06,3855,0.0002339996075910733,0.9900602113189719,0.9999834169924481,0.9999999983416252,0.009999553553823492,1e-06,188.7390946973041,195.1282376599205,0.009999553553823483,ok
gaussian,kl,20,100.0,1.0,100.0,0.005,1e-06,3888,0.0001682715174435856,0.9900553038998025,0.9999834168800947,0.9999999983416252,0.00999962130287122,1e-06,188.63583630797467,195.12822698126115,0.009999621302871183,ok
gaussian,kl,20,100.0,1.0,100.0,0.005,1e-06,3920,0.00012220334465951055,0.9900512531701438,0.9999834167874542,0.9999999983416252,0.009999677165111555,1e-06,188.5357602933313,195.1282166261981,0.009999677165111544,ok
gaussian,kl,20,100.0,1.0,100.0,0.005,1e-06,3952,8.873667005815378e-05,0.9900477971279609,0.9999834167084789,0.9999999983416252,0.009999724787247125,1e-06,188.43573685389003,195.1282062711356,0.009999724787247135,ok
gaussian,kl,20,100.0,1.0,100.0,0.005,1e-06,3984,6.442855904786882e-05,0.9900448489030761,0.9999834166411531,0.9999999983416252,0.009999765384694015,1e-06,188.33576603862028,195.12819591607365,0.009999765384694022,ok
gaussian,kl,20,100.0,1.0,100.0,0.005,1e-06,4016,4.677518828088978e-05,0.9900423344041838,0.9999834165837586,0.9999999983416252,0.009999799993611252,1e-06,188.23584788509328,195.12818556101226,0.009999799993611263,ok
gaussian,kl,20,100.0,1.0,100.0,0.005,1e-06,4048,3.395628120550498e-05,0.9900401901169515,0.9999834165348302,0.9999999983416252,0.00999982949733416,1e-06,188.13598242117052,195.12817520595138,0.009999829497334179,ok
gaussian,kl,20,100.0,1.0,100.0,0.005,1e-06,4080,2.4648866014942428e-05,0.9900383619008957,0.9999834164931195,0.9999999983416252,0.009999854648911021,1e-06,188.03616966644267,195.12816485089107,0.009999854648911025,ok
gaussian,kl,20,100.0,1.0,100.0,0.005,1e-06,4112,1.7891638037781377e-05,0.9900368029826655,0.9999834164575616,0.9999999983416252,0.009999876090317269,1e-06,187.93640963345533,195.12815449583132,0.00999987609031728,ok
gaussian,kl,20,100.0,1.0,100.0,0.005,1e-06,4145,1.2856827895646461e-05,0.9900354362016415,0.9999834164263776,0.9999999983416252,0.00999989489435933,1e-06,187.83358732513483,195.12814381717652,0.009999894894359327,ok
gaussian,kl,20,100.0,1.0,100.0,0.005,1e-06,4177,9.331449923877244e-06,0.990034309587653,0.999983416400665,0.9999999983416252,0.009999910399027973,1e-06,187.73393439793014,195.1281334621179,0.009999910399027959,ok
gaussian,kl,20,100.0,1.0,100.0,0.005,1e-06,4209,6.772513033936889e-06,0.9900333488771083,0.9999834163787453,0.9999999983416252,0.009999923616541406,1e-06,187.63433419737345,195.12812310705982,0.009999923616541376,ok
gaussian,kl,20,100.0,1.0,100.0,0.005,1e-06,4241,4.915165506602648e-06,0.9900325322244655,0.9999834163600593,0.9999999983416252,0.00999993488428218,1e-06,187.53478671673452,195.12811275200227,0.009999934884282156,ok
gaussian,kl,20,100.0,1.0,100.0,0.005,1e-06,4273,3.567104712942637e-06,0.9900318345320395,0.9999834163441296,0.9999999983416252,0.009999944489866254,1e-06,187.43529194614325,195.12810239694525,0.009999944489866247,ok
gaussian,kl,20,100.0,1.0,100.0,0.005,1e-06,4305,2.588716878193509e-06,0.99003124119605,0.9999834163305498,0.9999999983416252,0.009999952678483552,1e-06,187.33584987305665,195.12809204188883,0.00999995267848355,ok
gaussian,kl,20,100.0,1.0,100.0,0.005,1e-06,4337,1.8786486908339839e-06,0.9900307348935156,0.9999834163189733,0.9999999983416252,0.009999959659155958,1e-06,187.23646048265653,195.12808168683296,0.009999959659155941,ok
gaussian,kl,20,100.0,1.0,100.0,0.005,1e-06,4369,1.3633270636859152e-06,0.9900303045528551,0.9999834163091044,0.9999999983416252,0.009999965610072265,1e-06,187.13712375818795,195.1280713317776,0.009999965610072253,ok
gaussian,kl,20,100.0,1.0,100.0,0.005,1e-06,4402,9.79483891327959e-07,0.990029930230736,0.9999834163004494,0.9999999983416252,0.009999970828990913,1e-06,187.03473790195596,195.12806065312733,0.009999970828990914,ok
gaussian,kl,20,100.0,1.0,100.0,0.005,1e-06,4434,7.107900543701362e-07,0.9900296174906282,0.9999834162933131,0.9999999983416252,0.009999975132182941,1e-06,186.93550809702566,195.12805029807313,0.00999997513218295,ok
gaussian,kl,20,100.0,1.0,100.0,0.005,1e-06,4466,5.158000497829107e-07,0.9900293475542792,0.9999834162872295,0.9999999983416252,0.009999978800586425,1e-06,186.83633089815095,195.12803994301944,0.009999978800586415,ok
gaussian,kl,20,100.0,1.0,100.0,0.005,1e-06,4498,3.742984358012791e-07,0.9900291317499426,0.9999834162820433,0.9999999983416252,0.009999981927842287,1e-06,186.7372062832929,195.12802958796632,0.00999998192784228,ok
gaussian,kl,20,100.0,1.0,100.0,0.005,1e-06,4530,2.7161374660522597e-07,0.9900289439746887,0.9999834162776222,0.9999999983416252,0.009999984593778113,1e-06,186.6381342295558,195.12801923291377,0.00999998459377809,ok
gaussian,kl,20,100.0,1.0,100.0,0.005,1e-06,4562,1.9709836251990964e-07,0.9900287693768128,0.9999834162738533,0.9999999983416252,0.009999986866445758,1e-06,186.5391147133156,195.12800887786173,0.009999986866445747,ok
gaussian,kl,20,100.0,1.0,100.0,0.005,1e-06,4594,1.4302508333230435e-07,0.9900286623484071,0.9999834162706404,0.9999999983416252,0.009999988803858429,1e-06,186.44014771033034,195.12799852281023,0.009999988803858407,ok
gaussian,kl,20,100.0,1.0,100.0,0.005,1e-06,4627,1.0275129902481694e-07,0.9900285208218328,0.9999834162678226,0.9999999983416252,0.009999990502956692,1e-06,186.3381429627432,195.12798784416398,0.009999990502956663,ok
gaussian,kl,20,100.0,1.0,100.0,0.005,1e-06,4659,7.456125317162332e-08,0.9900284729937486,0.9999834162654992,0.9999999983416252,0.009999991903925335,1e-06,186.2392825505904,195.12797748911362,0.009999991903925318,ok
gaussian,kl,20,100.0,1.0,100.0,0.005,1e-06,4691,5.410504755332113e-08,0.9900283160706012,0.9999834162635187,0.9999999983416252,0.009999993098228414,1e-06,186.1404745753218,195.1279671340638,0.009999993098228372,ok
gaussian,kl,20,100.0,1.0,100.0,0.005,1e-06,4723,3.926099800821703e-08,0.9900283055577591,0.9999834162618303,0.9999999983416252,0.0099999941163524,1e-06,186.04171901102174,195.12795677901454,0.009999994116352369,ok
gaussian,kl,20,100.0,1.0,100.0,0.005,1e-06,4755,2.848944191669034e-08,0.9900281308182123,0.9999834162603909,0.9999999983416252,0.009999994984286545,1e-06,185.9430158315064,195.12794642396582,0.009999994984286517,ok
gaussian,kl,20,100.0,1.0,100.0,0.005,1e-06,4787,2.0673114775604517e-08,0.9900284522199895,0.9999834162591639,0.9999999983416252,0.009999995724186283,1e-06,185.84436501036578,195.12793606891768,0.009999995724186255,ok
gaussian,kl,20,100.0,1.0,100.0,0.005,1e-06,4819,1.5001237585465788e-08,0.9900281430048232,0.9999834162581178,0.9999999983416252,0.00999999635493874,1e-06,185.74576652099924,195.12792571387007,0.00999999635493872,ok
gaussian,kl,20,100.0,1.0,100.0,0.005,1e-06,4851,1.0885486290135304e-08,0.990028122494328,0.9999834162572261,0.9999999983416252,0.009999996892644924,1e-06,185.64722033664617,195.127915358823,0.009999996892644906,ok
gaussian,kl,20,100.0,1.0,100.0,0.005,1e-06,4884,7.820158742788408e-09,0.9900285560206697,0.999983416256444,0.9999999983416252,0.009999997364209607,1e-06,185.5456493379194,195.12790468018127,0.0099999973642096,ok
gaussian,kl,20,100.0,1.0,100.0,0.005,1e-06,4916,5.6746003451735305e-09,0.9900275638160917,0.9999834162557992,0.9999999983416252,0.00999999775303185,1e-06,185.44720931520695,195.12789432513532,0.009999997753031812,ok
gaussian,kl,20,100.0,1.0,100.0,0.005,1e-06,4948,4.117699958783305e-09,0.9900273724069567,0.9999834162552496,0.9999999983416252,0.009999998084496448,1e-06,185.34882151565668,195.12788397008993,0.009999998084496415,ok
gaussian,kl,20,100.0,1.0,100.0,0.005,1e-06,4980,2.9879583252068187e-09,0.9900283282117324,0.9999834162547809,0.9999999983416252,0.009999998367064592,1e-06,185.25048591208812,195.12787361504508,0.009999998367064568,ok
gaussian,kl,20,100.0,1.0,100.0,0.005,1e-06,5012,2.1681678674667637e-09,0.9900256880912539,0.9999834162543815,0.9999999983416252,0.009999998607949303,1e-06,185.15220247725753,195.1278632600008,0.009999998607949302,ok
gaussian,kl,20,100.0,1.0,100.0,0.005,1e-06,5044,1.5733050418020866e-09,0.9900291970150188,0.999983416254041,0.9999999983416252,0.009999998813299566,1e-06,185.05397118386912,195.12785290495702,0.009999998813299583,ok
gaussian,kl,20,100.0,1.0,100.0,0.005,1e-06,5076,1.1416450007573076e-09,0.9900286831330238,0.9999834162537506,0.9999999983416252,0.00999999898835731,1e-06,184.9557920045852,195.12784254991385,0.00999999898835732,ok
gaussian,kl,20,100.0,1.0,100.0,0.005,1e-06,5108,8.28418222909022e-10,0.9900287652184989,0.9999834162535032,0.9999999983416252,0.009999999137591167,1e-06,184.8576649120341,195.1278321948712,0.009999999137591182,ok
gaussian,kl,20,100.0,1.0,100.0,0.005,1e-06,5141,5.951346082611053e-10,0.990023847024441,0.9999834162532861,0.9999999983416252,0.009999999268468245,1e-06,184.75652587257755,195.127821516234,0.009999999268468278,ok
gaussian,kl,20,100.0,1.0,100.0,0.005,1e-06,5173,4.318483348697555e-10,0.9900267961133419,0.9999834162531072,0.9999999983416252,0.009999999376381147,1e-06,184.65850449683342,195.12781116119248,0.00999999937638117,ok
gaussian,kl,20,100.0,1.0,100.0,0.005,1e-06,5205,3.133671100385982e-10,0.9900273308378277,0.9999834162529546,0.9999999983416252,0.009999999468375141,1e-06,184.5605351247147,195.1278008061515,0.009999999468375152,ok
gaussian,kl,20,100.0,1.0,100.0,0.005,1e-06,5237,2.2738966265478666e-10,0.9900307816052839,0.9999834162528245,0.9999999983416252,0.00999999954679849,1e-06,184.4626177287765,195.12779045111105,0.00999999954679851,ok
gaussian,kl,20,100.0,1.0,100.0,0.005,1e-06,5269,1.6500401045504987e-10,0.9900239808153477,0.9999834162527137,0.9999999983416252,0.00999999961365311,1e-06,184.3647522815673,195.12778009607118,0.009999999613653148,ok
gaussian,kl,20,100.0,1.0,100.0,0.005,1e-06,5301,1.1973178004609508e-10,0.9900267324696689,0.9999834162526191,0.9999999983416252,0.009999999670645576,1e-06,184.2669387556315,195.12776974103184,0.009999999670645616,ok
gaussian,kl,20,100.0,1.0,100.0,0.005,1e-06,5333,8.687983665822685e-11,0.9900206469373709,0.9999834162525386,0.9999999983416252,0.00999999971923073,1e-06,184.16917712351255,195.12775938599304,0.009999999719230756,ok
gaussian,kl,20,100.0,1.0,100.0,0.005,1e-06,5365,6.304468058715429e-11,0.990068903952911,0.9999834162524699,0.9999999983416252,0.009999999760648772,1e-06,184.0714673577554,195.12774903095482,0.009999999760648786,ok
gaussian,kl,20,100.0,1.0,100.0,0.005,1e-06,5398,4.5291770334188186e-11,0.9900594105541102,0.9999834162524097,0.9999999983416252,0.009999999796972121,1e-06,183.9707584556892,195.1277383523222,0.009999999796972144,ok
gaussian,kl,20,100.0,1.0,100.0,0.005,1e-06,5430,3.2864377885744034e-11,0.9900465564296035,0.99998341625236,0.9999999983416252,0.009999999826922035,1e-06,183.87315395896988,195.1277279972851,0.00999999982692204,ok
gaussian,kl,20,100.0,1.0,100.0,0.005,1e-06,5462,2.3845814212108962e-11,0.9898245096593423,0.9999834162523177,0.9999999983416252,0.00999999985245384,1e-06,183.77560124541475,195.1277176422485,0.009999999852453853,ok
gaussian,kl,20,100.0,1.0,100.0,0.005,1e-06,5494,1.730349197259784e-11,0.9900396381746113,0.9999834162522816,0.9999999983416252,0.009999999874219295,1e-06,183.67810028759087,195.1277072872125,0.009999999874219307,ok
gaussian,kl,20,100.0,1.0,100.0,0.005,1e-06,5526,1.255706649772037e-11,0.9899173785184148,0.9999834162522507,0.9999999983416252,0.009999999892773979,1e-06,183.5806510580737,195.127696932177,0.009999999892773982,ok
gaussian,kl,20,100.0,1.0,100.0,0.005,1e-06,5558,9.110934229283885e-12,0.9899633275429454,0.9999834162522245,0.9999999983416252,0.00999999990859155,1e-06,183.48325352944832,195.1276865771421,0.009999999908591548,ok
gaussian,kl,20,100.0,1.0,100.0,0.005,1e-06,5590,6.611600156247732e-12,0.9898936170212767,0.9999834162522022,0.9999999983416252,0.009999999922075769,1e-06,183.38590767430992,195.1276762221077,0.009999999922075767,ok
gaussian,kl,20,100.0,1.0,100.0,0.005,1e-06,5622,4.799716180059477e-12,0.9904692082111437,0.9999834162521831,0.9999999983416252,0.009999999933570841,1e-06,183.28861346526475,195.12766586707392,0.009999999933570819,ok
gaussian,kl,20,100.0,1.0,100.0,0.005,1e-06,5655,3.447908625275886e-12,0.9908116385911179,0.9999834162521665,0.9999999983416252,0.009999999943651942,1e-06,183.18833287543052,195.12765518844583,0.009999999943651926,ok
gaussian,kl,20,100.0,1.0,100.0,0.005,1e-06,5687,2.4993340730361524e-12,0.989451476793249,0.9999834162521526,0.9999999983416252,0.009999999951964171,1e-06,183.0911434882247,195.12764483341311,0.009999999951964158,ok
gaussian,kl,20,100.0,1.0,100.0,0.005,1e-06,5719,1.815436689867056e-12,0.991270611057226,0.9999834162521409,0.9999999983416252,0.009999999959050222,1e-06,182.9940056641459,195.12763447838097,0.009999999959050198,ok
gaussian,kl,20,100.0,1.0,100.0,0.005,1e-06,5751,1.3162804179955856e-12,0.9893190921228304,0.9999834162521308,0.9999999983416252,0.009999999965090961,1e-06,182.89691937584882,195.12762412334936,0.009999999965090932,ok
gaussian,kl,20,100.0,1.0,100.0,0.005,1e-06,5783,9.57456336436735e-13,0.9889908256880734,0.9999834162521223,0.9999999983416252,0.009999999970240588,1e-06,182.79988459600096,195.1276137683183,0.009999999970240548,ok
gaussian,kl,20,100.0,1.0,100.0,0.005,1e-06,5815,6.927791673660977e-13,0.9923664122137404,0.9999834162521151,0.9999999983416252,0.009999999974630566,1e-06,182.70290129728275,195.1276034132878,0.009999999974630512,ok
gaussian,kl,20,100.0,1.0,100.0,0.005,1e-06,5847,5.044853423896711e-13,0.993006993006993,0.9999834162521088,0.9999999983416252,0.009999999978372937,1e-06,182.6059694523883,195.12759305825784,0.009999999978372883,ok
gaussian,kl,20,100.0,1.0,100.0,0.005,1e-06,5880,3.6060043839825084e-13,0.9854368932038835,0.9999834162521034,0.9999999983416252,0.009999999981654972,1e-06,182.5060623493035,195.12758237963374,0.009999999981654916,ok
gaussian,kl,20,100.0,1.0,100.0,0.005,1e-06,5912,2.6290081223123707e-13,0.9866666666666667,0.9999834162520989,0.9999999983416252,0.009999999984361128,1e-06,182.4092349359793,195.12757202460492,0.009999999984361083,ok
gaussian,kl,20,100.0,1.0,100.0,0.005,1e-06,5944,1.9184653865522705e-13,0.9818181818181818,0.9999834162520951,0.9999999983416252,0.00999999998666809,1e-06,182.31245889378982,195.1275616695766,0.009999999986668026,ok
gaussian,kl,20,100.0,1.0,100.0,0.005,1e-06,5976,1.3855583347321954e-13,0.9873417721518988,0.9999834162520919,0.9999999983416252,0.009999999988634734,1e-06,182.21573419548423,195.12755131454887,0.009999999988634668,ok
gaussian,kl,20,100.0,1.0,100.0,0.005,1e-06,6008,9.947598300641403e-14,0.9655172413793104,0.9999834162520891,0.9999999983416252,0.009999999990311268,1e-06,182.11906081382543,195.1275409595217,0.009999999990311223,ok
gaussian,kl,20,100.0,1.0,100.0,0.005,1e-06,6040,7.283063041541027e-14,1.0,0.9999834162520866,0.9999999983416252,0.009999999991740479,1e-06,182.02243872159028,195.127530604495,0.009999999991740434,ok
gaussian,kl,20,100.0,1.0,100.0,0.005,1e-06,6072,5.3290705182007514e-14,1.0,0.9999834162520846,0.9999999983416252,0.009999999992958858,1e-06,181.92586789156968,195.12752024946894,0.009999999992958825,ok
gaussian,kl,20,100.0,1.0,100.0,0.005,1e-06,6104,3.730349362740526e-14,0.9545454545454546,0.9999834162520829,0.9999999983416252,0.00999999999399751,1e-06,181.82934829656872,195.1275098944434,0.009999999993997463,ok
gaussian,kl,20,100.0,1.0,100.0,0.005,1e-06,6137,2.842170943040401e-14,1.0666666666666667,0.9999834162520814,0.9999999983416252,0.009999999994908398,1e-06,181.72986609713777,195.12749921582386,0.009999999994908347,ok
gaussian,kl,20,100.0,1.0,100.0,0.005,1e-06,6169,2.1316282072803006e-14,1.0,0.9999834162520802,0.9999999983416252,0.009999999995659457,1e-06,181.63345048960647,195.12748886079945,0.009999999995659403,ok
gaussian,kl,20,100.0,1.0,100.0,0.005,1e-06,6201,1.5987211554602254e-14,1.0,0.9999834162520791,0.9999999983416252,0.009999999996299733,1e-06,181.53708603474678,195.12747850577554,0.009999999996299665,ok
gaussian,kl,20,100.0,1.0,100.0,0.005,1e-06,6233,1.0658141036401503e-14,0.8571428571428571,0.9999834162520782,0.9999999983416252,0.009999999996845544,1e-06,181.44077270542093,195.1274681507522,0.009999999996845458,ok
gaussian,kl,20,100.0,1.0,100.0,0.005,1e-06,6265,7.105427357601002e-15,1.0,0.9999834162520774,0.9999999983416252,0.009999999997310846,1e-06,181.3445104745054,195.12745779572944,0.00999999999731077,ok
gaussian,kl,20,100.0,1.0,100.0,0.005,1e-06,6297,5.329070518200751e-15,0.75,0.9999834162520768,0.9999999983416252,0.009999999997707515,1e-06,181.2482993148911,195.12744744070721,0.009999999997707412,ok
gaussian,kl,20,100.0,1.0,100.0,0.005,1e-06,6329,1.7763568394002505e-15,0.5,0.9999834162520762,0.9999999983416252,0.009999999998045664,1e-06,181.15213919948295,195.12743708568553,0.00999999999804556,ok
gaussian,kl,20,100.0,1.0,100.0,0.005,1e-06,6361,5.329070518200751e-15,1.5,0.9999834162520758,0.9999999983416252,0.009999999998333927,1e-06,181.05603010120046,195.12742673066438,0.009999999998333835,ok
gaussian,kl,20,100.0,1.0,100.0,0.005,1e-06,6394,3.552713678800501e-15,2.0,0.9999834162520753,0.9999999983416252,0.009999999998586728,1e-06,180.95697099841718,195.12741605204943,0.009999999998586657,ok
gaussian,kl,20,100.0,1.0,100.0,0.005,1e-06,6426,1.7763568394002505e-15,1.0,0.999983416252075,0.9999999983416252,0.009999999998795178,1e-06,180.86096544535934,195.1274056970294,0.00999999999879511,ok
gaussian,kl,20,100.0,1.0,100.0,0.005,1e-06,6458,1.7763568394002505e-15,1.0,0.9999834162520747,0.9999999983416252,0.009999999998972877,1e-06,180.76501082742624,195.12739534200995,0.00999999999897282,ok
gaussian,kl,20,100.0,1.0,100.0,0.005,1e-06,6490,0.0,,0.9999834162520744,0.9999999983416252,0.009999999999124359,1e-06,180.66910711759476,195.12738498699102,0.0099999999991243,ok
gaussian,kl,20,100.0,1.0,100.0,0.005,1e-06,6522,0.0,,0.9999834162520742,0.9999999983416252,0.009999999999253491,1e-06,180.5732542888562,195.12737463197266,0.009999999999253429,ok
gaussian,kl,20,100.0,1.0,100.0,0.005,1e-06,6554,1.7763568394002505e-15,inf,0.999983416252074,0.9999999983416252,0.009999999999363587,1e-06,180.47745231421624,195.1273642769548,0.009999999999363511,ok
gaussian,kl,20,100.0,1.0,100.0,0.005,1e-06,6586,1.7763568394002505e-15,-1.0,0.9999834162520739,0.9999999983416252,0.009999999999457434,1e-06,180.38170116669454,195.12735392193756,0.009999999999457353,ok
gaussian,kl,20,100.0,1.0,100.0,0.005,1e-06,6618,0.0,-0.0,0.9999834162520738,0.9999999983416252,0.009999999999537436,1e-06,180.28600081932538,195.12734356692084,0.00999999999953736,ok
gaussian,kl,20,100.0,1.0,100.0,0.005,1e-06,6651,0.0,,0.9999834162520737,0.9999999983416252,0.009999999999607607,1e-06,180.18736301379334,195.12733288831043,0.009999999999607535,ok
gaussian,kl,20,100.0,1.0,100.0,0.005,1e-06,6683,0.0,,0.9999834162520735,0.9999999983416252,0.009999999999665454,1e-06,180.09176577127556,195.1273225332948,0.009999999999665395,ok
gaussian,kl,20,100.0,1.0,100.0,0.005,1e-06,6715,0.0,,0.9999834162520734,0.9999999983416252,0.009999999999714774,1e-06,179.99621924725727,195.12731217827977,0.009999999999714702,ok
gaussian,kl,20,100.0,1.0,100.0,0.005,1e-06,6747,0.0,-0.0,0.9999834162520733,0.9999999983416252,0.009999999999756827,1e-06,179.9007234148304,195.12730182326524,0.009999999999756762,ok
gaussian,kl,20,100.0,1.0,100.0,0.005,1e-06,6779,0.0,,0.9999834162520733,0.9999999983416252,0.009999999999792671,1e-06,179.80527824710046,195.1272914682513,0.009999999999792586,ok
gaussian,kl,20,100.0,1.0,100.0,0.005,1e-06,6811,3.552713678800501e-15,inf,0.9999834162520732,0.9999999983416252,0.009999999999823228,1e-06,179.70988371718823,195.1272811132379,0.009999999999823133,ok
gaussian,kl,20,100.0,1.0,100.0,0.005,1e-06,6843,0.0,0.0,0.9999834162520732,0.9999999983416252,0.009999999999849282,1e-06,179.6145397982275,195.12727075822502,0.009999999999849199,ok
gaussian,kl,20,100.0,1.0,100.0,0.005,1e-06,6876,0.0,0.0,0.9999834162520732,0.9999999983416252,0.009999999999872115,1e-06,179.51626936143631,195.1272600796186,0.009999999999872045,ok
gaussian,kl,20,100.0,1.0,100.0,0.005,1e-06,6908,-1.7763568394002505e-15,1.0,0.9999834162520731,0.9999999983416252,0.009999999999890949,1e-06,179.4210281633224,195.12724972460686,0.009999999999890855,ok
gaussian,kl,20,100.0,1.0,100.0,0.005,1e-06,6940,0.0,-0.0,0.9999834162520731,0.9999999983416252,0.009999999999907,1e-06,179.325837494811,195.12723936959566,0.009999999999906929,ok
gaussian,kl,20,100.0,1.0,100.0,0.005,1e-06,6972,0.0,,0.9999834162520731,0.9999999983416252,0.009999999999920692,1e-06,179.23069732909434,195.127229014585,0.009999999999920607,ok
gaussian,kl,20,100.0,1.0,100.0,0.005,1e-06,7004,0.0,0.0,0.9999834162520731,0.9999999983416252,0.00999999999993236,1e-06,179.13560763937858,195.1272186595749,0.009999999999932282,ok
gaussian,kl,20,100.0,1.0,100.0,0.005,1e-06,7036,0.0,-0.0,0.9999834162520731,0.9999999983416252,0.009999999999942303,1e-06,179.04056839888403,195.12720830456539,0.009999999999942236,ok
gaussian,kl,20,100.0,1.0,100.0,0.005,1e-06,7068,0.0,,0.9999834162520731,0.9999999983416252,0.009999999999950783,1e-06,178.94557958084513,195.12719794955638,0.00999999999995072,ok
gaussian,kl,20,100.0,1.0,100.0,0.005,1e-06,7100,-1.7763568394002505e-15,-inf,0.999983416252073,0.9999999983416252,0.00999999999995801,1e-06,178.8506411585103,195.12718759454793,0.009999999999957945,ok
gaussian,kl,20,100.0,1.0,100.0,0.005,1e-06,7133,-1.7763568394002505e-15,-inf,0.999983416252073,0.9999999983416252,0.009999999999964352,1e-06,178.7527886647924,195.12717691594605,0.009999999999964268,ok
gaussian,kl,20,100.0,1.0,100.0,0.005,1e-06,7165,1.7763568394002505e-15,inf,0.999983416252073,0.9999999983416252,0.009999999999969578,1e-06,178.65795252643343,195.12716656093875,0.009999999999969502,ok
gaussian,kl,20,100.0,1.0,100.0,0.005,1e-06,7197,0.0,,0.999983416252073,0.9999999983416252,0.009999999999974037,1e-06,178.56316670277565,195.12715620593195,0.009999999999973953,ok
gaussian,kl,20,100.0,1.0,100.0,0.005,1e-06,7229,0.0,0.0,0.999983416252073,0.9999999983416252,0.009999999999977829,1e-06,178.4684311671248,195.12714585092573,0.009999999999977739,ok
gaussian,kl,20,100.0,1.0,100.0,0.005,1e-06,7261,1.7763568394002505e-15,-1.0,0.999983416252073,0.9999999983416252,0.009999999999981071,1e-06,178.373745892801,195.12713549592007,0.009999999999980975,ok
gaussian,kl,20,100.0,1.0,100.0,0.005,1e-06,7293,1.7763568394002505e-15,inf,0.999983416252073,0.9999999983416252,0.009999999999983834,1e-06,178.27911085313835,195.12712514091493,0.009999999999983723,ok
gaussian,kl,20,100.0,1.0,100.0,0.005,1e-06,7325,-1.7763568394002505e-15,-inf,0.999983416252073,0.9999999983416252,0.00999999999998619,1e-06,178.1845260214853,195.12711478591035,0.009999999999986079,ok
gaussian,kl,20,100.0,1.0,100.0,0.005,1e-06,7357,-1.7763568394002505e-15,-inf,0.999983416252073,0.9999999983416252,0.009999999999988195,1e-06,178.0899913712042,195.12710443090631,0.0099999999999881,ok
gaussian,kl,20,100.0,1.0,100.0,0.005,1e-06,7390,-1.7763568394002505e-15,-1.0,0.999983416252073,0.9999999983416252,0.009999999999989954,1e-06,177.99255504305358,195.12709375230898,0.009999999999989854,ok
gaussian,kl,20,100.0,1.0,100.0,0.005,1e-06,7422,1.7763568394002505e-15,1.0,0.999983416252073,0.9999999983416252,0.009999999999991406,1e-06,177.89812224173608,195.12708339730608,0.009999999999991287,ok
gaussian,kl,20,100.0,1.0,100.0,0.005,1e-06,7454,-1.7763568394002505e-15,-1.0,0.999983416252073,0.9999999983416252,0.009999999999992642,1e-06,177.80373954113193,195.12707304230372,0.009999999999992522,ok
gaussian,kl,20,100.0,1.0,100.0,0.005,1e-06,7486,0.0,-0.0,0.999983416252073,0.9999999983416252,0.009999999999993696,1e-06,177.70940691466038,195.1270626873019,0.00999999999999358,ok
gaussian,kl,20,100.0,1.0,100.0,0.005,1e-06,7518,0.0,,0.999983416252073,0.9999999983416252,0.009999999999994595,1e-06,177.61512433575498,195.12705233230062,0.009999999999994454,ok
gaussian,kl,20,100.0,1.0,100.0,0.005,1e-06,7550,0.0,,0.999983416252073,0.9999999983416252,0.009999999999995362,1e-06,177.52089177786328,195.1270419772999,0.009999999999995249,ok
gaussian,kl,20,100.0,1.0,100.0,0.005,1e-06,7582,0.0,,0.999983416252073,0.9999999983416252,0.009999999999996016,1e-06,177.42670921444707,195.12703162229974,0.00999999999999588,ok
gaussian,kl,20,100.0,1.0,100.0,0.005,1e-06,7614,1.7763568394002505e-15,inf,0.999983416252073,0.9999999983416252,0.009999999999996562,1e-06,177.33257661898207,195.1270212673001,0.009999999999996465,ok
gaussian,kl,20,100.0,1.0,100.0,0.005,1e-06,7647,0.0,,0.999983416252073,0.9999999983416252,0.009999999999997056,1e-06,177.2355546864511,195.12701058870732,0.009999999999996914,ok
gaussian,kl,20,100.0,1.0,100.0,0.005,1e-06,7679,0.0,,0.999983416252073,0.9999999983416252,0.009999999999997452,1e-06,177.14152350678714,195.12700023370886,0.009999999999997327,ok
gaussian,kl,20,100.0,1.0,100.0,0.005,1e-06,7711,0.0,,0.999983416252073,0.9999999983416252,0.009999999999997802,1e-06,177.04754221475866,195.1269898787109,0.009999999999997712,ok
gaussian,kl,20,100.0,1.0,100.0,0.005,1e-06,7743,1.7763568394002505e-15,-1.0,0.999983416252073,0.9999999983416252,0.009999999999998087,1e-06,176.95361078389806,195.1269795237135,0.009999999999998,ok
gaussian,kl,20,100.0,1.0,100.0,0.005,1e-06,7775,0.0,-0.0,0.999983416252073,0.9999999983416252,0.009999999999998335,1e-06,176.85972918775195,195.12696916871664,0.00999999999999824,ok
gaussian,kl,20,100.0,1.0,100.0,0.005,1e-06,7807,1.7763568394002505e-15,1.0,0.999983416252073,0.9999999983416252,0.009999999999998552,1e-06,176.76589739988083,195.12695881372034,0.009999999999998396,ok
gaussian,kl,20,100.0,1.0,100.0,0.005,1e-06,7839,0.0,0.0,0.999983416252073,0.9999999983416252,0.009999999999998739,1e-06,176.6721153938591,195.1269484587246,0.009999999999998604,ok
gaussian,kl,20,100.0,1.0,100.0,0.005,1e-06,7871,0.0,,0.999983416252073,0.9999999983416252,0.009999999999998866,1e-06,176.5783831432755,195.12693810372937,0.009999999999998642,ok
gaussian,kl,20,100.0,1.0,100.0,0.005,1e-06,7904,0.0,,0.999983416252073,0.9999999983416252,0.009999999999999001,1e-06,176.48177384394432,195.12692742514113,0.009999999999998642,ok
gaussian,kl,20,100.0,1.0,100.0,0.005,1e-06,7936,1.7763568394002505e-15,1.0,0.999983416252073,0.9999999983416252,0.00999999999999914,1e-06,176.38814257784145,195.12691707014707,0.009999999999998642,ok
gaussian,kl,20,100.0,1.0,100.0,0.005,1e-06,7968,0.0,,0.999983416252073,0.9999999983416252,0.009999999999999195,1e-06,176.29456098720254,195.12690671515352,0.009999999999998642,ok
gaussian,kl,20,100.0,1.0,100.0,0.005,1e-06,8000,0.0,,0.999983416252073,0.9999999983416252,0.00999999999999925,1e-06,176.20102904567256,195.12689636016052,0.009999999999998642,ok
