R,lambda_minus,lambda_plus,beta,L_clip,dt_safety,dt,dt_rule,step,c,c_tilde,c_next,A,F,D_kl_current_to_next,running_min_D,prefix_bound,bound_margin,clipped_lower_active,clipped_upper_active,denominator,status
20.0,0.5,2.0,1.0,128.0,0.9,0.00703125,theorem_safe,0,1.0,1.0141263500322486,1.0141263500322486,-0.9950248245134885,-0.4987541446912317,4.896349725138499e-05,4.896349725138499e-05,9.872957108615094e-05,4.976607383476595e-05,0,0,0.9930037317026396,ok
20.0,0.5,2.0,1.0,128.0,0.9,0.00703125,theorem_safe,1,1.0141263500322486,1.0285541073466304,1.0285541073466304,-0.9949548965504346,-0.5127956836901509,4.965564348510983e-05,4.896349725138499e-05,9.942901947725659e-05,5.0465522225871595e-05,0,0,0.9929053985943995,ok
20.0,0.5,2.0,1.0,128.0,0.9,0.00703125,theorem_safe,2,1.0285541073466304,1.0432926380735514,1.0432926380735514,-0.9948834866486935,-0.5270361768980958,5.036751833214625e-05,4.896349725138499e-05,0.00010014178251429853,5.117828526291354e-05,0,0,0.9928049816650667,ok
20.0,0.5,2.0,1.0,128.0,0.9,0.00703125,theorem_safe,3,1.0432926380735514,1.0583516991827908,1.0583516991827908,-0.9948105490961626,-0.5414813052306657,5.109990186528881e-05,4.896349725138499e-05,0.00010086825574689115,5.190475849550616e-05,0,0,0.9927024166411332,ok
20.0,0.5,2.0,1.0,128.0,0.9,0.00703125,theorem_safe,4,1.0583516991827908,1.0737414590588503,1.0737414590588503,-0.9947360362875022,-0.5561369746272409,5.185361377124057e-05,4.896349725138499e-05,0.00010160885082305716,5.2645353571672166e-05,0,0,0.9925976365873522,ok
20.0,0.5,2.0,1.0,128.0,0.9,0.00703125,theorem_safe,5,1.0737414590588503,1.0894725193882762,1.0894725193882762,-0.994659898625224,-0.571009327498739,5.262951581060625e-05,4.896349725138499e-05,0.00010236399632314424,5.3400499071759244e-05,0,0,0.9924905717676917,ok
20.0,0.5,2.0,1.0,128.0,0.9,0.00703125,theorem_safe,6,1.0894725193882762,1.1055559384574922,1.1055559384574922,-0.9945820844145192,-0.5861047548869814,5.342851445884478e-05,4.896349725138499e-05,0.00010313413864741461,5.417064139602962e-05,0,0,0.9923811494974923,ok
20.0,0.5,2.0,1.0,128.0,0.9,0.00703125,theorem_safe,7,1.1055559384574922,1.1220032559682187,1.1220032559682187,-0.9945025397513655,-0.6014299093891022,5.425156374354312e-05,4.896349725138499e-05,0.00010391974295975605,5.4956245708371056e-05,0,0,0.9922692939861729,ok
20.0,0.5,2.0,1.0,128.0,0.9,0.00703125,theorem_safe,8,1.1220032559682187,1.1388265194869422,1.1388265194869422,-0.9944212084033972,-0.6169917189032208,5.509966829499342e-05,4.896349725138499e-05,0.00010472129419248511,5.575779694110012e-05,0,0,0.9921549261697717,ok
20.0,0.5,2.0,1.0,128.0,0.9,0.00703125,theorem_safe,9,1.1388265194869422,1.1560383126552143,1.1560383126552143,-0.9943380316829991,-0.6327974012576126,5.5973886628604697e-05,4.896349725138499e-05,0.00010553929811683588,5.6575800865450894e-05,0,0,0.9920379635325505,ok
20.0,0.5,2.0,1.0,128.0,0.9,0.00703125,theorem_safe,10,1.1560383126552143,1.1736517852989115,1.1736517852989115,-0.9942529483120135,-0.6488544797907316,5.687533467956061e-05,4.896349725138499e-05,0.0001063742824838481,5.741078523246311e-05,0,0,0.9919183199168189,ok
20.0,0.5,2.0,1.0,128.0,0.9,0.00703125,theorem_safe,11,1.1736517852989115,1.1916806855871018,1.1916806855871018,-0.9941658942774203,-0.6651707999548518,5.780518961217944e-05,4.896349725138499e-05,0.00010722679824155313,5.826330099016814e-05,0,0,0.9917959053200642,ok
20.0,0.5,2.0,1.0,128.0,0.9,0.00703125,theorem_safe,12,1.1916806855871018,1.2101393944049665,1.2101393944049665,-0.994076802677268,-0.6817545470234824,5.8764693928749744e-05,4.896349725138499e-05,0.00010809742083439193,5.913392358300694e-05,0,0,0.9916706256783858,ok
20.0,0.5,2.0,1.0,128.0,0.9,0.00703125,theorem_safe,13,1.2101393944049665,1.2290429621204568,1.2290429621204568,-0.9939856035560894,-0.6986142649894852,5.97551599050743e-05,4.896349725138499e-05,0.00010898675159101974,6.002325433963475e-05,0,0,0.9915423826351472,ok
20.0,0.5,2.0,1.0,128.0,0.9,0.00703125,theorem_safe,14,1.2290429621204568,1.2484071479412118,1.2484071479412118,-0.9938922237289498,-0.7157588767480176,6.0777974382829336e-05,4.896349725138499e-05,0.0001098954192084475,6.093192195706251e-05,0,0,0.9914110732936541,ok
20.0,0.5,2.0,1.0,128.0,0.9,0.00703125,theorem_safe,15,1.2484071479412118,1.268248462076905,1.268248462076905,-0.9937965865932057,-0.733197705669253,6.183460395207778e-05,4.896349725138499e-05,0.00011082408133949393,6.186058408810894e-05,0,0,0.9912765899525603,ok
20.0,0.5,2.0,1.0,128.0,0.9,0.00703125,theorem_safe,16,1.268248462076905,1.2885842109428276,1.2885842109428276,-0.9936986119269597,-0.7509404986726579,6.292660056063035e-05,4.896349725138499e-05,0.00011177342629273985,6.280992904135486e-05,0,0,0.991138819822579,ok
20.0,0.5,2.0,1.0,128.0,0.9,0.00703125,theorem_safe,17,1.2885842109428276,1.309432545663426,1.309432545663426,-0.9935982156731065,-0.7689974509279005,6.405560759111667e-05,4.896349725138499e-05,0.00011274417485415763,6.378067760277264e-05,0,0,0.9909976447229406,ok
20.0,0.5,2.0,1.0,128.0,0.9,0.00703125,theorem_safe,18,1.309432545663426,1.3308125141599427,1.3308125141599427,-0.9934953097077495,-0.7873792323178752,6.522336645091789e-05,4.896349725138499e-05,0.00011373708224071394,6.477358498932895e-05,0,0,0.9908529407558925,ok
20.0,0.5,2.0,1.0,128.0,0.9,0.00703125,theorem_safe,19,1.3308125141599427,1.3527441171345882,1.3527441171345882,-0.9933898015916598,-0.8060970158128054,6.64317237251584e-05,4.896349725138499e-05,0.00011475294019726538,6.578944294588039e-05,0,0,0.9907045779573646,ok
20.0,0.5,2.0,1.0,128.0,0.9,0.00703125,theorem_safe,20,1.3527441171345882,1.3752483682951493,1.3752483682951493,-0.9932815943033106,-0.8251625079190088,6.76826389485359e-05,4.896349725138499e-05,0.00011579257924939744,6.682908199801244e-05,0,0,0.9905524199217447,ok
20.0,0.5,2.0,1.0,128.0,0.9,0.00703125,theorem_safe,21,1.3752483682951493,1.3983473591990354,1.3983473591990354,-0.9931705859518759,-0.8445879813827654,6.897819305807552e-05,4.896349725138499e-05,0.00011685687112544429,6.78933738740593e-05,0,0,0.9903963233984988,ok
20.0,0.5,2.0,1.0,128.0,0.9,0.00703125,theorem_safe,22,1.3983473591990354,1.4220643291349278,1.4220643291349278,-0.9930566694684165,-0.8643863103459551,7.032059759600265e-05,4.896349725138499e-05,0.00011794673136338878,6.898323411200379e-05,0,0,0.9902361378581442,ok
20.0,0.5,2.0,1.0,128.0,0.9,0.00703125,theorem_safe,23,1.4220643291349278,1.4464237405039726,1.4464237405039726,-0.9929397322733047,-0.8845710081732501,7.171220473995224e-05,4.896349725138499e-05,0.00011906312211883632,7.009962486745133e-05,0,0,0.9900717050248282,ok
20.0,0.5,2.0,1.0,128.0,0.9,0.00703125,theorem_safe,24,1.4464237405039726,1.471451360211453,1.471451360211453,-0.9928196559177207,-0.905156268190193,7.315551824676157e-05,4.896349725138499e-05,0.00012020705519264198,7.124355794125699e-05,0,0,0.9899028583724802,ok
20.0,0.5,2.0,1.0,128.0,0.9,0.00703125,theorem_safe,25,1.471451360211453,1.4971743476347843,1.4971743476347843,-0.9926963156968438,-0.9261570075984031,7.465320540645144e-05,4.896349725138499e-05,0.00012137959529856228,7.241609804717729e-05,0,0,0.9897294225811866,ok
20.0,0.5,2.0,1.0,128.0,0.9,0.00703125,theorem_safe,26,1.4971743476347843,1.5236213497953113,1.5236213497953113,-0.9925695802320913,-0.9475889148619153,7.620811011452289e-05,4.896349725138499e-05,0.0001225818635933129,7.361836634192792e-05,0,0,0.989551212950082,ok
20.0,0.5,2.0,1.0,128.0,0.9,0.00703125,theorem_safe,27,1.5236213497953113,1.550822604430664,1.550822604430664,-0.9924393110194891,-0.9694685008895533,7.782326718401567e-05,4.896349725138499e-05,0.00012381504149431042,7.485154424292543e-05,0,0,0.9893680347626492,ok
20.0,0.5,2.0,1.0,128.0,0.9,0.00703125,theorem_safe,28,1.550822604430664,1.57881005174243,1.57881005174243,-0.9923053619409246,-0.9918131543752411,7.950191803382002e-05,4.896349725138499e-05,0.00012508037481252508,7.611687756114009e-05,0,0,0.9891796825998738,ok
20.0,0.5,2.0,1.0,128.0,0.9,0.00703125,theorem_safe,29,1.57881005174243,1.607617455681839,1.607617455681839,-0.9921675787346844,-1.0146412016957795,8.12475279067873e-05,4.896349725138499e-05,0.00012637917823148757,7.741568098010258e-05,0,0,0.9889859395961926,ok
20.0,0.5,2.0,1.0,128.0,0.9,0.00703125,theorem_safe,30,1.607617455681839,1.6372805357354905,1.6372805357354905,-0.9920257984212674,-1.0379719718122453,8.306380479089666e-05,4.896349725138499e-05,0.00012771284016681057,7.874934291542558e-05,0,0,0.9887865766326104,ok
20.0,0.5,2.0,1.0,128.0,0.9,0.00703125,theorem_safe,31,1.6372805357354905,1.6678371102855123,1.6678371102855123,-0.9918798486800093,-1.0618258666711253,8.495472023904369e-05,4.896349725138499e-05,0.000129082828044404,8.0119330793019e-05,0,0,0.9885813514607122,ok
20.0,0.5,2.0,1.0,128.0,0.9,0.00703125,theorem_safe,32,1.6678371102855123,1.6993272527458654,1.6993272527458654,-0.9917295471715413,-1.0862244376577637,8.692453230869403e-05,4.896349725138499e-05,0.0001304906940403948,8.15271967890098e-05,0,0,0.9883700077505827,ok
20.0,0.5,2.0,1.0,128.0,0.9,0.00703125,theorem_safe,33,1.6993272527458654,1.7317934618210484,1.7317934618210484,-0.9915747008005176,-1.1111904687208178,8.897781087209566e-05,4.896349725138499e-05,0.00013193808133038983,8.297458407900484e-05,0,0,0.9881522740548181,ok
20.0,0.5,2.0,1.0,128.0,0.9,0.00703125,theorem_safe,34,1.7317934618210484,1.765280847397825,1.765280847397825,-0.9914151049123906,-1.136748066857739,9.111946558167626e-05,4.896349725138499e-05,0.00013342673090194256,8.446323365055757e-05,0,0,0.9879278626798897,ok
20.0,0.5,2.0,1.0,128.0,0.9,0.00703125,theorem_safe,35,1.765280847397825,1.799837333767856,1.799837333767856,-0.9912505424172533,-1.162922760736457,9.335477681418972e-05,4.896349725138499e-05,0.00013495848899019858,8.599499173881359e-05,0,0,0.9876964684550649,ok
20.0,0.5,2.0,1.0,128.0,0.9,0.00703125,theorem_safe,36,1.799837333767856,1.8355138820928807,1.8355138820928807,-0.9910807828329223,-1.1897416083210484,9.568942996238984e-05,4.896349725138499e-05,0.00013653531520456866,8.757181795318367e-05,0,0,0.9874577673878882,ok
20.0,0.5,2.0,1.0,128.0,0.9,0.00703125,theorem_safe,37,1.8355138820928807,1.8723647342685648,1.8723647342685648,-0.9909055812384541,-1.2172333144788285,9.812955349510107e-05,4.896349725138499e-05,0.00013815929142257124,8.919579417118625e-05,0,0,0.9872114151938606,ok
20.0,0.5,2.0,1.0,128.0,0.9,0.00703125,theorem_safe,38,1.8723647342685648,1.9104476806233008,1.9104476806233008,-0.9907246771281744,-1.2454283596683278,0.00010068176126712056,4.896349725138499e-05,0.00013983263153671612,9.086913428533113e-05,0,0,0.9869570456863909,ok
20.0,0.5,2.0,1.0,128.0,0.9,0.00703125,theorem_safe,39,1.9104476806233008,1.9498243542100004,1.9498243542100004,-0.9905377931550345,-1.2743591409482171,0.00010335319963073256,4.896349725138499e-05,0.00014155769215179993,9.259419490041494e-05,0,0,0.9866942690113087,ok
20.0,0.5,2.0,1.0,128.0,0.9,0.00703125,theorem_safe,40,1.9498243542100004,1.9905605548191942,1.9905605548191942,-0.9903446337506372,-1.3040601267103602,0.00010615159998253118,4.896349725138499e-05,0.00014333698434240642,9.437348709102143e-05,0,0,0.9864226697081769,ok
20.0,0.5,2.0,1.0,128.0,0.9,0.00703125,theorem_safe,41,1.9905605548191942,2.0327266062688483,2.0,-0.9901448836076071,-1.334568026723397,5.586530178743922e-06,5.586530178743922e-06,0.00014110252731499318,0.00013551599713624925,0,1,0.9861418045782906,ok
20.0,0.5,2.0,1.0,128.0,0.9,0.00703125,theorem_safe,42,2.0,2.0425007727477498,2.0,-0.9900986086055568,-1.3416065745194576,0.0,0.0,0.00013782107319138868,0.00013782107319138868,0,1,0.9860767383164843,ok
20.0,0.5,2.0,1.0,128.0,0.9,0.00703125,theorem_safe,43,2.0,2.0425007727477498,2.0,-0.9900986086055568,-1.3416065745194576,0.0,0.0,0.00013468877607340259,0.00013468877607340259,0,1,0.9860767383164843,ok
20.0,0.5,2.0,1.0,128.0,0.9,0.00703125,theorem_safe,44,2.0,2.0425007727477498,2.0,-0.9900986086055568,-1.3416065745194576,0.0,0.0,0.0001316956921606603,0.0001316956921606603,0,1,0.9860767383164843,ok
20.0,0.5,2.0,1.0,128.0,0.9,0.00703125,theorem_safe,45,2.0,2.0425007727477498,2.0,-0.9900986086055568,-1.3416065745194576,0.0,0.0,0.00012883274233108075,0.00012883274233108075,0,1,0.9860767383164843,ok
20.0,0.5,2.0,1.0,128.0,0.9,0.00703125,theorem_safe,46,2.0,2.0425007727477498,2.0,-0.9900986086055568,-1.3416065745194576,0.0,0.0,0.0001260916201538237,0.0001260916201538237,0,1,0.9860767383164843,ok
20.0,0.5,2.0,1.0,128.0,0.9,0.00703125,theorem_safe,47,2.0,2.0425007727477498,2.0,-0.9900986086055568,-1.3416065745194576,0.0,0.0,0.00012346471140061902,0.00012346471140061902,0,1,0.9860767383164843,ok
20.0,0.5,2.0,1.0,128.0,0.9,0.00703125,theorem_safe,48,2.0,2.0425007727477498,2.0,-0.9900986086055568,-1.3416065745194576,0.0,0.0,0.00012094502341285132,0.00012094502341285132,0,1,0.9860767383164843,ok
20.0,0.5,2.0,1.0,128.0,0.9,0.00703125,theorem_safe,49,2.0,2.0425007727477498,2.0,-0.9900986086055568,-1.3416065745194576,0.0,0.0,0.0001185261229445943,0.0001185261229445943,0,1,0.9860767383164843,ok
20.0,0.5,2.0,1.0,128.0,0.9,0.00703125,theorem_safe,50,2.0,2.0425007727477498,2.0,-0.9900986086055568,-1.3416065745194576,0.0,0.0,0.00011620208131822968,0.00011620208131822968,0,1,0.9860767383164843,ok
20.0,0.5,2.0,1.0,128.0,0.9,0.00703125,theorem_safe,51,2.0,2.0425007727477498,2.0,-0.9900986086055568,-1.3416065745194576,0.0,0.0,0.00011396742590826374,0.00011396742590826374,0,1,0.9860767383164843,ok
20.0,0.5,2.0,1.0,128.0,0.9,0.00703125,theorem_safe,52,2.0,2.0425007727477498,2.0,-0.9900986086055568,-1.3416065745194576,0.0,0.0,0.00011181709711754177,0.00011181709711754177,0,1,0.9860767383164843,ok
20.0,0.5,2.0,1.0,128.0,0.9,0.00703125,theorem_safe,53,2.0,2.0425007727477498,2.0,-0.9900986086055568,-1.3416065745194576,0.0,0.0,0.00010974641013388359,0.00010974641013388359,0,1,0.9860767383164843,ok
20.0,0.5,2.0,1.0,128.0,0.9,0.00703125,theorem_safe,54,2.0,2.0425007727477498,2.0,-0.9900986086055568,-1.3416065745194576,0.0,0.0,0.00010775102085872208,0.00010775102085872208,0,1,0.9860767383164843,ok
20.0,0.5,2.0,1.0,128.0,0.9,0.00703125,theorem_safe,55,2.0,2.0425007727477498,2.0,-0.9900986086055568,-1.3416065745194576,0.0,0.0,0.0001058268954862449,0.0001058268954862449,0,1,0.9860767383164843,ok
20.0,0.5,2.0,1.0,128.0,0.9,0.00703125,theorem_safe,56,2.0,2.0425007727477498,2.0,-0.9900986086055568,-1.3416065745194576,0.0,0.0,0.00010397028328473182,0.00010397028328473182,0,1,0.9860767383164843,ok
20.0,0.5,2.0,1.0,128.0,0.9,0.00703125,theorem_safe,57,2.0,2.0425007727477498,2.0,-0.9900986086055568,-1.3416065745194576,0.0,0.0,0.00010217769219361575,0.00010217769219361575,0,1,0.9860767383164843,ok
20.0,0.5,2.0,1.0,128.0,0.9,0.00703125,theorem_safe,58,2.0,2.0425007727477498,2.0,-0.9900986086055568,-1.3416065745194576,0.0,0.0,0.00010044586690219854,0.00010044586690219854,0,1,0.9860767383164843,ok
20.0,0.5,2.0,1.0,128.0,0.9,0.00703125,theorem_safe,59,2.0,2.0425007727477498,2.0,-0.9900986086055568,-1.3416065745194576,0.0,0.0,9.877176912049523e-05,9.877176912049523e-05,0,1,0.9860767383164843,ok
20.0,0.5,2.0,1.0,128.0,0.9,0.00703125,theorem_safe,60,2.0,2.0425007727477498,2.0,-0.9900986086055568,-1.3416065745194576,0.0,0.0,9.715255979065104e-05,9.715255979065104e-05,0,1,0.9860767383164843,ok
20.0,0.5,2.0,1.0,128.0,0.9,0.00703125,theorem_safe,61,2.0,2.0425007727477498,2.0,-0.9900986086055568,-1.3416065745194576,0.0,0.0,9.55855830198341e-05,9.55855830198341e-05,0,1,0.9860767383164843,ok
20.0,0.5,2.0,1.0,128.0,0.9,0.00703125,theorem_safe,62,2.0,2.0425007727477498,2.0,-0.9900986086055568,-1.3416065745194576,0.0,0.0,9.406835154332878e-05,9.406835154332878e-05,0,1,0.9860767383164843,ok
20.0,0.5,2.0,1.0,128.0,0.9,0.00703125,theorem_safe,63,2.0,2.0425007727477498,2.0,-0.9900986086055568,-1.3416065745194576,0.0,0.0,9.259853355046428e-05,9.259853355046428e-05,0,1,0.9860767383164843,ok
20.0,0.5,2.0,1.0,128.0,0.9,0.00703125,theorem_safe,64,2.0,2.0425007727477498,2.0,-0.9900986086055568,-1.3416065745194576,0.0,0.0,9.117394072661098e-05,9.117394072661098e-05,0,1,0.9860767383164843,ok
20.0,0.5,2.0,1.0,128.0,0.9,0.00703125,theorem_safe,65,2.0,2.0425007727477498,2.0,-0.9900986086055568,-1.3416065745194576,0.0,0.0,8.97925173822684e-05,8.97925173822684e-05,0,1,0.9860767383164843,ok
20.0,0.5,2.0,1.0,128.0,0.9,0.00703125,theorem_safe,66,2.0,2.0425007727477498,2.0,-0.9900986086055568,-1.3416065745194576,0.0,0.0,8.845233055566736e-05,8.845233055566736e-05,0,1,0.9860767383164843,ok
20.0,0.5,2.0,1.0,128.0,0.9,0.00703125,theorem_safe,67,2.0,2.0425007727477498,2.0,-0.9900986086055568,-1.3416065745194576,0.0,0.0,8.715156098867226e-05,8.715156098867226e-05,0,1,0.9860767383164843,ok
20.0,0.5,2.0,1.0,128.0,0.9,0.00703125,theorem_safe,68,2.0,2.0425007727477498,2.0,-0.9900986086055568,-1.3416065745194576,0.0,0.0,8.588849488738716e-05,8.588849488738716e-05,0,1,0.9860767383164843,ok
20.0,0.5,2.0,1.0,128.0,0.9,0.00703125,theorem_safe,69,2.0,2.0425007727477498,2.0,-0.9900986086055568,-1.3416065745194576,0.0,0.0,8.46615163889959e-05,8.46615163889959e-05,0,1,0.9860767383164843,ok
20.0,0.5,2.0,1.0,128.0,0.9,0.00703125,theorem_safe,70,2.0,2.0425007727477498,2.0,-0.9900986086055568,-1.3416065745194576,0.0,0.0,8.346910066520723e-05,8.346910066520723e-05,0,1,0.9860767383164843,ok
20.0,0.5,2.0,1.0,128.0,0.9,0.00703125,theorem_safe,71,2.0,2.0425007727477498,2.0,-0.9900986086055568,-1.3416065745194576,0.0,0.0,8.230980760041269e-05,8.230980760041269e-05,0,1,0.9860767383164843,ok
20.0,0.5,2.0,1.0,128.0,0.9,0.00703125,theorem_safe,72,2.0,2.0425007727477498,2.0,-0.9900986086055568,-1.3416065745194576,0.0,0.0,8.118227598944813e-05,8.118227598944813e-05,0,1,0.9860767383164843,ok
20.0,0.5,2.0,1.0,128.0,0.9,0.00703125,theorem_safe,73,2.0,2.0425007727477498,2.0,-0.9900986086055568,-1.3416065745194576,0.0,0.0,8.008521820580694e-05,8.008521820580694e-05,0,1,0.9860767383164843,ok
20.0,0.5,2.0,1.0,128.0,0.9,0.00703125,theorem_safe,74,2.0,2.0425007727477498,2.0,-0.9900986086055568,-1.3416065745194576,0.0,0.0,7.901741529639618e-05,7.901741529639618e-05,0,1,0.9860767383164843,ok
20.0,0.5,2.0,1.0,128.0,0.9,0.00703125,theorem_safe,75,2.0,2.0425007727477498,2.0,-0.9900986086055568,-1.3416065745194576,0.0,0.0,7.797771246354887e-05,7.797771246354887e-05,0,1,0.9860767383164843,ok
20.0,0.5,2.0,1.0,128.0,0.9,0.00703125,theorem_safe,76,2.0,2.0425007727477498,2.0,-0.9900986086055568,-1.3416065745194576,0.0,0.0,7.696501489908719e-05,7.696501489908719e-05,0,1,0.9860767383164843,ok
20.0,0.5,2.0,1.0,128.0,0.9,0.00703125,theorem_safe,77,2.0,2.0425007727477498,2.0,-0.9900986086055568,-1.3416065745194576,0.0,0.0,7.597828393884249e-05,7.597828393884249e-05,0,1,0.9860767383164843,ok
20.0,0.5,2.0,1.0,128.0,0.9,0.00703125,theorem_safe,78,2.0,2.0425007727477498,2.0,-0.9900986086055568,-1.3416065745194576,0.0,0.0,7.501653350923688e-05,7.501653350923688e-05,0,1,0.9860767383164843,ok
20.0,0.5,2.0,1.0,128.0,0.9,0.00703125,theorem_safe,79,2.0,2.0425007727477498,2.0,-0.9900986086055568,-1.3416065745194576,0.0,0.0,7.407882684037142e-05,7.407882684037142e-05,0,1,0.9860767383164843,ok
20.0,0.5,2.0,1.0,128.0,0.9,0.00703125,theorem_safe,80,2.0,2.0425007727477498,2.0,-0.9900986086055568,-1.3416065745194576,0.0,0.0,7.316427342258906e-05,7.316427342258906e-05,0,1,0.9860767383164843,ok
20.0,0.5,2.0,1.0,128.0,0.9,0.00703125,theorem_safe,81,2.0,2.0425007727477498,2.0,-0.9900986086055568,-1.3416065745194576,0.0,0.0,7.227202618572822e-05,7.227202618572822e-05,0,1,0.9860767383164843,ok
20.0,0.5,2.0,1.0,128.0,0.9,0.00703125,theorem_safe,82,2.0,2.0425007727477498,2.0,-0.9900986086055568,-1.3416065745194576,0.0,0.0,7.14012788822857e-05,7.14012788822857e-05,0,1,0.9860767383164843,ok
20.0,0.5,2.0,1.0,128.0,0.9,0.00703125,theorem_safe,83,2.0,2.0425007727477498,2.0,-0.9900986086055568,-1.3416065745194576,0.0,0.0,7.055126365749659e-05,7.055126365749659e-05,0,1,0.9860767383164843,ok
20.0,0.5,2.0,1.0,128.0,0.9,0.00703125,theorem_safe,84,2.0,2.0425007727477498,2.0,-0.9900986086055568,-1.3416065745194576,0.0,0.0,6.972124879093781e-05,6.972124879093781e-05,0,1,0.9860767383164843,ok
20.0,0.5,2.0,1.0,128.0,0.9,0.00703125,theorem_safe,85,2.0,2.0425007727477498,2.0,-0.9900986086055568,-1.3416065745194576,0.0,0.0,6.891053659569434e-05,6.891053659569434e-05,0,1,0.9860767383164843,ok
20.0,0.5,2.0,1.0,128.0,0.9,0.00703125,theorem_safe,86,2.0,2.0425007727477498,2.0,-0.9900986086055568,-1.3416065745194576,0.0,0.0,6.811846146241051e-05,6.811846146241051e-05,0,1,0.9860767383164843,ok
20.0,0.5,2.0,1.0,128.0,0.9,0.00703125,theorem_safe,87,2.0,2.0425007727477498,2.0,-0.9900986086055568,-1.3416065745194576,0.0,0.0,6.734438803670129e-05,6.734438803670129e-05,0,1,0.9860767383164843,ok
20.0,0.5,2.0,1.0,128.0,0.9,0.00703125,theorem_safe,88,2.0,2.0425007727477498,2.0,-0.9900986086055568,-1.3416065745194576,0.0,0.0,6.658770951943499e-05,6.658770951943499e-05,0,1,0.9860767383164843,ok
20.0,0.5,2.0,1.0,128.0,0.9,0.00703125,theorem_safe,89,2.0,2.0425007727477498,2.0,-0.9900986086055568,-1.3416065745194576,0.0,0.0,6.584784608033015e-05,6.584784608033015e-05,0,1,0.9860767383164843,ok
20.0,0.5,2.0,1.0,128.0,0.9,0.00703125,theorem_safe,90,2.0,2.0425007727477498,2.0,-0.9900986086055568,-1.3416065745194576,0.0,0.0,6.51242433761507e-05,6.51242433761507e-05,0,1,0.9860767383164843,ok
20.0,0.5,2.0,1.0,128.0,0.9,0.00703125,theorem_safe,91,2.0,2.0425007727477498,2.0,-0.9900986086055568,-1.3416065745194576,0.0,0.0,6.441637116554037e-05,6.441637116554037e-05,0,1,0.9860767383164843,ok
20.0,0.5,2.0,1.0,128.0,0.9,0.00703125,theorem_safe,92,2.0,2.0425007727477498,2.0,-0.9900986086055568,-1.3416065745194576,0.0,0.0,6.372372201322273e-05,6.372372201322273e-05,0,1,0.9860767383164843,ok
20.0,0.5,2.0,1.0,128.0,0.9,0.00703125,theorem_safe,93,2.0,2.0425007727477498,2.0,-0.9900986086055568,-1.3416065745194576,0.0,0.0,6.304581007691184e-05,6.304581007691184e-05,0,1,0.9860767383164843,ok
20.0,0.5,2.0,1.0,128.0,0.9,0.00703125,theorem_safe,94,2.0,2.0425007727477498,2.0,-0.9900986086055568,-1.3416065745194576,0.0,0.0,6.23821699708391e-05,6.23821699708391e-05,0,1,0.9860767383164843,ok
20.0,0.5,2.0,1.0,128.0,0.9,0.00703125,theorem_safe,95,2.0,2.0425007727477498,2.0,-0.9900986086055568,-1.3416065745194576,0.0,0.0,6.173235570030951e-05,6.173235570030951e-05,0,1,0.9860767383164843,ok
20.0,0.5,2.0,1.0,128.0,0.9,0.00703125,theorem_safe,96,2.0,2.0425007727477498,2.0,-0.9900986086055568,-1.3416065745194576,0.0,0.0,6.1095939662162e-05,6.1095939662162e-05,0,1,0.9860767383164843,ok
20.0,0.5,2.0,1.0,128.0,0.9,0.00703125,theorem_safe,97,2.0,2.0425007727477498,2.0,-0.9900986086055568,-1.3416065745194576,0.0,0.0,6.047251170642566e-05,6.047251170642566e-05,0,1,0.9860767383164843,ok
20.0,0.5,2.0,1.0,128.0,0.9,0.00703125,theorem_safe,98,2.0,2.0425007727477498,2.0,-0.9900986086055568,-1.3416065745194576,0.0,0.0,5.986167825484559e-05,5.986167825484559e-05,0,1,0.9860767383164843,ok
20.0,0.5,2.0,1.0,128.0,0.9,0.00703125,theorem_safe,99,2.0,2.0425007727477498,2.0,-0.9900986086055568,-1.3416065745194576,0.0,0.0,5.926306147229715e-05,5.926306147229715e-05,0,1,0.9860767383164843,ok
20.0,0.5,2.0,1.0,128.0,0.9,0.00703125,theorem_safe,100,2.0,2.0425007727477498,2.0,-0.9900986086055568,-1.3416065745194576,0.0,0.0,5.8676298487422914e-05,5.8676298487422914e-05,0,1,0.9860767383164843,ok
20.0,0.5,2.0,1.0,128.0,0.9,0.00703125,theorem_safe,101,2.0,2.0425007727477498,2.0,-0.9900986086055568,-1.3416065745194576,0.0,0.0,5.810104065911484e-05,5.810104065911484e-05,0,1,0.9860767383164843,ok
20.0,0.5,2.0,1.0,128.0,0.9,0.00703125,theorem_safe,102,2.0,2.0425007727477498,2.0,-0.9900986086055568,-1.3416065745194576,0.0,0.0,5.7536952885725375e-05,5.7536952885725375e-05,0,1,0.9860767383164843,ok
20.0,0.5,2.0,1.0,128.0,0.9,0.00703125,theorem_safe,103,2.0,2.0425007727477498,2.0,-0.9900986086055568,-1.3416065745194576,0.0,0.0,5.698371295413187e-05,5.698371295413187e-05,0,1,0.9860767383164843,ok
20.0,0.5,2.0,1.0,128.0,0.9,0.00703125,theorem_safe,104,2.0,2.0425007727477498,2.0,-0.9900986086055568,-1.3416065745194576,0.0,0.0,5.644101092599727e-05,5.644101092599727e-05,0,1,0.9860767383164843,ok
20.0,0.5,2.0,1.0,128.0,0.9,0.00703125,theorem_safe,105,2.0,2.0425007727477498,2.0,-0.9900986086055568,-1.3416065745194576,0.0,0.0,5.5908548558770884e-05,5.5908548558770884e-05,0,1,0.9860767383164843,ok
20.0,0.5,2.0,1.0,128.0,0.9,0.00703125,theorem_safe,106,2.0,2.0425007727477498,2.0,-0.9900986086055568,-1.3416065745194576,0.0,0.0,5.5386038759156205e-05,5.5386038759156205e-05,0,1,0.9860767383164843,ok
20.0,0.5,2.0,1.0,128.0,0.9,0.00703125,theorem_safe,107,2.0,2.0425007727477498,2.0,-0.9900986086055568,-1.3416065745194576,0.0,0.0,5.4873205066941795e-05,5.4873205066941795e-05,0,1,0.9860767383164843,ok
20.0,0.5,2.0,1.0,128.0,0.9,0.00703125,theorem_safe,108,2.0,2.0425007727477498,2.0,-0.9900986086055568,-1.3416065745194576,0.0,0.0,5.436978116724508e-05,5.436978116724508e-05,0,1,0.9860767383164843,ok
20.0,0.5,2.0,1.0,128.0,0.9,0.00703125,theorem_safe,109,2.0,2.0425007727477498,2.0,-0.9900986086055568,-1.3416065745194576,0.0,0.0,5.387551042936104e-05,5.387551042936104e-05,0,1,0.9860767383164843,ok
20.0,0.5,2.0,1.0,128.0,0.9,0.00703125,theorem_safe,110,2.0,2.0425007727477498,2.0,-0.9900986086055568,-1.3416065745194576,0.0,0.0,5.339014547053796e-05,5.339014547053796e-05,0,1,0.9860767383164843,ok
20.0,0.5,2.0,1.0,128.0,0.9,0.00703125,theorem_safe,111,2.0,2.0425007727477498,2.0,-0.9900986086055568,-1.3416065745194576,0.0,0.0,5.291344774312245e-05,5.291344774312245e-05,0,1,0.9860767383164843,ok
20.0,0.5,2.0,1.0,128.0,0.9,0.00703125,theorem_safe,112,2.0,2.0425007727477498,2.0,-0.9900986086055568,-1.3416065745194576,0.0,0.0,5.244518714362578e-05,5.244518714362578e-05,0,1,0.9860767383164843,ok
20.0,0.5,2.0,1.0,128.0,0.9,0.00703125,theorem_safe,113,2.0,2.0425007727477498,2.0,-0.9900986086055568,-1.3416065745194576,0.0,0.0,5.198514164236591e-05,5.198514164236591e-05,0,1,0.9860767383164843,ok
20.0,0.5,2.0,1.0,128.0,0.9,0.00703125,theorem_safe,114,2.0,2.0425007727477498,2.0,-0.9900986086055568,-1.3416065745194576,0.0,0.0,5.15330969324323e-05,5.15330969324323e-05,0,1,0.9860767383164843,ok
20.0,0.5,2.0,1.0,128.0,0.9,0.00703125,theorem_safe,115,2.0,2.0425007727477498,2.0,-0.9900986086055568,-1.3416065745194576,0.0,0.0,5.1088846096807874e-05,5.1088846096807874e-05,0,1,0.9860767383164843,ok
20.0,0.5,2.0,1.0,128.0,0.9,0.00703125,theorem_safe,116,2.0,2.0425007727477498,2.0,-0.9900986086055568,-1.3416065745194576,0.0,0.0,5.0652189292561656e-05,5.0652189292561656e-05,0,1,0.9860767383164843,ok
20.0,0.5,2.0,1.0,128.0,0.9,0.00703125,theorem_safe,117,2.0,2.0425007727477498,2.0,-0.9900986086055568,-1.3416065745194576,0.0,0.0,5.022293345109927e-05,5.022293345109927e-05,0,1,0.9860767383164843,ok
20.0,0.5,2.0,1.0,128.0,0.9,0.00703125,theorem_safe,118,2.0,2.0425007727477498,2.0,-0.9900986086055568,-1.3416065745194576,0.0,0.0,4.9800891993527006e-05,4.9800891993527006e-05,0,1,0.9860767383164843,ok
20.0,0.5,2.0,1.0,128.0,0.9,0.00703125,theorem_safe,119,2.0,2.0425007727477498,2.0,-0.9900986086055568,-1.3416065745194576,0.0,0.0,4.9385884560247616e-05,4.9385884560247616e-05,0,1,0.9860767383164843,ok
20.0,0.5,2.0,1.0,128.0,0.9,0.00703125,theorem_safe,120,2.0,2.0425007727477498,2.0,-0.9900986086055568,-1.3416065745194576,0.0,0.0,4.8977736753964574e-05,4.8977736753964574e-05,0,1,0.9860767383164843,ok
20.0,0.5,2.0,1.0,128.0,0.9,0.00703125,theorem_safe,121,2.0,2.0425007727477498,2.0,-0.9900986086055568,-1.3416065745194576,0.0,0.0,4.857627989532552e-05,4.857627989532552e-05,0,1,0.9860767383164843,ok
20.0,0.5,2.0,1.0,128.0,0.9,0.00703125,theorem_safe,122,2.0,2.0425007727477498,2.0,-0.9900986086055568,-1.3416065745194576,0.0,0.0,4.818135079048548e-05,4.818135079048548e-05,0,1,0.9860767383164843,ok
20.0,0.5,2.0,1.0,128.0,0.9,0.00703125,theorem_safe,123,2.0,2.0425007727477498,2.0,-0.9900986086055568,-1.3416065745194576,0.0,0.0,4.779279150991705e-05,4.779279150991705e-05,0,1,0.9860767383164843,ok
20.0,0.5,2.0,1.0,128.0,0.9,0.00703125,theorem_safe,124,2.0,2.0425007727477498,2.0,-0.9900986086055568,-1.3416065745194576,0.0,0.0,4.741044917783771e-05,4.741044917783771e-05,0,1,0.9860767383164843,ok
20.0,0.5,2.0,1.0,128.0,0.9,0.00703125,theorem_safe,125,2.0,2.0425007727477498,2.0,-0.9900986086055568,-1.3416065745194576,0.0,0.0,4.703417577166439e-05,4.703417577166439e-05,0,1,0.9860767383164843,ok
20.0,0.5,2.0,1.0,128.0,0.9,0.00703125,theorem_safe,126,2.0,2.0425007727477498,2.0,-0.9900986086055568,-1.3416065745194576,0.0,0.0,4.6663827930942626e-05,4.6663827930942626e-05,0,1,0.9860767383164843,ok
20.0,0.5,2.0,1.0,128.0,0.9,0.00703125,theorem_safe,127,2.0,2.0425007727477498,2.0,-0.9900986086055568,-1.3416065745194576,0.0,0.0,4.629926677523214e-05,4.629926677523214e-05,0,1,0.9860767383164843,ok
20.0,0.5,2.0,1.0,128.0,0.9,0.00703125,theorem_safe,128,2.0,2.0425007727477498,2.0,-0.9900986086055568,-1.3416065745194576,0.0,0.0,4.59403577304629e-05,4.59403577304629e-05,0,1,0.9860767383164843,ok
20.0,0.5,2.0,1.0,128.0,0.9,0.00703125,theorem_safe,129,2.0,2.0425007727477498,2.0,-0.9900986086055568,-1.3416065745194576,0.0,0.0,4.558697036330549e-05,4.558697036330549e-05,0,1,0.9860767383164843,ok
20.0,0.5,2.0,1.0,128.0,0.9,0.00703125,theorem_safe,130,2.0,2.0425007727477498,2.0,-0.9900986086055568,-1.3416065745194576,0.0,0.0,4.5238978223127586e-05,4.5238978223127586e-05,0,1,0.9860767383164843,ok
20.0,0.5,2.0,1.0,128.0,0.9,0.00703125,theorem_safe,131,2.0,2.0425007727477498,2.0,-0.9900986086055568,-1.3416065745194576,0.0,0.0,4.48962586911342e-05,4.48962586911342e-05,0,1,0.9860767383164843,ok
20.0,0.5,2.0,1.0,128.0,0.9,0.00703125,theorem_safe,132,2.0,2.0425007727477498,2.0,-0.9900986086055568,-1.3416065745194576,0.0,0.0,4.455869283631364e-05,4.455869283631364e-05,0,1,0.9860767383164843,ok
20.0,0.5,2.0,1.0,128.0,0.9,0.00703125,theorem_safe,133,2.0,2.0425007727477498,2.0,-0.9900986086055568,-1.3416065745194576,0.0,0.0,4.422616527783368e-05,4.422616527783368e-05,0,1,0.9860767383164843,ok
20.0,0.5,2.0,1.0,128.0,0.9,0.00703125,theorem_safe,134,2.0,2.0425007727477498,2.0,-0.9900986086055568,-1.3416065745194576,0.0,0.0,4.3898564053553436e-05,4.3898564053553436e-05,0,1,0.9860767383164843,ok
20.0,0.5,2.0,1.0,128.0,0.9,0.00703125,theorem_safe,135,2.0,2.0425007727477498,2.0,-0.9900986086055568,-1.3416065745194576,0.0,0.0,4.357578049433613e-05,4.357578049433613e-05,0,1,0.9860767383164843,ok
20.0,0.5,2.0,1.0,128.0,0.9,0.00703125,theorem_safe,136,2.0,2.0425007727477498,2.0,-0.9900986086055568,-1.3416065745194576,0.0,0.0,4.325770910386652e-05,4.325770910386652e-05,0,1,0.9860767383164843,ok
20.0,0.5,2.0,1.0,128.0,0.9,0.00703125,theorem_safe,137,2.0,2.0425007727477498,2.0,-0.9900986086055568,-1.3416065745194576,0.0,0.0,4.294424744369358e-05,4.294424744369358e-05,0,1,0.9860767383164843,ok
20.0,0.5,2.0,1.0,128.0,0.9,0.00703125,theorem_safe,138,2.0,2.0425007727477498,2.0,-0.9900986086055568,-1.3416065745194576,0.0,0.0,4.263529602323535e-05,4.263529602323535e-05,0,1,0.9860767383164843,ok
20.0,0.5,2.0,1.0,128.0,0.9,0.00703125,theorem_safe,139,2.0,2.0425007727477498,2.0,-0.9900986086055568,-1.3416065745194576,0.0,0.0,4.233075819449795e-05,4.233075819449795e-05,0,1,0.9860767383164843,ok
20.0,0.5,2.0,1.0,128.0,0.9,0.00703125,theorem_safe,140,2.0,2.0425007727477498,2.0,-0.9900986086055568,-1.3416065745194576,0.0,0.0,4.203054005127457e-05,4.203054005127457e-05,0,1,0.9860767383164843,ok
20.0,0.5,2.0,1.0,128.0,0.9,0.00703125,theorem_safe,141,2.0,2.0425007727477498,2.0,-0.9900986086055568,-1.3416065745194576,0.0,0.0,4.1734550332603616e-05,4.1734550332603616e-05,0,1,0.9860767383164843,ok
20.0,0.5,2.0,1.0,128.0,0.9,0.00703125,theorem_safe,142,2.0,2.0425007727477498,2.0,-0.9900986086055568,-1.3416065745194576,0.0,0.0,4.144270033027772e-05,4.144270033027772e-05,0,1,0.9860767383164843,ok
20.0,0.5,2.0,1.0,128.0,0.9,0.00703125,theorem_safe,143,2.0,2.0425007727477498,2.0,-0.9900986086055568,-1.3416065745194576,0.0,0.0,4.1154903800206346e-05,4.1154903800206346e-05,0,1,0.9860767383164843,ok
20.0,0.5,2.0,1.0,128.0,0.9,0.00703125,theorem_safe,144,2.0,2.0425007727477498,2.0,-0.9900986086055568,-1.3416065745194576,0.0,0.0,4.08710768774463e-05,4.08710768774463e-05,0,1,0.9860767383164843,ok
20.0,0.5,2.0,1.0,128.0,0.9,0.00703125,theorem_safe,145,2.0,2.0425007727477498,2.0,-0.9900986086055568,-1.3416065745194576,0.0,0.0,4.0591137994724065e-05,4.0591137994724065e-05,0,1,0.9860767383164843,ok
20.0,0.5,2.0,1.0,128.0,0.9,0.00703125,theorem_safe,146,2.0,2.0425007727477498,2.0,-0.9900986086055568,-1.3416065745194576,0.0,0.0,4.031500780428377e-05,4.031500780428377e-05,0,1,0.9860767383164843,ok
20.0,0.5,2.0,1.0,128.0,0.9,0.00703125,theorem_safe,147,2.0,2.0425007727477498,2.0,-0.9900986086055568,-1.3416065745194576,0.0,0.0,4.004260910290347e-05,4.004260910290347e-05,0,1,0.9860767383164843,ok
20.0,0.5,2.0,1.0,128.0,0.9,0.00703125,theorem_safe,148,2.0,2.0425007727477498,2.0,-0.9900986086055568,-1.3416065745194576,0.0,0.0,3.9773866759930966e-05,3.9773866759930966e-05,0,1,0.9860767383164843,ok
20.0,0.5,2.0,1.0,128.0,0.9,0.00703125,theorem_safe,149,2.0,2.0425007727477498,2.0,-0.9900986086055568,-1.3416065745194576,0.0,0.0,3.950870764819809e-05,3.950870764819809e-05,0,1,0.9860767383164843,ok
20.0,0.5,2.0,1.0,128.0,0.9,0.00703125,theorem_safe,150,2.0,2.0425007727477498,2.0,-0.9900986086055568,-1.3416065745194576,0.0,0.0,3.924706057768023e-05,3.924706057768023e-05,0,1,0.9860767383164843,ok
20.0,0.5,2.0,1.0,128.0,0.9,0.00703125,theorem_safe,151,2.0,2.0425007727477498,2.0,-0.9900986086055568,-1.3416065745194576,0.0,0.0,3.8988856231774433e-05,3.8988856231774433e-05,0,1,0.9860767383164843,ok
20.0,0.5,2.0,1.0,128.0,0.9,0.00703125,theorem_safe,152,2.0,2.0425007727477498,2.0,-0.9900986086055568,-1.3416065745194576,0.0,0.0,3.873402710607656e-05,3.873402710607656e-05,0,1,0.9860767383164843,ok
20.0,0.5,2.0,1.0,128.0,0.9,0.00703125,theorem_safe,153,2.0,2.0425007727477498,2.0,-0.9900986086055568,-1.3416065745194576,0.0,0.0,3.8482507449543596e-05,3.8482507449543596e-05,0,1,0.9860767383164843,ok
20.0,0.5,2.0,1.0,128.0,0.9,0.00703125,theorem_safe,154,2.0,2.0425007727477498,2.0,-0.9900986086055568,-1.3416065745194576,0.0,0.0,3.823423320793364e-05,3.823423320793364e-05,0,1,0.9860767383164843,ok
20.0,0.5,2.0,1.0,128.0,0.9,0.00703125,theorem_safe,155,2.0,2.0425007727477498,2.0,-0.9900986086055568,-1.3416065745194576,0.0,0.0,3.798914196942124e-05,3.798914196942124e-05,0,1,0.9860767383164843,ok
20.0,0.5,2.0,1.0,128.0,0.9,0.00703125,theorem_safe,156,2.0,2.0425007727477498,2.0,-0.9900986086055568,-1.3416065745194576,0.0,0.0,3.774717291229117e-05,3.774717291229117e-05,0,1,0.9860767383164843,ok
20.0,0.5,2.0,1.0,128.0,0.9,0.00703125,theorem_safe,157,2.0,2.0425007727477498,2.0,-0.9900986086055568,-1.3416065745194576,0.0,0.0,3.750826675461844e-05,3.750826675461844e-05,0,1,0.9860767383164843,ok
20.0,0.5,2.0,1.0,128.0,0.9,0.00703125,theorem_safe,158,2.0,2.0425007727477498,2.0,-0.9900986086055568,-1.3416065745194576,0.0,0.0,3.7272365705847256e-05,3.7272365705847256e-05,0,1,0.9860767383164843,ok
20.0,0.5,2.0,1.0,128.0,0.9,0.00703125,theorem_safe,159,2.0,2.0425007727477498,2.0,-0.9900986086055568,-1.3416065745194576,0.0,0.0,3.703941342018571e-05,3.703941342018571e-05,0,1,0.9860767383164843,ok
20.0,0.5,2.0,1.0,128.0,0.9,0.00703125,theorem_safe,160,2.0,2.0425007727477498,2.0,-0.9900986086055568,-1.3416065745194576,0.0,0.0,3.6809354951737354e-05,3.6809354951737354e-05,0,1,0.9860767383164843,ok
20.0,0.5,2.0,1.0,128.0,0.9,0.00703125,theorem_safe,161,2.0,2.0425007727477498,2.0,-0.9900986086055568,-1.3416065745194576,0.0,0.0,3.658213671129453e-05,3.658213671129453e-05,0,1,0.9860767383164843,ok
20.0,0.5,2.0,1.0,128.0,0.9,0.00703125,theorem_safe,162,2.0,2.0425007727477498,2.0,-0.9900986086055568,-1.3416065745194576,0.0,0.0,3.635770642472217e-05,3.635770642472217e-05,0,1,0.9860767383164843,ok
20.0,0.5,2.0,1.0,128.0,0.9,0.00703125,theorem_safe,163,2.0,2.0425007727477498,2.0,-0.9900986086055568,-1.3416065745194576,0.0,0.0,3.613601309286411e-05,3.613601309286411e-05,0,1,0.9860767383164843,ok
20.0,0.5,2.0,1.0,128.0,0.9,0.00703125,theorem_safe,164,2.0,2.0425007727477498,2.0,-0.9900986086055568,-1.3416065745194576,0.0,0.0,3.591700695290736e-05,3.591700695290736e-05,0,1,0.9860767383164843,ok
20.0,0.5,2.0,1.0,128.0,0.9,0.00703125,theorem_safe,165,2.0,2.0425007727477498,2.0,-0.9900986086055568,-1.3416065745194576,0.0,0.0,3.570063944114285e-05,3.570063944114285e-05,0,1,0.9860767383164843,ok
20.0,0.5,2.0,1.0,128.0,0.9,0.00703125,theorem_safe,166,2.0,2.0425007727477498,2.0,-0.9900986086055568,-1.3416065745194576,0.0,0.0,3.548686315706415e-05,3.548686315706415e-05,0,1,0.9860767383164843,ok
20.0,0.5,2.0,1.0,128.0,0.9,0.00703125,theorem_safe,167,2.0,2.0425007727477498,2.0,-0.9900986086055568,-1.3416065745194576,0.0,0.0,3.5275631828748294e-05,3.5275631828748294e-05,0,1,0.9860767383164843,ok
20.0,0.5,2.0,1.0,128.0,0.9,0.00703125,theorem_safe,168,2.0,2.0425007727477498,2.0,-0.9900986086055568,-1.3416065745194576,0.0,0.0,3.506690027946576e-05,3.506690027946576e-05,0,1,0.9860767383164843,ok
20.0,0.5,2.0,1.0,128.0,0.9,0.00703125,theorem_safe,169,2.0,2.0425007727477498,2.0,-0.9900986086055568,-1.3416065745194576,0.0,0.0,3.4860624395468904e-05,3.4860624395468904e-05,0,1,0.9860767383164843,ok
20.0,0.5,2.0,1.0,128.0,0.9,0.00703125,theorem_safe,170,2.0,2.0425007727477498,2.0,-0.9900986086055568,-1.3416065745194576,0.0,0.0,3.465676109491061e-05,3.465676109491061e-05,0,1,0.9860767383164843,ok
20.0,0.5,2.0,1.0,128.0,0.9,0.00703125,theorem_safe,171,2.0,2.0425007727477498,2.0,-0.9900986086055568,-1.3416065745194576,0.0,0.0,3.445526829784717e-05,3.445526829784717e-05,0,1,0.9860767383164843,ok
20.0,0.5,2.0,1.0,128.0,0.9,0.00703125,theorem_safe,172,2.0,2.0425007727477498,2.0,-0.9900986086055568,-1.3416065745194576,0.0,0.0,3.425610489728158e-05,3.425610489728158e-05,0,1,0.9860767383164843,ok
20.0,0.5,2.0,1.0,128.0,0.9,0.00703125,theorem_safe,173,2.0,2.0425007727477498,2.0,-0.9900986086055568,-1.3416065745194576,0.0,0.0,3.4059230731205254e-05,3.4059230731205254e-05,0,1,0.9860767383164843,ok
20.0,0.5,2.0,1.0,128.0,0.9,0.00703125,theorem_safe,174,2.0,2.0425007727477498,2.0,-0.9900986086055568,-1.3416065745194576,0.0,0.0,3.3864606555598364e-05,3.3864606555598364e-05,0,1,0.9860767383164843,ok
20.0,0.5,2.0,1.0,128.0,0.9,0.00703125,theorem_safe,175,2.0,2.0425007727477498,2.0,-0.9900986086055568,-1.3416065745194576,0.0,0.0,3.3672194018350646e-05,3.3672194018350646e-05,0,1,0.9860767383164843,ok
20.0,0.5,2.0,1.0,128.0,0.9,0.00703125,theorem_safe,176,2.0,2.0425007727477498,2.0,-0.9900986086055568,-1.3416065745194576,0.0,0.0,3.348195563406618e-05,3.348195563406618e-05,0,1,0.9860767383164843,ok
20.0,0.5,2.0,1.0,128.0,0.9,0.00703125,theorem_safe,177,2.0,2.0425007727477498,2.0,-0.9900986086055568,-1.3416065745194576,0.0,0.0,3.3293854759717495e-05,3.3293854759717495e-05,0,1,0.9860767383164843,ok
20.0,0.5,2.0,1.0,128.0,0.9,0.00703125,theorem_safe,178,2.0,2.0425007727477498,2.0,-0.9900986086055568,-1.3416065745194576,0.0,0.0,3.310785557111572e-05,3.310785557111572e-05,0,1,0.9860767383164843,ok
20.0,0.5,2.0,1.0,128.0,0.9,0.00703125,theorem_safe,179,2.0,2.0425007727477498,2.0,-0.9900986086055568,-1.3416065745194576,0.0,0.0,3.292392304016508e-05,3.292392304016508e-05,0,1,0.9860767383164843,ok
20.0,0.5,2.0,1.0,128.0,0.9,0.00703125,theorem_safe,180,2.0,2.0425007727477498,2.0,-0.9900986086055568,-1.3416065745194576,0.0,0.0,3.274202291287135e-05,3.274202291287135e-05,0,1,0.9860767383164843,ok
20.0,0.5,2.0,1.0,128.0,0.9,0.00703125,theorem_safe,181,2.0,2.0425007727477498,2.0,-0.9900986086055568,-1.3416065745194576,0.0,0.0,3.256212168807535e-05,3.256212168807535e-05,0,1,0.9860767383164843,ok
20.0,0.5,2.0,1.0,128.0,0.9,0.00703125,theorem_safe,182,2.0,2.0425007727477498,2.0,-0.9900986086055568,-1.3416065745194576,0.0,0.0,3.238418659688368e-05,3.238418659688368e-05,0,1,0.9860767383164843,ok
20.0,0.5,2.0,1.0,128.0,0.9,0.00703125,theorem_safe,183,2.0,2.0425007727477498,2.0,-0.9900986086055568,-1.3416065745194576,0.0,0.0,3.220818558277019e-05,3.220818558277019e-05,0,1,0.9860767383164843,ok
20.0,0.5,2.0,1.0,128.0,0.9,0.00703125,theorem_safe,184,2.0,2.0425007727477498,2.0,-0.9900986086055568,-1.3416065745194576,0.0,0.0,3.203408728232277e-05,3.203408728232277e-05,0,1,0.9860767383164843,ok
20.0,0.5,2.0,1.0,128.0,0.9,0.00703125,theorem_safe,185,2.0,2.0425007727477498,2.0,-0.9900986086055568,-1.3416065745194576,0.0,0.0,3.1861861006611364e-05,3.1861861006611364e-05,0,1,0.9860767383164843,ok
20.0,0.5,2.0,1.0,128.0,0.9,0.00703125,theorem_safe,186,2.0,2.0425007727477498,2.0,-0.9900986086055568,-1.3416065745194576,0.0,0.0,3.169147672315355e-05,3.169147672315355e-05,0,1,0.9860767383164843,ok
20.0,0.5,2.0,1.0,128.0,0.9,0.00703125,theorem_safe,187,2.0,2.0425007727477498,2.0,-0.9900986086055568,-1.3416065745194576,0.0,0.0,3.152290503845592e-05,3.152290503845592e-05,0,1,0.9860767383164843,ok
20.0,0.5,2.0,1.0,128.0,0.9,0.00703125,theorem_safe,188,2.0,2.0425007727477498,2.0,-0.9900986086055568,-1.3416065745194576,0.0,0.0,3.13561171811096e-05,3.13561171811096e-05,0,1,0.9860767383164843,ok
20.0,0.5,2.0,1.0,128.0,0.9,0.00703125,theorem_safe,189,2.0,2.0425007727477498,2.0,-0.9900986086055568,-1.3416065745194576,0.0,0.0,3.119108498541955e-05,3.119108498541955e-05,0,1,0.9860767383164843,ok
20.0,0.5,2.0,1.0,128.0,0.9,0.00703125,theorem_safe,190,2.0,2.0425007727477498,2.0,-0.9900986086055568,-1.3416065745194576,0.0,0.0,3.102778087554824e-05,3.102778087554824e-05,0,1,0.9860767383164843,ok
20.0,0.5,2.0,1.0,128.0,0.9,0.00703125,theorem_safe,191,2.0,2.0425007727477498,2.0,-0.9900986086055568,-1.3416065745194576,0.0,0.0,3.0866177850154755e-05,3.0866177850154755e-05,0,1,0.9860767383164843,ok
20.0,0.5,2.0,1.0,128.0,0.9,0.00703125,theorem_safe,192,2.0,2.0425007727477498,2.0,-0.9900986086055568,-1.3416065745194576,0.0,0.0,3.0706249467511475e-05,3.0706249467511475e-05,0,1,0.9860767383164843,ok
20.0,0.5,2.0,1.0,128.0,0.9,0.00703125,theorem_safe,193,2.0,2.0425007727477498,2.0,-0.9900986086055568,-1.3416065745194576,0.0,0.0,3.0547969831081e-05,3.0547969831081e-05,0,1,0.9860767383164843,ok
20.0,0.5,2.0,1.0,128.0,0.9,0.00703125,theorem_safe,194,2.0,2.0425007727477498,2.0,-0.9900986086055568,-1.3416065745194576,0.0,0.0,3.0391313575536997e-05,3.0391313575536997e-05,0,1,0.9860767383164843,ok
20.0,0.5,2.0,1.0,128.0,0.9,0.00703125,theorem_safe,195,2.0,2.0425007727477498,2.0,-0.9900986086055568,-1.3416065745194576,0.0,0.0,3.023625585321283e-05,3.023625585321283e-05,0,1,0.9860767383164843,ok
20.0,0.5,2.0,1.0,128.0,0.9,0.00703125,theorem_safe,196,2.0,2.0425007727477498,2.0,-0.9900986086055568,-1.3416065745194576,0.0,0.0,3.0082772320963016e-05,3.0082772320963016e-05,0,1,0.9860767383164843,ok
20.0,0.5,2.0,1.0,128.0,0.9,0.00703125,theorem_safe,197,2.0,2.0425007727477498,2.0,-0.9900986086055568,-1.3416065745194576,0.0,0.0,2.9930839127422796e-05,2.9930839127422796e-05,0,1,0.9860767383164843,ok
20.0,0.5,2.0,1.0,128.0,0.9,0.00703125,theorem_safe,198,2.0,2.0425007727477498,2.0,-0.9900986086055568,-1.3416065745194576,0.0,0.0,2.9780432900651825e-05,2.9780432900651825e-05,0,1,0.9860767383164843,ok
20.0,0.5,2.0,1.0,128.0,0.9,0.00703125,theorem_safe,199,2.0,2.0425007727477498,2.0,-0.9900986086055568,-1.3416065745194576,0.0,0.0,2.9631530736148573e-05,2.9631530736148573e-05,0,1,0.9860767383164843,ok
20.0,0.5,2.0,1.0,128.0,0.9,0.00703125,theorem_safe,200,2.0,2.0425007727477498,2.0,-0.9900986086055568,-1.3416065745194576,0.0,0.0,2.9484110185222458e-05,2.9484110185222458e-05,0,1,0.9860767383164843,ok
20.0,0.5,2.0,1.0,128.0,0.9,0.00703125,theorem_safe,201,2.0,2.0425007727477498,2.0,-0.9900986086055568,-1.3416065745194576,0.0,0.0,2.9338149243711457e-05,2.9338149243711457e-05,0,1,0.9860767383164843,ok
20.0,0.5,2.0,1.0,128.0,0.9,0.00703125,theorem_safe,202,2.0,2.0425007727477498,2.0,-0.9900986086055568,-1.3416065745194576,0.0,0.0,2.9193626341033075e-05,2.9193626341033075e-05,0,1,0.9860767383164843,ok
20.0,0.5,2.0,1.0,128.0,0.9,0.00703125,theorem_safe,203,2.0,2.0425007727477498,2.0,-0.9900986086055568,-1.3416065745194576,0.0,0.0,2.905052032955742e-05,2.905052032955742e-05,0,1,0.9860767383164843,ok
20.0,0.5,2.0,1.0,128.0,0.9,0.00703125,theorem_safe,204,2.0,2.0425007727477498,2.0,-0.9900986086055568,-1.3416065745194576,0.0,0.0,2.890881047429129e-05,2.890881047429129e-05,0,1,0.9860767383164843,ok
20.0,0.5,2.0,1.0,128.0,0.9,0.00703125,theorem_safe,205,2.0,2.0425007727477498,2.0,-0.9900986086055568,-1.3416065745194576,0.0,0.0,2.8768476442862688e-05,2.8768476442862688e-05,0,1,0.9860767383164843,ok
20.0,0.5,2.0,1.0,128.0,0.9,0.00703125,theorem_safe,206,2.0,2.0425007727477498,2.0,-0.9900986086055568,-1.3416065745194576,0.0,0.0,2.862949829579572e-05,2.862949829579572e-05,0,1,0.9860767383164843,ok
20.0,0.5,2.0,1.0,128.0,0.9,0.00703125,theorem_safe,207,2.0,2.0425007727477498,2.0,-0.9900986086055568,-1.3416065745194576,0.0,0.0,2.8491856477065934e-05,2.8491856477065934e-05,0,1,0.9860767383164843,ok
20.0,0.5,2.0,1.0,128.0,0.9,0.00703125,theorem_safe,208,2.0,2.0425007727477498,2.0,-0.9900986086055568,-1.3416065745194576,0.0,0.0,2.835553180492686e-05,2.835553180492686e-05,0,1,0.9860767383164843,ok
20.0,0.5,2.0,1.0,128.0,0.9,0.00703125,theorem_safe,209,2.0,2.0425007727477498,2.0,-0.9900986086055568,-1.3416065745194576,0.0,0.0,2.8220505462998637e-05,2.8220505462998637e-05,0,1,0.9860767383164843,ok
20.0,0.5,2.0,1.0,128.0,0.9,0.00703125,theorem_safe,210,2.0,2.0425007727477498,2.0,-0.9900986086055568,-1.3416065745194576,0.0,0.0,2.8086758991610015e-05,2.8086758991610015e-05,0,1,0.9860767383164843,ok
20.0,0.5,2.0,1.0,128.0,0.9,0.00703125,theorem_safe,211,2.0,2.0425007727477498,2.0,-0.9900986086055568,-1.3416065745194576,0.0,0.0,2.7954274279385442e-05,2.7954274279385442e-05,0,1,0.9860767383164843,ok
20.0,0.5,2.0,1.0,128.0,0.9,0.00703125,theorem_safe,212,2.0,2.0425007727477498,2.0,-0.9900986086055568,-1.3416065745194576,0.0,0.0,2.782303355506908e-05,2.782303355506908e-05,0,1,0.9860767383164843,ok
20.0,0.5,2.0,1.0,128.0,0.9,0.00703125,theorem_safe,213,2.0,2.0425007727477498,2.0,-0.9900986086055568,-1.3416065745194576,0.0,0.0,2.7693019379578102e-05,2.7693019379578102e-05,0,1,0.9860767383164843,ok
20.0,0.5,2.0,1.0,128.0,0.9,0.00703125,theorem_safe,214,2.0,2.0425007727477498,2.0,-0.9900986086055568,-1.3416065745194576,0.0,0.0,2.756421463827774e-05,2.756421463827774e-05,0,1,0.9860767383164843,ok
20.0,0.5,2.0,1.0,128.0,0.9,0.00703125,theorem_safe,215,2.0,2.0425007727477498,2.0,-0.9900986086055568,-1.3416065745194576,0.0,0.0,2.7436602533470898e-05,2.7436602533470898e-05,0,1,0.9860767383164843,ok
20.0,0.5,2.0,1.0,128.0,0.9,0.00703125,theorem_safe,216,2.0,2.0425007727477498,2.0,-0.9900986086055568,-1.3416065745194576,0.0,0.0,2.7310166577095458e-05,2.7310166577095458e-05,0,1,0.9860767383164843,ok
20.0,0.5,2.0,1.0,128.0,0.9,0.00703125,theorem_safe,217,2.0,2.0425007727477498,2.0,-0.9900986086055568,-1.3416065745194576,0.0,0.0,2.718489058362254e-05,2.718489058362254e-05,0,1,0.9860767383164843,ok
20.0,0.5,2.0,1.0,128.0,0.9,0.00703125,theorem_safe,218,2.0,2.0425007727477498,2.0,-0.9900986086055568,-1.3416065745194576,0.0,0.0,2.706075866314938e-05,2.706075866314938e-05,0,1,0.9860767383164843,ok
20.0,0.5,2.0,1.0,128.0,0.9,0.00703125,theorem_safe,219,2.0,2.0425007727477498,2.0,-0.9900986086055568,-1.3416065745194576,0.0,0.0,2.693775521468052e-05,2.693775521468052e-05,0,1,0.9860767383164843,ok
20.0,0.5,2.0,1.0,128.0,0.9,0.00703125,theorem_safe,220,2.0,2.0425007727477498,2.0,-0.9900986086055568,-1.3416065745194576,0.0,0.0,2.6815864919591467e-05,2.6815864919591467e-05,0,1,0.9860767383164843,ok
20.0,0.5,2.0,1.0,128.0,0.9,0.00703125,theorem_safe,221,2.0,2.0425007727477498,2.0,-0.9900986086055568,-1.3416065745194576,0.0,0.0,2.669507273526898e-05,2.669507273526898e-05,0,1,0.9860767383164843,ok
20.0,0.5,2.0,1.0,128.0,0.9,0.00703125,theorem_safe,222,2.0,2.0425007727477498,2.0,-0.9900986086055568,-1.3416065745194576,0.0,0.0,2.6575363888922486e-05,2.6575363888922486e-05,0,1,0.9860767383164843,ok
20.0,0.5,2.0,1.0,128.0,0.9,0.00703125,theorem_safe,223,2.0,2.0425007727477498,2.0,-0.9900986086055568,-1.3416065745194576,0.0,0.0,2.6456723871561226e-05,2.6456723871561226e-05,0,1,0.9860767383164843,ok
20.0,0.5,2.0,1.0,128.0,0.9,0.00703125,theorem_safe,224,2.0,2.0425007727477498,2.0,-0.9900986086055568,-1.3416065745194576,0.0,0.0,2.6339138432132063e-05,2.6339138432132063e-05,0,1,0.9860767383164843,ok
20.0,0.5,2.0,1.0,128.0,0.9,0.00703125,theorem_safe,225,2.0,2.0425007727477498,2.0,-0.9900986086055568,-1.3416065745194576,0.0,0.0,2.622259357181289e-05,2.622259357181289e-05,0,1,0.9860767383164843,ok
20.0,0.5,2.0,1.0,128.0,0.9,0.00703125,theorem_safe,226,2.0,2.0425007727477498,2.0,-0.9900986086055568,-1.3416065745194576,0.0,0.0,2.610707553845689e-05,2.610707553845689e-05,0,1,0.9860767383164843,ok
20.0,0.5,2.0,1.0,128.0,0.9,0.00703125,theorem_safe,227,2.0,2.0425007727477498,2.0,-0.9900986086055568,-1.3416065745194576,0.0,0.0,2.5992570821182956e-05,2.5992570821182956e-05,0,1,0.9860767383164843,ok
20.0,0.5,2.0,1.0,128.0,0.9,0.00703125,theorem_safe,228,2.0,2.0425007727477498,2.0,-0.9900986086055568,-1.3416065745194576,0.0,0.0,2.5879066145107923e-05,2.5879066145107923e-05,0,1,0.9860767383164843,ok
20.0,0.5,2.0,1.0,128.0,0.9,0.00703125,theorem_safe,229,2.0,2.0425007727477498,2.0,-0.9900986086055568,-1.3416065745194576,0.0,0.0,2.576654846621615e-05,2.576654846621615e-05,0,1,0.9860767383164843,ok
20.0,0.5,2.0,1.0,128.0,0.9,0.00703125,theorem_safe,230,2.0,2.0425007727477498,2.0,-0.9900986086055568,-1.3416065745194576,0.0,0.0,2.56550049663624e-05,2.56550049663624e-05,0,1,0.9860767383164843,ok
20.0,0.5,2.0,1.0,128.0,0.9,0.00703125,theorem_safe,231,2.0,2.0425007727477498,2.0,-0.9900986086055568,-1.3416065745194576,0.0,0.0,2.5544423048403937e-05,2.5544423048403937e-05,0,1,0.9860767383164843,ok
20.0,0.5,2.0,1.0,128.0,0.9,0.00703125,theorem_safe,232,2.0,2.0425007727477498,2.0,-0.9900986086055568,-1.3416065745194576,0.0,0.0,2.5434790331457997e-05,2.5434790331457997e-05,0,1,0.9860767383164843,ok
20.0,0.5,2.0,1.0,128.0,0.9,0.00703125,theorem_safe,233,2.0,2.0425007727477498,2.0,-0.9900986086055568,-1.3416065745194576,0.0,0.0,2.5326094646280828e-05,2.5326094646280828e-05,0,1,0.9860767383164843,ok
20.0,0.5,2.0,1.0,128.0,0.9,0.00703125,theorem_safe,234,2.0,2.0425007727477498,2.0,-0.9900986086055568,-1.3416065745194576,0.0,0.0,2.521832403076474e-05,2.521832403076474e-05,0,1,0.9860767383164843,ok
20.0,0.5,2.0,1.0,128.0,0.9,0.00703125,theorem_safe,235,2.0,2.0425007727477498,2.0,-0.9900986086055568,-1.3416065745194576,0.0,0.0,2.5111466725549634e-05,2.5111466725549634e-05,0,1,0.9860767383164843,ok
20.0,0.5,2.0,1.0,128.0,0.9,0.00703125,theorem_safe,236,2.0,2.0425007727477498,2.0,-0.9900986086055568,-1.3416065745194576,0.0,0.0,2.500551116974563e-05,2.500551116974563e-05,0,1,0.9860767383164843,ok
20.0,0.5,2.0,1.0,128.0,0.9,0.00703125,theorem_safe,237,2.0,2.0425007727477498,2.0,-0.9900986086055568,-1.3416065745194576,0.0,0.0,2.4900445996763503e-05,2.4900445996763503e-05,0,1,0.9860767383164843,ok
20.0,0.5,2.0,1.0,128.0,0.9,0.00703125,theorem_safe,238,2.0,2.0425007727477498,2.0,-0.9900986086055568,-1.3416065745194576,0.0,0.0,2.4796260030249846e-05,2.4796260030249846e-05,0,1,0.9860767383164843,ok
20.0,0.5,2.0,1.0,128.0,0.9,0.00703125,theorem_safe,239,2.0,2.0425007727477498,2.0,-0.9900986086055568,-1.3416065745194576,0.0,0.0,2.4692942280123808e-05,2.4692942280123808e-05,0,1,0.9860767383164843,ok
20.0,0.5,2.0,1.0,128.0,0.9,0.00703125,theorem_safe,240,2.0,2.0425007727477498,2.0,-0.9900986086055568,-1.3416065745194576,0.0,0.0,2.4590481938712506e-05,2.4590481938712506e-05,0,1,0.9860767383164843,ok
20.0,0.5,2.0,1.0,128.0,0.9,0.00703125,theorem_safe,241,2.0,2.0425007727477498,2.0,-0.9900986086055568,-1.3416065745194576,0.0,0.0,2.4488868376982287e-05,2.4488868376982287e-05,0,1,0.9860767383164843,ok
20.0,0.5,2.0,1.0,128.0,0.9,0.00703125,theorem_safe,242,2.0,2.0425007727477498,2.0,-0.9900986086055568,-1.3416065745194576,0.0,0.0,2.438809114086302e-05,2.438809114086302e-05,0,1,0.9860767383164843,ok
20.0,0.5,2.0,1.0,128.0,0.9,0.00703125,theorem_safe,243,2.0,2.0425007727477498,2.0,-0.9900986086055568,-1.3416065745194576,0.0,0.0,2.428813994766276e-05,2.428813994766276e-05,0,1,0.9860767383164843,ok
20.0,0.5,2.0,1.0,128.0,0.9,0.00703125,theorem_safe,244,2.0,2.0425007727477498,2.0,-0.9900986086055568,-1.3416065745194576,0.0,0.0,2.418900468257026e-05,2.418900468257026e-05,0,1,0.9860767383164843,ok
20.0,0.5,2.0,1.0,128.0,0.9,0.00703125,theorem_safe,245,2.0,2.0425007727477498,2.0,-0.9900986086055568,-1.3416065745194576,0.0,0.0,2.409067539524274e-05,2.409067539524274e-05,0,1,0.9860767383164843,ok
20.0,0.5,2.0,1.0,128.0,0.9,0.00703125,theorem_safe,246,2.0,2.0425007727477498,2.0,-0.9900986086055568,-1.3416065745194576,0.0,0.0,2.3993142296476572e-05,2.3993142296476572e-05,0,1,0.9860767383164843,ok
20.0,0.5,2.0,1.0,128.0,0.9,0.00703125,theorem_safe,247,2.0,2.0425007727477498,2.0,-0.9900986086055568,-1.3416065745194576,0.0,0.0,2.3896395754958525e-05,2.3896395754958525e-05,0,1,0.9860767383164843,ok
20.0,0.5,2.0,1.0,128.0,0.9,0.00703125,theorem_safe,248,2.0,2.0425007727477498,2.0,-0.9900986086055568,-1.3416065745194576,0.0,0.0,2.3800426294095238e-05,2.3800426294095238e-05,0,1,0.9860767383164843,ok
20.0,0.5,2.0,1.0,128.0,0.9,0.00703125,theorem_safe,249,2.0,2.0425007727477498,2.0,-0.9900986086055568,-1.3416065745194576,0.0,0.0,2.3705224588918854e-05,2.3705224588918854e-05,0,1,0.9860767383164843,ok
20.0,0.5,2.0,1.0,128.0,0.9,0.00703125,theorem_safe,250,2.0,2.0425007727477498,2.0,-0.9900986086055568,-1.3416065745194576,0.0,0.0,2.361078146306659e-05,2.361078146306659e-05,0,1,0.9860767383164843,ok
20.0,0.5,2.0,1.0,128.0,0.9,0.00703125,theorem_safe,251,2.0,2.0425007727477498,2.0,-0.9900986086055568,-1.3416065745194576,0.0,0.0,2.3517087885832196e-05,2.3517087885832196e-05,0,1,0.9860767383164843,ok
20.0,0.5,2.0,1.0,128.0,0.9,0.00703125,theorem_safe,252,2.0,2.0425007727477498,2.0,-0.9900986086055568,-1.3416065745194576,0.0,0.0,2.342413496928741e-05,2.342413496928741e-05,0,1,0.9860767383164843,ok
20.0,0.5,2.0,1.0,128.0,0.9,0.00703125,theorem_safe,253,2.0,2.0425007727477498,2.0,-0.9900986086055568,-1.3416065745194576,0.0,0.0,2.3331913965471313e-05,2.3331913965471313e-05,0,1,0.9860767383164843,ok
20.0,0.5,2.0,1.0,128.0,0.9,0.00703125,theorem_safe,254,2.0,2.0425007727477498,2.0,-0.9900986086055568,-1.3416065745194576,0.0,0.0,2.3240416263645936e-05,2.3240416263645936e-05,0,1,0.9860767383164843,ok
20.0,0.5,2.0,1.0,128.0,0.9,0.00703125,theorem_safe,255,2.0,2.0425007727477498,2.0,-0.9900986086055568,-1.3416065745194576,0.0,0.0,2.314963338761607e-05,2.314963338761607e-05,0,1,0.9860767383164843,ok
20.0,0.5,2.0,1.0,128.0,0.9,0.00703125,theorem_safe,256,2.0,2.0425007727477498,2.0,-0.9900986086055568,-1.3416065745194576,0.0,0.0,2.3059556993111726e-05,2.3059556993111726e-05,0,1,0.9860767383164843,ok
20.0,0.5,2.0,1.0,128.0,0.9,0.00703125,theorem_safe,257,2.0,2.0425007727477498,2.0,-0.9900986086055568,-1.3416065745194576,0.0,0.0,2.297017886523145e-05,2.297017886523145e-05,0,1,0.9860767383164843,ok
20.0,0.5,2.0,1.0,128.0,0.9,0.00703125,theorem_safe,258,2.0,2.0425007727477498,2.0,-0.9900986086055568,-1.3416065745194576,0.0,0.0,2.288149091594484e-05,2.288149091594484e-05,0,1,0.9860767383164843,ok
20.0,0.5,2.0,1.0,128.0,0.9,0.00703125,theorem_safe,259,2.0,2.0425007727477498,2.0,-0.9900986086055568,-1.3416065745194576,0.0,0.0,2.2793485181652745e-05,2.2793485181652745e-05,0,1,0.9860767383164843,ok
20.0,0.5,2.0,1.0,128.0,0.9,0.00703125,theorem_safe,260,2.0,2.0425007727477498,2.0,-0.9900986086055568,-1.3416065745194576,0.0,0.0,2.27061538208035e-05,2.27061538208035e-05,0,1,0.9860767383164843,ok
20.0,0.5,2.0,1.0,128.0,0.9,0.00703125,theorem_safe,261,2.0,2.0425007727477498,2.0,-0.9900986086055568,-1.3416065745194576,0.0,0.0,2.2619489111563793e-05,2.2619489111563793e-05,0,1,0.9860767383164843,ok
20.0,0.5,2.0,1.0,128.0,0.9,0.00703125,theorem_safe,262,2.0,2.0425007727477498,2.0,-0.9900986086055568,-1.3416065745194576,0.0,0.0,2.253348344954264e-05,2.253348344954264e-05,0,1,0.9860767383164843,ok
20.0,0.5,2.0,1.0,128.0,0.9,0.00703125,theorem_safe,263,2.0,2.0425007727477498,2.0,-0.9900986086055568,-1.3416065745194576,0.0,0.0,2.24481293455671e-05,2.24481293455671e-05,0,1,0.9860767383164843,ok
20.0,0.5,2.0,1.0,128.0,0.9,0.00703125,theorem_safe,264,2.0,2.0425007727477498,2.0,-0.9900986086055568,-1.3416065745194576,0.0,0.0,2.2363419423508354e-05,2.2363419423508354e-05,0,1,0.9860767383164843,ok
20.0,0.5,2.0,1.0,128.0,0.9,0.00703125,theorem_safe,265,2.0,2.0425007727477498,2.0,-0.9900986086055568,-1.3416065745194576,0.0,0.0,2.227934641815682e-05,2.227934641815682e-05,0,1,0.9860767383164843,ok
20.0,0.5,2.0,1.0,128.0,0.9,0.00703125,theorem_safe,266,2.0,2.0425007727477498,2.0,-0.9900986086055568,-1.3416065745194576,0.0,0.0,2.2195903173144997e-05,2.2195903173144997e-05,0,1,0.9860767383164843,ok
20.0,0.5,2.0,1.0,128.0,0.9,0.00703125,theorem_safe,267,2.0,2.0425007727477498,2.0,-0.9900986086055568,-1.3416065745194576,0.0,0.0,2.211308263891684e-05,2.211308263891684e-05,0,1,0.9860767383164843,ok
20.0,0.5,2.0,1.0,128.0,0.9,0.00703125,theorem_safe,268,2.0,2.0425007727477498,2.0,-0.9900986086055568,-1.3416065745194576,0.0,0.0,2.203087787074243e-05,2.203087787074243e-05,0,1,0.9860767383164843,ok
20.0,0.5,2.0,1.0,128.0,0.9,0.00703125,theorem_safe,269,2.0,2.0425007727477498,2.0,-0.9900986086055568,-1.3416065745194576,0.0,0.0,2.1949282026776718e-05,2.1949282026776718e-05,0,1,0.9860767383164843,ok
20.0,0.5,2.0,1.0,128.0,0.9,0.00703125,theorem_safe,270,2.0,2.0425007727477498,2.0,-0.9900986086055568,-1.3416065745194576,0.0,0.0,2.1868288366161307e-05,2.1868288366161307e-05,0,1,0.9860767383164843,ok
20.0,0.5,2.0,1.0,128.0,0.9,0.00703125,theorem_safe,271,2.0,2.0425007727477498,2.0,-0.9900986086055568,-1.3416065745194576,0.0,0.0,2.1787890247168064e-05,2.1787890247168064e-05,0,1,0.9860767383164843,ok
20.0,0.5,2.0,1.0,128.0,0.9,0.00703125,theorem_safe,272,2.0,2.0425007727477498,2.0,-0.9900986086055568,-1.3416065745194576,0.0,0.0,2.1708081125383568e-05,2.1708081125383568e-05,0,1,0.9860767383164843,ok
20.0,0.5,2.0,1.0,128.0,0.9,0.00703125,theorem_safe,273,2.0,2.0425007727477498,2.0,-0.9900986086055568,-1.3416065745194576,0.0,0.0,2.162885455193326e-05,2.162885455193326e-05,0,1,0.9860767383164843,ok
20.0,0.5,2.0,1.0,128.0,0.9,0.00703125,theorem_safe,274,2.0,2.0425007727477498,2.0,-0.9900986086055568,-1.3416065745194576,0.0,0.0,2.1550204171744414e-05,2.1550204171744414e-05,0,1,0.9860767383164843,ok
20.0,0.5,2.0,1.0,128.0,0.9,0.00703125,theorem_safe,275,2.0,2.0425007727477498,2.0,-0.9900986086055568,-1.3416065745194576,0.0,0.0,2.147212372184679e-05,2.147212372184679e-05,0,1,0.9860767383164843,ok
20.0,0.5,2.0,1.0,128.0,0.9,0.00703125,theorem_safe,276,2.0,2.0425007727477498,2.0,-0.9900986086055568,-1.3416065745194576,0.0,0.0,2.1394607029710158e-05,2.1394607029710158e-05,0,1,0.9860767383164843,ok
20.0,0.5,2.0,1.0,128.0,0.9,0.00703125,theorem_safe,277,2.0,2.0425007727477498,2.0,-0.9900986086055568,-1.3416065745194576,0.0,0.0,2.1317648011617676e-05,2.1317648011617676e-05,0,1,0.9860767383164843,ok
20.0,0.5,2.0,1.0,128.0,0.9,0.00703125,theorem_safe,278,2.0,2.0425007727477498,2.0,-0.9900986086055568,-1.3416065745194576,0.0,0.0,2.124124067107424e-05,2.124124067107424e-05,0,1,0.9860767383164843,ok
20.0,0.5,2.0,1.0,128.0,0.9,0.00703125,theorem_safe,279,2.0,2.0425007727477498,2.0,-0.9900986086055568,-1.3416065745194576,0.0,0.0,2.1165379097248976e-05,2.1165379097248976e-05,0,1,0.9860767383164843,ok
20.0,0.5,2.0,1.0,128.0,0.9,0.00703125,theorem_safe,280,2.0,2.0425007727477498,2.0,-0.9900986086055568,-1.3416065745194576,0.0,0.0,2.109005746345094e-05,2.109005746345094e-05,0,1,0.9860767383164843,ok
20.0,0.5,2.0,1.0,128.0,0.9,0.00703125,theorem_safe,281,2.0,2.0425007727477498,2.0,-0.9900986086055568,-1.3416065745194576,0.0,0.0,2.1015270025637285e-05,2.1015270025637285e-05,0,1,0.9860767383164843,ok
20.0,0.5,2.0,1.0,128.0,0.9,0.00703125,theorem_safe,282,2.0,2.0425007727477498,2.0,-0.9900986086055568,-1.3416065745194576,0.0,0.0,2.0941011120953054e-05,2.0941011120953054e-05,0,1,0.9860767383164843,ok
20.0,0.5,2.0,1.0,128.0,0.9,0.00703125,theorem_safe,283,2.0,2.0425007727477498,2.0,-0.9900986086055568,-1.3416065745194576,0.0,0.0,2.0867275166301808e-05,2.0867275166301808e-05,0,1,0.9860767383164843,ok
20.0,0.5,2.0,1.0,128.0,0.9,0.00703125,theorem_safe,284,2.0,2.0425007727477498,2.0,-0.9900986086055568,-1.3416065745194576,0.0,0.0,2.0794056656946364e-05,2.0794056656946364e-05,0,1,0.9860767383164843,ok
20.0,0.5,2.0,1.0,128.0,0.9,0.00703125,theorem_safe,285,2.0,2.0425007727477498,2.0,-0.9900986086055568,-1.3416065745194576,0.0,0.0,2.072135016513886e-05,2.072135016513886e-05,0,1,0.9860767383164843,ok
20.0,0.5,2.0,1.0,128.0,0.9,0.00703125,theorem_safe,286,2.0,2.0425007727477498,2.0,-0.9900986086055568,-1.3416065745194576,0.0,0.0,2.064915033877949e-05,2.064915033877949e-05,0,1,0.9860767383164843,ok
20.0,0.5,2.0,1.0,128.0,0.9,0.00703125,theorem_safe,287,2.0,2.0425007727477498,2.0,-0.9900986086055568,-1.3416065745194576,0.0,0.0,2.0577451900103173e-05,2.0577451900103173e-05,0,1,0.9860767383164843,ok
20.0,0.5,2.0,1.0,128.0,0.9,0.00703125,theorem_safe,288,2.0,2.0425007727477498,2.0,-0.9900986086055568,-1.3416065745194576,0.0,0.0,2.0506249644393472e-05,2.0506249644393472e-05,0,1,0.9860767383164843,ok
20.0,0.5,2.0,1.0,128.0,0.9,0.00703125,theorem_safe,289,2.0,2.0425007727477498,2.0,-0.9900986086055568,-1.3416065745194576,0.0,0.0,2.043553843872315e-05,2.043553843872315e-05,0,1,0.9860767383164843,ok
20.0,0.5,2.0,1.0,128.0,0.9,0.00703125,theorem_safe,290,2.0,2.0425007727477498,2.0,-0.9900986086055568,-1.3416065745194576,0.0,0.0,2.0365313220720667e-05,2.0365313220720667e-05,0,1,0.9860767383164843,ok
20.0,0.5,2.0,1.0,128.0,0.9,0.00703125,theorem_safe,291,2.0,2.0425007727477498,2.0,-0.9900986086055568,-1.3416065745194576,0.0,0.0,2.0295568997362032e-05,2.0295568997362032e-05,0,1,0.9860767383164843,ok
20.0,0.5,2.0,1.0,128.0,0.9,0.00703125,theorem_safe,292,2.0,2.0425007727477498,2.0,-0.9900986086055568,-1.3416065745194576,0.0,0.0,2.0226300843787422e-05,2.0226300843787422e-05,0,1,0.9860767383164843,ok
20.0,0.5,2.0,1.0,128.0,0.9,0.00703125,theorem_safe,293,2.0,2.0425007727477498,2.0,-0.9900986086055568,-1.3416065745194576,0.0,0.0,2.0157503902141886e-05,2.0157503902141886e-05,0,1,0.9860767383164843,ok
20.0,0.5,2.0,1.0,128.0,0.9,0.00703125,theorem_safe,294,2.0,2.0425007727477498,2.0,-0.9900986086055568,-1.3416065745194576,0.0,0.0,2.008917338043971e-05,2.008917338043971e-05,0,1,0.9860767383164843,ok
20.0,0.5,2.0,1.0,128.0,0.9,0.00703125,theorem_safe,295,2.0,2.0425007727477498,2.0,-0.9900986086055568,-1.3416065745194576,0.0,0.0,2.0021304551451736e-05,2.0021304551451736e-05,0,1,0.9860767383164843,ok
20.0,0.5,2.0,1.0,128.0,0.9,0.00703125,theorem_safe,296,2.0,2.0425007727477498,2.0,-0.9900986086055568,-1.3416065745194576,0.0,0.0,1.9953892751615198e-05,1.9953892751615198e-05,0,1,0.9860767383164843,ok
20.0,0.5,2.0,1.0,128.0,0.9,0.00703125,theorem_safe,297,2.0,2.0425007727477498,2.0,-0.9900986086055568,-1.3416065745194576,0.0,0.0,1.9886933379965483e-05,1.9886933379965483e-05,0,1,0.9860767383164843,ok
20.0,0.5,2.0,1.0,128.0,0.9,0.00703125,theorem_safe,298,2.0,2.0425007727477498,2.0,-0.9900986086055568,-1.3416065745194576,0.0,0.0,1.9820421897089343e-05,1.9820421897089343e-05,0,1,0.9860767383164843,ok
20.0,0.5,2.0,1.0,128.0,0.9,0.00703125,theorem_safe,299,2.0,2.0425007727477498,2.0,-0.9900986086055568,-1.3416065745194576,0.0,0.0,1.9754353824099046e-05,1.9754353824099046e-05,0,1,0.9860767383164843,ok
20.0,0.5,2.0,1.0,128.0,0.9,0.5,riemannian_scale,0,1.0,2.9851483630406004,2.0,-0.9950248245134885,-0.4987541446912317,0.09657359027997264,0.09657359027997264,0.421426214914113,0.32485262463414033,0,1,0.5024875877432557,ok
20.0,0.5,2.0,1.0,128.0,0.9,0.5,riemannian_scale,1,2.0,302.98771965358634,2.0,-0.9900986086055568,-1.3416065745194576,0.0,0.0,0.2107131074570565,0.2107131074570565,0,1,0.009901391394443237,ok
20.0,0.5,2.0,1.0,128.0,0.9,0.5,riemannian_scale,2,2.0,302.98771965358634,2.0,-0.9900986086055568,-1.3416065745194576,0.0,0.0,0.14047540497137098,0.14047540497137098,0,1,0.009901391394443237,ok
20.0,0.5,2.0,1.0,128.0,0.9,0.5,riemannian_scale,3,2.0,302.98771965358634,2.0,-0.9900986086055568,-1.3416065745194576,0.0,0.0,0.10535655372852824,0.10535655372852824,0,1,0.009901391394443237,ok
20.0,0.5,2.0,1.0,128.0,0.9,0.5,riemannian_scale,4,2.0,302.98771965358634,2.0,-0.9900986086055568,-1.3416065745194576,0.0,0.0,0.0842852429828226,0.0842852429828226,0,1,0.009901391394443237,ok
20.0,0.5,2.0,1.0,128.0,0.9,0.5,riemannian_scale,5,2.0,302.98771965358634,2.0,-0.9900986086055568,-1.3416065745194576,0.0,0.0,0.07023770248568549,0.07023770248568549,0,1,0.009901391394443237,ok
20.0,0.5,2.0,1.0,128.0,0.9,0.5,riemannian_scale,6,2.0,302.98771965358634,2.0,-0.9900986086055568,-1.3416065745194576,0.0,0.0,0.06020374498773042,0.06020374498773042,0,1,0.009901391394443237,ok
20.0,0.5,2.0,1.0,128.0,0.9,0.5,riemannian_scale,7,2.0,302.98771965358634,2.0,-0.9900986086055568,-1.3416065745194576,0.0,0.0,0.05267827686426412,0.05267827686426412,0,1,0.009901391394443237,ok
20.0,0.5,2.0,1.0,128.0,0.9,0.5,riemannian_scale,8,2.0,302.98771965358634,2.0,-0.9900986086055568,-1.3416065745194576,0.0,0.0,0.04682513499045699,0.04682513499045699,0,1,0.009901391394443237,ok
20.0,0.5,2.0,1.0,128.0,0.9,0.5,riemannian_scale,9,2.0,302.98771965358634,2.0,-0.9900986086055568,-1.3416065745194576,0.0,0.0,0.0421426214914113,0.0421426214914113,0,1,0.009901391394443237,ok
20.0,0.5,2.0,1.0,128.0,0.9,0.5,riemannian_scale,10,2.0,302.98771965358634,2.0,-0.9900986086055568,-1.3416065745194576,0.0,0.0,0.038311474083101184,0.038311474083101184,0,1,0.009901391394443237,ok
20.0,0.5,2.0,1.0,128.0,0.9,0.5,riemannian_scale,11,2.0,302.98771965358634,2.0,-0.9900986086055568,-1.3416065745194576,0.0,0.0,0.035118851242842745,0.035118851242842745,0,1,0.009901391394443237,ok
20.0,0.5,2.0,1.0,128.0,0.9,0.5,riemannian_scale,12,2.0,302.98771965358634,2.0,-0.9900986086055568,-1.3416065745194576,0.0,0.0,0.03241740114723946,0.03241740114723946,0,1,0.009901391394443237,ok
20.0,0.5,2.0,1.0,128.0,0.9,0.5,riemannian_scale,13,2.0,302.98771965358634,2.0,-0.9900986086055568,-1.3416065745194576,0.0,0.0,0.03010187249386521,0.03010187249386521,0,1,0.009901391394443237,ok
20.0,0.5,2.0,1.0,128.0,0.9,0.5,riemannian_scale,14,2.0,302.98771965358634,2.0,-0.9900986086055568,-1.3416065745194576,0.0,0.0,0.0280950809942742,0.0280950809942742,0,1,0.009901391394443237,ok
20.0,0.5,2.0,1.0,128.0,0.9,0.5,riemannian_scale,15,2.0,302.98771965358634,2.0,-0.9900986086055568,-1.3416065745194576,0.0,0.0,0.02633913843213206,0.02633913843213206,0,1,0.009901391394443237,ok
20.0,0.5,2.0,1.0,128.0,0.9,0.5,riemannian_scale,16,2.0,302.98771965358634,2.0,-0.9900986086055568,-1.3416065745194576,0.0,0.0,0.024789777347888998,0.024789777347888998,0,1,0.009901391394443237,ok
20.0,0.5,2.0,1.0,128.0,0.9,0.5,riemannian_scale,17,2.0,302.98771965358634,2.0,-0.9900986086055568,-1.3416065745194576,0.0,0.0,0.023412567495228496,0.023412567495228496,0,1,0.009901391394443237,ok
20.0,0.5,2.0,1.0,128.0,0.9,0.5,riemannian_scale,18,2.0,302.98771965358634,2.0,-0.9900986086055568,-1.3416065745194576,0.0,0.0,0.022180327100742785,0.022180327100742785,0,1,0.009901391394443237,ok
20.0,0.5,2.0,1.0,128.0,0.9,0.5,riemannian_scale,19,2.0,302.98771965358634,2.0,-0.9900986086055568,-1.3416065745194576,0.0,0.0,0.02107131074570565,0.02107131074570565,0,1,0.009901391394443237,ok
20.0,0.5,2.0,1.0,128.0,0.9,0.5,riemannian_scale,20,2.0,302.98771965358634,2.0,-0.9900986086055568,-1.3416065745194576,0.0,0.0,0.020067914995910142,0.020067914995910142,0,1,0.009901391394443237,ok
20.0,0.5,2.0,1.0,128.0,0.9,0.5,riemannian_scale,21,2.0,302.98771965358634,2.0,-0.9900986086055568,-1.3416065745194576,0.0,0.0,0.019155737041550592,0.019155737041550592,0,1,0.009901391394443237,ok
20.0,0.5,2.0,1.0,128.0,0.9,0.5,riemannian_scale,22,2.0,302.98771965358634,2.0,-0.9900986086055568,-1.3416065745194576,0.0,0.0,0.01832287890930926,0.01832287890930926,0,1,0.009901391394443237,ok
20.0,0.5,2.0,1.0,128.0,0.9,0.5,riemannian_scale,23,2.0,302.98771965358634,2.0,-0.9900986086055568,-1.3416065745194576,0.0,0.0,0.017559425621421373,0.017559425621421373,0,1,0.009901391394443237,ok
20.0,0.5,2.0,1.0,128.0,0.9,0.5,riemannian_scale,24,2.0,302.98771965358634,2.0,-0.9900986086055568,-1.3416065745194576,0.0,0.0,0.01685704859656452,0.01685704859656452,0,1,0.009901391394443237,ok
20.0,0.5,2.0,1.0,128.0,0.9,0.5,riemannian_scale,25,2.0,302.98771965358634,2.0,-0.9900986086055568,-1.3416065745194576,0.0,0.0,0.01620870057361973,0.01620870057361973,0,1,0.009901391394443237,ok
20.0,0.5,2.0,1.0,128.0,0.9,0.5,riemannian_scale,26,2.0,302.98771965358634,2.0,-0.9900986086055568,-1.3416065745194576,0.0,0.0,0.015608378330152332,0.015608378330152332,0,1,0.009901391394443237,ok
20.0,0.5,2.0,1.0,128.0,0.9,0.5,riemannian_scale,27,2.0,302.98771965358634,2.0,-0.9900986086055568,-1.3416065745194576,0.0,0.0,0.015050936246932605,0.015050936246932605,0,1,0.009901391394443237,ok
20.0,0.5,2.0,1.0,128.0,0.9,0.5,riemannian_scale,28,2.0,302.98771965358634,2.0,-0.9900986086055568,-1.3416065745194576,0.0,0.0,0.01453193844531424,0.01453193844531424,0,1,0.009901391394443237,ok
20.0,0.5,2.0,1.0,128.0,0.9,0.5,riemannian_scale,29,2.0,302.98771965358634,2.0,-0.9900986086055568,-1.3416065745194576,0.0,0.0,0.0140475404971371,0.0140475404971371,0,1,0.009901391394443237,ok
20.0,0.5,2.0,1.0,128.0,0.9,0.5,riemannian_scale,30,2.0,302.98771965358634,2.0,-0.9900986086055568,-1.3416065745194576,0.0,0.0,0.013594394029487514,0.013594394029487514,0,1,0.009901391394443237,ok
20.0,0.5,2.0,1.0,128.0,0.9,0.5,riemannian_scale,31,2.0,302.98771965358634,2.0,-0.9900986086055568,-1.3416065745194576,0.0,0.0,0.01316956921606603,0.01316956921606603,0,1,0.009901391394443237,ok
20.0,0.5,2.0,1.0,128.0,0.9,0.5,riemannian_scale,32,2.0,302.98771965358634,2.0,-0.9900986086055568,-1.3416065745194576,0.0,0.0,0.012770491361033727,0.012770491361033727,0,1,0.009901391394443237,ok
20.0,0.5,2.0,1.0,128.0,0.9,0.5,riemannian_scale,33,2.0,302.98771965358634,2.0,-0.9900986086055568,-1.3416065745194576,0.0,0.0,0.012394888673944499,0.012394888673944499,0,1,0.009901391394443237,ok
20.0,0.5,2.0,1.0,128.0,0.9,0.5,riemannian_scale,34,2.0,302.98771965358634,2.0,-0.9900986086055568,-1.3416065745194576,0.0,0.0,0.012040748997546084,0.012040748997546084,0,1,0.009901391394443237,ok
20.0,0.5,2.0,1.0,128.0,0.9,0.5,riemannian_scale,35,2.0,302.98771965358634,2.0,-0.9900986086055568,-1.3416065745194576,0.0,0.0,0.011706283747614248,0.011706283747614248,0,1,0.009901391394443237,ok
20.0,0.5,2.0,1.0,128.0,0.9,0.5,riemannian_scale,36,2.0,302.98771965358634,2.0,-0.9900986086055568,-1.3416065745194576,0.0,0.0,0.011389897700381433,0.011389897700381433,0,1,0.009901391394443237,ok
20.0,0.5,2.0,1.0,128.0,0.9,0.5,riemannian_scale,37,2.0,302.98771965358634,2.0,-0.9900986086055568,-1.3416065745194576,0.0,0.0,0.011090163550371393,0.011090163550371393,0,1,0.009901391394443237,ok
20.0,0.5,2.0,1.0,128.0,0.9,0.5,riemannian_scale,38,2.0,302.98771965358634,2.0,-0.9900986086055568,-1.3416065745194576,0.0,0.0,0.010805800382413152,0.010805800382413152,0,1,0.009901391394443237,ok
20.0,0.5,2.0,1.0,128.0,0.9,0.5,riemannian_scale,39,2.0,302.98771965358634,2.0,-0.9900986086055568,-1.3416065745194576,0.0,0.0,0.010535655372852825,0.010535655372852825,0,1,0.009901391394443237,ok
20.0,0.5,2.0,1.0,128.0,0.9,0.5,riemannian_scale,40,2.0,302.98771965358634,2.0,-0.9900986086055568,-1.3416065745194576,0.0,0.0,0.010278688168636902,0.010278688168636902,0,1,0.009901391394443237,ok
20.0,0.5,2.0,1.0,128.0,0.9,0.5,riemannian_scale,41,2.0,302.98771965358634,2.0,-0.9900986086055568,-1.3416065745194576,0.0,0.0,0.010033957497955071,0.010033957497955071,0,1,0.009901391394443237,ok
20.0,0.5,2.0,1.0,128.0,0.9,0.5,riemannian_scale,42,2.0,302.98771965358634,2.0,-0.9900986086055568,-1.3416065745194576,0.0,0.0,0.009800609649165418,0.009800609649165418,0,1,0.009901391394443237,ok
20.0,0.5,2.0,1.0,128.0,0.9,0.5,riemannian_scale,43,2.0,302.98771965358634,2.0,-0.9900986086055568,-1.3416065745194576,0.0,0.0,0.009577868520775296,0.009577868520775296,0,1,0.009901391394443237,ok
20.0,0.5,2.0,1.0,128.0,0.9,0.5,riemannian_scale,44,2.0,302.98771965358634,2.0,-0.9900986086055568,-1.3416065745194576,0.0,0.0,0.0093650269980914,0.0093650269980914,0,1,0.009901391394443237,ok
20.0,0.5,2.0,1.0,128.0,0.9,0.5,riemannian_scale,45,2.0,302.98771965358634,2.0,-0.9900986086055568,-1.3416065745194576,0.0,0.0,0.00916143945465463,0.00916143945465463,0,1,0.009901391394443237,ok
20.0,0.5,2.0,1.0,128.0,0.9,0.5,riemannian_scale,46,2.0,302.98771965358634,2.0,-0.9900986086055568,-1.3416065745194576,0.0,0.0,0.008966515210938573,0.008966515210938573,0,1,0.009901391394443237,ok
20.0,0.5,2.0,1.0,128.0,0.9,0.5,riemannian_scale,47,2.0,302.98771965358634,2.0,-0.9900986086055568,-1.3416065745194576,0.0,0.0,0.008779712810710686,0.008779712810710686,0,1,0.009901391394443237,ok
20.0,0.5,2.0,1.0,128.0,0.9,0.5,riemannian_scale,48,2.0,302.98771965358634,2.0,-0.9900986086055568,-1.3416065745194576,0.0,0.0,0.008600534998247204,0.008600534998247204,0,1,0.009901391394443237,ok
20.0,0.5,2.0,1.0,128.0,0.9,0.5,riemannian_scale,49,2.0,302.98771965358634,2.0,-0.9900986086055568,-1.3416065745194576,0.0,0.0,0.00842852429828226,0.00842852429828226,0,1,0.009901391394443237,ok
20.0,0.5,2.0,1.0,128.0,0.9,0.5,riemannian_scale,50,2.0,302.98771965358634,2.0,-0.9900986086055568,-1.3416065745194576,0.0,0.0,0.008263259115963,0.008263259115963,0,1,0.009901391394443237,ok
20.0,0.5,2.0,1.0,128.0,0.9,0.5,riemannian_scale,51,2.0,302.98771965358634,2.0,-0.9900986086055568,-1.3416065745194576,0.0,0.0,0.008104350286809866,0.008104350286809866,0,1,0.009901391394443237,ok
20.0,0.5,2.0,1.0,128.0,0.9,0.5,riemannian_scale,52,2.0,302.98771965358634,2.0,-0.9900986086055568,-1.3416065745194576,0.0,0.0,0.007951438017247413,0.007951438017247413,0,1,0.009901391394443237,ok
20.0,0.5,2.0,1.0,128.0,0.9,0.5,riemannian_scale,53,2.0,302.98771965358634,2.0,-0.9900986086055568,-1.3416065745194576,0.0,0.0,0.007804189165076166,0.007804189165076166,0,1,0.009901391394443237,ok
20.0,0.5,2.0,1.0,128.0,0.9,0.5,riemannian_scale,54,2.0,302.98771965358634,2.0,-0.9900986086055568,-1.3416065745194576,0.0,0.0,0.007662294816620236,0.007662294816620236,0,1,0.009901391394443237,ok
20.0,0.5,2.0,1.0,128.0,0.9,0.5,riemannian_scale,55,2.0,302.98771965358634,2.0,-0.9900986086055568,-1.3416065745194576,0.0,0.0,0.007525468123466303,0.007525468123466303,0,1,0.009901391394443237,ok
20.0,0.5,2.0,1.0,128.0,0.9,0.5,riemannian_scale,56,2.0,302.98771965358634,2.0,-0.9900986086055568,-1.3416065745194576,0.0,0.0,0.007393442366914262,0.007393442366914262,0,1,0.009901391394443237,ok
20.0,0.5,2.0,1.0,128.0,0.9,0.5,riemannian_scale,57,2.0,302.98771965358634,2.0,-0.9900986086055568,-1.3416065745194576,0.0,0.0,0.00726596922265712,0.00726596922265712,0,1,0.009901391394443237,ok
20.0,0.5,2.0,1.0,128.0,0.9,0.5,riemannian_scale,58,2.0,302.98771965358634,2.0,-0.9900986086055568,-1.3416065745194576,0.0,0.0,0.007142817201934118,0.007142817201934118,0,1,0.009901391394443237,ok
20.0,0.5,2.0,1.0,128.0,0.9,0.5,riemannian_scale,59,2.0,302.98771965358634,2.0,-0.9900986086055568,-1.3416065745194576,0.0,0.0,0.00702377024856855,0.00702377024856855,0,1,0.009901391394443237,ok
20.0,0.5,2.0,1.0,128.0,0.9,0.5,riemannian_scale,60,2.0,302.98771965358634,2.0,-0.9900986086055568,-1.3416065745194576,0.0,0.0,0.006908626474001853,0.006908626474001853,0,1,0.009901391394443237,ok
20.0,0.5,2.0,1.0,128.0,0.9,0.5,riemannian_scale,61,2.0,302.98771965358634,2.0,-0.9900986086055568,-1.3416065745194576,0.0,0.0,0.006797197014743757,0.006797197014743757,0,1,0.009901391394443237,ok
20.0,0.5,2.0,1.0,128.0,0.9,0.5,riemannian_scale,62,2.0,302.98771965358634,2.0,-0.9900986086055568,-1.3416065745194576,0.0,0.0,0.006689304998636713,0.006689304998636713,0,1,0.009901391394443237,ok
20.0,0.5,2.0,1.0,128.0,0.9,0.5,riemannian_scale,63,2.0,302.98771965358634,2.0,-0.9900986086055568,-1.3416065745194576,0.0,0.0,0.006584784608033015,0.006584784608033015,0,1,0.009901391394443237,ok
20.0,0.5,2.0,1.0,128.0,0.9,0.5,riemannian_scale,64,2.0,302.98771965358634,2.0,-0.9900986086055568,-1.3416065745194576,0.0,0.0,0.006483480229447892,0.006483480229447892,0,1,0.009901391394443237,ok
20.0,0.5,2.0,1.0,128.0,0.9,0.5,riemannian_scale,65,2.0,302.98771965358634,2.0,-0.9900986086055568,-1.3416065745194576,0.0,0.0,0.006385245680516864,0.006385245680516864,0,1,0.009901391394443237,ok
20.0,0.5,2.0,1.0,128.0,0.9,0.5,riemannian_scale,66,2.0,302.98771965358634,2.0,-0.9900986086055568,-1.3416065745194576,0.0,0.0,0.006289943506180791,0.006289943506180791,0,1,0.009901391394443237,ok
20.0,0.5,2.0,1.0,128.0,0.9,0.5,riemannian_scale,67,2.0,302.98771965358634,2.0,-0.9900986086055568,-1.3416065745194576,0.0,0.0,0.0061974443369722495,0.0061974443369722495,0,1,0.009901391394443237,ok
20.0,0.5,2.0,1.0,128.0,0.9,0.5,riemannian_scale,68,2.0,302.98771965358634,2.0,-0.9900986086055568,-1.3416065745194576,0.0,0.0,0.006107626303103087,0.006107626303103087,0,1,0.009901391394443237,ok
20.0,0.5,2.0,1.0,128.0,0.9,0.5,riemannian_scale,69,2.0,302.98771965358634,2.0,-0.9900986086055568,-1.3416065745194576,0.0,0.0,0.006020374498773042,0.006020374498773042,0,1,0.009901391394443237,ok
20.0,0.5,2.0,1.0,128.0,0.9,0.5,riemannian_scale,70,2.0,302.98771965358634,2.0,-0.9900986086055568,-1.3416065745194576,0.0,0.0,0.00593558049174807,0.00593558049174807,0,1,0.009901391394443237,ok
20.0,0.5,2.0,1.0,128.0,0.9,0.5,riemannian_scale,71,2.0,302.98771965358634,2.0,-0.9900986086055568,-1.3416065745194576,0.0,0.0,0.005853141873807124,0.005853141873807124,0,1,0.009901391394443237,ok
20.0,0.5,2.0,1.0,128.0,0.9,0.5,riemannian_scale,72,2.0,302.98771965358634,2.0,-0.9900986086055568,-1.3416065745194576,0.0,0.0,0.005772961848138533,0.005772961848138533,0,1,0.009901391394443237,ok
20.0,0.5,2.0,1.0,128.0,0.9,0.5,riemannian_scale,73,2.0,302.98771965358634,2.0,-0.9900986086055568,-1.3416065745194576,0.0,0.0,0.0056949488501907165,0.0056949488501907165,0,1,0.009901391394443237,ok
20.0,0.5,2.0,1.0,128.0,0.9,0.5,riemannian_scale,74,2.0,302.98771965358634,2.0,-0.9900986086055568,-1.3416065745194576,0.0,0.0,0.00561901619885484,0.00561901619885484,0,1,0.009901391394443237,ok
20.0,0.5,2.0,1.0,128.0,0.9,0.5,riemannian_scale,75,2.0,302.98771965358634,2.0,-0.9900986086055568,-1.3416065745194576,0.0,0.0,0.005545081775185696,0.005545081775185696,0,1,0.009901391394443237,ok
20.0,0.5,2.0,1.0,128.0,0.9,0.5,riemannian_scale,76,2.0,302.98771965358634,2.0,-0.9900986086055568,-1.3416065745194576,0.0,0.0,0.005473067726157312,0.005473067726157312,0,1,0.009901391394443237,ok
20.0,0.5,2.0,1.0,128.0,0.9,0.5,riemannian_scale,77,2.0,302.98771965358634,2.0,-0.9900986086055568,-1.3416065745194576,0.0,0.0,0.005402900191206576,0.005402900191206576,0,1,0.009901391394443237,ok
20.0,0.5,2.0,1.0,128.0,0.9,0.5,riemannian_scale,78,2.0,302.98771965358634,2.0,-0.9900986086055568,-1.3416065745194576,0.0,0.0,0.005334509049545734,0.005334509049545734,0,1,0.009901391394443237,ok
20.0,0.5,2.0,1.0,128.0,0.9,0.5,riemannian_scale,79,2.0,302.98771965358634,2.0,-0.9900986086055568,-1.3416065745194576,0.0,0.0,0.005267827686426412,0.005267827686426412,0,1,0.009901391394443237,ok
20.0,0.5,2.0,1.0,128.0,0.9,0.5,riemannian_scale,80,2.0,302.98771965358634,2.0,-0.9900986086055568,-1.3416065745194576,0.0,0.0,0.005202792776717444,0.005202792776717444,0,1,0.009901391394443237,ok
20.0,0.5,2.0,1.0,128.0,0.9,0.5,riemannian_scale,81,2.0,302.98771965358634,2.0,-0.9900986086055568,-1.3416065745194576,0.0,0.0,0.005139344084318451,0.005139344084318451,0,1,0.009901391394443237,ok
20.0,0.5,2.0,1.0,128.0,0.9,0.5,riemannian_scale,82,2.0,302.98771965358634,2.0,-0.9900986086055568,-1.3416065745194576,0.0,0.0,0.005077424276073651,0.005077424276073651,0,1,0.009901391394443237,ok
20.0,0.5,2.0,1.0,128.0,0.9,0.5,riemannian_scale,83,2.0,302.98771965358634,2.0,-0.9900986086055568,-1.3416065745194576,0.0,0.0,0.0050169787489775354,0.0050169787489775354,0,1,0.009901391394443237,ok
20.0,0.5,2.0,1.0,128.0,0.9,0.5,riemannian_scale,84,2.0,302.98771965358634,2.0,-0.9900986086055568,-1.3416065745194576,0.0,0.0,0.004957955469577799,0.004957955469577799,0,1,0.009901391394443237,ok
20.0,0.5,2.0,1.0,128.0,0.9,0.5,riemannian_scale,85,2.0,302.98771965358634,2.0,-0.9900986086055568,-1.3416065745194576,0.0,0.0,0.004900304824582709,0.004900304824582709,0,1,0.009901391394443237,ok
20.0,0.5,2.0,1.0,128.0,0.9,0.5,riemannian_scale,86,2.0,302.98771965358634,2.0,-0.9900986086055568,-1.3416065745194576,0.0,0.0,0.0048439794817714136,0.0048439794817714136,0,1,0.009901391394443237,ok
20.0,0.5,2.0,1.0,128.0,0.9,0.5,riemannian_scale,87,2.0,302.98771965358634,2.0,-0.9900986086055568,-1.3416065745194576,0.0,0.0,0.004788934260387648,0.004788934260387648,0,1,0.009901391394443237,ok
20.0,0.5,2.0,1.0,128.0,0.9,0.5,riemannian_scale,88,2.0,302.98771965358634,2.0,-0.9900986086055568,-1.3416065745194576,0.0,0.0,0.004735126010270932,0.004735126010270932,0,1,0.009901391394443237,ok
20.0,0.5,2.0,1.0,128.0,0.9,0.5,riemannian_scale,89,2.0,302.98771965358634,2.0,-0.9900986086055568,-1.3416065745194576,0.0,0.0,0.0046825134990457,0.0046825134990457,0,1,0.009901391394443237,ok
20.0,0.5,2.0,1.0,128.0,0.9,0.5,riemannian_scale,90,2.0,302.98771965358634,2.0,-0.9900986086055568,-1.3416065745194576,0.0,0.0,0.004631057306748495,0.004631057306748495,0,1,0.009901391394443237,ok
20.0,0.5,2.0,1.0,128.0,0.9,0.5,riemannian_scale,91,2.0,302.98771965358634,2.0,-0.9900986086055568,-1.3416065745194576,0.0,0.0,0.004580719727327315,0.004580719727327315,0,1,0.009901391394443237,ok
20.0,0.5,2.0,1.0,128.0,0.9,0.5,riemannian_scale,92,2.0,302.98771965358634,2.0,-0.9900986086055568,-1.3416065745194576,0.0,0.0,0.004531464676495839,0.004531464676495839,0,1,0.009901391394443237,ok
20.0,0.5,2.0,1.0,128.0,0.9,0.5,riemannian_scale,93,2.0,302.98771965358634,2.0,-0.9900986086055568,-1.3416065745194576,0.0,0.0,0.004483257605469287,0.004483257605469287,0,1,0.009901391394443237,ok
20.0,0.5,2.0,1.0,128.0,0.9,0.5,riemannian_scale,94,2.0,302.98771965358634,2.0,-0.9900986086055568,-1.3416065745194576,0.0,0.0,0.004436065420148558,0.004436065420148558,0,1,0.009901391394443237,ok
20.0,0.5,2.0,1.0,128.0,0.9,0.5,riemannian_scale,95,2.0,302.98771965358634,2.0,-0.9900986086055568,-1.3416065745194576,0.0,0.0,0.004389856405355343,0.004389856405355343,0,1,0.009901391394443237,ok
20.0,0.5,2.0,1.0,128.0,0.9,0.5,riemannian_scale,96,2.0,302.98771965358634,2.0,-0.9900986086055568,-1.3416065745194576,0.0,0.0,0.004344600153753742,0.004344600153753742,0,1,0.009901391394443237,ok
20.0,0.5,2.0,1.0,128.0,0.9,0.5,riemannian_scale,97,2.0,302.98771965358634,2.0,-0.9900986086055568,-1.3416065745194576,0.0,0.0,0.004300267499123602,0.004300267499123602,0,1,0.009901391394443237,ok
20.0,0.5,2.0,1.0,128.0,0.9,0.5,riemannian_scale,98,2.0,302.98771965358634,2.0,-0.9900986086055568,-1.3416065745194576,0.0,0.0,0.004256830453677909,0.004256830453677909,0,1,0.009901391394443237,ok
20.0,0.5,2.0,1.0,128.0,0.9,0.5,riemannian_scale,99,2.0,302.98771965358634,2.0,-0.9900986086055568,-1.3416065745194576,0.0,0.0,0.00421426214914113,0.00421426214914113,0,1,0.009901391394443237,ok
20.0,0.5,2.0,1.0,128.0,0.9,0.5,riemannian_scale,100,2.0,302.98771965358634,2.0,-0.9900986086055568,-1.3416065745194576,0.0,0.0,0.0041725367813278515,0.0041725367813278515,0,1,0.009901391394443237,ok
20.0,0.5,2.0,1.0,128.0,0.9,0.5,riemannian_scale,101,2.0,302.98771965358634,2.0,-0.9900986086055568,-1.3416065745194576,0.0,0.0,0.0041316295579815,0.0041316295579815,0,1,0.009901391394443237,ok
20.0,0.5,2.0,1.0,128.0,0.9,0.5,riemannian_scale,102,2.0,302.98771965358634,2.0,-0.9900986086055568,-1.3416065745194576,0.0,0.0,0.0040915166496515816,0.0040915166496515816,0,1,0.009901391394443237,ok
20.0,0.5,2.0,1.0,128.0,0.9,0.5,riemannian_scale,103,2.0,302.98771965358634,2.0,-0.9900986086055568,-1.3416065745194576,0.0,0.0,0.004052175143404933,0.004052175143404933,0,1,0.009901391394443237,ok
20.0,0.5,2.0,1.0,128.0,0.9,0.5,riemannian_scale,104,2.0,302.98771965358634,2.0,-0.9900986086055568,-1.3416065745194576,0.0,0.0,0.004013582999182029,0.004013582999182029,0,1,0.009901391394443237,ok
20.0,0.5,2.0,1.0,128.0,0.9,0.5,riemannian_scale,105,2.0,302.98771965358634,2.0,-0.9900986086055568,-1.3416065745194576,0.0,0.0,0.003975719008623707,0.003975719008623707,0,1,0.009901391394443237,ok
20.0,0.5,2.0,1.0,128.0,0.9,0.5,riemannian_scale,106,2.0,302.98771965358634,2.0,-0.9900986086055568,-1.3416065745194576,0.0,0.0,0.003938562756206663,0.003938562756206663,0,1,0.009901391394443237,ok
20.0,0.5,2.0,1.0,128.0,0.9,0.5,riemannian_scale,107,2.0,302.98771965358634,2.0,-0.9900986086055568,-1.3416065745194576,0.0,0.0,0.003902094582538083,0.003902094582538083,0,1,0.009901391394443237,ok
20.0,0.5,2.0,1.0,128.0,0.9,0.5,riemannian_scale,108,2.0,302.98771965358634,2.0,-0.9900986086055568,-1.3416065745194576,0.0,0.0,0.0038662955496707612,0.0038662955496707612,0,1,0.009901391394443237,ok
20.0,0.5,2.0,1.0,128.0,0.9,0.5,riemannian_scale,109,2.0,302.98771965358634,2.0,-0.9900986086055568,-1.3416065745194576,0.0,0.0,0.003831147408310118,0.003831147408310118,0,1,0.009901391394443237,ok
20.0,0.5,2.0,1.0,128.0,0.9,0.5,riemannian_scale,110,2.0,302.98771965358634,2.0,-0.9900986086055568,-1.3416065745194576,0.0,0.0,0.0037966325667938105,0.0037966325667938105,0,1,0.009901391394443237,ok
20.0,0.5,2.0,1.0,128.0,0.9,0.5,riemannian_scale,111,2.0,302.98771965358634,2.0,-0.9900986086055568,-1.3416065745194576,0.0,0.0,0.0037627340617331514,0.0037627340617331514,0,1,0.009901391394443237,ok
20.0,0.5,2.0,1.0,128.0,0.9,0.5,riemannian_scale,112,2.0,302.98771965358634,2.0,-0.9900986086055568,-1.3416065745194576,0.0,0.0,0.003729435530213389,0.003729435530213389,0,1,0.009901391394443237,ok
20.0,0.5,2.0,1.0,128.0,0.9,0.5,riemannian_scale,113,2.0,302.98771965358634,2.0,-0.9900986086055568,-1.3416065745194576,0.0,0.0,0.003696721183457131,0.003696721183457131,0,1,0.009901391394443237,ok
20.0,0.5,2.0,1.0,128.0,0.9,0.5,riemannian_scale,114,2.0,302.98771965358634,2.0,-0.9900986086055568,-1.3416065745194576,0.0,0.0,0.003664575781861852,0.003664575781861852,0,1,0.009901391394443237,ok
20.0,0.5,2.0,1.0,128.0,0.9,0.5,riemannian_scale,115,2.0,302.98771965358634,2.0,-0.9900986086055568,-1.3416065745194576,0.0,0.0,0.00363298461132856,0.00363298461132856,0,1,0.009901391394443237,ok
20.0,0.5,2.0,1.0,128.0,0.9,0.5,riemannian_scale,116,2.0,302.98771965358634,2.0,-0.9900986086055568,-1.3416065745194576,0.0,0.0,0.0036019334608043845,0.0036019334608043845,0,1,0.009901391394443237,ok
20.0,0.5,2.0,1.0,128.0,0.9,0.5,riemannian_scale,117,2.0,302.98771965358634,2.0,-0.9900986086055568,-1.3416065745194576,0.0,0.0,0.003571408600967059,0.003571408600967059,0,1,0.009901391394443237,ok
20.0,0.5,2.0,1.0,128.0,0.9,0.5,riemannian_scale,118,2.0,302.98771965358634,2.0,-0.9900986086055568,-1.3416065745194576,0.0,0.0,0.0035413967639841425,0.0035413967639841425,0,1,0.009901391394443237,ok
20.0,0.5,2.0,1.0,128.0,0.9,0.5,riemannian_scale,119,2.0,302.98771965358634,2.0,-0.9900986086055568,-1.3416065745194576,0.0,0.0,0.003511885124284275,0.003511885124284275,0,1,0.009901391394443237,ok
20.0,0.5,2.0,1.0,128.0,0.9,0.5,riemannian_scale,120,2.0,302.98771965358634,2.0,-0.9900986086055568,-1.3416065745194576,0.0,0.0,0.0034828612802819256,0.0034828612802819256,0,1,0.009901391394443237,ok
20.0,0.5,2.0,1.0,128.0,0.9,0.5,riemannian_scale,121,2.0,302.98771965358634,2.0,-0.9900986086055568,-1.3416065745194576,0.0,0.0,0.0034543132370009264,0.0034543132370009264,0,1,0.009901391394443237,ok
20.0,0.5,2.0,1.0,128.0,0.9,0.5,riemannian_scale,122,2.0,302.98771965358634,2.0,-0.9900986086055568,-1.3416065745194576,0.0,0.0,0.0034262293895456343,0.0034262293895456343,0,1,0.009901391394443237,ok
20.0,0.5,2.0,1.0,128.0,0.9,0.5,riemannian_scale,123,2.0,302.98771965358634,2.0,-0.9900986086055568,-1.3416065745194576,0.0,0.0,0.0033985985073718785,0.0033985985073718785,0,1,0.009901391394443237,ok
20.0,0.5,2.0,1.0,128.0,0.9,0.5,riemannian_scale,124,2.0,302.98771965358634,2.0,-0.9900986086055568,-1.3416065745194576,0.0,0.0,0.003371409719312904,0.003371409719312904,0,1,0.009901391394443237,ok
20.0,0.5,2.0,1.0,128.0,0.9,0.5,riemannian_scale,125,2.0,302.98771965358634,2.0,-0.9900986086055568,-1.3416065745194576,0.0,0.0,0.0033446524993183567,0.0033446524993183567,0,1,0.009901391394443237,ok
20.0,0.5,2.0,1.0,128.0,0.9,0.5,riemannian_scale,126,2.0,302.98771965358634,2.0,-0.9900986086055568,-1.3416065745194576,0.0,0.0,0.0033183166528670312,0.0033183166528670312,0,1,0.009901391394443237,ok
20.0,0.5,2.0,1.0,128.0,0.9,0.5,riemannian_scale,127,2.0,302.98771965358634,2.0,-0.9900986086055568,-1.3416065745194576,0.0,0.0,0.0032923923040165076,0.0032923923040165076,0,1,0.009901391394443237,ok
20.0,0.5,2.0,1.0,128.0,0.9,0.5,riemannian_scale,128,2.0,302.98771965358634,2.0,-0.9900986086055568,-1.3416065745194576,0.0,0.0,0.0032668698830551394,0.0032668698830551394,0,1,0.009901391394443237,ok
20.0,0.5,2.0,1.0,128.0,0.9,0.5,riemannian_scale,129,2.0,302.98771965358634,2.0,-0.9900986086055568,-1.3416065745194576,0.0,0.0,0.003241740114723946,0.003241740114723946,0,1,0.009901391394443237,ok
20.0,0.5,2.0,1.0,128.0,0.9,0.5,riemannian_scale,130,2.0,302.98771965358634,2.0,-0.9900986086055568,-1.3416065745194576,0.0,0.0,0.0032169940069779615,0.0032169940069779615,0,1,0.009901391394443237,ok
20.0,0.5,2.0,1.0,128.0,0.9,0.5,riemannian_scale,131,2.0,302.98771965358634,2.0,-0.9900986086055568,-1.3416065745194576,0.0,0.0,0.003192622840258432,0.003192622840258432,0,1,0.009901391394443237,ok
20.0,0.5,2.0,1.0,128.0,0.9,0.5,riemannian_scale,132,2.0,302.98771965358634,2.0,-0.9900986086055568,-1.3416065745194576,0.0,0.0,0.0031686181572489697,0.0031686181572489697,0,1,0.009901391394443237,ok
20.0,0.5,2.0,1.0,128.0,0.9,0.5,riemannian_scale,133,2.0,302.98771965358634,2.0,-0.9900986086055568,-1.3416065745194576,0.0,0.0,0.0031449717530903955,0.0031449717530903955,0,1,0.009901391394443237,ok
20.0,0.5,2.0,1.0,128.0,0.9,0.5,riemannian_scale,134,2.0,302.98771965358634,2.0,-0.9900986086055568,-1.3416065745194576,0.0,0.0,0.0031216756660304664,0.0031216756660304664,0,1,0.009901391394443237,ok
20.0,0.5,2.0,1.0,128.0,0.9,0.5,riemannian_scale,135,2.0,302.98771965358634,2.0,-0.9900986086055568,-1.3416065745194576,0.0,0.0,0.0030987221684861247,0.0030987221684861247,0,1,0.009901391394443237,ok
20.0,0.5,2.0,1.0,128.0,0.9,0.5,riemannian_scale,136,2.0,302.98771965358634,2.0,-0.9900986086055568,-1.3416065745194576,0.0,0.0,0.003076103758497175,0.003076103758497175,0,1,0.009901391394443237,ok
20.0,0.5,2.0,1.0,128.0,0.9,0.5,riemannian_scale,137,2.0,302.98771965358634,2.0,-0.9900986086055568,-1.3416065745194576,0.0,0.0,0.0030538131515515433,0.0030538131515515433,0,1,0.009901391394443237,ok
20.0,0.5,2.0,1.0,128.0,0.9,0.5,riemannian_scale,138,2.0,302.98771965358634,2.0,-0.9900986086055568,-1.3416065745194576,0.0,0.0,0.003031843272763403,0.003031843272763403,0,1,0.009901391394443237,ok
20.0,0.5,2.0,1.0,128.0,0.9,0.5,riemannian_scale,139,2.0,302.98771965358634,2.0,-0.9900986086055568,-1.3416065745194576,0.0,0.0,0.003010187249386521,0.003010187249386521,0,1,0.009901391394443237,ok
20.0,0.5,2.0,1.0,128.0,0.9,0.5,riemannian_scale,140,2.0,302.98771965358634,2.0,-0.9900986086055568,-1.3416065745194576,0.0,0.0,0.0029888384036461913,0.0029888384036461913,0,1,0.009901391394443237,ok
20.0,0.5,2.0,1.0,128.0,0.9,0.5,riemannian_scale,141,2.0,302.98771965358634,2.0,-0.9900986086055568,-1.3416065745194576,0.0,0.0,0.002967790245874035,0.002967790245874035,0,1,0.009901391394443237,ok
20.0,0.5,2.0,1.0,128.0,0.9,0.5,riemannian_scale,142,2.0,302.98771965358634,2.0,-0.9900986086055568,-1.3416065745194576,0.0,0.0,0.00294703646793086,0.00294703646793086,0,1,0.009901391394443237,ok
20.0,0.5,2.0,1.0,128.0,0.9,0.5,riemannian_scale,143,2.0,302.98771965358634,2.0,-0.9900986086055568,-1.3416065745194576,0.0,0.0,0.002926570936903562,0.002926570936903562,0,1,0.009901391394443237,ok
20.0,0.5,2.0,1.0,128.0,0.9,0.5,riemannian_scale,144,2.0,302.98771965358634,2.0,-0.9900986086055568,-1.3416065745194576,0.0,0.0,0.002906387689062848,0.002906387689062848,0,1,0.009901391394443237,ok
20.0,0.5,2.0,1.0,128.0,0.9,0.5,riemannian_scale,145,2.0,302.98771965358634,2.0,-0.9900986086055568,-1.3416065745194576,0.0,0.0,0.0028864809240692667,0.0028864809240692667,0,1,0.009901391394443237,ok
20.0,0.5,2.0,1.0,128.0,0.9,0.5,riemannian_scale,146,2.0,302.98771965358634,2.0,-0.9900986086055568,-1.3416065745194576,0.0,0.0,0.0028668449994157345,0.0028668449994157345,0,1,0.009901391394443237,ok
20.0,0.5,2.0,1.0,128.0,0.9,0.5,riemannian_scale,147,2.0,302.98771965358634,2.0,-0.9900986086055568,-1.3416065745194576,0.0,0.0,0.0028474744250953582,0.0028474744250953582,0,1,0.009901391394443237,ok
20.0,0.5,2.0,1.0,128.0,0.9,0.5,riemannian_scale,148,2.0,302.98771965358634,2.0,-0.9900986086055568,-1.3416065745194576,0.0,0.0,0.0028283638584839796,0.0028283638584839796,0,1,0.009901391394443237,ok
20.0,0.5,2.0,1.0,128.0,0.9,0.5,riemannian_scale,149,2.0,302.98771965358634,2.0,-0.9900986086055568,-1.3416065745194576,0.0,0.0,0.00280950809942742,0.00280950809942742,0,1,0.009901391394443237,ok
20.0,0.5,2.0,1.0,128.0,0.9,0.5,riemannian_scale,150,2.0,302.98771965358634,2.0,-0.9900986086055568,-1.3416065745194576,0.0,0.0,0.002790902085523927,0.002790902085523927,0,1,0.009901391394443237,ok
20.0,0.5,2.0,1.0,128.0,0.9,0.5,riemannian_scale,151,2.0,302.98771965358634,2.0,-0.9900986086055568,-1.3416065745194576,0.0,0.0,0.002772540887592848,0.002772540887592848,0,1,0.009901391394443237,ok
20.0,0.5,2.0,1.0,128.0,0.9,0.5,riemannian_scale,152,2.0,302.98771965358634,2.0,-0.9900986086055568,-1.3416065745194576,0.0,0.0,0.002754419705321,0.002754419705321,0,1,0.009901391394443237,ok
20.0,0.5,2.0,1.0,128.0,0.9,0.5,riemannian_scale,153,2.0,302.98771965358634,2.0,-0.9900986086055568,-1.3416065745194576,0.0,0.0,0.002736533863078656,0.002736533863078656,0,1,0.009901391394443237,ok
20.0,0.5,2.0,1.0,128.0,0.9,0.5,riemannian_scale,154,2.0,302.98771965358634,2.0,-0.9900986086055568,-1.3416065745194576,0.0,0.0,0.002718878805897503,0.002718878805897503,0,1,0.009901391394443237,ok
20.0,0.5,2.0,1.0,128.0,0.9,0.5,riemannian_scale,155,2.0,302.98771965358634,2.0,-0.9900986086055568,-1.3416065745194576,0.0,0.0,0.002701450095603288,0.002701450095603288,0,1,0.009901391394443237,ok
20.0,0.5,2.0,1.0,128.0,0.9,0.5,riemannian_scale,156,2.0,302.98771965358634,2.0,-0.9900986086055568,-1.3416065745194576,0.0,0.0,0.002684243407096261,0.002684243407096261,0,1,0.009901391394443237,ok
20.0,0.5,2.0,1.0,128.0,0.9,0.5,riemannian_scale,157,2.0,302.98771965358634,2.0,-0.9900986086055568,-1.3416065745194576,0.0,0.0,0.002667254524772867,0.002667254524772867,0,1,0.009901391394443237,ok
20.0,0.5,2.0,1.0,128.0,0.9,0.5,riemannian_scale,158,2.0,302.98771965358634,2.0,-0.9900986086055568,-1.3416065745194576,0.0,0.0,0.0026504793390824716,0.0026504793390824716,0,1,0.009901391394443237,ok
20.0,0.5,2.0,1.0,128.0,0.9,0.5,riemannian_scale,159,2.0,302.98771965358634,2.0,-0.9900986086055568,-1.3416065745194576,0.0,0.0,0.002633913843213206,0.002633913843213206,0,1,0.009901391394443237,ok
20.0,0.5,2.0,1.0,128.0,0.9,0.5,riemannian_scale,160,2.0,302.98771965358634,2.0,-0.9900986086055568,-1.3416065745194576,0.0,0.0,0.0026175541299013226,0.0026175541299013226,0,1,0.009901391394443237,ok
20.0,0.5,2.0,1.0,128.0,0.9,0.5,riemannian_scale,161,2.0,302.98771965358634,2.0,-0.9900986086055568,-1.3416065745194576,0.0,0.0,0.002601396388358722,0.002601396388358722,0,1,0.009901391394443237,ok
20.0,0.5,2.0,1.0,128.0,0.9,0.5,riemannian_scale,162,2.0,302.98771965358634,2.0,-0.9900986086055568,-1.3416065745194576,0.0,0.0,0.0025854369013135767,0.0025854369013135767,0,1,0.009901391394443237,ok
20.0,0.5,2.0,1.0,128.0,0.9,0.5,riemannian_scale,163,2.0,302.98771965358634,2.0,-0.9900986086055568,-1.3416065745194576,0.0,0.0,0.0025696720421592256,0.0025696720421592256,0,1,0.009901391394443237,ok
20.0,0.5,2.0,1.0,128.0,0.9,0.5,riemannian_scale,164,2.0,302.98771965358634,2.0,-0.9900986086055568,-1.3416065745194576,0.0,0.0,0.0025540982722067453,0.0025540982722067453,0,1,0.009901391394443237,ok
20.0,0.5,2.0,1.0,128.0,0.9,0.5,riemannian_scale,165,2.0,302.98771965358634,2.0,-0.9900986086055568,-1.3416065745194576,0.0,0.0,0.0025387121380368253,0.0025387121380368253,0,1,0.009901391394443237,ok
20.0,0.5,2.0,1.0,128.0,0.9,0.5,riemannian_scale,166,2.0,302.98771965358634,2.0,-0.9900986086055568,-1.3416065745194576,0.0,0.0,0.0025235102689467846,0.0025235102689467846,0,1,0.009901391394443237,ok
20.0,0.5,2.0,1.0,128.0,0.9,0.5,riemannian_scale,167,2.0,302.98771965358634,2.0,-0.9900986086055568,-1.3416065745194576,0.0,0.0,0.0025084893744887677,0.0025084893744887677,0,1,0.009901391394443237,ok
20.0,0.5,2.0,1.0,128.0,0.9,0.5,riemannian_scale,168,2.0,302.98771965358634,2.0,-0.9900986086055568,-1.3416065745194576,0.0,0.0,0.002493646242095343,0.002493646242095343,0,1,0.009901391394443237,ok
20.0,0.5,2.0,1.0,128.0,0.9,0.5,riemannian_scale,169,2.0,302.98771965358634,2.0,-0.9900986086055568,-1.3416065745194576,0.0,0.0,0.0024789777347888997,0.0024789777347888997,0,1,0.009901391394443237,ok
20.0,0.5,2.0,1.0,128.0,0.9,0.5,riemannian_scale,170,2.0,302.98771965358634,2.0,-0.9900986086055568,-1.3416065745194576,0.0,0.0,0.0024644807889714205,0.0024644807889714205,0,1,0.009901391394443237,ok
20.0,0.5,2.0,1.0,128.0,0.9,0.5,riemannian_scale,171,2.0,302.98771965358634,2.0,-0.9900986086055568,-1.3416065745194576,0.0,0.0,0.0024501524122913544,0.0024501524122913544,0,1,0.009901391394443237,ok
20.0,0.5,2.0,1.0,128.0,0.9,0.5,riemannian_scale,172,2.0,302.98771965358634,2.0,-0.9900986086055568,-1.3416065745194576,0.0,0.0,0.002435989681584468,0.002435989681584468,0,1,0.009901391394443237,ok
20.0,0.5,2.0,1.0,128.0,0.9,0.5,riemannian_scale,173,2.0,302.98771965358634,2.0,-0.9900986086055568,-1.3416065745194576,0.0,0.0,0.0024219897408857068,0.0024219897408857068,0,1,0.009901391394443237,ok
20.0,0.5,2.0,1.0,128.0,0.9,0.5,riemannian_scale,174,2.0,302.98771965358634,2.0,-0.9900986086055568,-1.3416065745194576,0.0,0.0,0.002408149799509217,0.002408149799509217,0,1,0.009901391394443237,ok
20.0,0.5,2.0,1.0,128.0,0.9,0.5,riemannian_scale,175,2.0,302.98771965358634,2.0,-0.9900986086055568,-1.3416065745194576,0.0,0.0,0.002394467130193824,0.002394467130193824,0,1,0.009901391394443237,ok
20.0,0.5,2.0,1.0,128.0,0.9,0.5,riemannian_scale,176,2.0,302.98771965358634,2.0,-0.9900986086055568,-1.3416065745194576,0.0,0.0,0.0023809390673113725,0.0023809390673113725,0,1,0.009901391394443237,ok
20.0,0.5,2.0,1.0,128.0,0.9,0.5,riemannian_scale,177,2.0,302.98771965358634,2.0,-0.9900986086055568,-1.3416065745194576,0.0,0.0,0.002367563005135466,0.002367563005135466,0,1,0.009901391394443237,ok
20.0,0.5,2.0,1.0,128.0,0.9,0.5,riemannian_scale,178,2.0,302.98771965358634,2.0,-0.9900986086055568,-1.3416065745194576,0.0,0.0,0.002354336396168229,0.002354336396168229,0,1,0.009901391394443237,ok
20.0,0.5,2.0,1.0,128.0,0.9,0.5,riemannian_scale,179,2.0,302.98771965358634,2.0,-0.9900986086055568,-1.3416065745194576,0.0,0.0,0.00234125674952285,0.00234125674952285,0,1,0.009901391394443237,ok
20.0,0.5,2.0,1.0,128.0,0.9,0.5,riemannian_scale,180,2.0,302.98771965358634,2.0,-0.9900986086055568,-1.3416065745194576,0.0,0.0,0.00232832162935974,0.00232832162935974,0,1,0.009901391394443237,ok
20.0,0.5,2.0,1.0,128.0,0.9,0.5,riemannian_scale,181,2.0,302.98771965358634,2.0,-0.9900986086055568,-1.3416065745194576,0.0,0.0,0.0023155286533742474,0.0023155286533742474,0,1,0.009901391394443237,ok
20.0,0.5,2.0,1.0,128.0,0.9,0.5,riemannian_scale,182,2.0,302.98771965358634,2.0,-0.9900986086055568,-1.3416065745194576,0.0,0.0,0.0023028754913339508,0.0023028754913339508,0,1,0.009901391394443237,ok
20.0,0.5,2.0,1.0,128.0,0.9,0.5,riemannian_scale,183,2.0,302.98771965358634,2.0,-0.9900986086055568,-1.3416065745194576,0.0,0.0,0.0022903598636636576,0.0022903598636636576,0,1,0.009901391394443237,ok
20.0,0.5,2.0,1.0,128.0,0.9,0.5,riemannian_scale,184,2.0,302.98771965358634,2.0,-0.9900986086055568,-1.3416065745194576,0.0,0.0,0.0022779795400762865,0.0022779795400762865,0,1,0.009901391394443237,ok
20.0,0.5,2.0,1.0,128.0,0.9,0.5,riemannian_scale,185,2.0,302.98771965358634,2.0,-0.9900986086055568,-1.3416065745194576,0.0,0.0,0.0022657323382479196,0.0022657323382479196,0,1,0.009901391394443237,ok
20.0,0.5,2.0,1.0,128.0,0.9,0.5,riemannian_scale,186,2.0,302.98771965358634,2.0,-0.9900986086055568,-1.3416065745194576,0.0,0.0,0.0022536161225353633,0.0022536161225353633,0,1,0.009901391394443237,ok
20.0,0.5,2.0,1.0,128.0,0.9,0.5,riemannian_scale,187,2.0,302.98771965358634,2.0,-0.9900986086055568,-1.3416065745194576,0.0,0.0,0.0022416288027346434,0.0022416288027346434,0,1,0.009901391394443237,ok
20.0,0.5,2.0,1.0,128.0,0.9,0.5,riemannian_scale,188,2.0,302.98771965358634,2.0,-0.9900986086055568,-1.3416065745194576,0.0,0.0,0.0022297683328789046,0.0022297683328789046,0,1,0.009901391394443237,ok
20.0,0.5,2.0,1.0,128.0,0.9,0.5,riemannian_scale,189,2.0,302.98771965358634,2.0,-0.9900986086055568,-1.3416065745194576,0.0,0.0,0.002218032710074279,0.002218032710074279,0,1,0.009901391394443237,ok
20.0,0.5,2.0,1.0,128.0,0.9,0.5,riemannian_scale,190,2.0,302.98771965358634,2.0,-0.9900986086055568,-1.3416065745194576,0.0,0.0,0.002206419973372319,0.002206419973372319,0,1,0.009901391394443237,ok
20.0,0.5,2.0,1.0,128.0,0.9,0.5,riemannian_scale,191,2.0,302.98771965358634,2.0,-0.9900986086055568,-1.3416065745194576,0.0,0.0,0.0021949282026776716,0.0021949282026776716,0,1,0.009901391394443237,ok
20.0,0.5,2.0,1.0,128.0,0.9,0.5,riemannian_scale,192,2.0,302.98771965358634,2.0,-0.9900986086055568,-1.3416065745194576,0.0,0.0,0.0021835555176897047,0.0021835555176897047,0,1,0.009901391394443237,ok
20.0,0.5,2.0,1.0,128.0,0.9,0.5,riemannian_scale,193,2.0,302.98771965358634,2.0,-0.9900986086055568,-1.3416065745194576,0.0,0.0,0.002172300076876871,0.002172300076876871,0,1,0.009901391394443237,ok
20.0,0.5,2.0,1.0,128.0,0.9,0.5,riemannian_scale,194,2.0,302.98771965358634,2.0,-0.9900986086055568,-1.3416065745194576,0.0,0.0,0.0021611600764826306,0.0021611600764826306,0,1,0.009901391394443237,ok
20.0,0.5,2.0,1.0,128.0,0.9,0.5,riemannian_scale,195,2.0,302.98771965358634,2.0,-0.9900986086055568,-1.3416065745194576,0.0,0.0,0.002150133749561801,0.002150133749561801,0,1,0.009901391394443237,ok
20.0,0.5,2.0,1.0,128.0,0.9,0.5,riemannian_scale,196,2.0,302.98771965358634,2.0,-0.9900986086055568,-1.3416065745194576,0.0,0.0,0.0021392193650462588,0.0021392193650462588,0,1,0.009901391394443237,ok
20.0,0.5,2.0,1.0,128.0,0.9,0.5,riemannian_scale,197,2.0,302.98771965358634,2.0,-0.9900986086055568,-1.3416065745194576,0.0,0.0,0.0021284152268389546,0.0021284152268389546,0,1,0.009901391394443237,ok
20.0,0.5,2.0,1.0,128.0,0.9,0.5,riemannian_scale,198,2.0,302.98771965358634,2.0,-0.9900986086055568,-1.3416065745194576,0.0,0.0,0.002117719672935241,0.002117719672935241,0,1,0.009901391394443237,ok
20.0,0.5,2.0,1.0,128.0,0.9,0.5,riemannian_scale,199,2.0,302.98771965358634,2.0,-0.9900986086055568,-1.3416065745194576,0.0,0.0,0.002107131074570565,0.002107131074570565,0,1,0.009901391394443237,ok
20.0,0.5,2.0,1.0,128.0,0.9,0.5,riemannian_scale,200,2.0,302.98771965358634,2.0,-0.9900986086055568,-1.3416065745194576,0.0,0.0,0.002096647835393597,0.002096647835393597,0,1,0.009901391394443237,ok
20.0,0.5,2.0,1.0,128.0,0.9,0.5,riemannian_scale,201,2.0,302.98771965358634,2.0,-0.9900986086055568,-1.3416065745194576,0.0,0.0,0.0020862683906639258,0.0020862683906639258,0,1,0.009901391394443237,ok
20.0,0.5,2.0,1.0,128.0,0.9,0.5,riemannian_scale,202,2.0,302.98771965358634,2.0,-0.9900986086055568,-1.3416065745194576,0.0,0.0,0.002075991206473463,0.002075991206473463,0,1,0.009901391394443237,ok
20.0,0.5,2.0,1.0,128.0,0.9,0.5,riemannian_scale,203,2.0,302.98771965358634,2.0,-0.9900986086055568,-1.3416065745194576,0.0,0.0,0.00206581477899075,0.00206581477899075,0,1,0.009901391394443237,ok
20.0,0.5,2.0,1.0,128.0,0.9,0.5,riemannian_scale,204,2.0,302.98771965358634,2.0,-0.9900986086055568,-1.3416065745194576,0.0,0.0,0.0020557376337273802,0.0020557376337273802,0,1,0.009901391394443237,ok
20.0,0.5,2.0,1.0,128.0,0.9,0.5,riemannian_scale,205,2.0,302.98771965358634,2.0,-0.9900986086055568,-1.3416065745194576,0.0,0.0,0.0020457583248257908,0.0020457583248257908,0,1,0.009901391394443237,ok
20.0,0.5,2.0,1.0,128.0,0.9,0.5,riemannian_scale,206,2.0,302.98771965358634,2.0,-0.9900986086055568,-1.3416065745194576,0.0,0.0,0.0020358754343676954,0.0020358754343676954,0,1,0.009901391394443237,ok
20.0,0.5,2.0,1.0,128.0,0.9,0.5,riemannian_scale,207,2.0,302.98771965358634,2.0,-0.9900986086055568,-1.3416065745194576,0.0,0.0,0.0020260875717024664,0.0020260875717024664,0,1,0.009901391394443237,ok
20.0,0.5,2.0,1.0,128.0,0.9,0.5,riemannian_scale,208,2.0,302.98771965358634,2.0,-0.9900986086055568,-1.3416065745194576,0.0,0.0,0.002016393372794799,0.002016393372794799,0,1,0.009901391394443237,ok
20.0,0.5,2.0,1.0,128.0,0.9,0.5,riemannian_scale,209,2.0,302.98771965358634,2.0,-0.9900986086055568,-1.3416065745194576,0.0,0.0,0.0020067914995910143,0.0020067914995910143,0,1,0.009901391394443237,ok
20.0,0.5,2.0,1.0,128.0,0.9,0.5,riemannian_scale,210,2.0,302.98771965358634,2.0,-0.9900986086055568,-1.3416065745194576,0.0,0.0,0.0019972806394033794,0.0019972806394033794,0,1,0.009901391394443237,ok
20.0,0.5,2.0,1.0,128.0,0.9,0.5,riemannian_scale,211,2.0,302.98771965358634,2.0,-0.9900986086055568,-1.3416065745194576,0.0,0.0,0.0019878595043118534,0.0019878595043118534,0,1,0.009901391394443237,ok
20.0,0.5,2.0,1.0,128.0,0.9,0.5,riemannian_scale,212,2.0,302.98771965358634,2.0,-0.9900986086055568,-1.3416065745194576,0.0,0.0,0.00197852683058269,0.00197852683058269,0,1,0.009901391394443237,ok
20.0,0.5,2.0,1.0,128.0,0.9,0.5,riemannian_scale,213,2.0,302.98771965358634,2.0,-0.9900986086055568,-1.3416065745194576,0.0,0.0,0.0019692813781033314,0.0019692813781033314,0,1,0.009901391394443237,ok
20.0,0.5,2.0,1.0,128.0,0.9,0.5,riemannian_scale,214,2.0,302.98771965358634,2.0,-0.9900986086055568,-1.3416065745194576,0.0,0.0,0.0019601219298330834,0.0019601219298330834,0,1,0.009901391394443237,ok
20.0,0.5,2.0,1.0,128.0,0.9,0.5,riemannian_scale,215,2.0,302.98771965358634,2.0,-0.9900986086055568,-1.3416065745194576,0.0,0.0,0.0019510472912690415,0.0019510472912690415,0,1,0.009901391394443237,ok
20.0,0.5,2.0,1.0,128.0,0.9,0.5,riemannian_scale,216,2.0,302.98771965358634,2.0,-0.9900986086055568,-1.3416065745194576,0.0,0.0,0.0019420562899267878,0.0019420562899267878,0,1,0.009901391394443237,ok
20.0,0.5,2.0,1.0,128.0,0.9,0.5,riemannian_scale,217,2.0,302.98771965358634,2.0,-0.9900986086055568,-1.3416065745194576,0.0,0.0,0.0019331477748353806,0.0019331477748353806,0,1,0.009901391394443237,ok
20.0,0.5,2.0,1.0,128.0,0.9,0.5,riemannian_scale,218,2.0,302.98771965358634,2.0,-0.9900986086055568,-1.3416065745194576,0.0,0.0,0.0019243206160461778,0.0019243206160461778,0,1,0.009901391394443237,ok
20.0,0.5,2.0,1.0,128.0,0.9,0.5,riemannian_scale,219,2.0,302.98771965358634,2.0,-0.9900986086055568,-1.3416065745194576,0.0,0.0,0.001915573704155059,0.001915573704155059,0,1,0.009901391394443237,ok
20.0,0.5,2.0,1.0,128.0,0.9,0.5,riemannian_scale,220,2.0,302.98771965358634,2.0,-0.9900986086055568,-1.3416065745194576,0.0,0.0,0.0019069059498376154,0.0019069059498376154,0,1,0.009901391394443237,ok
20.0,0.5,2.0,1.0,128.0,0.9,0.5,riemannian_scale,221,2.0,302.98771965358634,2.0,-0.9900986086055568,-1.3416065745194576,0.0,0.0,0.0018983162833969053,0.0018983162833969053,0,1,0.009901391394443237,ok
20.0,0.5,2.0,1.0,128.0,0.9,0.5,riemannian_scale,222,2.0,302.98771965358634,2.0,-0.9900986086055568,-1.3416065745194576,0.0,0.0,0.0018898036543233765,0.0018898036543233765,0,1,0.009901391394443237,ok
20.0,0.5,2.0,1.0,128.0,0.9,0.5,riemannian_scale,223,2.0,302.98771965358634,2.0,-0.9900986086055568,-1.3416065745194576,0.0,0.0,0.0018813670308665757,0.0018813670308665757,0,1,0.009901391394443237,ok
20.0,0.5,2.0,1.0,128.0,0.9,0.5,riemannian_scale,224,2.0,302.98771965358634,2.0,-0.9900986086055568,-1.3416065745194576,0.0,0.0,0.00187300539961828,0.00187300539961828,0,1,0.009901391394443237,ok
20.0,0.5,2.0,1.0,128.0,0.9,0.5,riemannian_scale,225,2.0,302.98771965358634,2.0,-0.9900986086055568,-1.3416065745194576,0.0,0.0,0.0018647177651066945,0.0018647177651066945,0,1,0.009901391394443237,ok
20.0,0.5,2.0,1.0,128.0,0.9,0.5,riemannian_scale,226,2.0,302.98771965358634,2.0,-0.9900986086055568,-1.3416065745194576,0.0,0.0,0.0018565031494013789,0.0018565031494013789,0,1,0.009901391394443237,ok
20.0,0.5,2.0,1.0,128.0,0.9,0.5,riemannian_scale,227,2.0,302.98771965358634,2.0,-0.9900986086055568,-1.3416065745194576,0.0,0.0,0.0018483605917285655,0.0018483605917285655,0,1,0.009901391394443237,ok
20.0,0.5,2.0,1.0,128.0,0.9,0.5,riemannian_scale,228,2.0,302.98771965358634,2.0,-0.9900986086055568,-1.3416065745194576,0.0,0.0,0.0018402891480965632,0.0018402891480965632,0,1,0.009901391394443237,ok
20.0,0.5,2.0,1.0,128.0,0.9,0.5,riemannian_scale,229,2.0,302.98771965358634,2.0,-0.9900986086055568,-1.3416065745194576,0.0,0.0,0.001832287890930926,0.001832287890930926,0,1,0.009901391394443237,ok
20.0,0.5,2.0,1.0,128.0,0.9,0.5,riemannian_scale,230,2.0,302.98771965358634,2.0,-0.9900986086055568,-1.3416065745194576,0.0,0.0,0.0018243559087191038,0.0018243559087191038,0,1,0.009901391394443237,ok
20.0,0.5,2.0,1.0,128.0,0.9,0.5,riemannian_scale,231,2.0,302.98771965358634,2.0,-0.9900986086055568,-1.3416065745194576,0.0,0.0,0.00181649230566428,0.00181649230566428,0,1,0.009901391394443237,ok
20.0,0.5,2.0,1.0,128.0,0.9,0.5,riemannian_scale,232,2.0,302.98771965358634,2.0,-0.9900986086055568,-1.3416065745194576,0.0,0.0,0.0018086962013481244,0.0018086962013481244,0,1,0.009901391394443237,ok
20.0,0.5,2.0,1.0,128.0,0.9,0.5,riemannian_scale,233,2.0,302.98771965358634,2.0,-0.9900986086055568,-1.3416065745194576,0.0,0.0,0.0018009667304021923,0.0018009667304021923,0,1,0.009901391394443237,ok
20.0,0.5,2.0,1.0,128.0,0.9,0.5,riemannian_scale,234,2.0,302.98771965358634,2.0,-0.9900986086055568,-1.3416065745194576,0.0,0.0,0.001793303042187715,0.001793303042187715,0,1,0.009901391394443237,ok
20.0,0.5,2.0,1.0,128.0,0.9,0.5,riemannian_scale,235,2.0,302.98771965358634,2.0,-0.9900986086055568,-1.3416065745194576,0.0,0.0,0.0017857043004835295,0.0017857043004835295,0,1,0.009901391394443237,ok
20.0,0.5,2.0,1.0,128.0,0.9,0.5,riemannian_scale,236,2.0,302.98771965358634,2.0,-0.9900986086055568,-1.3416065745194576,0.0,0.0,0.0017781696831819112,0.0017781696831819112,0,1,0.009901391394443237,ok
20.0,0.5,2.0,1.0,128.0,0.9,0.5,riemannian_scale,237,2.0,302.98771965358634,2.0,-0.9900986086055568,-1.3416065745194576,0.0,0.0,0.0017706983819920712,0.0017706983819920712,0,1,0.009901391394443237,ok
20.0,0.5,2.0,1.0,128.0,0.9,0.5,riemannian_scale,238,2.0,302.98771965358634,2.0,-0.9900986086055568,-1.3416065745194576,0.0,0.0,0.0017632896021511002,0.0017632896021511002,0,1,0.009901391394443237,ok
20.0,0.5,2.0,1.0,128.0,0.9,0.5,riemannian_scale,239,2.0,302.98771965358634,2.0,-0.9900986086055568,-1.3416065745194576,0.0,0.0,0.0017559425621421374,0.0017559425621421374,0,1,0.009901391394443237,ok
20.0,0.5,2.0,1.0,128.0,0.9,0.5,riemannian_scale,240,2.0,302.98771965358634,2.0,-0.9900986086055568,-1.3416065745194576,0.0,0.0,0.001748656493419556,0.001748656493419556,0,1,0.009901391394443237,ok
20.0,0.5,2.0,1.0,128.0,0.9,0.5,riemannian_scale,241,2.0,302.98771965358634,2.0,-0.9900986086055568,-1.3416065745194576,0.0,0.0,0.0017414306401409628,0.0017414306401409628,0,1,0.009901391394443237,ok
20.0,0.5,2.0,1.0,128.0,0.9,0.5,riemannian_scale,242,2.0,302.98771965358634,2.0,-0.9900986086055568,-1.3416065745194576,0.0,0.0,0.0017342642589058149,0.0017342642589058149,0,1,0.009901391394443237,ok
20.0,0.5,2.0,1.0,128.0,0.9,0.5,riemannian_scale,243,2.0,302.98771965358634,2.0,-0.9900986086055568,-1.3416065745194576,0.0,0.0,0.0017271566185004632,0.0017271566185004632,0,1,0.009901391394443237,ok
20.0,0.5,2.0,1.0,128.0,0.9,0.5,riemannian_scale,244,2.0,302.98771965358634,2.0,-0.9900986086055568,-1.3416065745194576,0.0,0.0,0.0017201069996494408,0.0017201069996494408,0,1,0.009901391394443237,ok
20.0,0.5,2.0,1.0,128.0,0.9,0.5,riemannian_scale,245,2.0,302.98771965358634,2.0,-0.9900986086055568,-1.3416065745194576,0.0,0.0,0.0017131146947728171,0.0017131146947728171,0,1,0.009901391394443237,ok
20.0,0.5,2.0,1.0,128.0,0.9,0.5,riemannian_scale,246,2.0,302.98771965358634,2.0,-0.9900986086055568,-1.3416065745194576,0.0,0.0,0.0017061790077494453,0.0017061790077494453,0,1,0.009901391394443237,ok
20.0,0.5,2.0,1.0,128.0,0.9,0.5,riemannian_scale,247,2.0,302.98771965358634,2.0,-0.9900986086055568,-1.3416065745194576,0.0,0.0,0.0016992992536859393,0.0016992992536859393,0,1,0.009901391394443237,ok
20.0,0.5,2.0,1.0,128.0,0.9,0.5,riemannian_scale,248,2.0,302.98771965358634,2.0,-0.9900986086055568,-1.3416065745194576,0.0,0.0,0.0016924747586912166,0.0016924747586912166,0,1,0.009901391394443237,ok
20.0,0.5,2.0,1.0,128.0,0.9,0.5,riemannian_scale,249,2.0,302.98771965358634,2.0,-0.9900986086055568,-1.3416065745194576,0.0,0.0,0.001685704859656452,0.001685704859656452,0,1,0.009901391394443237,ok
20.0,0.5,2.0,1.0,128.0,0.9,0.5,riemannian_scale,250,2.0,302.98771965358634,2.0,-0.9900986086055568,-1.3416065745194576,0.0,0.0,0.0016789889040402907,0.0016789889040402907,0,1,0.009901391394443237,ok
20.0,0.5,2.0,1.0,128.0,0.9,0.5,riemannian_scale,251,2.0,302.98771965358634,2.0,-0.9900986086055568,-1.3416065745194576,0.0,0.0,0.0016723262496591783,0.0016723262496591783,0,1,0.009901391394443237,ok
20.0,0.5,2.0,1.0,128.0,0.9,0.5,riemannian_scale,252,2.0,302.98771965358634,2.0,-0.9900986086055568,-1.3416065745194576,0.0,0.0,0.0016657162644826598,0.0016657162644826598,0,1,0.009901391394443237,ok
20.0,0.5,2.0,1.0,128.0,0.9,0.5,riemannian_scale,253,2.0,302.98771965358634,2.0,-0.9900986086055568,-1.3416065745194576,0.0,0.0,0.0016591583264335156,0.0016591583264335156,0,1,0.009901391394443237,ok
20.0,0.5,2.0,1.0,128.0,0.9,0.5,riemannian_scale,254,2.0,302.98771965358634,2.0,-0.9900986086055568,-1.3416065745194576,0.0,0.0,0.0016526518231925998,0.0016526518231925998,0,1,0.009901391394443237,ok
20.0,0.5,2.0,1.0,128.0,0.9,0.5,riemannian_scale,255,2.0,302.98771965358634,2.0,-0.9900986086055568,-1.3416065745194576,0.0,0.0,0.0016461961520082538,0.0016461961520082538,0,1,0.009901391394443237,ok
20.0,0.5,2.0,1.0,128.0,0.9,0.5,riemannian_scale,256,2.0,302.98771965358634,2.0,-0.9900986086055568,-1.3416065745194576,0.0,0.0,0.0016397907195101673,0.0016397907195101673,0,1,0.009901391394443237,ok
20.0,0.5,2.0,1.0,128.0,0.9,0.5,riemannian_scale,257,2.0,302.98771965358634,2.0,-0.9900986086055568,-1.3416065745194576,0.0,0.0,0.0016334349415275697,0.0016334349415275697,0,1,0.009901391394443237,ok
20.0,0.5,2.0,1.0,128.0,0.9,0.5,riemannian_scale,258,2.0,302.98771965358634,2.0,-0.9900986086055568,-1.3416065745194576,0.0,0.0,0.0016271282429116331,0.0016271282429116331,0,1,0.009901391394443237,ok
20.0,0.5,2.0,1.0,128.0,0.9,0.5,riemannian_scale,259,2.0,302.98771965358634,2.0,-0.9900986086055568,-1.3416065745194576,0.0,0.0,0.001620870057361973,0.001620870057361973,0,1,0.009901391394443237,ok
20.0,0.5,2.0,1.0,128.0,0.9,0.5,riemannian_scale,260,2.0,302.98771965358634,2.0,-0.9900986086055568,-1.3416065745194576,0.0,0.0,0.0016146598272571379,0.0016146598272571379,0,1,0.009901391394443237,ok
20.0,0.5,2.0,1.0,128.0,0.9,0.5,riemannian_scale,261,2.0,302.98771965358634,2.0,-0.9900986086055568,-1.3416065745194576,0.0,0.0,0.0016084970034889808,0.0016084970034889808,0,1,0.009901391394443237,ok
20.0,0.5,2.0,1.0,128.0,0.9,0.5,riemannian_scale,262,2.0,302.98771965358634,2.0,-0.9900986086055568,-1.3416065745194576,0.0,0.0,0.0016023810453008097,0.0016023810453008097,0,1,0.009901391394443237,ok
20.0,0.5,2.0,1.0,128.0,0.9,0.5,riemannian_scale,263,2.0,302.98771965358634,2.0,-0.9900986086055568,-1.3416065745194576,0.0,0.0,0.001596311420129216,0.001596311420129216,0,1,0.009901391394443237,ok
20.0,0.5,2.0,1.0,128.0,0.9,0.5,riemannian_scale,264,2.0,302.98771965358634,2.0,-0.9900986086055568,-1.3416065745194576,0.0,0.0,0.001590287603449483,0.001590287603449483,0,1,0.009901391394443237,ok
20.0,0.5,2.0,1.0,128.0,0.9,0.5,riemannian_scale,265,2.0,302.98771965358634,2.0,-0.9900986086055568,-1.3416065745194576,0.0,0.0,0.0015843090786244849,0.0015843090786244849,0,1,0.009901391394443237,ok
20.0,0.5,2.0,1.0,128.0,0.9,0.5,riemannian_scale,266,2.0,302.98771965358634,2.0,-0.9900986086055568,-1.3416065745194576,0.0,0.0,0.0015783753367569775,0.0015783753367569775,0,1,0.009901391394443237,ok
20.0,0.5,2.0,1.0,128.0,0.9,0.5,riemannian_scale,267,2.0,302.98771965358634,2.0,-0.9900986086055568,-1.3416065745194576,0.0,0.0,0.0015724858765451977,0.0015724858765451977,0,1,0.009901391394443237,ok
20.0,0.5,2.0,1.0,128.0,0.9,0.5,riemannian_scale,268,2.0,302.98771965358634,2.0,-0.9900986086055568,-1.3416065745194576,0.0,0.0,0.0015666402041416838,0.0015666402041416838,0,1,0.009901391394443237,ok
20.0,0.5,2.0,1.0,128.0,0.9,0.5,riemannian_scale,269,2.0,302.98771965358634,2.0,-0.9900986086055568,-1.3416065745194576,0.0,0.0,0.0015608378330152332,0.0015608378330152332,0,1,0.009901391394443237,ok
20.0,0.5,2.0,1.0,128.0,0.9,0.5,riemannian_scale,270,2.0,302.98771965358634,2.0,-0.9900986086055568,-1.3416065745194576,0.0,0.0,0.0015550782838159149,0.0015550782838159149,0,1,0.009901391394443237,ok
20.0,0.5,2.0,1.0,128.0,0.9,0.5,riemannian_scale,271,2.0,302.98771965358634,2.0,-0.9900986086055568,-1.3416065745194576,0.0,0.0,0.0015493610842430624,0.0015493610842430624,0,1,0.009901391394443237,ok
20.0,0.5,2.0,1.0,128.0,0.9,0.5,riemannian_scale,272,2.0,302.98771965358634,2.0,-0.9900986086055568,-1.3416065745194576,0.0,0.0,0.0015436857689161648,0.0015436857689161648,0,1,0.009901391394443237,ok
20.0,0.5,2.0,1.0,128.0,0.9,0.5,riemannian_scale,273,2.0,302.98771965358634,2.0,-0.9900986086055568,-1.3416065745194576,0.0,0.0,0.0015380518792485875,0.0015380518792485875,0,1,0.009901391394443237,ok
20.0,0.5,2.0,1.0,128.0,0.9,0.5,riemannian_scale,274,2.0,302.98771965358634,2.0,-0.9900986086055568,-1.3416065745194576,0.0,0.0,0.0015324589633240473,0.0015324589633240473,0,1,0.009901391394443237,ok
20.0,0.5,2.0,1.0,128.0,0.9,0.5,riemannian_scale,275,2.0,302.98771965358634,2.0,-0.9900986086055568,-1.3416065745194576,0.0,0.0,0.0015269065757757716,0.0015269065757757716,0,1,0.009901391394443237,ok
20.0,0.5,2.0,1.0,128.0,0.9,0.5,riemannian_scale,276,2.0,302.98771965358634,2.0,-0.9900986086055568,-1.3416065745194576,0.0,0.0,0.001521394277668278,0.001521394277668278,0,1,0.009901391394443237,ok
20.0,0.5,2.0,1.0,128.0,0.9,0.5,riemannian_scale,277,2.0,302.98771965358634,2.0,-0.9900986086055568,-1.3416065745194576,0.0,0.0,0.0015159216363817014,0.0015159216363817014,0,1,0.009901391394443237,ok
20.0,0.5,2.0,1.0,128.0,0.9,0.5,riemannian_scale,278,2.0,302.98771965358634,2.0,-0.9900986086055568,-1.3416065745194576,0.0,0.0,0.0015104882254986128,0.0015104882254986128,0,1,0.009901391394443237,ok
20.0,0.5,2.0,1.0,128.0,0.9,0.5,riemannian_scale,279,2.0,302.98771965358634,2.0,-0.9900986086055568,-1.3416065745194576,0.0,0.0,0.0015050936246932605,0.0015050936246932605,0,1,0.009901391394443237,ok
20.0,0.5,2.0,1.0,128.0,0.9,0.5,riemannian_scale,280,2.0,302.98771965358634,2.0,-0.9900986086055568,-1.3416065745194576,0.0,0.0,0.0014997374196231777,0.0014997374196231777,0,1,0.009901391394443237,ok
20.0,0.5,2.0,1.0,128.0,0.9,0.5,riemannian_scale,281,2.0,302.98771965358634,2.0,-0.9900986086055568,-1.3416065745194576,0.0,0.0,0.0014944192018230956,0.0014944192018230956,0,1,0.009901391394443237,ok
20.0,0.5,2.0,1.0,128.0,0.9,0.5,riemannian_scale,282,2.0,302.98771965358634,2.0,-0.9900986086055568,-1.3416065745194576,0.0,0.0,0.001489138568601106,0.001489138568601106,0,1,0.009901391394443237,ok
20.0,0.5,2.0,1.0,128.0,0.9,0.5,riemannian_scale,283,2.0,302.98771965358634,2.0,-0.9900986086055568,-1.3416065745194576,0.0,0.0,0.0014838951229370176,0.0014838951229370176,0,1,0.009901391394443237,ok
20.0,0.5,2.0,1.0,128.0,0.9,0.5,riemannian_scale,284,2.0,302.98771965358634,2.0,-0.9900986086055568,-1.3416065745194576,0.0,0.0,0.0014786884733828526,0.0014786884733828526,0,1,0.009901391394443237,ok
20.0,0.5,2.0,1.0,128.0,0.9,0.5,riemannian_scale,285,2.0,302.98771965358634,2.0,-0.9900986086055568,-1.3416065745194576,0.0,0.0,0.00147351823396543,0.00147351823396543,0,1,0.009901391394443237,ok
20.0,0.5,2.0,1.0,128.0,0.9,0.5,riemannian_scale,286,2.0,302.98771965358634,2.0,-0.9900986086055568,-1.3416065745194576,0.0,0.0,0.001468384024090986,0.001468384024090986,0,1,0.009901391394443237,ok
20.0,0.5,2.0,1.0,128.0,0.9,0.5,riemannian_scale,287,2.0,302.98771965358634,2.0,-0.9900986086055568,-1.3416065745194576,0.0,0.0,0.001463285468451781,0.001463285468451781,0,1,0.009901391394443237,ok
20.0,0.5,2.0,1.0,128.0,0.9,0.5,riemannian_scale,288,2.0,302.98771965358634,2.0,-0.9900986086055568,-1.3416065745194576,0.0,0.0,0.001458222196934647,0.001458222196934647,0,1,0.009901391394443237,ok
20.0,0.5,2.0,1.0,128.0,0.9,0.5,riemannian_scale,289,2.0,302.98771965358634,2.0,-0.9900986086055568,-1.3416065745194576,0.0,0.0,0.001453193844531424,0.001453193844531424,0,1,0.009901391394443237,ok
20.0,0.5,2.0,1.0,128.0,0.9,0.5,riemannian_scale,290,2.0,302.98771965358634,2.0,-0.9900986086055568,-1.3416065745194576,0.0,0.0,0.0014482000512512474,0.0014482000512512474,0,1,0.009901391394443237,ok
20.0,0.5,2.0,1.0,128.0,0.9,0.5,riemannian_scale,291,2.0,302.98771965358634,2.0,-0.9900986086055568,-1.3416065745194576,0.0,0.0,0.0014432404620346334,0.0014432404620346334,0,1,0.009901391394443237,ok
20.0,0.5,2.0,1.0,128.0,0.9,0.5,riemannian_scale,292,2.0,302.98771965358634,2.0,-0.9900986086055568,-1.3416065745194576,0.0,0.0,0.0014383147266693276,0.0014383147266693276,0,1,0.009901391394443237,ok
20.0,0.5,2.0,1.0,128.0,0.9,0.5,riemannian_scale,293,2.0,302.98771965358634,2.0,-0.9900986086055568,-1.3416065745194576,0.0,0.0,0.0014334224997078673,0.0014334224997078673,0,1,0.009901391394443237,ok
20.0,0.5,2.0,1.0,128.0,0.9,0.5,riemannian_scale,294,2.0,302.98771965358634,2.0,-0.9900986086055568,-1.3416065745194576,0.0,0.0,0.0014285634403868237,0.0014285634403868237,0,1,0.009901391394443237,ok
20.0,0.5,2.0,1.0,128.0,0.9,0.5,riemannian_scale,295,2.0,302.98771965358634,2.0,-0.9900986086055568,-1.3416065745194576,0.0,0.0,0.0014237372125476791,0.0014237372125476791,0,1,0.009901391394443237,ok
20.0,0.5,2.0,1.0,128.0,0.9,0.5,riemannian_scale,296,2.0,302.98771965358634,2.0,-0.9900986086055568,-1.3416065745194576,0.0,0.0,0.0014189434845593028,0.0014189434845593028,0,1,0.009901391394443237,ok
20.0,0.5,2.0,1.0,128.0,0.9,0.5,riemannian_scale,297,2.0,302.98771965358634,2.0,-0.9900986086055568,-1.3416065745194576,0.0,0.0,0.0014141819292419898,0.0014141819292419898,0,1,0.009901391394443237,ok
20.0,0.5,2.0,1.0,128.0,0.9,0.5,riemannian_scale,298,2.0,302.98771965358634,2.0,-0.9900986086055568,-1.3416065745194576,0.0,0.0,0.00140945222379302,0.00140945222379302,0,1,0.009901391394443237,ok
20.0,0.5,2.0,1.0,128.0,0.9,0.5,riemannian_scale,299,2.0,302.98771965358634,2.0,-0.9900986086055568,-1.3416065745194576,0.0,0.0,0.00140475404971371,0.00140475404971371,0,1,0.009901391394443237,ok
50.0,0.5,2.0,1.0,128.0,0.9,0.00703125,theorem_safe,0,1.0,1.0141563366713655,1.0141563366713655,-0.9992006392757227,-0.4998001065761871,4.916965111770744e-05,4.916965111770744e-05,9.914769872399407e-05,4.997804760628663e-05,0,0,0.9929743705050926,ok
50.0,0.5,2.0,1.0,128.0,0.9,0.00703125,theorem_safe,1,1.0141563366713655,1.0286160187648727,1.0286160187648727,-0.9991893324235726,-0.5139011126169329,4.9870647940845544e-05,4.916965111770744e-05,9.985613348162171e-05,5.068648236391427e-05,0,0,0.9928749939553858,ok
50.0,0.5,2.0,1.0,128.0,0.9,0.00703125,theorem_safe,2,1.0286160187648727,1.043388532537005,1.043388532537005,-0.9991777835493547,-0.5282036289887373,5.059182046856809e-05,4.916965111770744e-05,0.00010057818599057202,5.140853487286458e-05,0,0,0.9927734902626753,ok
50.0,0.5,2.0,1.0,128.0,0.9,0.00703125,theorem_safe,3,1.043388532537005,1.0584837632625812,1.0584837632625812,-0.9991659850934826,-0.5427134659321645,5.1333975602129225e-05,4.916965111770744e-05,0.0001013142654652205,5.2144614347513055e-05,0,0,0.9926697929855248,ok
50.0,0.5,2.0,1.0,128.0,0.9,0.00703125,theorem_safe,4,1.0584837632625812,1.073912016437447,1.073912016437447,-0.999153929178775,-0.5574366664852903,5.2097961744341365e-05,4.916965111770744e-05,0.00010206479798907928,5.2895146871371836e-05,0,0,0.9925638328911549,ok
50.0,0.5,2.0,1.0,128.0,0.9,0.00703125,theorem_safe,5,1.073912016437447,1.0896840403474128,1.0896840403474128,-0.9991416075936005,-0.5723795184795324,5.2884671412889266e-05,4.916965111770744e-05,0.00010283022739968882,5.3660576281981375e-05,0,0,0.9924555378072996,ok
50.0,0.5,2.0,1.0,128.0,0.9,0.00703125,theorem_safe,6,1.0896840403474128,1.1058110501072522,1.1058110501072522,-0.9991290117739369,-0.5875485672905882,5.3695044048776217e-05,4.916965111770744e-05,0.00010361101623429721,5.444136511658977e-05,0,0,0.9923448324645286,ok
50.0,0.5,2.0,1.0,128.0,0.9,0.00703125,theorem_safe,7,1.1058110501072522,1.1223047532826722,1.1223047532826722,-0.9991161327842635,-0.6029506294049986,5.45300690367621e-05,4.916965111770744e-05,0.0001044076467337348,5.523799561602735e-05,0,0,0.992231638328313,ok
50.0,0.5,2.0,1.0,128.0,0.9,0.00703125,theorem_safe,8,1.1223047532826722,1.1391773772182017,1.1391773772182017,-0.999102961297198,-0.6185928068599031,5.539078895639739e-05,4.916965111770744e-05,0.00010522062191335351,5.605097079564607e-05,0,0,0.9921158734200439,ok
50.0,0.5,2.0,1.0,128.0,0.9,0.00703125,theorem_safe,9,1.1391773772182017,1.156441698204966,1.156441698204966,-0.9990894875717768,-0.6344825026252796,5.6278303084024775e-05,4.916965111770744e-05,0.00010605046670475358,5.688081558704614e-05,0,0,0.9919974521261526,ok
50.0,0.5,2.0,1.0,128.0,0.9,0.00703125,theorem_safe,10,1.156441698204966,1.174111072634479,1.174111072634479,-0.9990757014302782,-0.6506274370007256,5.719377116822355e-05,4.916965111770744e-05,0.0001068977291732182,5.772807805551076e-05,0,0,0.9918762849943936,ok
50.0,0.5,2.0,1.0,128.0,0.9,0.00703125,theorem_safe,11,1.174111072634479,1.192199470298001,1.192199470298001,-0.9990615922334656,-0.6670356651049552,5.813841750348589e-05,4.916965111770744e-05,0.00010776298181967713,5.859333070196969e-05,0,0,0.9917522785162763,ok
50.0,0.5,2.0,1.0,128.0,0.9,0.00703125,theorem_safe,12,1.192199470298001,1.2107215100058197,1.2107215100058197,-0.9990471488541317,-0.6837155955484361,5.911353532941661e-05,4.916965111770744e-05,0.00010864682296978966,5.947717185208222e-05,0,0,0.9916253348945315,ok
50.0,0.5,2.0,1.0,128.0,0.9,0.00703125,theorem_safe,13,1.2107215100058197,1.2296924977171986,1.2296924977171986,-0.9990323596487994,-0.7006760103781093,6.0120491585629286e-05,4.916965111770744e-05,0.00010954987826166553,6.038022714395809e-05,0,0,0.9914953517944,ok
50.0,0.5,2.0,1.0,128.0,0.9,0.00703125,theorem_safe,14,1.2296924977171986,1.2491284673898677,1.2491284673898677,-0.9990172124274324,-0.7179260864038589,6.11607320557539e-05,4.916965111770744e-05,0.00011047280223573995,6.130315111803251e-05,0,0,0.9913622220774131,ok
50.0,0.5,2.0,1.0,128.0,0.9,0.00703125,theorem_safe,15,1.2491284673898677,1.269046224778027,1.269046224778027,-0.9990016944209867,-0.7354754180124323,6.223578693742571e-05,4.916965111770744e-05,0.00011141628003952844,6.2246628921821e-05,0,0,0.9912258335162127,ok
50.0,0.5,2.0,1.0,128.0,0.9,0.00703125,theorem_safe,16,1.269046224778027,1.2894633944301284,1.2894633944301284,-0.9989857922466252,-0.7533340415994696,6.334727687924702e-05,4.916965111770744e-05,0.00011238102925458752,6.321137813688007e-05,0,0,0.9910860684888146,ok
50.0,0.5,2.0,1.0,128.0,0.9,0.00703125,theorem_safe,17,1.2894633944301284,1.3103984701624731,1.3103984701624731,-0.9989694918703926,-0.7715124617517232,6.449691953013849e-05,4.916965111770744e-05,0.00011336780185631849,6.419815073861104e-05,0,0,0.9909428036505672,ok
50.0,0.5,2.0,1.0,128.0,0.9,0.00703125,theorem_safe,18,1.3103984701624731,1.3318708693122094,1.3318708693122094,-0.9989527785671353,-0.7900216793283624,6.56865366515328e-05,4.916965111770744e-05,0.00011437738631864859,6.520773520094114e-05,0,0,0.9907959095818826,ok
50.0,0.5,2.0,1.0,128.0,0.9,0.00703125,theorem_safe,19,1.3318708693122094,1.3539009911039928,1.3539009911039928,-0.9989356368774223,-0.8088732216061353,6.69180618485879e-05,4.916965111770744e-05,0.00011541060987618606,6.624095875847862e-05,0,0,0.9906452504096298,ok
50.0,0.5,2.0,1.0,128.0,0.9,0.00703125,theorem_safe,20,1.3539009911039928,1.376510279498793,1.376510279498793,-0.9989180505612083,-0.8280791746684497,6.81935489829661e-05,4.916965111770744e-05,0.00011646834095666885,6.72986898389614e-05,0,0,0.9904906833998607,ok
50.0,0.5,2.0,1.0,128.0,0.9,0.00703125,theorem_safe,21,1.376510279498793,1.3997212909315253,1.3997212909315253,-0.9989000025479386,-0.8476522182334381,6.951518133690125e-05,4.916965111770744e-05,0.00011755149180165787,6.838184068395043e-05,0,0,0.9903320585193066,ok
50.0,0.5,2.0,1.0,128.0,0.9,0.00703125,theorem_safe,22,1.3997212909315253,1.4235577673869078,1.4235577673869078,-0.998881474882783,-0.8676056631467077,7.088528160650691e-05,4.916965111770744e-05,0.00011866102128904683,6.949137017133938e-05,0,0,0.9901692179628167,ok
50.0,0.5,2.0,1.0,128.0,0.9,0.00703125,theorem_safe,23,1.4235577673869078,1.4480447153107725,1.4480447153107725,-0.9988624486686359,-0.8879534917705802,7.230632281145927e-05,4.916965111770744e-05,0.00011979793797885476,7.062828686114732e-05,0,0,0.9900019956436094,ok
50.0,0.5,2.0,1.0,128.0,0.9,0.00703125,theorem_safe,24,1.4480447153107725,1.4732084909077,1.4732084909077,-0.9988429040034941,-0.9087104015440114,7.378094021866406e-05,4.916965111770744e-05,0.00012096330340197808,7.179365228427063e-05,0,0,0.9898302166428817,ok
50.0,0.5,2.0,1.0,128.0,0.9,0.00703125,theorem_safe,25,1.4732084909077,1.499076892436064,1.499076892436064,-0.998822819912772,-0.9298918520054424,7.531194438934255e-05,4.916965111770744e-05,0.00012215823561446894,7.29885844967615e-05,0,0,0.9896536966149447,ok
50.0,0.5,2.0,1.0,128.0,0.9,0.00703125,theorem_safe,26,1.499076892436064,1.5256792601793334,1.5256792601793334,-0.9988021742760759,-0.9515141156039122,7.690233547260478e-05,4.916965111770744e-05,0.00012338391304443113,7.421426192672368e-05,0,0,0.9894722411436332,ok
50.0,0.5,2.0,1.0,128.0,0.9,0.00703125,theorem_safe,27,1.5256792601793334,1.5530465848487607,1.5530465848487607,-0.9987809437478947,-0.9735943326668026,7.855531888380403e-05,4.916965111770744e-05,0.00012464157865754182,7.547192753983438e-05,0,0,0.9892856450452762,ok
50.0,0.5,2.0,1.0,128.0,0.9,0.00703125,theorem_safe,28,1.5530465848487607,1.5812116252587018,1.5812116252587018,-0.998759103671615,-0.9961505709191092,8.027432252367787e-05,4.916965111770744e-05,0.00012593254447541526,7.676289335770782e-05,0,0,0.9890936916129732,ok
50.0,0.5,2.0,1.0,128.0,0.9,0.00703125,theorem_safe,29,1.5812116252587018,1.6102090362130816,1.6102090362130816,-0.9987366279861916,-1.0192018900125666,8.206301571422013e-05,4.916965111770744e-05,0.00012725819647973523,7.808854536202778e-05,0,0,0.9888961517963352,ok
50.0,0.5,2.0,1.0,128.0,0.9,0.00703125,theorem_safe,30,1.6102090362130816,1.6400755076516635,1.6400755076516635,-0.998713489124733,-1.0427684115563907,8.392533005033807e-05,4.916965111770744e-05,0.00012861999994356776,7.945034882586032e-05,0,0,0.988692783310165,ok
50.0,0.5,2.0,1.0,128.0,0.9,0.00703125,theorem_safe,31,1.6400755076516635,1.670849916229662,1.670849916229662,-0.9986896579041749,-1.0668713952162725,8.586548239263199e-05,4.916965111770744e-05,0.00013001950523149796,8.084985411379052e-05,0,0,0.9884833296647946,ok
50.0,0.5,2.0,1.0,128.0,0.9,0.00703125,theorem_safe,32,1.670849916229662,1.7025734906461019,1.7025734906461019,-0.9986651034051081,-1.0915333214964267,8.788800025705083e-05,4.916965111770744e-05,0.00013145835411990036,8.228870300219291e-05,0,0,0.9882675191099272,ok
50.0,0.5,2.0,1.0,128.0,0.9,0.00703125,theorem_safe,33,1.7025734906461019,1.735289992197781,1.735289992197781,-0.9986397928407307,-1.1167779819122527,8.999774989202312e-05,4.916965111770744e-05,0.00013293828669151323,8.376863557380579e-05,0,0,0.988045063482848,ok
50.0,0.5,2.0,1.0,128.0,0.9,0.00703125,theorem_safe,34,1.735289992197781,1.7690459122197777,1.7690459122197777,-0.9986136914137476,-1.1426305773333711,9.219996737410384e-05,4.916965111770744e-05,0.0001344611488662757,8.529149774856825e-05,0,0,0.9878156569507518,ok
50.0,0.5,2.0,1.0,128.0,0.9,0.00703125,theorem_safe,35,1.7690459122197777,1.8038906882837518,1.8038906882837518,-0.9985867621599145,-1.1691178253772039,9.450029309973802e-05,4.916965111770744e-05,0.00013602890063877884,8.68592495210714e-05,0,0,0.9875789746356547,ok
50.0,0.5,2.0,1.0,128.0,0.9,0.00703125,theorem_safe,36,1.8038906882837518,1.839876941266024,1.839876941266024,-0.9985589657767413,-1.1962680778467347,9.690481010490512e-05,4.916965111770744e-05,0.00013764362510111725,8.847397398340981e-05,0,0,0.9873346711089045,ok
50.0,0.5,2.0,1.0,128.0,0.9,0.00703125,theorem_safe,37,1.839876941266024,1.877060735673558,1.877060735673558,-0.9985302604356942,-1.2241114493305107,9.942008670717727e-05,4.916965111770744e-05,0.00013930753833889424,9.01378872211868e-05,0,0,0.9870823787406344,ok
50.0,0.5,2.0,1.0,128.0,0.9,0.00703125,theorem_safe,38,1.877060735673558,1.9155018659334002,1.9155018659334002,-0.9985006015760044,-1.2526799582210555,0.00010205322403806887,4.916965111770744e-05,0.00014102300030311666,9.185334918540921e-05,0,0,0.9868217058875917,ok
50.0,0.5,2.0,1.0,128.0,0.9,0.00703125,theorem_safe,39,1.9155018659334002,1.9552641717168122,1.9552641717168122,-0.9984699416779546,-1.2820076815908075,0.00010481190911875923,4.916965111770744e-05,0.00014279252677030257,9.362287565259513e-05,0,0,0.986552234900576,ok
50.0,0.5,2.0,1.0,128.0,0.9,0.00703125,theorem_safe,40,1.9552641717168122,1.9964158857915628,1.9964158857915628,-0.9984382300132153,-1.3121309255361306,0.00010770447423254226,4.916965111770744e-05,0.00014461880252156087,9.544915140385343e-05,0,0,0.9862735199301916,ok
50.0,0.5,2.0,1.0,128.0,0.9,0.00703125,theorem_safe,41,1.9964158857915628,2.039030018384509,2.0,-0.9984054123694786,-1.3430884128352443,8.03827646443417e-07,8.03827646443417e-07,0.0001416251677884856,0.00014082134014204218,0,1,0.9859850845066935,ok
50.0,0.5,2.0,1.0,128.0,0.9,0.00703125,theorem_safe,42,2.0,2.0427426806082734,2.0,-0.9984025542142032,-1.3457744421660744,0.0,0.0,0.000138331559235265,0.000138331559235265,0,1,0.9859599640813628,ok
50.0,0.5,2.0,1.0,128.0,0.9,0.00703125,theorem_safe,43,2.0,2.0427426806082734,2.0,-0.9984025542142032,-1.3457744421660744,0.0,0.0,0.00013518766016173625,0.00013518766016173625,0,1,0.9859599640813628,ok
50.0,0.5,2.0,1.0,128.0,0.9,0.00703125,theorem_safe,44,2.0,2.0427426806082734,2.0,-0.9984025542142032,-1.3457744421660744,0.0,0.0,0.0001321834899359199,0.0001321834899359199,0,1,0.9859599640813628,ok
50.0,0.5,2.0,1.0,128.0,0.9,0.00703125,theorem_safe,45,2.0,2.0427426806082734,2.0,-0.9984025542142032,-1.3457744421660744,0.0,0.0,0.00012930993580687817,0.00012930993580687817,0,1,0.9859599640813628,ok
50.0,0.5,2.0,1.0,128.0,0.9,0.00703125,theorem_safe,46,2.0,2.0427426806082734,2.0,-0.9984025542142032,-1.3457744421660744,0.0,0.0,0.00012655866057694457,0.00012655866057694457,0,1,0.9859599640813628,ok
50.0,0.5,2.0,1.0,128.0,0.9,0.00703125,theorem_safe,47,2.0,2.0427426806082734,2.0,-0.9984025542142032,-1.3457744421660744,0.0,0.0,0.0001239220218149249,0.0001239220218149249,0,1,0.9859599640813628,ok
50.0,0.5,2.0,1.0,128.0,0.9,0.00703125,theorem_safe,48,2.0,2.0427426806082734,2.0,-0.9984025542142032,-1.3457744421660744,0.0,0.0,0.0001213930009615591,0.0001213930009615591,0,1,0.9859599640813628,ok
50.0,0.5,2.0,1.0,128.0,0.9,0.00703125,theorem_safe,49,2.0,2.0427426806082734,2.0,-0.9984025542142032,-1.3457744421660744,0.0,0.0,0.00011896514094232791,0.00011896514094232791,0,1,0.9859599640813628,ok
50.0,0.5,2.0,1.0,128.0,0.9,0.00703125,theorem_safe,50,2.0,2.0427426806082734,2.0,-0.9984025542142032,-1.3457744421660744,0.0,0.0,0.00011663249111992932,0.00011663249111992932,0,1,0.9859599640813628,ok
50.0,0.5,2.0,1.0,128.0,0.9,0.00703125,theorem_safe,51,2.0,2.0427426806082734,2.0,-0.9984025542142032,-1.3457744421660744,0.0,0.0,0.00011438955859839222,0.00011438955859839222,0,1,0.9859599640813628,ok
50.0,0.5,2.0,1.0,128.0,0.9,0.00703125,theorem_safe,52,2.0,2.0427426806082734,2.0,-0.9984025542142032,-1.3457744421660744,0.0,0.0,0.00011223126503993198,0.00011223126503993198,0,1,0.9859599640813628,ok
50.0,0.5,2.0,1.0,128.0,0.9,0.00703125,theorem_safe,53,2.0,2.0427426806082734,2.0,-0.9984025542142032,-1.3457744421660744,0.0,0.0,0.00011015290827993324,0.00011015290827993324,0,1,0.9859599640813628,ok
50.0,0.5,2.0,1.0,128.0,0.9,0.00703125,theorem_safe,54,2.0,2.0427426806082734,2.0,-0.9984025542142032,-1.3457744421660744,0.0,0.0,0.00010815012812938902,0.00010815012812938902,0,1,0.9859599640813628,ok
50.0,0.5,2.0,1.0,128.0,0.9,0.00703125,theorem_safe,55,2.0,2.0427426806082734,2.0,-0.9984025542142032,-1.3457744421660744,0.0,0.0,0.00010621887584136422,0.00010621887584136422,0,1,0.9859599640813628,ok
50.0,0.5,2.0,1.0,128.0,0.9,0.00703125,theorem_safe,56,2.0,2.0427426806082734,2.0,-0.9984025542142032,-1.3457744421660744,0.0,0.0,0.00010435538679151571,0.00010435538679151571,0,1,0.9859599640813628,ok
50.0,0.5,2.0,1.0,128.0,0.9,0.00703125,theorem_safe,57,2.0,2.0427426806082734,2.0,-0.9984025542142032,-1.3457744421660744,0.0,0.0,0.00010255615598476544,0.00010255615598476544,0,1,0.9859599640813628,ok
50.0,0.5,2.0,1.0,128.0,0.9,0.00703125,theorem_safe,58,2.0,2.0427426806082734,2.0,-0.9984025542142032,-1.3457744421660744,0.0,0.0,0.00010081791605282026,0.00010081791605282026,0,1,0.9859599640813628,ok
50.0,0.5,2.0,1.0,128.0,0.9,0.00703125,theorem_safe,59,2.0,2.0427426806082734,2.0,-0.9984025542142032,-1.3457744421660744,0.0,0.0,9.913761745193993e-05,9.913761745193993e-05,0,1,0.9859599640813628,ok
50.0,0.5,2.0,1.0,128.0,0.9,0.00703125,theorem_safe,60,2.0,2.0427426806082734,2.0,-0.9984025542142032,-1.3457744421660744,0.0,0.0,9.75124106084655e-05,9.75124106084655e-05,0,1,0.9859599640813628,ok
50.0,0.5,2.0,1.0,128.0,0.9,0.00703125,theorem_safe,61,2.0,2.0427426806082734,2.0,-0.9984025542142032,-1.3457744421660744,0.0,0.0,9.593962979219992e-05,9.593962979219992e-05,0,1,0.9859599640813628,ok
50.0,0.5,2.0,1.0,128.0,0.9,0.00703125,theorem_safe,62,2.0,2.0427426806082734,2.0,-0.9984025542142032,-1.3457744421660744,0.0,0.0,9.441677852565707e-05,9.441677852565707e-05,0,1,0.9859599640813628,ok
50.0,0.5,2.0,1.0,128.0,0.9,0.00703125,theorem_safe,63,2.0,2.0427426806082734,2.0,-0.9984025542142032,-1.3457744421660744,0.0,0.0,9.294151636119367e-05,9.294151636119367e-05,0,1,0.9859599640813628,ok
50.0,0.5,2.0,1.0,128.0,0.9,0.00703125,theorem_safe,64,2.0,2.0427426806082734,2.0,-0.9984025542142032,-1.3457744421660744,0.0,0.0,9.151164687871377e-05,9.151164687871377e-05,0,1,0.9859599640813628,ok
50.0,0.5,2.0,1.0,128.0,0.9,0.00703125,theorem_safe,65,2.0,2.0427426806082734,2.0,-0.9984025542142032,-1.3457744421660744,0.0,0.0,9.012510677449084e-05,9.012510677449084e-05,0,1,0.9859599640813628,ok
50.0,0.5,2.0,1.0,128.0,0.9,0.00703125,theorem_safe,66,2.0,2.0427426806082734,2.0,-0.9984025542142032,-1.3457744421660744,0.0,0.0,8.877995592711038e-05,8.877995592711038e-05,0,1,0.9859599640813628,ok
50.0,0.5,2.0,1.0,128.0,0.9,0.00703125,theorem_safe,67,2.0,2.0427426806082734,2.0,-0.9984025542142032,-1.3457744421660744,0.0,0.0,8.747436833994699e-05,8.747436833994699e-05,0,1,0.9859599640813628,ok
50.0,0.5,2.0,1.0,128.0,0.9,0.00703125,theorem_safe,68,2.0,2.0427426806082734,2.0,-0.9984025542142032,-1.3457744421660744,0.0,0.0,8.620662387125211e-05,8.620662387125211e-05,0,1,0.9859599640813628,ok
50.0,0.5,2.0,1.0,128.0,0.9,0.00703125,theorem_safe,69,2.0,2.0427426806082734,2.0,-0.9984025542142032,-1.3457744421660744,0.0,0.0,8.497510067309136e-05,8.497510067309136e-05,0,1,0.9859599640813628,ok
50.0,0.5,2.0,1.0,128.0,0.9,0.00703125,theorem_safe,70,2.0,2.0427426806082734,2.0,-0.9984025542142032,-1.3457744421660744,0.0,0.0,8.3778268269245e-05,8.3778268269245e-05,0,1,0.9859599640813628,ok
50.0,0.5,2.0,1.0,128.0,0.9,0.00703125,theorem_safe,71,2.0,2.0427426806082734,2.0,-0.9984025542142032,-1.3457744421660744,0.0,0.0,8.261468120994995e-05,8.261468120994995e-05,0,1,0.9859599640813628,ok
50.0,0.5,2.0,1.0,128.0,0.9,0.00703125,theorem_safe,72,2.0,2.0427426806082734,2.0,-0.9984025542142032,-1.3457744421660744,0.0,0.0,8.148297324816979e-05,8.148297324816979e-05,0,1,0.9859599640813628,ok
50.0,0.5,2.0,1.0,128.0,0.9,0.00703125,theorem_safe,73,2.0,2.0427426806082734,2.0,-0.9984025542142032,-1.3457744421660744,0.0,0.0,8.03818519880594e-05,8.03818519880594e-05,0,1,0.9859599640813628,ok
50.0,0.5,2.0,1.0,128.0,0.9,0.00703125,theorem_safe,74,2.0,2.0427426806082734,2.0,-0.9984025542142032,-1.3457744421660744,0.0,0.0,7.931009396155194e-05,7.931009396155194e-05,0,1,0.9859599640813628,ok
50.0,0.5,2.0,1.0,128.0,0.9,0.00703125,theorem_safe,75,2.0,2.0427426806082734,2.0,-0.9984025542142032,-1.3457744421660744,0.0,0.0,7.826654009363678e-05,7.826654009363678e-05,0,1,0.9859599640813628,ok
50.0,0.5,2.0,1.0,128.0,0.9,0.00703125,theorem_safe,76,2.0,2.0427426806082734,2.0,-0.9984025542142032,-1.3457744421660744,0.0,0.0,7.725009152099215e-05,7.725009152099215e-05,0,1,0.9859599640813628,ok
50.0,0.5,2.0,1.0,128.0,0.9,0.00703125,theorem_safe,77,2.0,2.0427426806082734,2.0,-0.9984025542142032,-1.3457744421660744,0.0,0.0,7.625970573226148e-05,7.625970573226148e-05,0,1,0.9859599640813628,ok
50.0,0.5,2.0,1.0,128.0,0.9,0.00703125,theorem_safe,78,2.0,2.0427426806082734,2.0,-0.9984025542142032,-1.3457744421660744,0.0,0.0,7.529439300147335e-05,7.529439300147335e-05,0,1,0.9859599640813628,ok
50.0,0.5,2.0,1.0,128.0,0.9,0.00703125,theorem_safe,79,2.0,2.0427426806082734,2.0,-0.9984025542142032,-1.3457744421660744,0.0,0.0,7.435321308895494e-05,7.435321308895494e-05,0,1,0.9859599640813628,ok
50.0,0.5,2.0,1.0,128.0,0.9,0.00703125,theorem_safe,80,2.0,2.0427426806082734,2.0,-0.9984025542142032,-1.3457744421660744,0.0,0.0,7.343527218662216e-05,7.343527218662216e-05,0,1,0.9859599640813628,ok
50.0,0.5,2.0,1.0,128.0,0.9,0.00703125,theorem_safe,81,2.0,2.0427426806082734,2.0,-0.9984025542142032,-1.3457744421660744,0.0,0.0,7.253972008678532e-05,7.253972008678532e-05,0,1,0.9859599640813628,ok
50.0,0.5,2.0,1.0,128.0,0.9,0.00703125,theorem_safe,82,2.0,2.0427426806082734,2.0,-0.9984025542142032,-1.3457744421660744,0.0,0.0,7.166574755561921e-05,7.166574755561921e-05,0,1,0.9859599640813628,ok
50.0,0.5,2.0,1.0,128.0,0.9,0.00703125,theorem_safe,83,2.0,2.0427426806082734,2.0,-0.9984025542142032,-1.3457744421660744,0.0,0.0,7.08125838942428e-05,7.08125838942428e-05,0,1,0.9859599640813628,ok
50.0,0.5,2.0,1.0,128.0,0.9,0.00703125,theorem_safe,84,2.0,2.0427426806082734,2.0,-0.9984025542142032,-1.3457744421660744,0.0,0.0,6.997949467195759e-05,6.997949467195759e-05,0,1,0.9859599640813628,ok
50.0,0.5,2.0,1.0,128.0,0.9,0.00703125,theorem_safe,85,2.0,2.0427426806082734,2.0,-0.9984025542142032,-1.3457744421660744,0.0,0.0,6.91657796176325e-05,6.91657796176325e-05,0,1,0.9859599640813628,ok
50.0,0.5,2.0,1.0,128.0,0.9,0.00703125,theorem_safe,86,2.0,2.0427426806082734,2.0,-0.9984025542142032,-1.3457744421660744,0.0,0.0,6.837077065651028e-05,6.837077065651028e-05,0,1,0.9859599640813628,ok
50.0,0.5,2.0,1.0,128.0,0.9,0.00703125,theorem_safe,87,2.0,2.0427426806082734,2.0,-0.9984025542142032,-1.3457744421660744,0.0,0.0,6.759383008086812e-05,6.759383008086812e-05,0,1,0.9859599640813628,ok
50.0,0.5,2.0,1.0,128.0,0.9,0.00703125,theorem_safe,88,2.0,2.0427426806082734,2.0,-0.9984025542142032,-1.3457744421660744,0.0,0.0,6.683434884400445e-05,6.683434884400445e-05,0,1,0.9859599640813628,ok
50.0,0.5,2.0,1.0,128.0,0.9,0.00703125,theorem_safe,89,2.0,2.0427426806082734,2.0,-0.9984025542142032,-1.3457744421660744,0.0,0.0,6.609174496795995e-05,6.609174496795995e-05,0,1,0.9859599640813628,ok
50.0,0.5,2.0,1.0,128.0,0.9,0.00703125,theorem_safe,90,2.0,2.0427426806082734,2.0,-0.9984025542142032,-1.3457744421660744,0.0,0.0,6.536546205622411e-05,6.536546205622411e-05,0,1,0.9859599640813628,ok
50.0,0.5,2.0,1.0,128.0,0.9,0.00703125,theorem_safe,91,2.0,2.0427426806082734,2.0,-0.9984025542142032,-1.3457744421660744,0.0,0.0,6.465496790343909e-05,6.465496790343909e-05,0,1,0.9859599640813628,ok
50.0,0.5,2.0,1.0,128.0,0.9,0.00703125,theorem_safe,92,2.0,2.0427426806082734,2.0,-0.9984025542142032,-1.3457744421660744,0.0,0.0,6.395975319479995e-05,6.395975319479995e-05,0,1,0.9859599640813628,ok
50.0,0.5,2.0,1.0,128.0,0.9,0.00703125,theorem_safe,93,2.0,2.0427426806082734,2.0,-0.9984025542142032,-1.3457744421660744,0.0,0.0,6.327933028847229e-05,6.327933028847229e-05,0,1,0.9859599640813628,ok
50.0,0.5,2.0,1.0,128.0,0.9,0.00703125,theorem_safe,94,2.0,2.0427426806082734,2.0,-0.9984025542142032,-1.3457744421660744,0.0,0.0,6.261323207490943e-05,6.261323207490943e-05,0,1,0.9859599640813628,ok
50.0,0.5,2.0,1.0,128.0,0.9,0.00703125,theorem_safe,95,2.0,2.0427426806082734,2.0,-0.9984025542142032,-1.3457744421660744,0.0,0.0,6.196101090746245e-05,6.196101090746245e-05,0,1,0.9859599640813628,ok
50.0,0.5,2.0,1.0,128.0,0.9,0.00703125,theorem_safe,96,2.0,2.0427426806082734,2.0,-0.9984025542142032,-1.3457744421660744,0.0,0.0,6.13222375991381e-05,6.13222375991381e-05,0,1,0.9859599640813628,ok
50.0,0.5,2.0,1.0,128.0,0.9,0.00703125,theorem_safe,97,2.0,2.0427426806082734,2.0,-0.9984025542142032,-1.3457744421660744,0.0,0.0,6.069650048077955e-05,6.069650048077955e-05,0,1,0.9859599640813628,ok
50.0,0.5,2.0,1.0,128.0,0.9,0.00703125,theorem_safe,98,2.0,2.0427426806082734,2.0,-0.9984025542142032,-1.3457744421660744,0.0,0.0,6.008340451632722e-05,6.008340451632722e-05,0,1,0.9859599640813628,ok
50.0,0.5,2.0,1.0,128.0,0.9,0.00703125,theorem_safe,99,2.0,2.0427426806082734,2.0,-0.9984025542142032,-1.3457744421660744,0.0,0.0,5.948257047116396e-05,5.948257047116396e-05,0,1,0.9859599640813628,ok
50.0,0.5,2.0,1.0,128.0,0.9,0.00703125,theorem_safe,100,2.0,2.0427426806082734,2.0,-0.9984025542142032,-1.3457744421660744,0.0,0.0,5.8893634129865304e-05,5.8893634129865304e-05,0,1,0.9859599640813628,ok
50.0,0.5,2.0,1.0,128.0,0.9,0.00703125,theorem_safe,101,2.0,2.0427426806082734,2.0,-0.9984025542142032,-1.3457744421660744,0.0,0.0,5.831624555996466e-05,5.831624555996466e-05,0,1,0.9859599640813628,ok
50.0,0.5,2.0,1.0,128.0,0.9,0.00703125,theorem_safe,102,2.0,2.0427426806082734,2.0,-0.9984025542142032,-1.3457744421660744,0.0,0.0,5.7750068418605784e-05,5.7750068418605784e-05,0,1,0.9859599640813628,ok
50.0,0.5,2.0,1.0,128.0,0.9,0.00703125,theorem_safe,103,2.0,2.0427426806082734,2.0,-0.9984025542142032,-1.3457744421660744,0.0,0.0,5.719477929919611e-05,5.719477929919611e-05,0,1,0.9859599640813628,ok
50.0,0.5,2.0,1.0,128.0,0.9,0.00703125,theorem_safe,104,2.0,2.0427426806082734,2.0,-0.9984025542142032,-1.3457744421660744,0.0,0.0,5.6650067115394244e-05,5.6650067115394244e-05,0,1,0.9859599640813628,ok
50.0,0.5,2.0,1.0,128.0,0.9,0.00703125,theorem_safe,105,2.0,2.0427426806082734,2.0,-0.9984025542142032,-1.3457744421660744,0.0,0.0,5.611563251996599e-05,5.611563251996599e-05,0,1,0.9859599640813628,ok
50.0,0.5,2.0,1.0,128.0,0.9,0.00703125,theorem_safe,106,2.0,2.0427426806082734,2.0,-0.9984025542142032,-1.3457744421660744,0.0,0.0,5.5591187356227995e-05,5.5591187356227995e-05,0,1,0.9859599640813628,ok
50.0,0.5,2.0,1.0,128.0,0.9,0.00703125,theorem_safe,107,2.0,2.0427426806082734,2.0,-0.9984025542142032,-1.3457744421660744,0.0,0.0,5.507645413996662e-05,5.507645413996662e-05,0,1,0.9859599640813628,ok
50.0,0.5,2.0,1.0,128.0,0.9,0.00703125,theorem_safe,108,2.0,2.0427426806082734,2.0,-0.9984025542142032,-1.3457744421660744,0.0,0.0,5.457116556987519e-05,5.457116556987519e-05,0,1,0.9859599640813628,ok
50.0,0.5,2.0,1.0,128.0,0.9,0.00703125,theorem_safe,109,2.0,2.0427426806082734,2.0,-0.9984025542142032,-1.3457744421660744,0.0,0.0,5.407506406469451e-05,5.407506406469451e-05,0,1,0.9859599640813628,ok
50.0,0.5,2.0,1.0,128.0,0.9,0.00703125,theorem_safe,110,2.0,2.0427426806082734,2.0,-0.9984025542142032,-1.3457744421660744,0.0,0.0,5.358790132537293e-05,5.358790132537293e-05,0,1,0.9859599640813628,ok
50.0,0.5,2.0,1.0,128.0,0.9,0.00703125,theorem_safe,111,2.0,2.0427426806082734,2.0,-0.9984025542142032,-1.3457744421660744,0.0,0.0,5.310943792068211e-05,5.310943792068211e-05,0,1,0.9859599640813628,ok
50.0,0.5,2.0,1.0,128.0,0.9,0.00703125,theorem_safe,112,2.0,2.0427426806082734,2.0,-0.9984025542142032,-1.3457744421660744,0.0,0.0,5.263944289483536e-05,5.263944289483536e-05,0,1,0.9859599640813628,ok
50.0,0.5,2.0,1.0,128.0,0.9,0.00703125,theorem_safe,113,2.0,2.0427426806082734,2.0,-0.9984025542142032,-1.3457744421660744,0.0,0.0,5.2177693395757857e-05,5.2177693395757857e-05,0,1,0.9859599640813628,ok
50.0,0.5,2.0,1.0,128.0,0.9,0.00703125,theorem_safe,114,2.0,2.0427426806082734,2.0,-0.9984025542142032,-1.3457744421660744,0.0,0.0,5.172397432275127e-05,5.172397432275127e-05,0,1,0.9859599640813628,ok
50.0,0.5,2.0,1.0,128.0,0.9,0.00703125,theorem_safe,115,2.0,2.0427426806082734,2.0,-0.9984025542142032,-1.3457744421660744,0.0,0.0,5.127807799238272e-05,5.127807799238272e-05,0,1,0.9859599640813628,ok
50.0,0.5,2.0,1.0,128.0,0.9,0.00703125,theorem_safe,116,2.0,2.0427426806082734,2.0,-0.9984025542142032,-1.3457744421660744,0.0,0.0,5.083980382150765e-05,5.083980382150765e-05,0,1,0.9859599640813628,ok
50.0,0.5,2.0,1.0,128.0,0.9,0.00703125,theorem_safe,117,2.0,2.0427426806082734,2.0,-0.9984025542142032,-1.3457744421660744,0.0,0.0,5.040895802641013e-05,5.040895802641013e-05,0,1,0.9859599640813628,ok
50.0,0.5,2.0,1.0,128.0,0.9,0.00703125,theorem_safe,118,2.0,2.0427426806082734,2.0,-0.9984025542142032,-1.3457744421660744,0.0,0.0,4.998535333711256e-05,4.998535333711256e-05,0,1,0.9859599640813628,ok
50.0,0.5,2.0,1.0,128.0,0.9,0.00703125,theorem_safe,119,2.0,2.0427426806082734,2.0,-0.9984025542142032,-1.3457744421660744,0.0,0.0,4.9568808725969964e-05,4.9568808725969964e-05,0,1,0.9859599640813628,ok
50.0,0.5,2.0,1.0,128.0,0.9,0.00703125,theorem_safe,120,2.0,2.0427426806082734,2.0,-0.9984025542142032,-1.3457744421660744,0.0,0.0,4.915914914972228e-05,4.915914914972228e-05,0,1,0.9859599640813628,ok
50.0,0.5,2.0,1.0,128.0,0.9,0.00703125,theorem_safe,121,2.0,2.0427426806082734,2.0,-0.9984025542142032,-1.3457744421660744,0.0,0.0,4.875620530423275e-05,4.875620530423275e-05,0,1,0.9859599640813628,ok
50.0,0.5,2.0,1.0,128.0,0.9,0.00703125,theorem_safe,122,2.0,2.0427426806082734,2.0,-0.9984025542142032,-1.3457744421660744,0.0,0.0,4.8359813391190206e-05,4.8359813391190206e-05,0,1,0.9859599640813628,ok
50.0,0.5,2.0,1.0,128.0,0.9,0.00703125,theorem_safe,123,2.0,2.0427426806082734,2.0,-0.9984025542142032,-1.3457744421660744,0.0,0.0,4.796981489609996e-05,4.796981489609996e-05,0,1,0.9859599640813628,ok
50.0,0.5,2.0,1.0,128.0,0.9,0.00703125,theorem_safe,124,2.0,2.0427426806082734,2.0,-0.9984025542142032,-1.3457744421660744,0.0,0.0,4.758605637693116e-05,4.758605637693116e-05,0,1,0.9859599640813628,ok
50.0,0.5,2.0,1.0,128.0,0.9,0.00703125,theorem_safe,125,2.0,2.0427426806082734,2.0,-0.9984025542142032,-1.3457744421660744,0.0,0.0,4.720838926282853e-05,4.720838926282853e-05,0,1,0.9859599640813628,ok
50.0,0.5,2.0,1.0,128.0,0.9,0.00703125,theorem_safe,126,2.0,2.0427426806082734,2.0,-0.9984025542142032,-1.3457744421660744,0.0,0.0,4.683666966233382e-05,4.683666966233382e-05,0,1,0.9859599640813628,ok
50.0,0.5,2.0,1.0,128.0,0.9,0.00703125,theorem_safe,127,2.0,2.0427426806082734,2.0,-0.9984025542142032,-1.3457744421660744,0.0,0.0,4.647075818059684e-05,4.647075818059684e-05,0,1,0.9859599640813628,ok
50.0,0.5,2.0,1.0,128.0,0.9,0.00703125,theorem_safe,128,2.0,2.0427426806082734,2.0,-0.9984025542142032,-1.3457744421660744,0.0,0.0,4.6110519745088335e-05,4.6110519745088335e-05,0,1,0.9859599640813628,ok
50.0,0.5,2.0,1.0,128.0,0.9,0.00703125,theorem_safe,129,2.0,2.0427426806082734,2.0,-0.9984025542142032,-1.3457744421660744,0.0,0.0,4.575582343935689e-05,4.575582343935689e-05,0,1,0.9859599640813628,ok
50.0,0.5,2.0,1.0,128.0,0.9,0.00703125,theorem_safe,130,2.0,2.0427426806082734,2.0,-0.9984025542142032,-1.3457744421660744,0.0,0.0,4.5406542344399966e-05,4.5406542344399966e-05,0,1,0.9859599640813628,ok
50.0,0.5,2.0,1.0,128.0,0.9,0.00703125,theorem_safe,131,2.0,2.0427426806082734,2.0,-0.9984025542142032,-1.3457744421660744,0.0,0.0,4.506255338724542e-05,4.506255338724542e-05,0,1,0.9859599640813628,ok
50.0,0.5,2.0,1.0,128.0,0.9,0.00703125,theorem_safe,132,2.0,2.0427426806082734,2.0,-0.9984025542142032,-1.3457744421660744,0.0,0.0,4.4723737196363875e-05,4.4723737196363875e-05,0,1,0.9859599640813628,ok
50.0,0.5,2.0,1.0,128.0,0.9,0.00703125,theorem_safe,133,2.0,2.0427426806082734,2.0,-0.9984025542142032,-1.3457744421660744,0.0,0.0,4.438997796355519e-05,4.438997796355519e-05,0,1,0.9859599640813628,ok
50.0,0.5,2.0,1.0,128.0,0.9,0.00703125,theorem_safe,134,2.0,2.0427426806082734,2.0,-0.9984025542142032,-1.3457744421660744,0.0,0.0,4.40611633119733e-05,4.40611633119733e-05,0,1,0.9859599640813628,ok
50.0,0.5,2.0,1.0,128.0,0.9,0.00703125,theorem_safe,135,2.0,2.0427426806082734,2.0,-0.9984025542142032,-1.3457744421660744,0.0,0.0,4.373718416997349e-05,4.373718416997349e-05,0,1,0.9859599640813628,ok
50.0,0.5,2.0,1.0,128.0,0.9,0.00703125,theorem_safe,136,2.0,2.0427426806082734,2.0,-0.9984025542142032,-1.3457744421660744,0.0,0.0,4.341793465048464e-05,4.341793465048464e-05,0,1,0.9859599640813628,ok
50.0,0.5,2.0,1.0,128.0,0.9,0.00703125,theorem_safe,137,2.0,2.0427426806082734,2.0,-0.9984025542142032,-1.3457744421660744,0.0,0.0,4.3103311935626056e-05,4.3103311935626056e-05,0,1,0.9859599640813628,ok
50.0,0.5,2.0,1.0,128.0,0.9,0.00703125,theorem_safe,138,2.0,2.0427426806082734,2.0,-0.9984025542142032,-1.3457744421660744,0.0,0.0,4.2793216166305e-05,4.2793216166305e-05,0,1,0.9859599640813628,ok
50.0,0.5,2.0,1.0,128.0,0.9,0.00703125,theorem_safe,139,2.0,2.0427426806082734,2.0,-0.9984025542142032,-1.3457744421660744,0.0,0.0,4.248755033654568e-05,4.248755033654568e-05,0,1,0.9859599640813628,ok
50.0,0.5,2.0,1.0,128.0,0.9,0.00703125,theorem_safe,140,2.0,2.0427426806082734,2.0,-0.9984025542142032,-1.3457744421660744,0.0,0.0,4.218622019231486e-05,4.218622019231486e-05,0,1,0.9859599640813628,ok
50.0,0.5,2.0,1.0,128.0,0.9,0.00703125,theorem_safe,141,2.0,2.0427426806082734,2.0,-0.9984025542142032,-1.3457744421660744,0.0,0.0,4.18891341346225e-05,4.18891341346225e-05,0,1,0.9859599640813628,ok
50.0,0.5,2.0,1.0,128.0,0.9,0.00703125,theorem_safe,142,2.0,2.0427426806082734,2.0,-0.9984025542142032,-1.3457744421660744,0.0,0.0,4.1596203126688083e-05,4.1596203126688083e-05,0,1,0.9859599640813628,ok
50.0,0.5,2.0,1.0,128.0,0.9,0.00703125,theorem_safe,143,2.0,2.0427426806082734,2.0,-0.9984025542142032,-1.3457744421660744,0.0,0.0,4.130734060497497e-05,4.130734060497497e-05,0,1,0.9859599640813628,ok
50.0,0.5,2.0,1.0,128.0,0.9,0.00703125,theorem_safe,144,2.0,2.0427426806082734,2.0,-0.9984025542142032,-1.3457744421660744,0.0,0.0,4.102246239390617e-05,4.102246239390617e-05,0,1,0.9859599640813628,ok
50.0,0.5,2.0,1.0,128.0,0.9,0.00703125,theorem_safe,145,2.0,2.0427426806082734,2.0,-0.9984025542142032,-1.3457744421660744,0.0,0.0,4.0741486624084895e-05,4.0741486624084895e-05,0,1,0.9859599640813628,ok
50.0,0.5,2.0,1.0,128.0,0.9,0.00703125,theorem_safe,146,2.0,2.0427426806082734,2.0,-0.9984025542142032,-1.3457744421660744,0.0,0.0,4.046433365385303e-05,4.046433365385303e-05,0,1,0.9859599640813628,ok
50.0,0.5,2.0,1.0,128.0,0.9,0.00703125,theorem_safe,147,2.0,2.0427426806082734,2.0,-0.9984025542142032,-1.3457744421660744,0.0,0.0,4.01909259940297e-05,4.01909259940297e-05,0,1,0.9859599640813628,ok
50.0,0.5,2.0,1.0,128.0,0.9,0.00703125,theorem_safe,148,2.0,2.0427426806082734,2.0,-0.9984025542142032,-1.3457744421660744,0.0,0.0,3.99211882356805e-05,3.99211882356805e-05,0,1,0.9859599640813628,ok
50.0,0.5,2.0,1.0,128.0,0.9,0.00703125,theorem_safe,149,2.0,2.0427426806082734,2.0,-0.9984025542142032,-1.3457744421660744,0.0,0.0,3.965504698077597e-05,3.965504698077597e-05,0,1,0.9859599640813628,ok
50.0,0.5,2.0,1.0,128.0,0.9,0.00703125,theorem_safe,150,2.0,2.0427426806082734,2.0,-0.9984025542142032,-1.3457744421660744,0.0,0.0,3.939243077560527e-05,3.939243077560527e-05,0,1,0.9859599640813628,ok
50.0,0.5,2.0,1.0,128.0,0.9,0.00703125,theorem_safe,151,2.0,2.0427426806082734,2.0,-0.9984025542142032,-1.3457744421660744,0.0,0.0,3.913327004681839e-05,3.913327004681839e-05,0,1,0.9859599640813628,ok
50.0,0.5,2.0,1.0,128.0,0.9,0.00703125,theorem_safe,152,2.0,2.0427426806082734,2.0,-0.9984025542142032,-1.3457744421660744,0.0,0.0,3.887749703997644e-05,3.887749703997644e-05,0,1,0.9859599640813628,ok
50.0,0.5,2.0,1.0,128.0,0.9,0.00703125,theorem_safe,153,2.0,2.0427426806082734,2.0,-0.9984025542142032,-1.3457744421660744,0.0,0.0,3.862504576049608e-05,3.862504576049608e-05,0,1,0.9859599640813628,ok
50.0,0.5,2.0,1.0,128.0,0.9,0.00703125,theorem_safe,154,2.0,2.0427426806082734,2.0,-0.9984025542142032,-1.3457744421660744,0.0,0.0,3.8375851916879974e-05,3.8375851916879974e-05,0,1,0.9859599640813628,ok
50.0,0.5,2.0,1.0,128.0,0.9,0.00703125,theorem_safe,155,2.0,2.0427426806082734,2.0,-0.9984025542142032,-1.3457744421660744,0.0,0.0,3.812985286613074e-05,3.812985286613074e-05,0,1,0.9859599640813628,ok
50.0,0.5,2.0,1.0,128.0,0.9,0.00703125,theorem_safe,156,2.0,2.0427426806082734,2.0,-0.9984025542142032,-1.3457744421660744,0.0,0.0,3.7886987561250925e-05,3.7886987561250925e-05,0,1,0.9859599640813628,ok
50.0,0.5,2.0,1.0,128.0,0.9,0.00703125,theorem_safe,157,2.0,2.0427426806082734,2.0,-0.9984025542142032,-1.3457744421660744,0.0,0.0,3.7647196500736676e-05,3.7647196500736676e-05,0,1,0.9859599640813628,ok
50.0,0.5,2.0,1.0,128.0,0.9,0.00703125,theorem_safe,158,2.0,2.0427426806082734,2.0,-0.9984025542142032,-1.3457744421660744,0.0,0.0,3.741042167997733e-05,3.741042167997733e-05,0,1,0.9859599640813628,ok
50.0,0.5,2.0,1.0,128.0,0.9,0.00703125,theorem_safe,159,2.0,2.0427426806082734,2.0,-0.9984025542142032,-1.3457744421660744,0.0,0.0,3.717660654447747e-05,3.717660654447747e-05,0,1,0.9859599640813628,ok
50.0,0.5,2.0,1.0,128.0,0.9,0.00703125,theorem_safe,160,2.0,2.0427426806082734,2.0,-0.9984025542142032,-1.3457744421660744,0.0,0.0,3.694569594482233e-05,3.694569594482233e-05,0,1,0.9859599640813628,ok
50.0,0.5,2.0,1.0,128.0,0.9,0.00703125,theorem_safe,161,2.0,2.0427426806082734,2.0,-0.9984025542142032,-1.3457744421660744,0.0,0.0,3.671763609331108e-05,3.671763609331108e-05,0,1,0.9859599640813628,ok
50.0,0.5,2.0,1.0,128.0,0.9,0.00703125,theorem_safe,162,2.0,2.0427426806082734,2.0,-0.9984025542142032,-1.3457744421660744,0.0,0.0,3.649237452218647e-05,3.649237452218647e-05,0,1,0.9859599640813628,ok
50.0,0.5,2.0,1.0,128.0,0.9,0.00703125,theorem_safe,163,2.0,2.0427426806082734,2.0,-0.9984025542142032,-1.3457744421660744,0.0,0.0,3.626986004339266e-05,3.626986004339266e-05,0,1,0.9859599640813628,ok
50.0,0.5,2.0,1.0,128.0,0.9,0.00703125,theorem_safe,164,2.0,2.0427426806082734,2.0,-0.9984025542142032,-1.3457744421660744,0.0,0.0,3.605004270979634e-05,3.605004270979634e-05,0,1,0.9859599640813628,ok
50.0,0.5,2.0,1.0,128.0,0.9,0.00703125,theorem_safe,165,2.0,2.0427426806082734,2.0,-0.9984025542142032,-1.3457744421660744,0.0,0.0,3.5832873777809606e-05,3.5832873777809606e-05,0,1,0.9859599640813628,ok
50.0,0.5,2.0,1.0,128.0,0.9,0.00703125,theorem_safe,166,2.0,2.0427426806082734,2.0,-0.9984025542142032,-1.3457744421660744,0.0,0.0,3.561830567135566e-05,3.561830567135566e-05,0,1,0.9859599640813628,ok
50.0,0.5,2.0,1.0,128.0,0.9,0.00703125,theorem_safe,167,2.0,2.0427426806082734,2.0,-0.9984025542142032,-1.3457744421660744,0.0,0.0,3.54062919471214e-05,3.54062919471214e-05,0,1,0.9859599640813628,ok
50.0,0.5,2.0,1.0,128.0,0.9,0.00703125,theorem_safe,168,2.0,2.0427426806082734,2.0,-0.9984025542142032,-1.3457744421660744,0.0,0.0,3.5196787261043756e-05,3.5196787261043756e-05,0,1,0.9859599640813628,ok
50.0,0.5,2.0,1.0,128.0,0.9,0.00703125,theorem_safe,169,2.0,2.0427426806082734,2.0,-0.9984025542142032,-1.3457744421660744,0.0,0.0,3.498974733597879e-05,3.498974733597879e-05,0,1,0.9859599640813628,ok
50.0,0.5,2.0,1.0,128.0,0.9,0.00703125,theorem_safe,170,2.0,2.0427426806082734,2.0,-0.9984025542142032,-1.3457744421660744,0.0,0.0,3.4785128930505235e-05,3.4785128930505235e-05,0,1,0.9859599640813628,ok
50.0,0.5,2.0,1.0,128.0,0.9,0.00703125,theorem_safe,171,2.0,2.0427426806082734,2.0,-0.9984025542142032,-1.3457744421660744,0.0,0.0,3.458288980881625e-05,3.458288980881625e-05,0,1,0.9859599640813628,ok
50.0,0.5,2.0,1.0,128.0,0.9,0.00703125,theorem_safe,172,2.0,2.0427426806082734,2.0,-0.9984025542142032,-1.3457744421660744,0.0,0.0,3.4382988711655466e-05,3.4382988711655466e-05,0,1,0.9859599640813628,ok
50.0,0.5,2.0,1.0,128.0,0.9,0.00703125,theorem_safe,173,2.0,2.0427426806082734,2.0,-0.9984025542142032,-1.3457744421660744,0.0,0.0,3.418538532825514e-05,3.418538532825514e-05,0,1,0.9859599640813628,ok
50.0,0.5,2.0,1.0,128.0,0.9,0.00703125,theorem_safe,174,2.0,2.0427426806082734,2.0,-0.9984025542142032,-1.3457744421660744,0.0,0.0,3.3990040269236545e-05,3.3990040269236545e-05,0,1,0.9859599640813628,ok
50.0,0.5,2.0,1.0,128.0,0.9,0.00703125,theorem_safe,175,2.0,2.0427426806082734,2.0,-0.9984025542142032,-1.3457744421660744,0.0,0.0,3.379691504043406e-05,3.379691504043406e-05,0,1,0.9859599640813628,ok
50.0,0.5,2.0,1.0,128.0,0.9,0.00703125,theorem_safe,176,2.0,2.0427426806082734,2.0,-0.9984025542142032,-1.3457744421660744,0.0,0.0,3.360597201760676e-05,3.360597201760676e-05,0,1,0.9859599640813628,ok
50.0,0.5,2.0,1.0,128.0,0.9,0.00703125,theorem_safe,177,2.0,2.0427426806082734,2.0,-0.9984025542142032,-1.3457744421660744,0.0,0.0,3.341717442200223e-05,3.341717442200223e-05,0,1,0.9859599640813628,ok
50.0,0.5,2.0,1.0,128.0,0.9,0.00703125,theorem_safe,178,2.0,2.0427426806082734,2.0,-0.9984025542142032,-1.3457744421660744,0.0,0.0,3.323048629673964e-05,3.323048629673964e-05,0,1,0.9859599640813628,ok
50.0,0.5,2.0,1.0,128.0,0.9,0.00703125,theorem_safe,179,2.0,2.0427426806082734,2.0,-0.9984025542142032,-1.3457744421660744,0.0,0.0,3.3045872483979974e-05,3.3045872483979974e-05,0,1,0.9859599640813628,ok
50.0,0.5,2.0,1.0,128.0,0.9,0.00703125,theorem_safe,180,2.0,2.0427426806082734,2.0,-0.9984025542142032,-1.3457744421660744,0.0,0.0,3.2863298602853015e-05,3.2863298602853015e-05,0,1,0.9859599640813628,ok
50.0,0.5,2.0,1.0,128.0,0.9,0.00703125,theorem_safe,181,2.0,2.0427426806082734,2.0,-0.9984025542142032,-1.3457744421660744,0.0,0.0,3.268273102811206e-05,3.268273102811206e-05,0,1,0.9859599640813628,ok
50.0,0.5,2.0,1.0,128.0,0.9,0.00703125,theorem_safe,182,2.0,2.0427426806082734,2.0,-0.9984025542142032,-1.3457744421660744,0.0,0.0,3.25041368694885e-05,3.25041368694885e-05,0,1,0.9859599640813628,ok
50.0,0.5,2.0,1.0,128.0,0.9,0.00703125,theorem_safe,183,2.0,2.0427426806082734,2.0,-0.9984025542142032,-1.3457744421660744,0.0,0.0,3.2327483951719543e-05,3.2327483951719543e-05,0,1,0.9859599640813628,ok
50.0,0.5,2.0,1.0,128.0,0.9,0.00703125,theorem_safe,184,2.0,2.0427426806082734,2.0,-0.9984025542142032,-1.3457744421660744,0.0,0.0,3.2152740795223754e-05,3.2152740795223754e-05,0,1,0.9859599640813628,ok
50.0,0.5,2.0,1.0,128.0,0.9,0.00703125,theorem_safe,185,2.0,2.0427426806082734,2.0,-0.9984025542142032,-1.3457744421660744,0.0,0.0,3.1979876597399974e-05,3.1979876597399974e-05,0,1,0.9859599640813628,ok
50.0,0.5,2.0,1.0,128.0,0.9,0.00703125,theorem_safe,186,2.0,2.0427426806082734,2.0,-0.9984025542142032,-1.3457744421660744,0.0,0.0,3.180886121452618e-05,3.180886121452618e-05,0,1,0.9859599640813628,ok
50.0,0.5,2.0,1.0,128.0,0.9,0.00703125,theorem_safe,187,2.0,2.0427426806082734,2.0,-0.9984025542142032,-1.3457744421660744,0.0,0.0,3.1639665144236144e-05,3.1639665144236144e-05,0,1,0.9859599640813628,ok
50.0,0.5,2.0,1.0,128.0,0.9,0.00703125,theorem_safe,188,2.0,2.0427426806082734,2.0,-0.9984025542142032,-1.3457744421660744,0.0,0.0,3.1472259508552356e-05,3.1472259508552356e-05,0,1,0.9859599640813628,ok
50.0,0.5,2.0,1.0,128.0,0.9,0.00703125,theorem_safe,189,2.0,2.0427426806082734,2.0,-0.9984025542142032,-1.3457744421660744,0.0,0.0,3.130661603745471e-05,3.130661603745471e-05,0,1,0.9859599640813628,ok
50.0,0.5,2.0,1.0,128.0,0.9,0.00703125,theorem_safe,190,2.0,2.0427426806082734,2.0,-0.9984025542142032,-1.3457744421660744,0.0,0.0,3.114270705296542e-05,3.114270705296542e-05,0,1,0.9859599640813628,ok
50.0,0.5,2.0,1.0,128.0,0.9,0.00703125,theorem_safe,191,2.0,2.0427426806082734,2.0,-0.9984025542142032,-1.3457744421660744,0.0,0.0,3.098050545373122e-05,3.098050545373122e-05,0,1,0.9859599640813628,ok
50.0,0.5,2.0,1.0,128.0,0.9,0.00703125,theorem_safe,192,2.0,2.0427426806082734,2.0,-0.9984025542142032,-1.3457744421660744,0.0,0.0,3.081998470008495e-05,3.081998470008495e-05,0,1,0.9859599640813628,ok
50.0,0.5,2.0,1.0,128.0,0.9,0.00703125,theorem_safe,193,2.0,2.0427426806082734,2.0,-0.9984025542142032,-1.3457744421660744,0.0,0.0,3.066111879956905e-05,3.066111879956905e-05,0,1,0.9859599640813628,ok
50.0,0.5,2.0,1.0,128.0,0.9,0.00703125,theorem_safe,194,2.0,2.0427426806082734,2.0,-0.9984025542142032,-1.3457744421660744,0.0,0.0,3.0503882292904595e-05,3.0503882292904595e-05,0,1,0.9859599640813628,ok
50.0,0.5,2.0,1.0,128.0,0.9,0.00703125,theorem_safe,195,2.0,2.0427426806082734,2.0,-0.9984025542142032,-1.3457744421660744,0.0,0.0,3.0348250240389775e-05,3.0348250240389775e-05,0,1,0.9859599640813628,ok
50.0,0.5,2.0,1.0,128.0,0.9,0.00703125,theorem_safe,196,2.0,2.0427426806082734,2.0,-0.9984025542142032,-1.3457744421660744,0.0,0.0,3.019419820871267e-05,3.019419820871267e-05,0,1,0.9859599640813628,ok
50.0,0.5,2.0,1.0,128.0,0.9,0.00703125,theorem_safe,197,2.0,2.0427426806082734,2.0,-0.9984025542142032,-1.3457744421660744,0.0,0.0,3.004170225816361e-05,3.004170225816361e-05,0,1,0.9859599640813628,ok
50.0,0.5,2.0,1.0,128.0,0.9,0.00703125,theorem_safe,198,2.0,2.0427426806082734,2.0,-0.9984025542142032,-1.3457744421660744,0.0,0.0,2.989073893023314e-05,2.989073893023314e-05,0,1,0.9859599640813628,ok
50.0,0.5,2.0,1.0,128.0,0.9,0.00703125,theorem_safe,199,2.0,2.0427426806082734,2.0,-0.9984025542142032,-1.3457744421660744,0.0,0.0,2.974128523558198e-05,2.974128523558198e-05,0,1,0.9859599640813628,ok
50.0,0.5,2.0,1.0,128.0,0.9,0.00703125,theorem_safe,200,2.0,2.0427426806082734,2.0,-0.9984025542142032,-1.3457744421660744,0.0,0.0,2.959331864237013e-05,2.959331864237013e-05,0,1,0.9859599640813628,ok
50.0,0.5,2.0,1.0,128.0,0.9,0.00703125,theorem_safe,201,2.0,2.0427426806082734,2.0,-0.9984025542142032,-1.3457744421660744,0.0,0.0,2.9446817064932652e-05,2.9446817064932652e-05,0,1,0.9859599640813628,ok
50.0,0.5,2.0,1.0,128.0,0.9,0.00703125,theorem_safe,202,2.0,2.0427426806082734,2.0,-0.9984025542142032,-1.3457744421660744,0.0,0.0,2.9301758852790128e-05,2.9301758852790128e-05,0,1,0.9859599640813628,ok
50.0,0.5,2.0,1.0,128.0,0.9,0.00703125,theorem_safe,203,2.0,2.0427426806082734,2.0,-0.9984025542142032,-1.3457744421660744,0.0,0.0,2.915812277998233e-05,2.915812277998233e-05,0,1,0.9859599640813628,ok
50.0,0.5,2.0,1.0,128.0,0.9,0.00703125,theorem_safe,204,2.0,2.0427426806082734,2.0,-0.9984025542142032,-1.3457744421660744,0.0,0.0,2.9015888034714126e-05,2.9015888034714126e-05,0,1,0.9859599640813628,ok
50.0,0.5,2.0,1.0,128.0,0.9,0.00703125,theorem_safe,205,2.0,2.0427426806082734,2.0,-0.9984025542142032,-1.3457744421660744,0.0,0.0,2.8875034209302892e-05,2.8875034209302892e-05,0,1,0.9859599640813628,ok
50.0,0.5,2.0,1.0,128.0,0.9,0.00703125,theorem_safe,206,2.0,2.0427426806082734,2.0,-0.9984025542142032,-1.3457744421660744,0.0,0.0,2.873554129041737e-05,2.873554129041737e-05,0,1,0.9859599640813628,ok
50.0,0.5,2.0,1.0,128.0,0.9,0.00703125,theorem_safe,207,2.0,2.0427426806082734,2.0,-0.9984025542142032,-1.3457744421660744,0.0,0.0,2.8597389649598056e-05,2.8597389649598056e-05,0,1,0.9859599640813628,ok
50.0,0.5,2.0,1.0,128.0,0.9,0.00703125,theorem_safe,208,2.0,2.0427426806082734,2.0,-0.9984025542142032,-1.3457744421660744,0.0,0.0,2.8460560034049736e-05,2.8460560034049736e-05,0,1,0.9859599640813628,ok
50.0,0.5,2.0,1.0,128.0,0.9,0.00703125,theorem_safe,209,2.0,2.0427426806082734,2.0,-0.9984025542142032,-1.3457744421660744,0.0,0.0,2.8325033557697122e-05,2.8325033557697122e-05,0,1,0.9859599640813628,ok
50.0,0.5,2.0,1.0,128.0,0.9,0.00703125,theorem_safe,210,2.0,2.0427426806082734,2.0,-0.9984025542142032,-1.3457744421660744,0.0,0.0,2.8190791692494764e-05,2.8190791692494764e-05,0,1,0.9859599640813628,ok
50.0,0.5,2.0,1.0,128.0,0.9,0.00703125,theorem_safe,211,2.0,2.0427426806082734,2.0,-0.9984025542142032,-1.3457744421660744,0.0,0.0,2.8057816259982995e-05,2.8057816259982995e-05,0,1,0.9859599640813628,ok
50.0,0.5,2.0,1.0,128.0,0.9,0.00703125,theorem_safe,212,2.0,2.0427426806082734,2.0,-0.9984025542142032,-1.3457744421660744,0.0,0.0,2.792608942308167e-05,2.792608942308167e-05,0,1,0.9859599640813628,ok
50.0,0.5,2.0,1.0,128.0,0.9,0.00703125,theorem_safe,213,2.0,2.0427426806082734,2.0,-0.9984025542142032,-1.3457744421660744,0.0,0.0,2.7795593678113998e-05,2.7795593678113998e-05,0,1,0.9859599640813628,ok
50.0,0.5,2.0,1.0,128.0,0.9,0.00703125,theorem_safe,214,2.0,2.0427426806082734,2.0,-0.9984025542142032,-1.3457744421660744,0.0,0.0,2.7666311847053005e-05,2.7666311847053005e-05,0,1,0.9859599640813628,ok
50.0,0.5,2.0,1.0,128.0,0.9,0.00703125,theorem_safe,215,2.0,2.0427426806082734,2.0,-0.9984025542142032,-1.3457744421660744,0.0,0.0,2.753822706998331e-05,2.753822706998331e-05,0,1,0.9859599640813628,ok
50.0,0.5,2.0,1.0,128.0,0.9,0.00703125,theorem_safe,216,2.0,2.0427426806082734,2.0,-0.9984025542142032,-1.3457744421660744,0.0,0.0,2.7411322797771408e-05,2.7411322797771408e-05,0,1,0.9859599640813628,ok
50.0,0.5,2.0,1.0,128.0,0.9,0.00703125,theorem_safe,217,2.0,2.0427426806082734,2.0,-0.9984025542142032,-1.3457744421660744,0.0,0.0,2.7285582784937595e-05,2.7285582784937595e-05,0,1,0.9859599640813628,ok
50.0,0.5,2.0,1.0,128.0,0.9,0.00703125,theorem_safe,218,2.0,2.0427426806082734,2.0,-0.9984025542142032,-1.3457744421660744,0.0,0.0,2.716099108272327e-05,2.716099108272327e-05,0,1,0.9859599640813628,ok
50.0,0.5,2.0,1.0,128.0,0.9,0.00703125,theorem_safe,219,2.0,2.0427426806082734,2.0,-0.9984025542142032,-1.3457744421660744,0.0,0.0,2.7037532032347254e-05,2.7037532032347254e-05,0,1,0.9859599640813628,ok
50.0,0.5,2.0,1.0,128.0,0.9,0.00703125,theorem_safe,220,2.0,2.0427426806082734,2.0,-0.9984025542142032,-1.3457744421660744,0.0,0.0,2.6915190258445228e-05,2.6915190258445228e-05,0,1,0.9859599640813628,ok
50.0,0.5,2.0,1.0,128.0,0.9,0.00703125,theorem_safe,221,2.0,2.0427426806082734,2.0,-0.9984025542142032,-1.3457744421660744,0.0,0.0,2.6793950662686466e-05,2.6793950662686466e-05,0,1,0.9859599640813628,ok
50.0,0.5,2.0,1.0,128.0,0.9,0.00703125,theorem_safe,222,2.0,2.0427426806082734,2.0,-0.9984025542142032,-1.3457744421660744,0.0,0.0,2.6673798417562313e-05,2.6673798417562313e-05,0,1,0.9859599640813628,ok
50.0,0.5,2.0,1.0,128.0,0.9,0.00703125,theorem_safe,223,2.0,2.0427426806082734,2.0,-0.9984025542142032,-1.3457744421660744,0.0,0.0,2.6554718960341054e-05,2.6554718960341054e-05,0,1,0.9859599640813628,ok
50.0,0.5,2.0,1.0,128.0,0.9,0.00703125,theorem_safe,224,2.0,2.0427426806082734,2.0,-0.9984025542142032,-1.3457744421660744,0.0,0.0,2.643669798718398e-05,2.643669798718398e-05,0,1,0.9859599640813628,ok
50.0,0.5,2.0,1.0,128.0,0.9,0.00703125,theorem_safe,225,2.0,2.0427426806082734,2.0,-0.9984025542142032,-1.3457744421660744,0.0,0.0,2.631972144741768e-05,2.631972144741768e-05,0,1,0.9859599640813628,ok
50.0,0.5,2.0,1.0,128.0,0.9,0.00703125,theorem_safe,226,2.0,2.0427426806082734,2.0,-0.9984025542142032,-1.3457744421660744,0.0,0.0,2.620377553795769e-05,2.620377553795769e-05,0,1,0.9859599640813628,ok
50.0,0.5,2.0,1.0,128.0,0.9,0.00703125,theorem_safe,227,2.0,2.0427426806082734,2.0,-0.9984025542142032,-1.3457744421660744,0.0,0.0,2.6088846697878928e-05,2.6088846697878928e-05,0,1,0.9859599640813628,ok
50.0,0.5,2.0,1.0,128.0,0.9,0.00703125,theorem_safe,228,2.0,2.0427426806082734,2.0,-0.9984025542142032,-1.3457744421660744,0.0,0.0,2.5974921603128365e-05,2.5974921603128365e-05,0,1,0.9859599640813628,ok
50.0,0.5,2.0,1.0,128.0,0.9,0.00703125,theorem_safe,229,2.0,2.0427426806082734,2.0,-0.9984025542142032,-1.3457744421660744,0.0,0.0,2.5861987161375635e-05,2.5861987161375635e-05,0,1,0.9859599640813628,ok
50.0,0.5,2.0,1.0,128.0,0.9,0.00703125,theorem_safe,230,2.0,2.0427426806082734,2.0,-0.9984025542142032,-1.3457744421660744,0.0,0.0,2.5750030506997382e-05,2.5750030506997382e-05,0,1,0.9859599640813628,ok
50.0,0.5,2.0,1.0,128.0,0.9,0.00703125,theorem_safe,231,2.0,2.0427426806082734,2.0,-0.9984025542142032,-1.3457744421660744,0.0,0.0,2.563903899619136e-05,2.563903899619136e-05,0,1,0.9859599640813628,ok
50.0,0.5,2.0,1.0,128.0,0.9,0.00703125,theorem_safe,232,2.0,2.0427426806082734,2.0,-0.9984025542142032,-1.3457744421660744,0.0,0.0,2.5529000202216288e-05,2.5529000202216288e-05,0,1,0.9859599640813628,ok
50.0,0.5,2.0,1.0,128.0,0.9,0.00703125,theorem_safe,233,2.0,2.0427426806082734,2.0,-0.9984025542142032,-1.3457744421660744,0.0,0.0,2.5419901910753826e-05,2.5419901910753826e-05,0,1,0.9859599640813628,ok
50.0,0.5,2.0,1.0,128.0,0.9,0.00703125,theorem_safe,234,2.0,2.0427426806082734,2.0,-0.9984025542142032,-1.3457744421660744,0.0,0.0,2.5311732115388918e-05,2.5311732115388918e-05,0,1,0.9859599640813628,ok
50.0,0.5,2.0,1.0,128.0,0.9,0.00703125,theorem_safe,235,2.0,2.0427426806082734,2.0,-0.9984025542142032,-1.3457744421660744,0.0,0.0,2.5204479013205066e-05,2.5204479013205066e-05,0,1,0.9859599640813628,ok
50.0,0.5,2.0,1.0,128.0,0.9,0.00703125,theorem_safe,236,2.0,2.0427426806082734,2.0,-0.9984025542142032,-1.3457744421660744,0.0,0.0,2.509813100049112e-05,2.509813100049112e-05,0,1,0.9859599640813628,ok
50.0,0.5,2.0,1.0,128.0,0.9,0.00703125,theorem_safe,237,2.0,2.0427426806082734,2.0,-0.9984025542142032,-1.3457744421660744,0.0,0.0,2.499267666855628e-05,2.499267666855628e-05,0,1,0.9859599640813628,ok
50.0,0.5,2.0,1.0,128.0,0.9,0.00703125,theorem_safe,238,2.0,2.0427426806082734,2.0,-0.9984025542142032,-1.3457744421660744,0.0,0.0,2.488810479965019e-05,2.488810479965019e-05,0,1,0.9859599640813628,ok
50.0,0.5,2.0,1.0,128.0,0.9,0.00703125,theorem_safe,239,2.0,2.0427426806082734,2.0,-0.9984025542142032,-1.3457744421660744,0.0,0.0,2.4784404362984982e-05,2.4784404362984982e-05,0,1,0.9859599640813628,ok
50.0,0.5,2.0,1.0,128.0,0.9,0.00703125,theorem_safe,240,2.0,2.0427426806082734,2.0,-0.9984025542142032,-1.3457744421660744,0.0,0.0,2.468156451085641e-05,2.468156451085641e-05,0,1,0.9859599640813628,ok
50.0,0.5,2.0,1.0,128.0,0.9,0.00703125,theorem_safe,241,2.0,2.0427426806082734,2.0,-0.9984025542142032,-1.3457744421660744,0.0,0.0,2.457957457486114e-05,2.457957457486114e-05,0,1,0.9859599640813628,ok
50.0,0.5,2.0,1.0,128.0,0.9,0.00703125,theorem_safe,242,2.0,2.0427426806082734,2.0,-0.9984025542142032,-1.3457744421660744,0.0,0.0,2.447842406220739e-05,2.447842406220739e-05,0,1,0.9859599640813628,ok
50.0,0.5,2.0,1.0,128.0,0.9,0.00703125,theorem_safe,243,2.0,2.0427426806082734,2.0,-0.9984025542142032,-1.3457744421660744,0.0,0.0,2.4378102652116373e-05,2.4378102652116373e-05,0,1,0.9859599640813628,ok
50.0,0.5,2.0,1.0,128.0,0.9,0.00703125,theorem_safe,244,2.0,2.0427426806082734,2.0,-0.9984025542142032,-1.3457744421660744,0.0,0.0,2.427860019231182e-05,2.427860019231182e-05,0,1,0.9859599640813628,ok
50.0,0.5,2.0,1.0,128.0,0.9,0.00703125,theorem_safe,245,2.0,2.0427426806082734,2.0,-0.9984025542142032,-1.3457744421660744,0.0,0.0,2.4179906695595103e-05,2.4179906695595103e-05,0,1,0.9859599640813628,ok
50.0,0.5,2.0,1.0,128.0,0.9,0.00703125,theorem_safe,246,2.0,2.0427426806082734,2.0,-0.9984025542142032,-1.3457744421660744,0.0,0.0,2.4082012336503625e-05,2.4082012336503625e-05,0,1,0.9859599640813628,ok
50.0,0.5,2.0,1.0,128.0,0.9,0.00703125,theorem_safe,247,2.0,2.0427426806082734,2.0,-0.9984025542142032,-1.3457744421660744,0.0,0.0,2.398490744804998e-05,2.398490744804998e-05,0,1,0.9859599640813628,ok
50.0,0.5,2.0,1.0,128.0,0.9,0.00703125,theorem_safe,248,2.0,2.0427426806082734,2.0,-0.9984025542142032,-1.3457744421660744,0.0,0.0,2.388858251853974e-05,2.388858251853974e-05,0,1,0.9859599640813628,ok
50.0,0.5,2.0,1.0,128.0,0.9,0.00703125,theorem_safe,249,2.0,2.0427426806082734,2.0,-0.9984025542142032,-1.3457744421660744,0.0,0.0,2.379302818846558e-05,2.379302818846558e-05,0,1,0.9859599640813628,ok
50.0,0.5,2.0,1.0,128.0,0.9,0.00703125,theorem_safe,250,2.0,2.0427426806082734,2.0,-0.9984025542142032,-1.3457744421660744,0.0,0.0,2.369823524747568e-05,2.369823524747568e-05,0,1,0.9859599640813628,ok
50.0,0.5,2.0,1.0,128.0,0.9,0.00703125,theorem_safe,251,2.0,2.0427426806082734,2.0,-0.9984025542142032,-1.3457744421660744,0.0,0.0,2.3604194631414267e-05,2.3604194631414267e-05,0,1,0.9859599640813628,ok
50.0,0.5,2.0,1.0,128.0,0.9,0.00703125,theorem_safe,252,2.0,2.0427426806082734,2.0,-0.9984025542142032,-1.3457744421660744,0.0,0.0,2.3510897419432393e-05,2.3510897419432393e-05,0,1,0.9859599640813628,ok
50.0,0.5,2.0,1.0,128.0,0.9,0.00703125,theorem_safe,253,2.0,2.0427426806082734,2.0,-0.9984025542142032,-1.3457744421660744,0.0,0.0,2.341833483116691e-05,2.341833483116691e-05,0,1,0.9859599640813628,ok
50.0,0.5,2.0,1.0,128.0,0.9,0.00703125,theorem_safe,254,2.0,2.0427426806082734,2.0,-0.9984025542142032,-1.3457744421660744,0.0,0.0,2.3326498223985864e-05,2.3326498223985864e-05,0,1,0.9859599640813628,ok
50.0,0.5,2.0,1.0,128.0,0.9,0.00703125,theorem_safe,255,2.0,2.0427426806082734,2.0,-0.9984025542142032,-1.3457744421660744,0.0,0.0,2.323537909029842e-05,2.323537909029842e-05,0,1,0.9859599640813628,ok
50.0,0.5,2.0,1.0,128.0,0.9,0.00703125,theorem_safe,256,2.0,2.0427426806082734,2.0,-0.9984025542142032,-1.3457744421660744,0.0,0.0,2.3144969054927608e-05,2.3144969054927608e-05,0,1,0.9859599640813628,ok
50.0,0.5,2.0,1.0,128.0,0.9,0.00703125,theorem_safe,257,2.0,2.0427426806082734,2.0,-0.9984025542142032,-1.3457744421660744,0.0,0.0,2.3055259872544167e-05,2.3055259872544167e-05,0,1,0.9859599640813628,ok
50.0,0.5,2.0,1.0,128.0,0.9,0.00703125,theorem_safe,258,2.0,2.0427426806082734,2.0,-0.9984025542142032,-1.3457744421660744,0.0,0.0,2.2966243425159827e-05,2.2966243425159827e-05,0,1,0.9859599640813628,ok
50.0,0.5,2.0,1.0,128.0,0.9,0.00703125,theorem_safe,259,2.0,2.0427426806082734,2.0,-0.9984025542142032,-1.3457744421660744,0.0,0.0,2.2877911719678444e-05,2.2877911719678444e-05,0,1,0.9859599640813628,ok
50.0,0.5,2.0,1.0,128.0,0.9,0.00703125,theorem_safe,260,2.0,2.0427426806082734,2.0,-0.9984025542142032,-1.3457744421660744,0.0,0.0,2.279025688550343e-05,2.279025688550343e-05,0,1,0.9859599640813628,ok
50.0,0.5,2.0,1.0,128.0,0.9,0.00703125,theorem_safe,261,2.0,2.0427426806082734,2.0,-0.9984025542142032,-1.3457744421660744,0.0,0.0,2.2703271172199983e-05,2.2703271172199983e-05,0,1,0.9859599640813628,ok
50.0,0.5,2.0,1.0,128.0,0.9,0.00703125,theorem_safe,262,2.0,2.0427426806082734,2.0,-0.9984025542142032,-1.3457744421660744,0.0,0.0,2.261694694721063e-05,2.261694694721063e-05,0,1,0.9859599640813628,ok
50.0,0.5,2.0,1.0,128.0,0.9,0.00703125,theorem_safe,263,2.0,2.0427426806082734,2.0,-0.9984025542142032,-1.3457744421660744,0.0,0.0,2.253127669362271e-05,2.253127669362271e-05,0,1,0.9859599640813628,ok
50.0,0.5,2.0,1.0,128.0,0.9,0.00703125,theorem_safe,264,2.0,2.0427426806082734,2.0,-0.9984025542142032,-1.3457744421660744,0.0,0.0,2.2446253007986396e-05,2.2446253007986396e-05,0,1,0.9859599640813628,ok
50.0,0.5,2.0,1.0,128.0,0.9,0.00703125,theorem_safe,265,2.0,2.0427426806082734,2.0,-0.9984025542142032,-1.3457744421660744,0.0,0.0,2.2361868598181938e-05,2.2361868598181938e-05,0,1,0.9859599640813628,ok
50.0,0.5,2.0,1.0,128.0,0.9,0.00703125,theorem_safe,266,2.0,2.0427426806082734,2.0,-0.9984025542142032,-1.3457744421660744,0.0,0.0,2.2278116281334814e-05,2.2278116281334814e-05,0,1,0.9859599640813628,ok
50.0,0.5,2.0,1.0,128.0,0.9,0.00703125,theorem_safe,267,2.0,2.0427426806082734,2.0,-0.9984025542142032,-1.3457744421660744,0.0,0.0,2.2194988981777594e-05,2.2194988981777594e-05,0,1,0.9859599640813628,ok
50.0,0.5,2.0,1.0,128.0,0.9,0.00703125,theorem_safe,268,2.0,2.0427426806082734,2.0,-0.9984025542142032,-1.3457744421660744,0.0,0.0,2.211247972905723e-05,2.211247972905723e-05,0,1,0.9859599640813628,ok
50.0,0.5,2.0,1.0,128.0,0.9,0.00703125,theorem_safe,269,2.0,2.0427426806082734,2.0,-0.9984025542142032,-1.3457744421660744,0.0,0.0,2.203058165598665e-05,2.203058165598665e-05,0,1,0.9859599640813628,ok
50.0,0.5,2.0,1.0,128.0,0.9,0.00703125,theorem_safe,270,2.0,2.0427426806082734,2.0,-0.9984025542142032,-1.3457744421660744,0.0,0.0,2.1949287996739466e-05,2.1949287996739466e-05,0,1,0.9859599640813628,ok
50.0,0.5,2.0,1.0,128.0,0.9,0.00703125,theorem_safe,271,2.0,2.0427426806082734,2.0,-0.9984025542142032,-1.3457744421660744,0.0,0.0,2.1868592084986747e-05,2.1868592084986747e-05,0,1,0.9859599640813628,ok
50.0,0.5,2.0,1.0,128.0,0.9,0.00703125,theorem_safe,272,2.0,2.0427426806082734,2.0,-0.9984025542142032,-1.3457744421660744,0.0,0.0,2.1788487352074707e-05,2.1788487352074707e-05,0,1,0.9859599640813628,ok
50.0,0.5,2.0,1.0,128.0,0.9,0.00703125,theorem_safe,273,2.0,2.0427426806082734,2.0,-0.9984025542142032,-1.3457744421660744,0.0,0.0,2.170896732524232e-05,2.170896732524232e-05,0,1,0.9859599640813628,ok
50.0,0.5,2.0,1.0,128.0,0.9,0.00703125,theorem_safe,274,2.0,2.0427426806082734,2.0,-0.9984025542142032,-1.3457744421660744,0.0,0.0,2.16300256258778e-05,2.16300256258778e-05,0,1,0.9859599640813628,ok
50.0,0.5,2.0,1.0,128.0,0.9,0.00703125,theorem_safe,275,2.0,2.0427426806082734,2.0,-0.9984025542142032,-1.3457744421660744,0.0,0.0,2.1551655967813028e-05,2.1551655967813028e-05,0,1,0.9859599640813628,ok
50.0,0.5,2.0,1.0,128.0,0.9,0.00703125,theorem_safe,276,2.0,2.0427426806082734,2.0,-0.9984025542142032,-1.3457744421660744,0.0,0.0,2.1473852155654857e-05,2.1473852155654857e-05,0,1,0.9859599640813628,ok
50.0,0.5,2.0,1.0,128.0,0.9,0.00703125,theorem_safe,277,2.0,2.0427426806082734,2.0,-0.9984025542142032,-1.3457744421660744,0.0,0.0,2.13966080831525e-05,2.13966080831525e-05,0,1,0.9859599640813628,ok
50.0,0.5,2.0,1.0,128.0,0.9,0.00703125,theorem_safe,278,2.0,2.0427426806082734,2.0,-0.9984025542142032,-1.3457744421660744,0.0,0.0,2.1319917731599984e-05,2.1319917731599984e-05,0,1,0.9859599640813628,ok
50.0,0.5,2.0,1.0,128.0,0.9,0.00703125,theorem_safe,279,2.0,2.0427426806082734,2.0,-0.9984025542142032,-1.3457744421660744,0.0,0.0,2.124377516827284e-05,2.124377516827284e-05,0,1,0.9859599640813628,ok
50.0,0.5,2.0,1.0,128.0,0.9,0.00703125,theorem_safe,280,2.0,2.0427426806082734,2.0,-0.9984025542142032,-1.3457744421660744,0.0,0.0,2.1168174544898203e-05,2.1168174544898203e-05,0,1,0.9859599640813628,ok
50.0,0.5,2.0,1.0,128.0,0.9,0.00703125,theorem_safe,281,2.0,2.0427426806082734,2.0,-0.9984025542142032,-1.3457744421660744,0.0,0.0,2.109311009615743e-05,2.109311009615743e-05,0,1,0.9859599640813628,ok
50.0,0.5,2.0,1.0,128.0,0.9,0.00703125,theorem_safe,282,2.0,2.0427426806082734,2.0,-0.9984025542142032,-1.3457744421660744,0.0,0.0,2.101857613822048e-05,2.101857613822048e-05,0,1,0.9859599640813628,ok
50.0,0.5,2.0,1.0,128.0,0.9,0.00703125,theorem_safe,283,2.0,2.0427426806082734,2.0,-0.9984025542142032,-1.3457744421660744,0.0,0.0,2.094456706731125e-05,2.094456706731125e-05,0,1,0.9859599640813628,ok
50.0,0.5,2.0,1.0,128.0,0.9,0.00703125,theorem_safe,284,2.0,2.0427426806082734,2.0,-0.9984025542142032,-1.3457744421660744,0.0,0.0,2.087107735830314e-05,2.087107735830314e-05,0,1,0.9859599640813628,ok
50.0,0.5,2.0,1.0,128.0,0.9,0.00703125,theorem_safe,285,2.0,2.0427426806082734,2.0,-0.9984025542142032,-1.3457744421660744,0.0,0.0,2.0798101563344042e-05,2.0798101563344042e-05,0,1,0.9859599640813628,ok
50.0,0.5,2.0,1.0,128.0,0.9,0.00703125,theorem_safe,286,2.0,2.0427426806082734,2.0,-0.9984025542142032,-1.3457744421660744,0.0,0.0,2.0725634310510088e-05,2.0725634310510088e-05,0,1,0.9859599640813628,ok
50.0,0.5,2.0,1.0,128.0,0.9,0.00703125,theorem_safe,287,2.0,2.0427426806082734,2.0,-0.9984025542142032,-1.3457744421660744,0.0,0.0,2.0653670302487486e-05,2.0653670302487486e-05,0,1,0.9859599640813628,ok
50.0,0.5,2.0,1.0,128.0,0.9,0.00703125,theorem_safe,288,2.0,2.0427426806082734,2.0,-0.9984025542142032,-1.3457744421660744,0.0,0.0,2.0582204315281643e-05,2.0582204315281643e-05,0,1,0.9859599640813628,ok
50.0,0.5,2.0,1.0,128.0,0.9,0.00703125,theorem_safe,289,2.0,2.0427426806082734,2.0,-0.9984025542142032,-1.3457744421660744,0.0,0.0,2.0511231196953086e-05,2.0511231196953086e-05,0,1,0.9859599640813628,ok
50.0,0.5,2.0,1.0,128.0,0.9,0.00703125,theorem_safe,290,2.0,2.0427426806082734,2.0,-0.9984025542142032,-1.3457744421660744,0.0,0.0,2.0440745866379368e-05,2.0440745866379368e-05,0,1,0.9859599640813628,ok
50.0,0.5,2.0,1.0,128.0,0.9,0.00703125,theorem_safe,291,2.0,2.0427426806082734,2.0,-0.9984025542142032,-1.3457744421660744,0.0,0.0,2.0370743312042447e-05,2.0370743312042447e-05,0,1,0.9859599640813628,ok
50.0,0.5,2.0,1.0,128.0,0.9,0.00703125,theorem_safe,292,2.0,2.0427426806082734,2.0,-0.9984025542142032,-1.3457744421660744,0.0,0.0,2.030121859084094e-05,2.030121859084094e-05,0,1,0.9859599640813628,ok
50.0,0.5,2.0,1.0,128.0,0.9,0.00703125,theorem_safe,293,2.0,2.0427426806082734,2.0,-0.9984025542142032,-1.3457744421660744,0.0,0.0,2.0232166826926516e-05,2.0232166826926516e-05,0,1,0.9859599640813628,ok
50.0,0.5,2.0,1.0,128.0,0.9,0.00703125,theorem_safe,294,2.0,2.0427426806082734,2.0,-0.9984025542142032,-1.3457744421660744,0.0,0.0,2.016358321056405e-05,2.016358321056405e-05,0,1,0.9859599640813628,ok
50.0,0.5,2.0,1.0,128.0,0.9,0.00703125,theorem_safe,295,2.0,2.0427426806082734,2.0,-0.9984025542142032,-1.3457744421660744,0.0,0.0,2.009546299701485e-05,2.009546299701485e-05,0,1,0.9859599640813628,ok
50.0,0.5,2.0,1.0,128.0,0.9,0.00703125,theorem_safe,296,2.0,2.0427426806082734,2.0,-0.9984025542142032,-1.3457744421660744,0.0,0.0,2.002780150544241e-05,2.002780150544241e-05,0,1,0.9859599640813628,ok
50.0,0.5,2.0,1.0,128.0,0.9,0.00703125,theorem_safe,297,2.0,2.0427426806082734,2.0,-0.9984025542142032,-1.3457744421660744,0.0,0.0,1.996059411784025e-05,1.996059411784025e-05,0,1,0.9859599640813628,ok
50.0,0.5,2.0,1.0,128.0,0.9,0.00703125,theorem_safe,298,2.0,2.0427426806082734,2.0,-0.9984025542142032,-1.3457744421660744,0.0,0.0,1.9893836277981256e-05,1.9893836277981256e-05,0,1,0.9859599640813628,ok
50.0,0.5,2.0,1.0,128.0,0.9,0.00703125,theorem_safe,299,2.0,2.0427426806082734,2.0,-0.9984025542142032,-1.3457744421660744,0.0,0.0,1.9827523490387986e-05,1.9827523490387986e-05,0,1,0.9859599640813628,ok
50.0,0.5,2.0,1.0,128.0,0.9,0.5,riemannian_scale,0,1.0,2.9976038332287738,2.0,-0.9992006392757227,-0.4998001065761871,0.09657359027997264,0.09657359027997264,0.42298716779494366,0.326413577514971,0,1,0.5003996803621387,ok
50.0,0.5,2.0,1.0,128.0,0.9,0.5,riemannian_scale,1,2.0,1877.998005737407,2.0,-0.9984025542142032,-1.3457744421660744,0.0,0.0,0.21149358389747183,0.21149358389747183,0,1,0.0015974457857967916,ok
50.0,0.5,2.0,1.0,128.0,0.9,0.5,riemannian_scale,2,2.0,1877.998005737407,2.0,-0.9984025542142032,-1.3457744421660744,0.0,0.0,0.14099572259831455,0.14099572259831455,0,1,0.0015974457857967916,ok
50.0,0.5,2.0,1.0,128.0,0.9,0.5,riemannian_scale,3,2.0,1877.998005737407,2.0,-0.9984025542142032,-1.3457744421660744,0.0,0.0,0.10574679194873592,0.10574679194873592,0,1,0.0015974457857967916,ok
50.0,0.5,2.0,1.0,128.0,0.9,0.5,riemannian_scale,4,2.0,1877.998005737407,2.0,-0.9984025542142032,-1.3457744421660744,0.0,0.0,0.08459743355898874,0.08459743355898874,0,1,0.0015974457857967916,ok
50.0,0.5,2.0,1.0,128.0,0.9,0.5,riemannian_scale,5,2.0,1877.998005737407,2.0,-0.9984025542142032,-1.3457744421660744,0.0,0.0,0.07049786129915728,0.07049786129915728,0,1,0.0015974457857967916,ok
50.0,0.5,2.0,1.0,128.0,0.9,0.5,riemannian_scale,6,2.0,1877.998005737407,2.0,-0.9984025542142032,-1.3457744421660744,0.0,0.0,0.06042673825642052,0.06042673825642052,0,1,0.0015974457857967916,ok
50.0,0.5,2.0,1.0,128.0,0.9,0.5,riemannian_scale,7,2.0,1877.998005737407,2.0,-0.9984025542142032,-1.3457744421660744,0.0,0.0,0.05287339597436796,0.05287339597436796,0,1,0.0015974457857967916,ok
50.0,0.5,2.0,1.0,128.0,0.9,0.5,riemannian_scale,8,2.0,1877.998005737407,2.0,-0.9984025542142032,-1.3457744421660744,0.0,0.0,0.04699857419943818,0.04699857419943818,0,1,0.0015974457857967916,ok
50.0,0.5,2.0,1.0,128.0,0.9,0.5,riemannian_scale,9,2.0,1877.998005737407,2.0,-0.9984025542142032,-1.3457744421660744,0.0,0.0,0.04229871677949437,0.04229871677949437,0,1,0.0015974457857967916,ok
50.0,0.5,2.0,1.0,128.0,0.9,0.5,riemannian_scale,10,2.0,1877.998005737407,2.0,-0.9984025542142032,-1.3457744421660744,0.0,0.0,0.038453378890449426,0.038453378890449426,0,1,0.0015974457857967916,ok
50.0,0.5,2.0,1.0,128.0,0.9,0.5,riemannian_scale,11,2.0,1877.998005737407,2.0,-0.9984025542142032,-1.3457744421660744,0.0,0.0,0.03524893064957864,0.03524893064957864,0,1,0.0015974457857967916,ok
50.0,0.5,2.0,1.0,128.0,0.9,0.5,riemannian_scale,12,2.0,1877.998005737407,2.0,-0.9984025542142032,-1.3457744421660744,0.0,0.0,0.0325374744457649,0.0325374744457649,0,1,0.0015974457857967916,ok
50.0,0.5,2.0,1.0,128.0,0.9,0.5,riemannian_scale,13,2.0,1877.998005737407,2.0,-0.9984025542142032,-1.3457744421660744,0.0,0.0,0.03021336912821026,0.03021336912821026,0,1,0.0015974457857967916,ok
50.0,0.5,2.0,1.0,128.0,0.9,0.5,riemannian_scale,14,2.0,1877.998005737407,2.0,-0.9984025542142032,-1.3457744421660744,0.0,0.0,0.02819914451966291,0.02819914451966291,0,1,0.0015974457857967916,ok
50.0,0.5,2.0,1.0,128.0,0.9,0.5,riemannian_scale,15,2.0,1877.998005737407,2.0,-0.9984025542142032,-1.3457744421660744,0.0,0.0,0.02643669798718398,0.02643669798718398,0,1,0.0015974457857967916,ok
50.0,0.5,2.0,1.0,128.0,0.9,0.5,riemannian_scale,16,2.0,1877.998005737407,2.0,-0.9984025542142032,-1.3457744421660744,0.0,0.0,0.02488159810558492,0.02488159810558492,0,1,0.0015974457857967916,ok
50.0,0.5,2.0,1.0,128.0,0.9,0.5,riemannian_scale,17,2.0,1877.998005737407,2.0,-0.9984025542142032,-1.3457744421660744,0.0,0.0,0.02349928709971909,0.02349928709971909,0,1,0.0015974457857967916,ok
50.0,0.5,2.0,1.0,128.0,0.9,0.5,riemannian_scale,18,2.0,1877.998005737407,2.0,-0.9984025542142032,-1.3457744421660744,0.0,0.0,0.02226248251552335,0.02226248251552335,0,1,0.0015974457857967916,ok
50.0,0.5,2.0,1.0,128.0,0.9,0.5,riemannian_scale,19,2.0,1877.998005737407,2.0,-0.9984025542142032,-1.3457744421660744,0.0,0.0,0.021149358389747186,0.021149358389747186,0,1,0.0015974457857967916,ok
50.0,0.5,2.0,1.0,128.0,0.9,0.5,riemannian_scale,20,2.0,1877.998005737407,2.0,-0.9984025542142032,-1.3457744421660744,0.0,0.0,0.020142246085473506,0.020142246085473506,0,1,0.0015974457857967916,ok
50.0,0.5,2.0,1.0,128.0,0.9,0.5,riemannian_scale,21,2.0,1877.998005737407,2.0,-0.9984025542142032,-1.3457744421660744,0.0,0.0,0.019226689445224713,0.019226689445224713,0,1,0.0015974457857967916,ok
50.0,0.5,2.0,1.0,128.0,0.9,0.5,riemannian_scale,22,2.0,1877.998005737407,2.0,-0.9984025542142032,-1.3457744421660744,0.0,0.0,0.018390746425867115,0.018390746425867115,0,1,0.0015974457857967916,ok
50.0,0.5,2.0,1.0,128.0,0.9,0.5,riemannian_scale,23,2.0,1877.998005737407,2.0,-0.9984025542142032,-1.3457744421660744,0.0,0.0,0.01762446532478932,0.01762446532478932,0,1,0.0015974457857967916,ok
50.0,0.5,2.0,1.0,128.0,0.9,0.5,riemannian_scale,24,2.0,1877.998005737407,2.0,-0.9984025542142032,-1.3457744421660744,0.0,0.0,0.016919486711797747,0.016919486711797747,0,1,0.0015974457857967916,ok
50.0,0.5,2.0,1.0,128.0,0.9,0.5,riemannian_scale,25,2.0,1877.998005737407,2.0,-0.9984025542142032,-1.3457744421660744,0.0,0.0,0.01626873722288245,0.01626873722288245,0,1,0.0015974457857967916,ok
50.0,0.5,2.0,1.0,128.0,0.9,0.5,riemannian_scale,26,2.0,1877.998005737407,2.0,-0.9984025542142032,-1.3457744421660744,0.0,0.0,0.015666191399812728,0.015666191399812728,0,1,0.0015974457857967916,ok
50.0,0.5,2.0,1.0,128.0,0.9,0.5,riemannian_scale,27,2.0,1877.998005737407,2.0,-0.9984025542142032,-1.3457744421660744,0.0,0.0,0.01510668456410513,0.01510668456410513,0,1,0.0015974457857967916,ok
50.0,0.5,2.0,1.0,128.0,0.9,0.5,riemannian_scale,28,2.0,1877.998005737407,2.0,-0.9984025542142032,-1.3457744421660744,0.0,0.0,0.014585764406722195,0.014585764406722195,0,1,0.0015974457857967916,ok
50.0,0.5,2.0,1.0,128.0,0.9,0.5,riemannian_scale,29,2.0,1877.998005737407,2.0,-0.9984025542142032,-1.3457744421660744,0.0,0.0,0.014099572259831454,0.014099572259831454,0,1,0.0015974457857967916,ok
50.0,0.5,2.0,1.0,128.0,0.9,0.5,riemannian_scale,30,2.0,1877.998005737407,2.0,-0.9984025542142032,-1.3457744421660744,0.0,0.0,0.013644747348223988,0.013644747348223988,0,1,0.0015974457857967916,ok
50.0,0.5,2.0,1.0,128.0,0.9,0.5,riemannian_scale,31,2.0,1877.998005737407,2.0,-0.9984025542142032,-1.3457744421660744,0.0,0.0,0.01321834899359199,0.01321834899359199,0,1,0.0015974457857967916,ok
50.0,0.5,2.0,1.0,128.0,0.9,0.5,riemannian_scale,32,2.0,1877.998005737407,2.0,-0.9984025542142032,-1.3457744421660744,0.0,0.0,0.012817792963483142,0.012817792963483142,0,1,0.0015974457857967916,ok
50.0,0.5,2.0,1.0,128.0,0.9,0.5,riemannian_scale,33,2.0,1877.998005737407,2.0,-0.9984025542142032,-1.3457744421660744,0.0,0.0,0.01244079905279246,0.01244079905279246,0,1,0.0015974457857967916,ok
50.0,0.5,2.0,1.0,128.0,0.9,0.5,riemannian_scale,34,2.0,1877.998005737407,2.0,-0.9984025542142032,-1.3457744421660744,0.0,0.0,0.012085347651284105,0.012085347651284105,0,1,0.0015974457857967916,ok
50.0,0.5,2.0,1.0,128.0,0.9,0.5,riemannian_scale,35,2.0,1877.998005737407,2.0,-0.9984025542142032,-1.3457744421660744,0.0,0.0,0.011749643549859546,0.011749643549859546,0,1,0.0015974457857967916,ok
50.0,0.5,2.0,1.0,128.0,0.9,0.5,riemannian_scale,36,2.0,1877.998005737407,2.0,-0.9984025542142032,-1.3457744421660744,0.0,0.0,0.011432085616079559,0.011432085616079559,0,1,0.0015974457857967916,ok
50.0,0.5,2.0,1.0,128.0,0.9,0.5,riemannian_scale,37,2.0,1877.998005737407,2.0,-0.9984025542142032,-1.3457744421660744,0.0,0.0,0.011131241257761675,0.011131241257761675,0,1,0.0015974457857967916,ok
50.0,0.5,2.0,1.0,128.0,0.9,0.5,riemannian_scale,38,2.0,1877.998005737407,2.0,-0.9984025542142032,-1.3457744421660744,0.0,0.0,0.010845824815254965,0.010845824815254965,0,1,0.0015974457857967916,ok
50.0,0.5,2.0,1.0,128.0,0.9,0.5,riemannian_scale,39,2.0,1877.998005737407,2.0,-0.9984025542142032,-1.3457744421660744,0.0,0.0,0.010574679194873593,0.010574679194873593,0,1,0.0015974457857967916,ok
50.0,0.5,2.0,1.0,128.0,0.9,0.5,riemannian_scale,40,2.0,1877.998005737407,2.0,-0.9984025542142032,-1.3457744421660744,0.0,0.0,0.010316760190120577,0.010316760190120577,0,1,0.0015974457857967916,ok
50.0,0.5,2.0,1.0,128.0,0.9,0.5,riemannian_scale,41,2.0,1877.998005737407,2.0,-0.9984025542142032,-1.3457744421660744,0.0,0.0,0.010071123042736753,0.010071123042736753,0,1,0.0015974457857967916,ok
50.0,0.5,2.0,1.0,128.0,0.9,0.5,riemannian_scale,42,2.0,1877.998005737407,2.0,-0.9984025542142032,-1.3457744421660744,0.0,0.0,0.009836910878952177,0.009836910878952177,0,1,0.0015974457857967916,ok
50.0,0.5,2.0,1.0,128.0,0.9,0.5,riemannian_scale,43,2.0,1877.998005737407,2.0,-0.9984025542142032,-1.3457744421660744,0.0,0.0,0.009613344722612356,0.009613344722612356,0,1,0.0015974457857967916,ok
50.0,0.5,2.0,1.0,128.0,0.9,0.5,riemannian_scale,44,2.0,1877.998005737407,2.0,-0.9984025542142032,-1.3457744421660744,0.0,0.0,0.009399714839887637,0.009399714839887637,0,1,0.0015974457857967916,ok
50.0,0.5,2.0,1.0,128.0,0.9,0.5,riemannian_scale,45,2.0,1877.998005737407,2.0,-0.9984025542142032,-1.3457744421660744,0.0,0.0,0.009195373212933558,0.009195373212933558,0,1,0.0015974457857967916,ok
50.0,0.5,2.0,1.0,128.0,0.9,0.5,riemannian_scale,46,2.0,1877.998005737407,2.0,-0.9984025542142032,-1.3457744421660744,0.0,0.0,0.008999726974360503,0.008999726974360503,0,1,0.0015974457857967916,ok
50.0,0.5,2.0,1.0,128.0,0.9,0.5,riemannian_scale,47,2.0,1877.998005737407,2.0,-0.9984025542142032,-1.3457744421660744,0.0,0.0,0.00881223266239466,0.00881223266239466,0,1,0.0015974457857967916,ok
50.0,0.5,2.0,1.0,128.0,0.9,0.5,riemannian_scale,48,2.0,1877.998005737407,2.0,-0.9984025542142032,-1.3457744421660744,0.0,0.0,0.008632391179488646,0.008632391179488646,0,1,0.0015974457857967916,ok
50.0,0.5,2.0,1.0,128.0,0.9,0.5,riemannian_scale,49,2.0,1877.998005737407,2.0,-0.9984025542142032,-1.3457744421660744,0.0,0.0,0.008459743355898873,0.008459743355898873,0,1,0.0015974457857967916,ok
50.0,0.5,2.0,1.0,128.0,0.9,0.5,riemannian_scale,50,2.0,1877.998005737407,2.0,-0.9984025542142032,-1.3457744421660744,0.0,0.0,0.008293866035194974,0.008293866035194974,0,1,0.0015974457857967916,ok
50.0,0.5,2.0,1.0,128.0,0.9,0.5,riemannian_scale,51,2.0,1877.998005737407,2.0,-0.9984025542142032,-1.3457744421660744,0.0,0.0,0.008134368611441225,0.008134368611441225,0,1,0.0015974457857967916,ok
50.0,0.5,2.0,1.0,128.0,0.9,0.5,riemannian_scale,52,2.0,1877.998005737407,2.0,-0.9984025542142032,-1.3457744421660744,0.0,0.0,0.007980889958395163,0.007980889958395163,0,1,0.0015974457857967916,ok
50.0,0.5,2.0,1.0,128.0,0.9,0.5,riemannian_scale,53,2.0,1877.998005737407,2.0,-0.9984025542142032,-1.3457744421660744,0.0,0.0,0.007833095699906364,0.007833095699906364,0,1,0.0015974457857967916,ok
50.0,0.5,2.0,1.0,128.0,0.9,0.5,riemannian_scale,54,2.0,1877.998005737407,2.0,-0.9984025542142032,-1.3457744421660744,0.0,0.0,0.007690675778089884,0.007690675778089884,0,1,0.0015974457857967916,ok
50.0,0.5,2.0,1.0,128.0,0.9,0.5,riemannian_scale,55,2.0,1877.998005737407,2.0,-0.9984025542142032,-1.3457744421660744,0.0,0.0,0.007553342282052565,0.007553342282052565,0,1,0.0015974457857967916,ok
50.0,0.5,2.0,1.0,128.0,0.9,0.5,riemannian_scale,56,2.0,1877.998005737407,2.0,-0.9984025542142032,-1.3457744421660744,0.0,0.0,0.00742082750517445,0.00742082750517445,0,1,0.0015974457857967916,ok
50.0,0.5,2.0,1.0,128.0,0.9,0.5,riemannian_scale,57,2.0,1877.998005737407,2.0,-0.9984025542142032,-1.3457744421660744,0.0,0.0,0.007292882203361098,0.007292882203361098,0,1,0.0015974457857967916,ok
50.0,0.5,2.0,1.0,128.0,0.9,0.5,riemannian_scale,58,2.0,1877.998005737407,2.0,-0.9984025542142032,-1.3457744421660744,0.0,0.0,0.007169274030422774,0.007169274030422774,0,1,0.0015974457857967916,ok
50.0,0.5,2.0,1.0,128.0,0.9,0.5,riemannian_scale,59,2.0,1877.998005737407,2.0,-0.9984025542142032,-1.3457744421660744,0.0,0.0,0.007049786129915727,0.007049786129915727,0,1,0.0015974457857967916,ok
50.0,0.5,2.0,1.0,128.0,0.9,0.5,riemannian_scale,60,2.0,1877.998005737407,2.0,-0.9984025542142032,-1.3457744421660744,0.0,0.0,0.00693421586549088,0.00693421586549088,0,1,0.0015974457857967916,ok
50.0,0.5,2.0,1.0,128.0,0.9,0.5,riemannian_scale,61,2.0,1877.998005737407,2.0,-0.9984025542142032,-1.3457744421660744,0.0,0.0,0.006822373674111994,0.006822373674111994,0,1,0.0015974457857967916,ok
50.0,0.5,2.0,1.0,128.0,0.9,0.5,riemannian_scale,62,2.0,1877.998005737407,2.0,-0.9984025542142032,-1.3457744421660744,0.0,0.0,0.006714082028491169,0.006714082028491169,0,1,0.0015974457857967916,ok
50.0,0.5,2.0,1.0,128.0,0.9,0.5,riemannian_scale,63,2.0,1877.998005737407,2.0,-0.9984025542142032,-1.3457744421660744,0.0,0.0,0.006609174496795995,0.006609174496795995,0,1,0.0015974457857967916,ok
50.0,0.5,2.0,1.0,128.0,0.9,0.5,riemannian_scale,64,2.0,1877.998005737407,2.0,-0.9984025542142032,-1.3457744421660744,0.0,0.0,0.0065074948891529795,0.0065074948891529795,0,1,0.0015974457857967916,ok
50.0,0.5,2.0,1.0,128.0,0.9,0.5,riemannian_scale,65,2.0,1877.998005737407,2.0,-0.9984025542142032,-1.3457744421660744,0.0,0.0,0.006408896481741571,0.006408896481741571,0,1,0.0015974457857967916,ok
50.0,0.5,2.0,1.0,128.0,0.9,0.5,riemannian_scale,66,2.0,1877.998005737407,2.0,-0.9984025542142032,-1.3457744421660744,0.0,0.0,0.006313241310372294,0.006313241310372294,0,1,0.0015974457857967916,ok
50.0,0.5,2.0,1.0,128.0,0.9,0.5,riemannian_scale,67,2.0,1877.998005737407,2.0,-0.9984025542142032,-1.3457744421660744,0.0,0.0,0.00622039952639623,0.00622039952639623,0,1,0.0015974457857967916,ok
50.0,0.5,2.0,1.0,128.0,0.9,0.5,riemannian_scale,68,2.0,1877.998005737407,2.0,-0.9984025542142032,-1.3457744421660744,0.0,0.0,0.006130248808622372,0.006130248808622372,0,1,0.0015974457857967916,ok
50.0,0.5,2.0,1.0,128.0,0.9,0.5,riemannian_scale,69,2.0,1877.998005737407,2.0,-0.9984025542142032,-1.3457744421660744,0.0,0.0,0.006042673825642052,0.006042673825642052,0,1,0.0015974457857967916,ok
50.0,0.5,2.0,1.0,128.0,0.9,0.5,riemannian_scale,70,2.0,1877.998005737407,2.0,-0.9984025542142032,-1.3457744421660744,0.0,0.0,0.0059575657435907555,0.0059575657435907555,0,1,0.0015974457857967916,ok
50.0,0.5,2.0,1.0,128.0,0.9,0.5,riemannian_scale,71,2.0,1877.998005737407,2.0,-0.9984025542142032,-1.3457744421660744,0.0,0.0,0.005874821774929773,0.005874821774929773,0,1,0.0015974457857967916,ok
50.0,0.5,2.0,1.0,128.0,0.9,0.5,riemannian_scale,72,2.0,1877.998005737407,2.0,-0.9984025542142032,-1.3457744421660744,0.0,0.0,0.005794344764314297,0.005794344764314297,0,1,0.0015974457857967916,ok
50.0,0.5,2.0,1.0,128.0,0.9,0.5,riemannian_scale,73,2.0,1877.998005737407,2.0,-0.9984025542142032,-1.3457744421660744,0.0,0.0,0.005716042808039779,0.005716042808039779,0,1,0.0015974457857967916,ok
50.0,0.5,2.0,1.0,128.0,0.9,0.5,riemannian_scale,74,2.0,1877.998005737407,2.0,-0.9984025542142032,-1.3457744421660744,0.0,0.0,0.005639828903932583,0.005639828903932583,0,1,0.0015974457857967916,ok
50.0,0.5,2.0,1.0,128.0,0.9,0.5,riemannian_scale,75,2.0,1877.998005737407,2.0,-0.9984025542142032,-1.3457744421660744,0.0,0.0,0.0055656206288808375,0.0055656206288808375,0,1,0.0015974457857967916,ok
50.0,0.5,2.0,1.0,128.0,0.9,0.5,riemannian_scale,76,2.0,1877.998005737407,2.0,-0.9984025542142032,-1.3457744421660744,0.0,0.0,0.0054933398414927755,0.0054933398414927755,0,1,0.0015974457857967916,ok
50.0,0.5,2.0,1.0,128.0,0.9,0.5,riemannian_scale,77,2.0,1877.998005737407,2.0,-0.9984025542142032,-1.3457744421660744,0.0,0.0,0.005422912407627482,0.005422912407627482,0,1,0.0015974457857967916,ok
50.0,0.5,2.0,1.0,128.0,0.9,0.5,riemannian_scale,78,2.0,1877.998005737407,2.0,-0.9984025542142032,-1.3457744421660744,0.0,0.0,0.005354267946771438,0.005354267946771438,0,1,0.0015974457857967916,ok
50.0,0.5,2.0,1.0,128.0,0.9,0.5,riemannian_scale,79,2.0,1877.998005737407,2.0,-0.9984025542142032,-1.3457744421660744,0.0,0.0,0.0052873395974367965,0.0052873395974367965,0,1,0.0015974457857967916,ok
50.0,0.5,2.0,1.0,128.0,0.9,0.5,riemannian_scale,80,2.0,1877.998005737407,2.0,-0.9984025542142032,-1.3457744421660744,0.0,0.0,0.005222063799937576,0.005222063799937576,0,1,0.0015974457857967916,ok
50.0,0.5,2.0,1.0,128.0,0.9,0.5,riemannian_scale,81,2.0,1877.998005737407,2.0,-0.9984025542142032,-1.3457744421660744,0.0,0.0,0.005158380095060288,0.005158380095060288,0,1,0.0015974457857967916,ok
50.0,0.5,2.0,1.0,128.0,0.9,0.5,riemannian_scale,82,2.0,1877.998005737407,2.0,-0.9984025542142032,-1.3457744421660744,0.0,0.0,0.005096230937288478,0.005096230937288478,0,1,0.0015974457857967916,ok
50.0,0.5,2.0,1.0,128.0,0.9,0.5,riemannian_scale,83,2.0,1877.998005737407,2.0,-0.9984025542142032,-1.3457744421660744,0.0,0.0,0.0050355615213683765,0.0050355615213683765,0,1,0.0015974457857967916,ok
50.0,0.5,2.0,1.0,128.0,0.9,0.5,riemannian_scale,84,2.0,1877.998005737407,2.0,-0.9984025542142032,-1.3457744421660744,0.0,0.0,0.004976319621116984,0.004976319621116984,0,1,0.0015974457857967916,ok
50.0,0.5,2.0,1.0,128.0,0.9,0.5,riemannian_scale,85,2.0,1877.998005737407,2.0,-0.9984025542142032,-1.3457744421660744,0.0,0.0,0.004918455439476089,0.004918455439476089,0,1,0.0015974457857967916,ok
50.0,0.5,2.0,1.0,128.0,0.9,0.5,riemannian_scale,86,2.0,1877.998005737407,2.0,-0.9984025542142032,-1.3457744421660744,0.0,0.0,0.004861921468907398,0.004861921468907398,0,1,0.0015974457857967916,ok
50.0,0.5,2.0,1.0,128.0,0.9,0.5,riemannian_scale,87,2.0,1877.998005737407,2.0,-0.9984025542142032,-1.3457744421660744,0.0,0.0,0.004806672361306178,0.004806672361306178,0,1,0.0015974457857967916,ok
50.0,0.5,2.0,1.0,128.0,0.9,0.5,riemannian_scale,88,2.0,1877.998005737407,2.0,-0.9984025542142032,-1.3457744421660744,0.0,0.0,0.00475266480668476,0.00475266480668476,0,1,0.0015974457857967916,ok
50.0,0.5,2.0,1.0,128.0,0.9,0.5,riemannian_scale,89,2.0,1877.998005737407,2.0,-0.9984025542142032,-1.3457744421660744,0.0,0.0,0.004699857419943818,0.004699857419943818,0,1,0.0015974457857967916,ok
50.0,0.5,2.0,1.0,128.0,0.9,0.5,riemannian_scale,90,2.0,1877.998005737407,2.0,-0.9984025542142032,-1.3457744421660744,0.0,0.0,0.0046482106351092714,0.0046482106351092714,0,1,0.0015974457857967916,ok
50.0,0.5,2.0,1.0,128.0,0.9,0.5,riemannian_scale,91,2.0,1877.998005737407,2.0,-0.9984025542142032,-1.3457744421660744,0.0,0.0,0.004597686606466779,0.004597686606466779,0,1,0.0015974457857967916,ok
50.0,0.5,2.0,1.0,128.0,0.9,0.5,riemannian_scale,92,2.0,1877.998005737407,2.0,-0.9984025542142032,-1.3457744421660744,0.0,0.0,0.004548249116074664,0.004548249116074664,0,1,0.0015974457857967916,ok
50.0,0.5,2.0,1.0,128.0,0.9,0.5,riemannian_scale,93,2.0,1877.998005737407,2.0,-0.9984025542142032,-1.3457744421660744,0.0,0.0,0.004499863487180252,0.004499863487180252,0,1,0.0015974457857967916,ok
50.0,0.5,2.0,1.0,128.0,0.9,0.5,riemannian_scale,94,2.0,1877.998005737407,2.0,-0.9984025542142032,-1.3457744421660744,0.0,0.0,0.00445249650310467,0.00445249650310467,0,1,0.0015974457857967916,ok
50.0,0.5,2.0,1.0,128.0,0.9,0.5,riemannian_scale,95,2.0,1877.998005737407,2.0,-0.9984025542142032,-1.3457744421660744,0.0,0.0,0.00440611633119733,0.00440611633119733,0,1,0.0015974457857967916,ok
50.0,0.5,2.0,1.0,128.0,0.9,0.5,riemannian_scale,96,2.0,1877.998005737407,2.0,-0.9984025542142032,-1.3457744421660744,0.0,0.0,0.004360692451494264,0.004360692451494264,0,1,0.0015974457857967916,ok
50.0,0.5,2.0,1.0,128.0,0.9,0.5,riemannian_scale,97,2.0,1877.998005737407,2.0,-0.9984025542142032,-1.3457744421660744,0.0,0.0,0.004316195589744323,0.004316195589744323,0,1,0.0015974457857967916,ok
50.0,0.5,2.0,1.0,128.0,0.9,0.5,riemannian_scale,98,2.0,1877.998005737407,2.0,-0.9984025542142032,-1.3457744421660744,0.0,0.0,0.004272597654494381,0.004272597654494381,0,1,0.0015974457857967916,ok
50.0,0.5,2.0,1.0,128.0,0.9,0.5,riemannian_scale,99,2.0,1877.998005737407,2.0,-0.9984025542142032,-1.3457744421660744,0.0,0.0,0.004229871677949437,0.004229871677949437,0,1,0.0015974457857967916,ok
50.0,0.5,2.0,1.0,128.0,0.9,0.5,riemannian_scale,100,2.0,1877.998005737407,2.0,-0.9984025542142032,-1.3457744421660744,0.0,0.0,0.004187991760345977,0.004187991760345977,0,1,0.0015974457857967916,ok
50.0,0.5,2.0,1.0,128.0,0.9,0.5,riemannian_scale,101,2.0,1877.998005737407,2.0,-0.9984025542142032,-1.3457744421660744,0.0,0.0,0.004146933017597487,0.004146933017597487,0,1,0.0015974457857967916,ok
50.0,0.5,2.0,1.0,128.0,0.9,0.5,riemannian_scale,102,2.0,1877.998005737407,2.0,-0.9984025542142032,-1.3457744421660744,0.0,0.0,0.004106671531989744,0.004106671531989744,0,1,0.0015974457857967916,ok
50.0,0.5,2.0,1.0,128.0,0.9,0.5,riemannian_scale,103,2.0,1877.998005737407,2.0,-0.9984025542142032,-1.3457744421660744,0.0,0.0,0.004067184305720613,0.004067184305720613,0,1,0.0015974457857967916,ok
50.0,0.5,2.0,1.0,128.0,0.9,0.5,riemannian_scale,104,2.0,1877.998005737407,2.0,-0.9984025542142032,-1.3457744421660744,0.0,0.0,0.0040284492170947015,0.0040284492170947015,0,1,0.0015974457857967916,ok
50.0,0.5,2.0,1.0,128.0,0.9,0.5,riemannian_scale,105,2.0,1877.998005737407,2.0,-0.9984025542142032,-1.3457744421660744,0.0,0.0,0.003990444979197582,0.003990444979197582,0,1,0.0015974457857967916,ok
50.0,0.5,2.0,1.0,128.0,0.9,0.5,riemannian_scale,106,2.0,1877.998005737407,2.0,-0.9984025542142032,-1.3457744421660744,0.0,0.0,0.003953151100887324,0.003953151100887324,0,1,0.0015974457857967916,ok
50.0,0.5,2.0,1.0,128.0,0.9,0.5,riemannian_scale,107,2.0,1877.998005737407,2.0,-0.9984025542142032,-1.3457744421660744,0.0,0.0,0.003916547849953182,0.003916547849953182,0,1,0.0015974457857967916,ok
50.0,0.5,2.0,1.0,128.0,0.9,0.5,riemannian_scale,108,2.0,1877.998005737407,2.0,-0.9984025542142032,-1.3457744421660744,0.0,0.0,0.0038806162183022356,0.0038806162183022356,0,1,0.0015974457857967916,ok
50.0,0.5,2.0,1.0,128.0,0.9,0.5,riemannian_scale,109,2.0,1877.998005737407,2.0,-0.9984025542142032,-1.3457744421660744,0.0,0.0,0.003845337889044942,0.003845337889044942,0,1,0.0015974457857967916,ok
50.0,0.5,2.0,1.0,128.0,0.9,0.5,riemannian_scale,110,2.0,1877.998005737407,2.0,-0.9984025542142032,-1.3457744421660744,0.0,0.0,0.0038106952053598526,0.0038106952053598526,0,1,0.0015974457857967916,ok
50.0,0.5,2.0,1.0,128.0,0.9,0.5,riemannian_scale,111,2.0,1877.998005737407,2.0,-0.9984025542142032,-1.3457744421660744,0.0,0.0,0.0037766711410262823,0.0037766711410262823,0,1,0.0015974457857967916,ok
50.0,0.5,2.0,1.0,128.0,0.9,0.5,riemannian_scale,112,2.0,1877.998005737407,2.0,-0.9984025542142032,-1.3457744421660744,0.0,0.0,0.003743249272521625,0.003743249272521625,0,1,0.0015974457857967916,ok
50.0,0.5,2.0,1.0,128.0,0.9,0.5,riemannian_scale,113,2.0,1877.998005737407,2.0,-0.9984025542142032,-1.3457744421660744,0.0,0.0,0.003710413752587225,0.003710413752587225,0,1,0.0015974457857967916,ok
50.0,0.5,2.0,1.0,128.0,0.9,0.5,riemannian_scale,114,2.0,1877.998005737407,2.0,-0.9984025542142032,-1.3457744421660744,0.0,0.0,0.0036781492851734234,0.0036781492851734234,0,1,0.0015974457857967916,ok
50.0,0.5,2.0,1.0,128.0,0.9,0.5,riemannian_scale,115,2.0,1877.998005737407,2.0,-0.9984025542142032,-1.3457744421660744,0.0,0.0,0.003646441101680549,0.003646441101680549,0,1,0.0015974457857967916,ok
50.0,0.5,2.0,1.0,128.0,0.9,0.5,riemannian_scale,116,2.0,1877.998005737407,2.0,-0.9984025542142032,-1.3457744421660744,0.0,0.0,0.003615274938418322,0.003615274938418322,0,1,0.0015974457857967916,ok
50.0,0.5,2.0,1.0,128.0,0.9,0.5,riemannian_scale,117,2.0,1877.998005737407,2.0,-0.9984025542142032,-1.3457744421660744,0.0,0.0,0.003584637015211387,0.003584637015211387,0,1,0.0015974457857967916,ok
50.0,0.5,2.0,1.0,128.0,0.9,0.5,riemannian_scale,118,2.0,1877.998005737407,2.0,-0.9984025542142032,-1.3457744421660744,0.0,0.0,0.00355451401508356,0.00355451401508356,0,1,0.0015974457857967916,ok
50.0,0.5,2.0,1.0,128.0,0.9,0.5,riemannian_scale,119,2.0,1877.998005737407,2.0,-0.9984025542142032,-1.3457744421660744,0.0,0.0,0.0035248930649578636,0.0035248930649578636,0,1,0.0015974457857967916,ok
50.0,0.5,2.0,1.0,128.0,0.9,0.5,riemannian_scale,120,2.0,1877.998005737407,2.0,-0.9984025542142032,-1.3457744421660744,0.0,0.0,0.003495761717313584,0.003495761717313584,0,1,0.0015974457857967916,ok
50.0,0.5,2.0,1.0,128.0,0.9,0.5,riemannian_scale,121,2.0,1877.998005737407,2.0,-0.9984025542142032,-1.3457744421660744,0.0,0.0,0.00346710793274544,0.00346710793274544,0,1,0.0015974457857967916,ok
50.0,0.5,2.0,1.0,128.0,0.9,0.5,riemannian_scale,122,2.0,1877.998005737407,2.0,-0.9984025542142032,-1.3457744421660744,0.0,0.0,0.003438920063373526,0.003438920063373526,0,1,0.0015974457857967916,ok
50.0,0.5,2.0,1.0,128.0,0.9,0.5,riemannian_scale,123,2.0,1877.998005737407,2.0,-0.9984025542142032,-1.3457744421660744,0.0,0.0,0.003411186837055997,0.003411186837055997,0,1,0.0015974457857967916,ok
50.0,0.5,2.0,1.0,128.0,0.9,0.5,riemannian_scale,124,2.0,1877.998005737407,2.0,-0.9984025542142032,-1.3457744421660744,0.0,0.0,0.0033838973423595494,0.0033838973423595494,0,1,0.0015974457857967916,ok
50.0,0.5,2.0,1.0,128.0,0.9,0.5,riemannian_scale,125,2.0,1877.998005737407,2.0,-0.9984025542142032,-1.3457744421660744,0.0,0.0,0.0033570410142455846,0.0033570410142455846,0,1,0.0015974457857967916,ok
50.0,0.5,2.0,1.0,128.0,0.9,0.5,riemannian_scale,126,2.0,1877.998005737407,2.0,-0.9984025542142032,-1.3457744421660744,0.0,0.0,0.0033306076204326273,0.0033306076204326273,0,1,0.0015974457857967916,ok
50.0,0.5,2.0,1.0,128.0,0.9,0.5,riemannian_scale,127,2.0,1877.998005737407,2.0,-0.9984025542142032,-1.3457744421660744,0.0,0.0,0.0033045872483979974,0.0033045872483979974,0,1,0.0015974457857967916,ok
50.0,0.5,2.0,1.0,128.0,0.9,0.5,riemannian_scale,128,2.0,1877.998005737407,2.0,-0.9984025542142032,-1.3457744421660744,0.0,0.0,0.0032789702929840593,0.0032789702929840593,0,1,0.0015974457857967916,ok
50.0,0.5,2.0,1.0,128.0,0.9,0.5,riemannian_scale,129,2.0,1877.998005737407,2.0,-0.9984025542142032,-1.3457744421660744,0.0,0.0,0.0032537474445764897,0.0032537474445764897,0,1,0.0015974457857967916,ok
50.0,0.5,2.0,1.0,128.0,0.9,0.5,riemannian_scale,130,2.0,1877.998005737407,2.0,-0.9984025542142032,-1.3457744421660744,0.0,0.0,0.0032289096778239973,0.0032289096778239973,0,1,0.0015974457857967916,ok
50.0,0.5,2.0,1.0,128.0,0.9,0.5,riemannian_scale,131,2.0,1877.998005737407,2.0,-0.9984025542142032,-1.3457744421660744,0.0,0.0,0.0032044482408707855,0.0032044482408707855,0,1,0.0015974457857967916,ok
50.0,0.5,2.0,1.0,128.0,0.9,0.5,riemannian_scale,132,2.0,1877.998005737407,2.0,-0.9984025542142032,-1.3457744421660744,0.0,0.0,0.0031803546450747643,0.0031803546450747643,0,1,0.0015974457857967916,ok
50.0,0.5,2.0,1.0,128.0,0.9,0.5,riemannian_scale,133,2.0,1877.998005737407,2.0,-0.9984025542142032,-1.3457744421660744,0.0,0.0,0.003156620655186147,0.003156620655186147,0,1,0.0015974457857967916,ok
50.0,0.5,2.0,1.0,128.0,0.9,0.5,riemannian_scale,134,2.0,1877.998005737407,2.0,-0.9984025542142032,-1.3457744421660744,0.0,0.0,0.0031332382799625458,0.0031332382799625458,0,1,0.0015974457857967916,ok
50.0,0.5,2.0,1.0,128.0,0.9,0.5,riemannian_scale,135,2.0,1877.998005737407,2.0,-0.9984025542142032,-1.3457744421660744,0.0,0.0,0.003110199763198115,0.003110199763198115,0,1,0.0015974457857967916,ok
50.0,0.5,2.0,1.0,128.0,0.9,0.5,riemannian_scale,136,2.0,1877.998005737407,2.0,-0.9984025542142032,-1.3457744421660744,0.0,0.0,0.003087497575145574,0.003087497575145574,0,1,0.0015974457857967916,ok
50.0,0.5,2.0,1.0,128.0,0.9,0.5,riemannian_scale,137,2.0,1877.998005737407,2.0,-0.9984025542142032,-1.3457744421660744,0.0,0.0,0.003065124404311186,0.003065124404311186,0,1,0.0015974457857967916,ok
50.0,0.5,2.0,1.0,128.0,0.9,0.5,riemannian_scale,138,2.0,1877.998005737407,2.0,-0.9984025542142032,-1.3457744421660744,0.0,0.0,0.0030430731496039116,0.0030430731496039116,0,1,0.0015974457857967916,ok
50.0,0.5,2.0,1.0,128.0,0.9,0.5,riemannian_scale,139,2.0,1877.998005737407,2.0,-0.9984025542142032,-1.3457744421660744,0.0,0.0,0.003021336912821026,0.003021336912821026,0,1,0.0015974457857967916,ok
50.0,0.5,2.0,1.0,128.0,0.9,0.5,riemannian_scale,140,2.0,1877.998005737407,2.0,-0.9984025542142032,-1.3457744421660744,0.0,0.0,0.0029999089914535012,0.0029999089914535012,0,1,0.0015974457857967916,ok
50.0,0.5,2.0,1.0,128.0,0.9,0.5,riemannian_scale,141,2.0,1877.998005737407,2.0,-0.9984025542142032,-1.3457744421660744,0.0,0.0,0.0029787828717953778,0.0029787828717953778,0,1,0.0015974457857967916,ok
50.0,0.5,2.0,1.0,128.0,0.9,0.5,riemannian_scale,142,2.0,1877.998005737407,2.0,-0.9984025542142032,-1.3457744421660744,0.0,0.0,0.0029579522223422633,0.0029579522223422633,0,1,0.0015974457857967916,ok
50.0,0.5,2.0,1.0,128.0,0.9,0.5,riemannian_scale,143,2.0,1877.998005737407,2.0,-0.9984025542142032,-1.3457744421660744,0.0,0.0,0.0029374108874648864,0.0029374108874648864,0,1,0.0015974457857967916,ok
50.0,0.5,2.0,1.0,128.0,0.9,0.5,riemannian_scale,144,2.0,1877.998005737407,2.0,-0.9984025542142032,-1.3457744421660744,0.0,0.0,0.002917152881344439,0.002917152881344439,0,1,0.0015974457857967916,ok
50.0,0.5,2.0,1.0,128.0,0.9,0.5,riemannian_scale,145,2.0,1877.998005737407,2.0,-0.9984025542142032,-1.3457744421660744,0.0,0.0,0.0028971723821571483,0.0028971723821571483,0,1,0.0015974457857967916,ok
50.0,0.5,2.0,1.0,128.0,0.9,0.5,riemannian_scale,146,2.0,1877.998005737407,2.0,-0.9984025542142032,-1.3457744421660744,0.0,0.0,0.0028774637264962154,0.0028774637264962154,0,1,0.0015974457857967916,ok
50.0,0.5,2.0,1.0,128.0,0.9,0.5,riemannian_scale,147,2.0,1877.998005737407,2.0,-0.9984025542142032,-1.3457744421660744,0.0,0.0,0.0028580214040198897,0.0028580214040198897,0,1,0.0015974457857967916,ok
50.0,0.5,2.0,1.0,128.0,0.9,0.5,riemannian_scale,148,2.0,1877.998005737407,2.0,-0.9984025542142032,-1.3457744421660744,0.0,0.0,0.002838840052315058,0.002838840052315058,0,1,0.0015974457857967916,ok
50.0,0.5,2.0,1.0,128.0,0.9,0.5,riemannian_scale,149,2.0,1877.998005737407,2.0,-0.9984025542142032,-1.3457744421660744,0.0,0.0,0.0028199144519662914,0.0028199144519662914,0,1,0.0015974457857967916,ok
50.0,0.5,2.0,1.0,128.0,0.9,0.5,riemannian_scale,150,2.0,1877.998005737407,2.0,-0.9984025542142032,-1.3457744421660744,0.0,0.0,0.002801239521820819,0.002801239521820819,0,1,0.0015974457857967916,ok
50.0,0.5,2.0,1.0,128.0,0.9,0.5,riemannian_scale,151,2.0,1877.998005737407,2.0,-0.9984025542142032,-1.3457744421660744,0.0,0.0,0.0027828103144404187,0.0027828103144404187,0,1,0.0015974457857967916,ok
50.0,0.5,2.0,1.0,128.0,0.9,0.5,riemannian_scale,152,2.0,1877.998005737407,2.0,-0.9984025542142032,-1.3457744421660744,0.0,0.0,0.002764622011731658,0.002764622011731658,0,1,0.0015974457857967916,ok
50.0,0.5,2.0,1.0,128.0,0.9,0.5,riemannian_scale,153,2.0,1877.998005737407,2.0,-0.9984025542142032,-1.3457744421660744,0.0,0.0,0.0027466699207463877,0.0027466699207463877,0,1,0.0015974457857967916,ok
50.0,0.5,2.0,1.0,128.0,0.9,0.5,riemannian_scale,154,2.0,1877.998005737407,2.0,-0.9984025542142032,-1.3457744421660744,0.0,0.0,0.002728949469644798,0.002728949469644798,0,1,0.0015974457857967916,ok
50.0,0.5,2.0,1.0,128.0,0.9,0.5,riemannian_scale,155,2.0,1877.998005737407,2.0,-0.9984025542142032,-1.3457744421660744,0.0,0.0,0.002711456203813741,0.002711456203813741,0,1,0.0015974457857967916,ok
50.0,0.5,2.0,1.0,128.0,0.9,0.5,riemannian_scale,156,2.0,1877.998005737407,2.0,-0.9984025542142032,-1.3457744421660744,0.0,0.0,0.0026941857821333993,0.0026941857821333993,0,1,0.0015974457857967916,ok
50.0,0.5,2.0,1.0,128.0,0.9,0.5,riemannian_scale,157,2.0,1877.998005737407,2.0,-0.9984025542142032,-1.3457744421660744,0.0,0.0,0.002677133973385719,0.002677133973385719,0,1,0.0015974457857967916,ok
50.0,0.5,2.0,1.0,128.0,0.9,0.5,riemannian_scale,158,2.0,1877.998005737407,2.0,-0.9984025542142032,-1.3457744421660744,0.0,0.0,0.0026602966527983878,0.0026602966527983878,0,1,0.0015974457857967916,ok
50.0,0.5,2.0,1.0,128.0,0.9,0.5,riemannian_scale,159,2.0,1877.998005737407,2.0,-0.9984025542142032,-1.3457744421660744,0.0,0.0,0.0026436697987183982,0.0026436697987183982,0,1,0.0015974457857967916,ok
50.0,0.5,2.0,1.0,128.0,0.9,0.5,riemannian_scale,160,2.0,1877.998005737407,2.0,-0.9984025542142032,-1.3457744421660744,0.0,0.0,0.002627249489409588,0.002627249489409588,0,1,0.0015974457857967916,ok
50.0,0.5,2.0,1.0,128.0,0.9,0.5,riemannian_scale,161,2.0,1877.998005737407,2.0,-0.9984025542142032,-1.3457744421660744,0.0,0.0,0.002611031899968788,0.002611031899968788,0,1,0.0015974457857967916,ok
50.0,0.5,2.0,1.0,128.0,0.9,0.5,riemannian_scale,162,2.0,1877.998005737407,2.0,-0.9984025542142032,-1.3457744421660744,0.0,0.0,0.002595013299355483,0.002595013299355483,0,1,0.0015974457857967916,ok
50.0,0.5,2.0,1.0,128.0,0.9,0.5,riemannian_scale,163,2.0,1877.998005737407,2.0,-0.9984025542142032,-1.3457744421660744,0.0,0.0,0.002579190047530144,0.002579190047530144,0,1,0.0015974457857967916,ok
50.0,0.5,2.0,1.0,128.0,0.9,0.5,riemannian_scale,164,2.0,1877.998005737407,2.0,-0.9984025542142032,-1.3457744421660744,0.0,0.0,0.0025635585926966284,0.0025635585926966284,0,1,0.0015974457857967916,ok
50.0,0.5,2.0,1.0,128.0,0.9,0.5,riemannian_scale,165,2.0,1877.998005737407,2.0,-0.9984025542142032,-1.3457744421660744,0.0,0.0,0.002548115468644239,0.002548115468644239,0,1,0.0015974457857967916,ok
50.0,0.5,2.0,1.0,128.0,0.9,0.5,riemannian_scale,166,2.0,1877.998005737407,2.0,-0.9984025542142032,-1.3457744421660744,0.0,0.0,0.0025328572921852915,0.0025328572921852915,0,1,0.0015974457857967916,ok
50.0,0.5,2.0,1.0,128.0,0.9,0.5,riemannian_scale,167,2.0,1877.998005737407,2.0,-0.9984025542142032,-1.3457744421660744,0.0,0.0,0.0025177807606841882,0.0025177807606841882,0,1,0.0015974457857967916,ok
50.0,0.5,2.0,1.0,128.0,0.9,0.5,riemannian_scale,168,2.0,1877.998005737407,2.0,-0.9984025542142032,-1.3457744421660744,0.0,0.0,0.002502882649674223,0.002502882649674223,0,1,0.0015974457857967916,ok
50.0,0.5,2.0,1.0,128.0,0.9,0.5,riemannian_scale,169,2.0,1877.998005737407,2.0,-0.9984025542142032,-1.3457744421660744,0.0,0.0,0.002488159810558492,0.002488159810558492,0,1,0.0015974457857967916,ok
50.0,0.5,2.0,1.0,128.0,0.9,0.5,riemannian_scale,170,2.0,1877.998005737407,2.0,-0.9984025542142032,-1.3457744421660744,0.0,0.0,0.0024736091683914834,0.0024736091683914834,0,1,0.0015974457857967916,ok
50.0,0.5,2.0,1.0,128.0,0.9,0.5,riemannian_scale,171,2.0,1877.998005737407,2.0,-0.9984025542142032,-1.3457744421660744,0.0,0.0,0.0024592277197380444,0.0024592277197380444,0,1,0.0015974457857967916,ok
50.0,0.5,2.0,1.0,128.0,0.9,0.5,riemannian_scale,172,2.0,1877.998005737407,2.0,-0.9984025542142032,-1.3457744421660744,0.0,0.0,0.0024450125306066106,0.0024450125306066106,0,1,0.0015974457857967916,ok
50.0,0.5,2.0,1.0,128.0,0.9,0.5,riemannian_scale,173,2.0,1877.998005737407,2.0,-0.9984025542142032,-1.3457744421660744,0.0,0.0,0.002430960734453699,0.002430960734453699,0,1,0.0015974457857967916,ok
50.0,0.5,2.0,1.0,128.0,0.9,0.5,riemannian_scale,174,2.0,1877.998005737407,2.0,-0.9984025542142032,-1.3457744421660744,0.0,0.0,0.002417069530256821,0.002417069530256821,0,1,0.0015974457857967916,ok
50.0,0.5,2.0,1.0,128.0,0.9,0.5,riemannian_scale,175,2.0,1877.998005737407,2.0,-0.9984025542142032,-1.3457744421660744,0.0,0.0,0.002403336180653089,0.002403336180653089,0,1,0.0015974457857967916,ok
50.0,0.5,2.0,1.0,128.0,0.9,0.5,riemannian_scale,176,2.0,1877.998005737407,2.0,-0.9984025542142032,-1.3457744421660744,0.0,0.0,0.0023897580101409246,0.0023897580101409246,0,1,0.0015974457857967916,ok
50.0,0.5,2.0,1.0,128.0,0.9,0.5,riemannian_scale,177,2.0,1877.998005737407,2.0,-0.9984025542142032,-1.3457744421660744,0.0,0.0,0.00237633240334238,0.00237633240334238,0,1,0.0015974457857967916,ok
50.0,0.5,2.0,1.0,128.0,0.9,0.5,riemannian_scale,178,2.0,1877.998005737407,2.0,-0.9984025542142032,-1.3457744421660744,0.0,0.0,0.0023630568033237076,0.0023630568033237076,0,1,0.0015974457857967916,ok
50.0,0.5,2.0,1.0,128.0,0.9,0.5,riemannian_scale,179,2.0,1877.998005737407,2.0,-0.9984025542142032,-1.3457744421660744,0.0,0.0,0.002349928709971909,0.002349928709971909,0,1,0.0015974457857967916,ok
50.0,0.5,2.0,1.0,128.0,0.9,0.5,riemannian_scale,180,2.0,1877.998005737407,2.0,-0.9984025542142032,-1.3457744421660744,0.0,0.0,0.002336945678425103,0.002336945678425103,0,1,0.0015974457857967916,ok
50.0,0.5,2.0,1.0,128.0,0.9,0.5,riemannian_scale,181,2.0,1877.998005737407,2.0,-0.9984025542142032,-1.3457744421660744,0.0,0.0,0.0023241053175546357,0.0023241053175546357,0,1,0.0015974457857967916,ok
50.0,0.5,2.0,1.0,128.0,0.9,0.5,riemannian_scale,182,2.0,1877.998005737407,2.0,-0.9984025542142032,-1.3457744421660744,0.0,0.0,0.0023114052884969597,0.0023114052884969597,0,1,0.0015974457857967916,ok
50.0,0.5,2.0,1.0,128.0,0.9,0.5,riemannian_scale,183,2.0,1877.998005737407,2.0,-0.9984025542142032,-1.3457744421660744,0.0,0.0,0.0022988433032333894,0.0022988433032333894,0,1,0.0015974457857967916,ok
50.0,0.5,2.0,1.0,128.0,0.9,0.5,riemannian_scale,184,2.0,1877.998005737407,2.0,-0.9984025542142032,-1.3457744421660744,0.0,0.0,0.0022864171232159117,0.0022864171232159117,0,1,0.0015974457857967916,ok
50.0,0.5,2.0,1.0,128.0,0.9,0.5,riemannian_scale,185,2.0,1877.998005737407,2.0,-0.9984025542142032,-1.3457744421660744,0.0,0.0,0.002274124558037332,0.002274124558037332,0,1,0.0015974457857967916,ok
50.0,0.5,2.0,1.0,128.0,0.9,0.5,riemannian_scale,186,2.0,1877.998005737407,2.0,-0.9984025542142032,-1.3457744421660744,0.0,0.0,0.0022619634641440835,0.0022619634641440835,0,1,0.0015974457857967916,ok
50.0,0.5,2.0,1.0,128.0,0.9,0.5,riemannian_scale,187,2.0,1877.998005737407,2.0,-0.9984025542142032,-1.3457744421660744,0.0,0.0,0.002249931743590126,0.002249931743590126,0,1,0.0015974457857967916,ok
50.0,0.5,2.0,1.0,128.0,0.9,0.5,riemannian_scale,188,2.0,1877.998005737407,2.0,-0.9984025542142032,-1.3457744421660744,0.0,0.0,0.0022380273428303896,0.0022380273428303896,0,1,0.0015974457857967916,ok
50.0,0.5,2.0,1.0,128.0,0.9,0.5,riemannian_scale,189,2.0,1877.998005737407,2.0,-0.9984025542142032,-1.3457744421660744,0.0,0.0,0.002226248251552335,0.002226248251552335,0,1,0.0015974457857967916,ok
50.0,0.5,2.0,1.0,128.0,0.9,0.5,riemannian_scale,190,2.0,1877.998005737407,2.0,-0.9984025542142032,-1.3457744421660744,0.0,0.0,0.0022145925015442077,0.0022145925015442077,0,1,0.0015974457857967916,ok
50.0,0.5,2.0,1.0,128.0,0.9,0.5,riemannian_scale,191,2.0,1877.998005737407,2.0,-0.9984025542142032,-1.3457744421660744,0.0,0.0,0.002203058165598665,0.002203058165598665,0,1,0.0015974457857967916,ok
50.0,0.5,2.0,1.0,128.0,0.9,0.5,riemannian_scale,192,2.0,1877.998005737407,2.0,-0.9984025542142032,-1.3457744421660744,0.0,0.0,0.0021916433564504855,0.0021916433564504855,0,1,0.0015974457857967916,ok
50.0,0.5,2.0,1.0,128.0,0.9,0.5,riemannian_scale,193,2.0,1877.998005737407,2.0,-0.9984025542142032,-1.3457744421660744,0.0,0.0,0.002180346225747132,0.002180346225747132,0,1,0.0015974457857967916,ok
50.0,0.5,2.0,1.0,128.0,0.9,0.5,riemannian_scale,194,2.0,1877.998005737407,2.0,-0.9984025542142032,-1.3457744421660744,0.0,0.0,0.002169164963050993,0.002169164963050993,0,1,0.0015974457857967916,ok
50.0,0.5,2.0,1.0,128.0,0.9,0.5,riemannian_scale,195,2.0,1877.998005737407,2.0,-0.9984025542142032,-1.3457744421660744,0.0,0.0,0.0021580977948721615,0.0021580977948721615,0,1,0.0015974457857967916,ok
50.0,0.5,2.0,1.0,128.0,0.9,0.5,riemannian_scale,196,2.0,1877.998005737407,2.0,-0.9984025542142032,-1.3457744421660744,0.0,0.0,0.0021471429837306784,0.0021471429837306784,0,1,0.0015974457857967916,ok
50.0,0.5,2.0,1.0,128.0,0.9,0.5,riemannian_scale,197,2.0,1877.998005737407,2.0,-0.9984025542142032,-1.3457744421660744,0.0,0.0,0.0021362988272471905,0.0021362988272471905,0,1,0.0015974457857967916,ok
50.0,0.5,2.0,1.0,128.0,0.9,0.5,riemannian_scale,198,2.0,1877.998005737407,2.0,-0.9984025542142032,-1.3457744421660744,0.0,0.0,0.0021255636572610234,0.0021255636572610234,0,1,0.0015974457857967916,ok
50.0,0.5,2.0,1.0,128.0,0.9,0.5,riemannian_scale,199,2.0,1877.998005737407,2.0,-0.9984025542142032,-1.3457744421660744,0.0,0.0,0.0021149358389747183,0.0021149358389747183,0,1,0.0015974457857967916,ok
50.0,0.5,2.0,1.0,128.0,0.9,0.5,riemannian_scale,200,2.0,1877.998005737407,2.0,-0.9984025542142032,-1.3457744421660744,0.0,0.0,0.0021044137701240976,0.0021044137701240976,0,1,0.0015974457857967916,ok
50.0,0.5,2.0,1.0,128.0,0.9,0.5,riemannian_scale,201,2.0,1877.998005737407,2.0,-0.9984025542142032,-1.3457744421660744,0.0,0.0,0.0020939958801729883,0.0020939958801729883,0,1,0.0015974457857967916,ok
50.0,0.5,2.0,1.0,128.0,0.9,0.5,riemannian_scale,202,2.0,1877.998005737407,2.0,-0.9984025542142032,-1.3457744421660744,0.0,0.0,0.0020836806295317424,0.0020836806295317424,0,1,0.0015974457857967916,ok
50.0,0.5,2.0,1.0,128.0,0.9,0.5,riemannian_scale,203,2.0,1877.998005737407,2.0,-0.9984025542142032,-1.3457744421660744,0.0,0.0,0.0020734665087987435,0.0020734665087987435,0,1,0.0015974457857967916,ok
50.0,0.5,2.0,1.0,128.0,0.9,0.5,riemannian_scale,204,2.0,1877.998005737407,2.0,-0.9984025542142032,-1.3457744421660744,0.0,0.0,0.0020633520380241156,0.0020633520380241156,0,1,0.0015974457857967916,ok
50.0,0.5,2.0,1.0,128.0,0.9,0.5,riemannian_scale,205,2.0,1877.998005737407,2.0,-0.9984025542142032,-1.3457744421660744,0.0,0.0,0.002053335765994872,0.002053335765994872,0,1,0.0015974457857967916,ok
50.0,0.5,2.0,1.0,128.0,0.9,0.5,riemannian_scale,206,2.0,1877.998005737407,2.0,-0.9984025542142032,-1.3457744421660744,0.0,0.0,0.0020434162695407905,0.0020434162695407905,0,1,0.0015974457857967916,ok
50.0,0.5,2.0,1.0,128.0,0.9,0.5,riemannian_scale,207,2.0,1877.998005737407,2.0,-0.9984025542142032,-1.3457744421660744,0.0,0.0,0.0020335921528603063,0.0020335921528603063,0,1,0.0015974457857967916,ok
50.0,0.5,2.0,1.0,128.0,0.9,0.5,riemannian_scale,208,2.0,1877.998005737407,2.0,-0.9984025542142032,-1.3457744421660744,0.0,0.0,0.002023862046865759,0.002023862046865759,0,1,0.0015974457857967916,ok
50.0,0.5,2.0,1.0,128.0,0.9,0.5,riemannian_scale,209,2.0,1877.998005737407,2.0,-0.9984025542142032,-1.3457744421660744,0.0,0.0,0.0020142246085473508,0.0020142246085473508,0,1,0.0015974457857967916,ok
50.0,0.5,2.0,1.0,128.0,0.9,0.5,riemannian_scale,210,2.0,1877.998005737407,2.0,-0.9984025542142032,-1.3457744421660744,0.0,0.0,0.002004678520355183,0.002004678520355183,0,1,0.0015974457857967916,ok
50.0,0.5,2.0,1.0,128.0,0.9,0.5,riemannian_scale,211,2.0,1877.998005737407,2.0,-0.9984025542142032,-1.3457744421660744,0.0,0.0,0.001995222489598791,0.001995222489598791,0,1,0.0015974457857967916,ok
50.0,0.5,2.0,1.0,128.0,0.9,0.5,riemannian_scale,212,2.0,1877.998005737407,2.0,-0.9984025542142032,-1.3457744421660744,0.0,0.0,0.0019858552478635855,0.0019858552478635855,0,1,0.0015974457857967916,ok
50.0,0.5,2.0,1.0,128.0,0.9,0.5,riemannian_scale,213,2.0,1877.998005737407,2.0,-0.9984025542142032,-1.3457744421660744,0.0,0.0,0.001976575550443662,0.001976575550443662,0,1,0.0015974457857967916,ok
50.0,0.5,2.0,1.0,128.0,0.9,0.5,riemannian_scale,214,2.0,1877.998005737407,2.0,-0.9984025542142032,-1.3457744421660744,0.0,0.0,0.0019673821757904358,0.0019673821757904358,0,1,0.0015974457857967916,ok
50.0,0.5,2.0,1.0,128.0,0.9,0.5,riemannian_scale,215,2.0,1877.998005737407,2.0,-0.9984025542142032,-1.3457744421660744,0.0,0.0,0.001958273924976591,0.001958273924976591,0,1,0.0015974457857967916,ok
50.0,0.5,2.0,1.0,128.0,0.9,0.5,riemannian_scale,216,2.0,1877.998005737407,2.0,-0.9984025542142032,-1.3457744421660744,0.0,0.0,0.0019492496211748556,0.0019492496211748556,0,1,0.0015974457857967916,ok
50.0,0.5,2.0,1.0,128.0,0.9,0.5,riemannian_scale,217,2.0,1877.998005737407,2.0,-0.9984025542142032,-1.3457744421660744,0.0,0.0,0.0019403081091511178,0.0019403081091511178,0,1,0.0015974457857967916,ok
50.0,0.5,2.0,1.0,128.0,0.9,0.5,riemannian_scale,218,2.0,1877.998005737407,2.0,-0.9984025542142032,-1.3457744421660744,0.0,0.0,0.0019314482547714321,0.0019314482547714321,0,1,0.0015974457857967916,ok
50.0,0.5,2.0,1.0,128.0,0.9,0.5,riemannian_scale,219,2.0,1877.998005737407,2.0,-0.9984025542142032,-1.3457744421660744,0.0,0.0,0.001922668944522471,0.001922668944522471,0,1,0.0015974457857967916,ok
50.0,0.5,2.0,1.0,128.0,0.9,0.5,riemannian_scale,220,2.0,1877.998005737407,2.0,-0.9984025542142032,-1.3457744421660744,0.0,0.0,0.0019139690850449942,0.0019139690850449942,0,1,0.0015974457857967916,ok
50.0,0.5,2.0,1.0,128.0,0.9,0.5,riemannian_scale,221,2.0,1877.998005737407,2.0,-0.9984025542142032,-1.3457744421660744,0.0,0.0,0.0019053476026799263,0.0019053476026799263,0,1,0.0015974457857967916,ok
50.0,0.5,2.0,1.0,128.0,0.9,0.5,riemannian_scale,222,2.0,1877.998005737407,2.0,-0.9984025542142032,-1.3457744421660744,0.0,0.0,0.0018968034430266532,0.0018968034430266532,0,1,0.0015974457857967916,ok
50.0,0.5,2.0,1.0,128.0,0.9,0.5,riemannian_scale,223,2.0,1877.998005737407,2.0,-0.9984025542142032,-1.3457744421660744,0.0,0.0,0.0018883355705131412,0.0018883355705131412,0,1,0.0015974457857967916,ok
50.0,0.5,2.0,1.0,128.0,0.9,0.5,riemannian_scale,224,2.0,1877.998005737407,2.0,-0.9984025542142032,-1.3457744421660744,0.0,0.0,0.0018799429679775275,0.0018799429679775275,0,1,0.0015974457857967916,ok
50.0,0.5,2.0,1.0,128.0,0.9,0.5,riemannian_scale,225,2.0,1877.998005737407,2.0,-0.9984025542142032,-1.3457744421660744,0.0,0.0,0.0018716246362608126,0.0018716246362608126,0,1,0.0015974457857967916,ok
50.0,0.5,2.0,1.0,128.0,0.9,0.5,riemannian_scale,226,2.0,1877.998005737407,2.0,-0.9984025542142032,-1.3457744421660744,0.0,0.0,0.0018633795938103248,0.0018633795938103248,0,1,0.0015974457857967916,ok
50.0,0.5,2.0,1.0,128.0,0.9,0.5,riemannian_scale,227,2.0,1877.998005737407,2.0,-0.9984025542142032,-1.3457744421660744,0.0,0.0,0.0018552068762936124,0.0018552068762936124,0,1,0.0015974457857967916,ok
50.0,0.5,2.0,1.0,128.0,0.9,0.5,riemannian_scale,228,2.0,1877.998005737407,2.0,-0.9984025542142032,-1.3457744421660744,0.0,0.0,0.0018471055362224613,0.0018471055362224613,0,1,0.0015974457857967916,ok
50.0,0.5,2.0,1.0,128.0,0.9,0.5,riemannian_scale,229,2.0,1877.998005737407,2.0,-0.9984025542142032,-1.3457744421660744,0.0,0.0,0.0018390746425867117,0.0018390746425867117,0,1,0.0015974457857967916,ok
50.0,0.5,2.0,1.0,128.0,0.9,0.5,riemannian_scale,230,2.0,1877.998005737407,2.0,-0.9984025542142032,-1.3457744421660744,0.0,0.0,0.0018311132804975916,0.0018311132804975916,0,1,0.0015974457857967916,ok
50.0,0.5,2.0,1.0,128.0,0.9,0.5,riemannian_scale,231,2.0,1877.998005737407,2.0,-0.9984025542142032,-1.3457744421660744,0.0,0.0,0.0018232205508402744,0.0018232205508402744,0,1,0.0015974457857967916,ok
50.0,0.5,2.0,1.0,128.0,0.9,0.5,riemannian_scale,232,2.0,1877.998005737407,2.0,-0.9984025542142032,-1.3457744421660744,0.0,0.0,0.0018153955699353806,0.0018153955699353806,0,1,0.0015974457857967916,ok
50.0,0.5,2.0,1.0,128.0,0.9,0.5,riemannian_scale,233,2.0,1877.998005737407,2.0,-0.9984025542142032,-1.3457744421660744,0.0,0.0,0.001807637469209161,0.001807637469209161,0,1,0.0015974457857967916,ok
50.0,0.5,2.0,1.0,128.0,0.9,0.5,riemannian_scale,234,2.0,1877.998005737407,2.0,-0.9984025542142032,-1.3457744421660744,0.0,0.0,0.0017999453948721008,0.0017999453948721008,0,1,0.0015974457857967916,ok
50.0,0.5,2.0,1.0,128.0,0.9,0.5,riemannian_scale,235,2.0,1877.998005737407,2.0,-0.9984025542142032,-1.3457744421660744,0.0,0.0,0.0017923185076056936,0.0017923185076056936,0,1,0.0015974457857967916,ok
50.0,0.5,2.0,1.0,128.0,0.9,0.5,riemannian_scale,236,2.0,1877.998005737407,2.0,-0.9984025542142032,-1.3457744421660744,0.0,0.0,0.0017847559822571461,0.0017847559822571461,0,1,0.0015974457857967916,ok
50.0,0.5,2.0,1.0,128.0,0.9,0.5,riemannian_scale,237,2.0,1877.998005737407,2.0,-0.9984025542142032,-1.3457744421660744,0.0,0.0,0.00177725700754178,0.00177725700754178,0,1,0.0015974457857967916,ok
50.0,0.5,2.0,1.0,128.0,0.9,0.5,riemannian_scale,238,2.0,1877.998005737407,2.0,-0.9984025542142032,-1.3457744421660744,0.0,0.0,0.0017698207857529023,0.0017698207857529023,0,1,0.0015974457857967916,ok
50.0,0.5,2.0,1.0,128.0,0.9,0.5,riemannian_scale,239,2.0,1877.998005737407,2.0,-0.9984025542142032,-1.3457744421660744,0.0,0.0,0.0017624465324789318,0.0017624465324789318,0,1,0.0015974457857967916,ok
50.0,0.5,2.0,1.0,128.0,0.9,0.5,riemannian_scale,240,2.0,1877.998005737407,2.0,-0.9984025542142032,-1.3457744421660744,0.0,0.0,0.001755133476327567,0.001755133476327567,0,1,0.0015974457857967916,ok
50.0,0.5,2.0,1.0,128.0,0.9,0.5,riemannian_scale,241,2.0,1877.998005737407,2.0,-0.9984025542142032,-1.3457744421660744,0.0,0.0,0.001747880858656792,0.001747880858656792,0,1,0.0015974457857967916,ok
50.0,0.5,2.0,1.0,128.0,0.9,0.5,riemannian_scale,242,2.0,1877.998005737407,2.0,-0.9984025542142032,-1.3457744421660744,0.0,0.0,0.0017406879333125254,0.0017406879333125254,0,1,0.0015974457857967916,ok
50.0,0.5,2.0,1.0,128.0,0.9,0.5,riemannian_scale,243,2.0,1877.998005737407,2.0,-0.9984025542142032,-1.3457744421660744,0.0,0.0,0.00173355396637272,0.00173355396637272,0,1,0.0015974457857967916,ok
50.0,0.5,2.0,1.0,128.0,0.9,0.5,riemannian_scale,244,2.0,1877.998005737407,2.0,-0.9984025542142032,-1.3457744421660744,0.0,0.0,0.0017264782358977293,0.0017264782358977293,0,1,0.0015974457857967916,ok
50.0,0.5,2.0,1.0,128.0,0.9,0.5,riemannian_scale,245,2.0,1877.998005737407,2.0,-0.9984025542142032,-1.3457744421660744,0.0,0.0,0.001719460031686763,0.001719460031686763,0,1,0.0015974457857967916,ok
50.0,0.5,2.0,1.0,128.0,0.9,0.5,riemannian_scale,246,2.0,1877.998005737407,2.0,-0.9984025542142032,-1.3457744421660744,0.0,0.0,0.0017124986550402577,0.0017124986550402577,0,1,0.0015974457857967916,ok
50.0,0.5,2.0,1.0,128.0,0.9,0.5,riemannian_scale,247,2.0,1877.998005737407,2.0,-0.9984025542142032,-1.3457744421660744,0.0,0.0,0.0017055934185279985,0.0017055934185279985,0,1,0.0015974457857967916,ok
50.0,0.5,2.0,1.0,128.0,0.9,0.5,riemannian_scale,248,2.0,1877.998005737407,2.0,-0.9984025542142032,-1.3457744421660744,0.0,0.0,0.0016987436457628258,0.0016987436457628258,0,1,0.0015974457857967916,ok
50.0,0.5,2.0,1.0,128.0,0.9,0.5,riemannian_scale,249,2.0,1877.998005737407,2.0,-0.9984025542142032,-1.3457744421660744,0.0,0.0,0.0016919486711797747,0.0016919486711797747,0,1,0.0015974457857967916,ok
50.0,0.5,2.0,1.0,128.0,0.9,0.5,riemannian_scale,250,2.0,1877.998005737407,2.0,-0.9984025542142032,-1.3457744421660744,0.0,0.0,0.0016852078398204926,0.0016852078398204926,0,1,0.0015974457857967916,ok
50.0,0.5,2.0,1.0,128.0,0.9,0.5,riemannian_scale,251,2.0,1877.998005737407,2.0,-0.9984025542142032,-1.3457744421660744,0.0,0.0,0.0016785205071227923,0.0016785205071227923,0,1,0.0015974457857967916,ok
50.0,0.5,2.0,1.0,128.0,0.9,0.5,riemannian_scale,252,2.0,1877.998005737407,2.0,-0.9984025542142032,-1.3457744421660744,0.0,0.0,0.0016718860387151923,0.0016718860387151923,0,1,0.0015974457857967916,ok
50.0,0.5,2.0,1.0,128.0,0.9,0.5,riemannian_scale,253,2.0,1877.998005737407,2.0,-0.9984025542142032,-1.3457744421660744,0.0,0.0,0.0016653038102163137,0.0016653038102163137,0,1,0.0015974457857967916,ok
50.0,0.5,2.0,1.0,128.0,0.9,0.5,riemannian_scale,254,2.0,1877.998005737407,2.0,-0.9984025542142032,-1.3457744421660744,0.0,0.0,0.0016587732070389948,0.0016587732070389948,0,1,0.0015974457857967916,ok
50.0,0.5,2.0,1.0,128.0,0.9,0.5,riemannian_scale,255,2.0,1877.998005737407,2.0,-0.9984025542142032,-1.3457744421660744,0.0,0.0,0.0016522936241989987,0.0016522936241989987,0,1,0.0015974457857967916,ok
50.0,0.5,2.0,1.0,128.0,0.9,0.5,riemannian_scale,256,2.0,1877.998005737407,2.0,-0.9984025542142032,-1.3457744421660744,0.0,0.0,0.0016458644661281855,0.0016458644661281855,0,1,0.0015974457857967916,ok
50.0,0.5,2.0,1.0,128.0,0.9,0.5,riemannian_scale,257,2.0,1877.998005737407,2.0,-0.9984025542142032,-1.3457744421660744,0.0,0.0,0.0016394851464920296,0.0016394851464920296,0,1,0.0015974457857967916,ok
50.0,0.5,2.0,1.0,128.0,0.9,0.5,riemannian_scale,258,2.0,1877.998005737407,2.0,-0.9984025542142032,-1.3457744421660744,0.0,0.0,0.0016331550880113656,0.0016331550880113656,0,1,0.0015974457857967916,ok
50.0,0.5,2.0,1.0,128.0,0.9,0.5,riemannian_scale,259,2.0,1877.998005737407,2.0,-0.9984025542142032,-1.3457744421660744,0.0,0.0,0.0016268737222882449,0.0016268737222882449,0,1,0.0015974457857967916,ok
50.0,0.5,2.0,1.0,128.0,0.9,0.5,riemannian_scale,260,2.0,1877.998005737407,2.0,-0.9984025542142032,-1.3457744421660744,0.0,0.0,0.0016206404896357994,0.0016206404896357994,0,1,0.0015974457857967916,ok
50.0,0.5,2.0,1.0,128.0,0.9,0.5,riemannian_scale,261,2.0,1877.998005737407,2.0,-0.9984025542142032,-1.3457744421660744,0.0,0.0,0.0016144548389119987,0.0016144548389119987,0,1,0.0015974457857967916,ok
50.0,0.5,2.0,1.0,128.0,0.9,0.5,riemannian_scale,262,2.0,1877.998005737407,2.0,-0.9984025542142032,-1.3457744421660744,0.0,0.0,0.0016083162273572002,0.0016083162273572002,0,1,0.0015974457857967916,ok
50.0,0.5,2.0,1.0,128.0,0.9,0.5,riemannian_scale,263,2.0,1877.998005737407,2.0,-0.9984025542142032,-1.3457744421660744,0.0,0.0,0.0016022241204353927,0.0016022241204353927,0,1,0.0015974457857967916,ok
50.0,0.5,2.0,1.0,128.0,0.9,0.5,riemannian_scale,264,2.0,1877.998005737407,2.0,-0.9984025542142032,-1.3457744421660744,0.0,0.0,0.0015961779916790328,0.0015961779916790328,0,1,0.0015974457857967916,ok
50.0,0.5,2.0,1.0,128.0,0.9,0.5,riemannian_scale,265,2.0,1877.998005737407,2.0,-0.9984025542142032,-1.3457744421660744,0.0,0.0,0.0015901773225373821,0.0015901773225373821,0,1,0.0015974457857967916,ok
50.0,0.5,2.0,1.0,128.0,0.9,0.5,riemannian_scale,266,2.0,1877.998005737407,2.0,-0.9984025542142032,-1.3457744421660744,0.0,0.0,0.0015842216022282534,0.0015842216022282534,0,1,0.0015974457857967916,ok
50.0,0.5,2.0,1.0,128.0,0.9,0.5,riemannian_scale,267,2.0,1877.998005737407,2.0,-0.9984025542142032,-1.3457744421660744,0.0,0.0,0.0015783103275930734,0.0015783103275930734,0,1,0.0015974457857967916,ok
50.0,0.5,2.0,1.0,128.0,0.9,0.5,riemannian_scale,268,2.0,1877.998005737407,2.0,-0.9984025542142032,-1.3457744421660744,0.0,0.0,0.0015724430029551808,0.0015724430029551808,0,1,0.0015974457857967916,ok
50.0,0.5,2.0,1.0,128.0,0.9,0.5,riemannian_scale,269,2.0,1877.998005737407,2.0,-0.9984025542142032,-1.3457744421660744,0.0,0.0,0.0015666191399812729,0.0015666191399812729,0,1,0.0015974457857967916,ok
50.0,0.5,2.0,1.0,128.0,0.9,0.5,riemannian_scale,270,2.0,1877.998005737407,2.0,-0.9984025542142032,-1.3457744421660744,0.0,0.0,0.0015608382575459175,0.0015608382575459175,0,1,0.0015974457857967916,ok
50.0,0.5,2.0,1.0,128.0,0.9,0.5,riemannian_scale,271,2.0,1877.998005737407,2.0,-0.9984025542142032,-1.3457744421660744,0.0,0.0,0.0015550998815990575,0.0015550998815990575,0,1,0.0015974457857967916,ok
50.0,0.5,2.0,1.0,128.0,0.9,0.5,riemannian_scale,272,2.0,1877.998005737407,2.0,-0.9984025542142032,-1.3457744421660744,0.0,0.0,0.0015494035450364237,0.0015494035450364237,0,1,0.0015974457857967916,ok
50.0,0.5,2.0,1.0,128.0,0.9,0.5,riemannian_scale,273,2.0,1877.998005737407,2.0,-0.9984025542142032,-1.3457744421660744,0.0,0.0,0.001543748787572787,0.001543748787572787,0,1,0.0015974457857967916,ok
50.0,0.5,2.0,1.0,128.0,0.9,0.5,riemannian_scale,274,2.0,1877.998005737407,2.0,-0.9984025542142032,-1.3457744421660744,0.0,0.0,0.001538135155617977,0.001538135155617977,0,1,0.0015974457857967916,ok
50.0,0.5,2.0,1.0,128.0,0.9,0.5,riemannian_scale,275,2.0,1877.998005737407,2.0,-0.9984025542142032,-1.3457744421660744,0.0,0.0,0.001532562202155593,0.001532562202155593,0,1,0.0015974457857967916,ok
50.0,0.5,2.0,1.0,128.0,0.9,0.5,riemannian_scale,276,2.0,1877.998005737407,2.0,-0.9984025542142032,-1.3457744421660744,0.0,0.0,0.0015270294866243455,0.0015270294866243455,0,1,0.0015974457857967916,ok
50.0,0.5,2.0,1.0,128.0,0.9,0.5,riemannian_scale,277,2.0,1877.998005737407,2.0,-0.9984025542142032,-1.3457744421660744,0.0,0.0,0.0015215365748019558,0.0015215365748019558,0,1,0.0015974457857967916,ok
50.0,0.5,2.0,1.0,128.0,0.9,0.5,riemannian_scale,278,2.0,1877.998005737407,2.0,-0.9984025542142032,-1.3457744421660744,0.0,0.0,0.0015160830386915544,0.0015160830386915544,0,1,0.0015974457857967916,ok
50.0,0.5,2.0,1.0,128.0,0.9,0.5,riemannian_scale,279,2.0,1877.998005737407,2.0,-0.9984025542142032,-1.3457744421660744,0.0,0.0,0.001510668456410513,0.001510668456410513,0,1,0.0015974457857967916,ok
50.0,0.5,2.0,1.0,128.0,0.9,0.5,riemannian_scale,280,2.0,1877.998005737407,2.0,-0.9984025542142032,-1.3457744421660744,0.0,0.0,0.00150529241208165,0.00150529241208165,0,1,0.0015974457857967916,ok
50.0,0.5,2.0,1.0,128.0,0.9,0.5,riemannian_scale,281,2.0,1877.998005737407,2.0,-0.9984025542142032,-1.3457744421660744,0.0,0.0,0.0014999544957267506,0.0014999544957267506,0,1,0.0015974457857967916,ok
50.0,0.5,2.0,1.0,128.0,0.9,0.5,riemannian_scale,282,2.0,1877.998005737407,2.0,-0.9984025542142032,-1.3457744421660744,0.0,0.0,0.001494654303162345,0.001494654303162345,0,1,0.0015974457857967916,ok
50.0,0.5,2.0,1.0,128.0,0.9,0.5,riemannian_scale,283,2.0,1877.998005737407,2.0,-0.9984025542142032,-1.3457744421660744,0.0,0.0,0.0014893914358976889,0.0014893914358976889,0,1,0.0015974457857967916,ok
50.0,0.5,2.0,1.0,128.0,0.9,0.5,riemannian_scale,284,2.0,1877.998005737407,2.0,-0.9984025542142032,-1.3457744421660744,0.0,0.0,0.00148416550103489,0.00148416550103489,0,1,0.0015974457857967916,ok
50.0,0.5,2.0,1.0,128.0,0.9,0.5,riemannian_scale,285,2.0,1877.998005737407,2.0,-0.9984025542142032,-1.3457744421660744,0.0,0.0,0.0014789761111711317,0.0014789761111711317,0,1,0.0015974457857967916,ok
50.0,0.5,2.0,1.0,128.0,0.9,0.5,riemannian_scale,286,2.0,1877.998005737407,2.0,-0.9984025542142032,-1.3457744421660744,0.0,0.0,0.0014738228843029395,0.0014738228843029395,0,1,0.0015974457857967916,ok
50.0,0.5,2.0,1.0,128.0,0.9,0.5,riemannian_scale,287,2.0,1877.998005737407,2.0,-0.9984025542142032,-1.3457744421660744,0.0,0.0,0.0014687054437324432,0.0014687054437324432,0,1,0.0015974457857967916,ok
50.0,0.5,2.0,1.0,128.0,0.9,0.5,riemannian_scale,288,2.0,1877.998005737407,2.0,-0.9984025542142032,-1.3457744421660744,0.0,0.0,0.0014636234179755837,0.0014636234179755837,0,1,0.0015974457857967916,ok
50.0,0.5,2.0,1.0,128.0,0.9,0.5,riemannian_scale,289,2.0,1877.998005737407,2.0,-0.9984025542142032,-1.3457744421660744,0.0,0.0,0.0014585764406722195,0.0014585764406722195,0,1,0.0015974457857967916,ok
50.0,0.5,2.0,1.0,128.0,0.9,0.5,riemannian_scale,290,2.0,1877.998005737407,2.0,-0.9984025542142032,-1.3457744421660744,0.0,0.0,0.0014535641504980882,0.0014535641504980882,0,1,0.0015974457857967916,ok
50.0,0.5,2.0,1.0,128.0,0.9,0.5,riemannian_scale,291,2.0,1877.998005737407,2.0,-0.9984025542142032,-1.3457744421660744,0.0,0.0,0.0014485861910785742,0.0014485861910785742,0,1,0.0015974457857967916,ok
50.0,0.5,2.0,1.0,128.0,0.9,0.5,riemannian_scale,292,2.0,1877.998005737407,2.0,-0.9984025542142032,-1.3457744421660744,0.0,0.0,0.0014436422109042446,0.0014436422109042446,0,1,0.0015974457857967916,ok
50.0,0.5,2.0,1.0,128.0,0.9,0.5,riemannian_scale,293,2.0,1877.998005737407,2.0,-0.9984025542142032,-1.3457744421660744,0.0,0.0,0.0014387318632481077,0.0014387318632481077,0,1,0.0015974457857967916,ok
50.0,0.5,2.0,1.0,128.0,0.9,0.5,riemannian_scale,294,2.0,1877.998005737407,2.0,-0.9984025542142032,-1.3457744421660744,0.0,0.0,0.0014338548060845548,0.0014338548060845548,0,1,0.0015974457857967916,ok
50.0,0.5,2.0,1.0,128.0,0.9,0.5,riemannian_scale,295,2.0,1877.998005737407,2.0,-0.9984025542142032,-1.3457744421660744,0.0,0.0,0.0014290107020099448,0.0014290107020099448,0,1,0.0015974457857967916,ok
50.0,0.5,2.0,1.0,128.0,0.9,0.5,riemannian_scale,296,2.0,1877.998005737407,2.0,-0.9984025542142032,-1.3457744421660744,0.0,0.0,0.0014241992181647934,0.0014241992181647934,0,1,0.0015974457857967916,ok
50.0,0.5,2.0,1.0,128.0,0.9,0.5,riemannian_scale,297,2.0,1877.998005737407,2.0,-0.9984025542142032,-1.3457744421660744,0.0,0.0,0.001419420026157529,0.001419420026157529,0,1,0.0015974457857967916,ok
50.0,0.5,2.0,1.0,128.0,0.9,0.5,riemannian_scale,298,2.0,1877.998005737407,2.0,-0.9984025542142032,-1.3457744421660744,0.0,0.0,0.001414672801989778,0.001414672801989778,0,1,0.0015974457857967916,ok
50.0,0.5,2.0,1.0,128.0,0.9,0.5,riemannian_scale,299,2.0,1877.998005737407,2.0,-0.9984025542142032,-1.3457744421660744,0.0,0.0,0.0014099572259831457,0.0014099572259831457,0,1,0.0015974457857967916,ok
100.0,0.5,2.0,1.0,128.0,0.9,0.00703125,theorem_safe,0,1.0,1.0141606411296935,1.0141606411296935,-0.9998000399886706,-0.49995000666527795,4.91992785323931e-05,4.91992785323931e-05,9.920779224373683e-05,5.000851371134373e-05,0,0,0.9929701559688296,ok
100.0,0.5,2.0,1.0,128.0,0.9,0.00703125,theorem_safe,1,1.0141606411296935,1.0286249066578304,1.0286249066578304,-0.9997972090008287,-0.5140595593399427,4.990155252319103e-05,4.91992785323931e-05,9.991752383663549e-05,5.0718245304242384e-05,0,0,0.9928706290575627,ok
100.0,0.5,2.0,1.0,128.0,0.9,0.00703125,theorem_safe,2,1.0286249066578304,1.0434023001938475,1.0434023001938475,-0.9997943173291061,-0.5283709912232543,5.0624067059388406e-05,4.91992785323931e-05,0.0001006409171392665,5.1441638606873394e-05,0,0,0.9927689687288617,ok
100.0,0.5,2.0,1.0,128.0,0.9,0.00703125,theorem_safe,3,1.0434023001938475,1.058502725552151,1.058502725552151,-0.9997913630746262,-0.542890131311365,5.136763295581371e-05,4.91992785323931e-05,0.00010137838336561552,5.2179104833222415e-05,0,0,0.9926651082253797,ok
100.0,0.5,2.0,1.0,128.0,0.9,0.00703125,theorem_safe,4,1.058502725552151,1.073936508046279,1.073936508046279,-0.9997883442585742,-0.5576230425354948,5.2133102806007844e-05,4.91992785323931e-05,0.00010213035070089373,5.2931072168500626e-05,0,0,0.9925589779794087,ok
100.0,0.5,2.0,1.0,128.0,0.9,0.00703125,theorem_safe,5,1.073936508046279,1.0897144171572726,1.0897144171572726,-0.9997852588179434,-0.5725760338303579,5.29213736182102e-05,4.91992785323931e-05,0.00010289726521320486,5.369798668081176e-05,0,0,0.9924505054633908,ok
100.0,0.5,2.0,1.0,128.0,0.9,0.00703125,theorem_safe,6,1.0897144171572726,1.105847690680843,1.105847690680843,-0.9997821046010091,-0.5877556729805461,5.3733389648597495e-05,4.91992785323931e-05,0.00010367959179696258,5.4480313264569484e-05,0,0,0.9923396150307844,ok
100.0,0.5,2.0,1.0,128.0,0.9,0.00703125,theorem_safe,7,1.105847690680843,1.1223480604671108,1.1223480604671108,-0.999778879362508,-0.6031688002764762,5.457014544883992e-05,4.91992785323931e-05,0.00010447781518678359,5.527853665439049e-05,0,0,0.9922262277465542,ok
100.0,0.5,2.0,1.0,128.0,0.9,0.00703125,theorem_safe,8,1.1223480604671108,1.1392277798768151,1.1392277798768151,-0.9997755807584968,-0.6188225430555739,5.54326891468275e-05,4.91992785323931e-05,0.00010529244104203599,5.609316250964289e-05,0,0,0.9921102612064843,ok
100.0,0.5,2.0,1.0,128.0,0.9,0.00703125,theorem_safe,9,1.1392277798768151,1.1564996530890317,1.1564996530890317,-0.999772206340872,-0.634724331199084,5.632212598124901e-05,4.91992785323931e-05,0.00010612399709415864,5.6924718561765535e-05,0,0,0.9919916293444451,ok
100.0,0.5,2.0,1.0,128.0,0.9,0.00703125,theorem_safe,10,1.1564996530890317,1.1741770664077096,1.1741770664077096,-0.9997687535515167,-0.6508819136436369,5.7239622112758605e-05,4.91992785323931e-05,0.00010697303438192518,5.777375584953208e-05,0,0,0.9918702422266685,ok
100.0,0.5,2.0,1.0,128.0,0.9,0.00703125,theorem_safe,11,1.1741770664077096,1.1922740217278922,1.1922740217278922,-0.9997652197160507,-0.6673033760094453,5.818640873689329e-05,4.91992785323931e-05,0.00010784012855844907,5.8640850026055966e-05,0,0,0.991746005831997,ok
100.0,0.5,2.0,1.0,128.0,0.9,0.00703125,theorem_safe,12,1.1922740217278922,1.2108051723374527,1.2108051723374527,-0.9997616020371481,-0.683997159405031,5.9163786526435225e-05,4.91992785323931e-05,0.00010872588130116297,5.9526602768769873e-05,0,0,0.9916188218169769,ok
100.0,0.5,2.0,1.0,128.0,0.9,0.00703125,theorem_safe,13,1.2108051723374527,1.2297858612467232,1.2297858612467232,-0.99975789758739,-0.7009720805376504,6.017313043380629e-05,4.91992785323931e-05,0.00010963092180706913,6.043164327467603e-05,0,0,0.9914885872645655,ok
100.0,0.5,2.0,1.0,128.0,0.9,0.00703125,theorem_safe,14,1.2297858612467232,1.2492321622567293,1.2492321622567293,-0.9997541033016117,-0.7182373531966867,6.121589488739844e-05,4.91992785323931e-05,0.00011055590840422474,6.135662987183164e-05,0,0,0.9913551944150989,ok
100.0,0.5,2.0,1.0,128.0,0.9,0.00703125,theorem_safe,15,1.2492321622567293,1.2691609239970478,1.2691609239970478,-0.9997502159687037,-0.7358026112609574,6.229361941930897e-05,4.91992785323931e-05,0.00011150153027171185,6.230225173931875e-05,0,0,0.9912185303780462,ok
100.0,0.5,2.0,1.0,128.0,0.9,0.00703125,theorem_safe,16,1.2691609239970478,1.2895898171868527,1.2895898171868527,-0.9997462322228201,-0.7536779333280178,6.340793476604031e-05,4.91992785323931e-05,0.00011246850928360889,6.326923075121579e-05,0,0,0.9910784768229263,ok
100.0,0.5,2.0,1.0,128.0,0.9,0.00703125,theorem_safe,17,1.2895898171868527,1.310537385397761,1.310537385397761,-0.9997421485339437,-0.7718738691109812,6.456056948833319e-05,4.91992785323931e-05,0.00011345760199312812,6.425832346073502e-05,0,0,0.9909349096476118,ok
100.0,0.5,2.0,1.0,128.0,0.9,0.00703125,theorem_safe,18,1.310537385397761,1.3320230996249576,1.3320230996249576,-0.9997379611977523,-0.7904014677676859,6.575335716136992e-05,4.91992785323931e-05,0.00011446960175690875,6.527032322451565e-05,0,0,0.9907876986220634,ok
100.0,0.5,2.0,1.0,128.0,0.9,0.00703125,theorem_safe,19,1.3320230996249576,1.3540674170041178,1.3540674170041178,-0.9997336663247242,-0.8092723083017247,6.69882441924289e-05,4.91992785323931e-05,0.00011550534102306833,6.630606249067523e-05,0,0,0.9906367070053472,ok
100.0,0.5,2.0,1.0,128.0,0.9,0.00703125,theorem_safe,20,1.3540674170041178,1.3766918440462748,1.3766918440462748,-0.9997292598284186,-0.8284985322420056,6.826729832957665e-05,4.91992785323931e-05,0.00011656569379087155,6.736641525847845e-05,0,0,0.9904817911335674,ok
100.0,0.5,2.0,1.0,128.0,0.9,0.00703125,theorem_safe,21,1.3766918440462748,1.3999190048014436,1.3999190048014436,-0.9997247374128515,-0.8480928787873476,6.959271793228854e-05,4.91992785323931e-05,0.00011765157825942562,6.845229972703251e-05,0,0,0.990322799976103,ok
100.0,0.5,2.0,1.0,128.0,0.9,0.00703125,theorem_safe,22,1.3999190048014436,1.4237727144050727,1.4237727144050727,-0.999720094558891,-0.8680687226414363,7.096684208328201e-05,4.91992785323931e-05,0.0001187639596853297,6.95646811529366e-05,0,0,0.9901595746572703,ok
100.0,0.5,2.0,1.0,128.0,0.9,0.00703125,theorem_safe,23,1.4237727144050727,1.4482780585098296,1.4482780585098296,-0.9997153265095755,-0.888440114791512,7.2392161630205e-05,4.91992785323931e-05,0.00011990385346061995,7.070457492822685e-05,0,0,0.9899919479402249,ok
100.0,0.5,2.0,1.0,128.0,0.9,0.00703125,theorem_safe,24,1.4482780585098296,1.4734614791595704,1.4734614791595704,-0.9997104282542613,-0.9092218264775274,7.387133125653228e-05,4.91992785323931e-05,0.00012107232844344422,7.187304991105112e-05,0,0,0.9898197436695805,ok
100.0,0.5,2.0,1.0,128.0,0.9,0.00703125,theorem_safe,25,1.4734614791595704,1.4993508677233676,1.4993508677233676,-0.9997053945114811,-0.9304293966864129,7.540718269311367e-05,4.91992785323931e-05,0.00012227051055422998,7.307123202183688e-05,0,0,0.9896427761688389,ok
100.0,0.5,2.0,1.0,128.0,0.9,0.00703125,theorem_safe,26,1.4993508677233676,1.5259756655761465,1.5259756655761465,-0.9997002197103965,-0.9520791834702528,7.70027391956505e-05,4.91992785323931e-05,0.00012349958667055513,7.430030813816203e-05,0,0,0.9894608495883014,ok
100.0,0.5,2.0,1.0,128.0,0.9,0.00703125,theorem_safe,27,1.5259756655761465,1.5533669732898427,1.5533669732898427,-0.9996948979707045,-0.9741884194802096,7.86612314290832e-05,4.91992785323931e-05,0.000124760808844222,7.55615303118289e-05,0,0,0.9892737571986443,ok
100.0,0.5,2.0,1.0,128.0,0.9,0.00703125,theorem_safe,28,1.5533669732898427,1.581557669186319,1.581557669186319,-0.9996894230808444,-0.9967752721071576,8.038611491782179e-05,4.91992785323931e-05,0.00012605549887872316,7.685622034633006e-05,0,0,0.9890812806248057,ok
100.0,0.5,2.0,1.0,128.0,0.9,0.00703125,theorem_safe,29,1.581557669186319,1.6105825382019834,1.6105825382019834,-0.9996837884743404,-1.0198589087073007,8.218108924127991e-05,4.91992785323931e-05,0.00012738505329720304,7.818577476480994e-05,0,0,0.9888831890142145,ok
100.0,0.5,2.0,1.0,128.0,0.9,0.00703125,theorem_safe,30,1.6105825382019834,1.640478412125837,1.640478412125837,-0.9996779872040831,-1.043459567400011,8.405011917772195e-05,4.91992785323931e-05,0.00012875094874423323,7.955167021184013e-05,0,0,0.9886792381327014,ok
100.0,0.5,2.0,1.0,128.0,0.9,0.00703125,theorem_safe,31,1.640478412125837,1.671284322399459,1.671284322399459,-0.999672011914347,-1.0675986340176307,8.59974580263833e-05,4.91992785323931e-05,0.00013015474786549127,8.095546933309817e-05,0,0,0.9884691693806508,ok
100.0,0.5,2.0,1.0,128.0,0.9,0.00703125,theorem_safe,32,1.671284322399459,1.7030416668115358,1.7030416668115358,-0.9996658548102971,-1.0922987258397805,8.802767336895181e-05,4.91992785323931e-05,0.00013159810571587076,8.239882718347766e-05,0,0,0.9882527087210605,ok
100.0,0.5,2.0,1.0,128.0,0.9,0.00703125,theorem_safe,33,1.7030416668115358,1.7357943915835707,1.7357943915835707,-0.999659507624729,-1.117583782825098,9.014567556727207e-05,4.91992785323931e-05,0.0001330827767515414,8.388349821914829e-05,0,0,0.9880295655101695,ok
100.0,0.5,2.0,1.0,128.0,0.9,0.00703125,theorem_safe,34,1.7357943915835707,1.7695891905305163,1.7695891905305163,-0.9996529615817351,-1.1434791671349538,9.23567493354531e-05,4.91992785323931e-05,0.0001346106224700417,8.54113439376486e-05,0,0,0.987799431220163,ok
100.0,0.5,2.0,1.0,128.0,0.9,0.00703125,theorem_safe,35,1.7695891905305163,1.804475723193921,1.804475723193921,-0.9996462073569681,-1.1700117718494856,9.466658877249276e-05,4.91992785323931e-05,0.00013618361976966924,8.698434123727614e-05,0,0,0.9875619780421535,ok
100.0,0.5,2.0,1.0,128.0,0.9,0.00703125,theorem_safe,36,1.804475723193921,1.8405068540900547,1.8405068540900547,-0.9996392350341199,-1.1972101398859845,9.708133629697871e-05,4.91992785323931e-05,0.0001378038701075247,8.86045915751316e-05,0,0,0.9873168573561399,ok
100.0,0.5,2.0,1.0,128.0,0.9,0.00703125,theorem_safe,37,1.8405068540900547,1.8777389154965056,1.8777389154965056,-0.9996320340571889,-1.225104594253319,9.960762599000444e-05,4.91992785323931e-05,0.00013947360954953266,9.027433101713956e-05,0,0,0.987063698052928,ok
100.0,0.5,2.0,1.0,128.0,0.9,0.00703125,theorem_safe,38,1.8777389154965056,1.9162319965239094,1.9162319965239094,-0.9996245931780543,-1.2537273809418634,0.0001022526319276549,4.91992785323931e-05,0.00014119521981371746,9.199594128132436e-05,0,0,0.9868021046910311,ok
100.0,0.5,2.0,1.0,128.0,0.9,0.00703125,theorem_safe,39,1.9162319965239094,1.9560502615919488,1.9560502615919488,-0.9996169003988085,-1.2831128258986975,0.00010502412217221896,4.91992785323931e-05,0.00014297124042232846,9.377196188993536e-05,0,0,0.9865316554693029,ok
100.0,0.5,2.0,1.0,128.0,0.9,0.00703125,theorem_safe,40,1.9560502615919488,1.9972623018590434,1.9972623018590434,-0.999608942908227,-1.3132975077345244,0.0001079305191942475,4.91992785323931e-05,0.00014480438210010072,9.560510356770762e-05,0,0,0.9862518999934472,ok
100.0,0.5,2.0,1.0,128.0,0.9,0.00703125,theorem_safe,41,1.9972623018590434,2.0399415236533684,2.0,-0.999600707011667,-1.344320448066754,4.688648634354215e-07,4.688648634354215e-07,0.0001417003856460926,0.00014123152078265717,0,1,0.9859623568115355,ok
100.0,0.5,2.0,1.0,128.0,0.9,0.00703125,theorem_safe,42,2.0,2.0427775735985247,2.0,-0.9996001599093991,-1.346373643591271,0.0,0.0,0.0001384050278403695,0.0001384050278403695,0,1,0.985943122751274,ok
100.0,0.5,2.0,1.0,128.0,0.9,0.00703125,theorem_safe,43,2.0,2.0427775735985247,2.0,-0.9996001599093991,-1.346373643591271,0.0,0.0,0.00013525945902581564,0.00013525945902581564,0,1,0.985943122751274,ok
100.0,0.5,2.0,1.0,128.0,0.9,0.00703125,theorem_safe,44,2.0,2.0427775735985247,2.0,-0.9996001599093991,-1.346373643591271,0.0,0.0,0.0001322536932696864,0.0001322536932696864,0,1,0.985943122751274,ok
100.0,0.5,2.0,1.0,128.0,0.9,0.00703125,theorem_safe,45,2.0,2.0427775735985247,2.0,-0.9996001599093991,-1.346373643591271,0.0,0.0,0.00012937861298121497,0.00012937861298121497,0,1,0.985943122751274,ok
100.0,0.5,2.0,1.0,128.0,0.9,0.00703125,theorem_safe,46,2.0,2.0427775735985247,2.0,-0.9996001599093991,-1.346373643591271,0.0,0.0,0.00012662587653480614,0.00012662587653480614,0,1,0.985943122751274,ok
100.0,0.5,2.0,1.0,128.0,0.9,0.00703125,theorem_safe,47,2.0,2.0427775735985247,2.0,-0.9996001599093991,-1.346373643591271,0.0,0.0,0.000123987837440331,0.000123987837440331,0,1,0.985943122751274,ok
100.0,0.5,2.0,1.0,128.0,0.9,0.00703125,theorem_safe,48,2.0,2.0427775735985247,2.0,-0.9996001599093991,-1.346373643591271,0.0,0.0,0.00012145747341093651,0.00012145747341093651,0,1,0.985943122751274,ok
100.0,0.5,2.0,1.0,128.0,0.9,0.00703125,theorem_safe,49,2.0,2.0427775735985247,2.0,-0.9996001599093991,-1.346373643591271,0.0,0.0,0.00011902832394271778,0.00011902832394271778,0,1,0.985943122751274,ok
100.0,0.5,2.0,1.0,128.0,0.9,0.00703125,theorem_safe,50,2.0,2.0427775735985247,2.0,-0.9996001599093991,-1.346373643591271,0.0,0.0,0.0001166944352379586,0.0001166944352379586,0,1,0.985943122751274,ok
100.0,0.5,2.0,1.0,128.0,0.9,0.00703125,theorem_safe,51,2.0,2.0427775735985247,2.0,-0.9996001599093991,-1.346373643591271,0.0,0.0,0.00011445031148338247,0.00011445031148338247,0,1,0.985943122751274,ok
100.0,0.5,2.0,1.0,128.0,0.9,0.00703125,theorem_safe,52,2.0,2.0427775735985247,2.0,-0.9996001599093991,-1.346373643591271,0.0,0.0,0.00011229087164407336,0.00011229087164407336,0,1,0.985943122751274,ok
100.0,0.5,2.0,1.0,128.0,0.9,0.00703125,theorem_safe,53,2.0,2.0427775735985247,2.0,-0.9996001599093991,-1.346373643591271,0.0,0.0,0.000110211411058072,0.000110211411058072,0,1,0.985943122751274,ok
100.0,0.5,2.0,1.0,128.0,0.9,0.00703125,theorem_safe,54,2.0,2.0427775735985247,2.0,-0.9996001599093991,-1.346373643591271,0.0,0.0,0.00010820756722065252,0.00010820756722065252,0,1,0.985943122751274,ok
100.0,0.5,2.0,1.0,128.0,0.9,0.00703125,theorem_safe,55,2.0,2.0427775735985247,2.0,-0.9996001599093991,-1.346373643591271,0.0,0.0,0.00010627528923456945,0.00010627528923456945,0,1,0.985943122751274,ok
100.0,0.5,2.0,1.0,128.0,0.9,0.00703125,theorem_safe,56,2.0,2.0427775735985247,2.0,-0.9996001599093991,-1.346373643591271,0.0,0.0,0.00010441081047606821,0.00010441081047606821,0,1,0.985943122751274,ok
100.0,0.5,2.0,1.0,128.0,0.9,0.00703125,theorem_safe,57,2.0,2.0427775735985247,2.0,-0.9996001599093991,-1.346373643591271,0.0,0.0,0.0001026106240885498,0.0001026106240885498,0,1,0.985943122751274,ok
100.0,0.5,2.0,1.0,128.0,0.9,0.00703125,theorem_safe,58,2.0,2.0427775735985247,2.0,-0.9996001599093991,-1.346373643591271,0.0,0.0,0.00010087146096840489,0.00010087146096840489,0,1,0.985943122751274,ok
100.0,0.5,2.0,1.0,128.0,0.9,0.00703125,theorem_safe,59,2.0,2.0427775735985247,2.0,-0.9996001599093991,-1.346373643591271,0.0,0.0,9.919026995226481e-05,9.919026995226481e-05,0,1,0.985943122751274,ok
100.0,0.5,2.0,1.0,128.0,0.9,0.00703125,theorem_safe,60,2.0,2.0427775735985247,2.0,-0.9996001599093991,-1.346373643591271,0.0,0.0,9.756419995304735e-05,9.756419995304735e-05,0,1,0.985943122751274,ok
100.0,0.5,2.0,1.0,128.0,0.9,0.00703125,theorem_safe,61,2.0,2.0427775735985247,2.0,-0.9996001599093991,-1.346373643591271,0.0,0.0,9.599058382477239e-05,9.599058382477239e-05,0,1,0.985943122751274,ok
100.0,0.5,2.0,1.0,128.0,0.9,0.00703125,theorem_safe,62,2.0,2.0427775735985247,2.0,-0.9996001599093991,-1.346373643591271,0.0,0.0,9.446692376406172e-05,9.446692376406172e-05,0,1,0.985943122751274,ok
100.0,0.5,2.0,1.0,128.0,0.9,0.00703125,theorem_safe,63,2.0,2.0427775735985247,2.0,-0.9996001599093991,-1.346373643591271,0.0,0.0,9.299087808024826e-05,9.299087808024826e-05,0,1,0.985943122751274,ok
100.0,0.5,2.0,1.0,128.0,0.9,0.00703125,theorem_safe,64,2.0,2.0427775735985247,2.0,-0.9996001599093991,-1.346373643591271,0.0,0.0,9.156024918670598e-05,9.156024918670598e-05,0,1,0.985943122751274,ok
100.0,0.5,2.0,1.0,128.0,0.9,0.00703125,theorem_safe,65,2.0,2.0427775735985247,2.0,-0.9996001599093991,-1.346373643591271,0.0,0.0,9.01729726838771e-05,9.01729726838771e-05,0,1,0.985943122751274,ok
100.0,0.5,2.0,1.0,128.0,0.9,0.00703125,theorem_safe,66,2.0,2.0427775735985247,2.0,-0.9996001599093991,-1.346373643591271,0.0,0.0,8.882710741993863e-05,8.882710741993863e-05,0,1,0.985943122751274,ok
100.0,0.5,2.0,1.0,128.0,0.9,0.00703125,theorem_safe,67,2.0,2.0427775735985247,2.0,-0.9996001599093991,-1.346373643591271,0.0,0.0,8.752082642846894e-05,8.752082642846894e-05,0,1,0.985943122751274,ok
100.0,0.5,2.0,1.0,128.0,0.9,0.00703125,theorem_safe,68,2.0,2.0427775735985247,2.0,-0.9996001599093991,-1.346373643591271,0.0,0.0,8.625240865414331e-05,8.625240865414331e-05,0,1,0.985943122751274,ok
100.0,0.5,2.0,1.0,128.0,0.9,0.00703125,theorem_safe,69,2.0,2.0427775735985247,2.0,-0.9996001599093991,-1.346373643591271,0.0,0.0,8.502023138765555e-05,8.502023138765555e-05,0,1,0.985943122751274,ok
100.0,0.5,2.0,1.0,128.0,0.9,0.00703125,theorem_safe,70,2.0,2.0427775735985247,2.0,-0.9996001599093991,-1.346373643591271,0.0,0.0,8.382276333994209e-05,8.382276333994209e-05,0,1,0.985943122751274,ok
100.0,0.5,2.0,1.0,128.0,0.9,0.00703125,theorem_safe,71,2.0,2.0427775735985247,2.0,-0.9996001599093991,-1.346373643591271,0.0,0.0,8.265855829355401e-05,8.265855829355401e-05,0,1,0.985943122751274,ok
100.0,0.5,2.0,1.0,128.0,0.9,0.00703125,theorem_safe,72,2.0,2.0427775735985247,2.0,-0.9996001599093991,-1.346373643591271,0.0,0.0,8.152624927583408e-05,8.152624927583408e-05,0,1,0.985943122751274,ok
100.0,0.5,2.0,1.0,128.0,0.9,0.00703125,theorem_safe,73,2.0,2.0427775735985247,2.0,-0.9996001599093991,-1.346373643591271,0.0,0.0,8.042454320453904e-05,8.042454320453904e-05,0,1,0.985943122751274,ok
100.0,0.5,2.0,1.0,128.0,0.9,0.00703125,theorem_safe,74,2.0,2.0427775735985247,2.0,-0.9996001599093991,-1.346373643591271,0.0,0.0,7.935221596181184e-05,7.935221596181184e-05,0,1,0.985943122751274,ok
100.0,0.5,2.0,1.0,128.0,0.9,0.00703125,theorem_safe,75,2.0,2.0427775735985247,2.0,-0.9996001599093991,-1.346373643591271,0.0,0.0,7.830810785705117e-05,7.830810785705117e-05,0,1,0.985943122751274,ok
100.0,0.5,2.0,1.0,128.0,0.9,0.00703125,theorem_safe,76,2.0,2.0427775735985247,2.0,-0.9996001599093991,-1.346373643591271,0.0,0.0,7.729111944332322e-05,7.729111944332322e-05,0,1,0.985943122751274,ok
100.0,0.5,2.0,1.0,128.0,0.9,0.00703125,theorem_safe,77,2.0,2.0427775735985247,2.0,-0.9996001599093991,-1.346373643591271,0.0,0.0,7.630020765558832e-05,7.630020765558832e-05,0,1,0.985943122751274,ok
100.0,0.5,2.0,1.0,128.0,0.9,0.00703125,theorem_safe,78,2.0,2.0427775735985247,2.0,-0.9996001599093991,-1.346373643591271,0.0,0.0,7.533438224222643e-05,7.533438224222643e-05,0,1,0.985943122751274,ok
100.0,0.5,2.0,1.0,128.0,0.9,0.00703125,theorem_safe,79,2.0,2.0427775735985247,2.0,-0.9996001599093991,-1.346373643591271,0.0,0.0,7.43927024641986e-05,7.43927024641986e-05,0,1,0.985943122751274,ok
100.0,0.5,2.0,1.0,128.0,0.9,0.00703125,theorem_safe,80,2.0,2.0427775735985247,2.0,-0.9996001599093991,-1.346373643591271,0.0,0.0,7.347427403871468e-05,7.347427403871468e-05,0,1,0.985943122751274,ok
100.0,0.5,2.0,1.0,128.0,0.9,0.00703125,theorem_safe,81,2.0,2.0427775735985247,2.0,-0.9996001599093991,-1.346373643591271,0.0,0.0,7.257824630653524e-05,7.257824630653524e-05,0,1,0.985943122751274,ok
100.0,0.5,2.0,1.0,128.0,0.9,0.00703125,theorem_safe,82,2.0,2.0427775735985247,2.0,-0.9996001599093991,-1.346373643591271,0.0,0.0,7.170380960404685e-05,7.170380960404685e-05,0,1,0.985943122751274,ok
100.0,0.5,2.0,1.0,128.0,0.9,0.00703125,theorem_safe,83,2.0,2.0427775735985247,2.0,-0.9996001599093991,-1.346373643591271,0.0,0.0,7.08501928230463e-05,7.08501928230463e-05,0,1,0.985943122751274,ok
100.0,0.5,2.0,1.0,128.0,0.9,0.00703125,theorem_safe,84,2.0,2.0427775735985247,2.0,-0.9996001599093991,-1.346373643591271,0.0,0.0,7.001666114277515e-05,7.001666114277515e-05,0,1,0.985943122751274,ok
100.0,0.5,2.0,1.0,128.0,0.9,0.00703125,theorem_safe,85,2.0,2.0427775735985247,2.0,-0.9996001599093991,-1.346373643591271,0.0,0.0,6.920251392018475e-05,6.920251392018475e-05,0,1,0.985943122751274,ok
100.0,0.5,2.0,1.0,128.0,0.9,0.00703125,theorem_safe,86,2.0,2.0427775735985247,2.0,-0.9996001599093991,-1.346373643591271,0.0,0.0,6.840708272569986e-05,6.840708272569986e-05,0,1,0.985943122751274,ok
100.0,0.5,2.0,1.0,128.0,0.9,0.00703125,theorem_safe,87,2.0,2.0427775735985247,2.0,-0.9996001599093991,-1.346373643591271,0.0,0.0,6.762972951290782e-05,6.762972951290782e-05,0,1,0.985943122751274,ok
100.0,0.5,2.0,1.0,128.0,0.9,0.00703125,theorem_safe,88,2.0,2.0427775735985247,2.0,-0.9996001599093991,-1.346373643591271,0.0,0.0,6.68698449116392e-05,6.68698449116392e-05,0,1,0.985943122751274,ok
100.0,0.5,2.0,1.0,128.0,0.9,0.00703125,theorem_safe,89,2.0,2.0427775735985247,2.0,-0.9996001599093991,-1.346373643591271,0.0,0.0,6.61268466348432e-05,6.61268466348432e-05,0,1,0.985943122751274,ok
100.0,0.5,2.0,1.0,128.0,0.9,0.00703125,theorem_safe,90,2.0,2.0427775735985247,2.0,-0.9996001599093991,-1.346373643591271,0.0,0.0,6.540017799050426e-05,6.540017799050426e-05,0,1,0.985943122751274,ok
100.0,0.5,2.0,1.0,128.0,0.9,0.00703125,theorem_safe,91,2.0,2.0427775735985247,2.0,-0.9996001599093991,-1.346373643591271,0.0,0.0,6.468930649060749e-05,6.468930649060749e-05,0,1,0.985943122751274,ok
100.0,0.5,2.0,1.0,128.0,0.9,0.00703125,theorem_safe,92,2.0,2.0427775735985247,2.0,-0.9996001599093991,-1.346373643591271,0.0,0.0,6.399372254984826e-05,6.399372254984826e-05,0,1,0.985943122751274,ok
100.0,0.5,2.0,1.0,128.0,0.9,0.00703125,theorem_safe,93,2.0,2.0427775735985247,2.0,-0.9996001599093991,-1.346373643591271,0.0,0.0,6.331293826740307e-05,6.331293826740307e-05,0,1,0.985943122751274,ok
100.0,0.5,2.0,1.0,128.0,0.9,0.00703125,theorem_safe,94,2.0,2.0427775735985247,2.0,-0.9996001599093991,-1.346373643591271,0.0,0.0,6.264648628564093e-05,6.264648628564093e-05,0,1,0.985943122751274,ok
100.0,0.5,2.0,1.0,128.0,0.9,0.00703125,theorem_safe,95,2.0,2.0427775735985247,2.0,-0.9996001599093991,-1.346373643591271,0.0,0.0,6.19939187201655e-05,6.19939187201655e-05,0,1,0.985943122751274,ok
100.0,0.5,2.0,1.0,128.0,0.9,0.00703125,theorem_safe,96,2.0,2.0427775735985247,2.0,-0.9996001599093991,-1.346373643591271,0.0,0.0,6.135480615604008e-05,6.135480615604008e-05,0,1,0.985943122751274,ok
100.0,0.5,2.0,1.0,128.0,0.9,0.00703125,theorem_safe,97,2.0,2.0427775735985247,2.0,-0.9996001599093991,-1.346373643591271,0.0,0.0,6.0728736705468255e-05,6.0728736705468255e-05,0,1,0.985943122751274,ok
100.0,0.5,2.0,1.0,128.0,0.9,0.00703125,theorem_safe,98,2.0,2.0427775735985247,2.0,-0.9996001599093991,-1.346373643591271,0.0,0.0,6.011531512258473e-05,6.011531512258473e-05,0,1,0.985943122751274,ok
100.0,0.5,2.0,1.0,128.0,0.9,0.00703125,theorem_safe,99,2.0,2.0427775735985247,2.0,-0.9996001599093991,-1.346373643591271,0.0,0.0,5.951416197135889e-05,5.951416197135889e-05,0,1,0.985943122751274,ok
100.0,0.5,2.0,1.0,128.0,0.9,0.00703125,theorem_safe,100,2.0,2.0427775735985247,2.0,-0.9996001599093991,-1.346373643591271,0.0,0.0,5.892491284292959e-05,5.892491284292959e-05,0,1,0.985943122751274,ok
100.0,0.5,2.0,1.0,128.0,0.9,0.00703125,theorem_safe,101,2.0,2.0427775735985247,2.0,-0.9996001599093991,-1.346373643591271,0.0,0.0,5.83472176189793e-05,5.83472176189793e-05,0,1,0.985943122751274,ok
100.0,0.5,2.0,1.0,128.0,0.9,0.00703125,theorem_safe,102,2.0,2.0427775735985247,2.0,-0.9996001599093991,-1.346373643591271,0.0,0.0,5.7780739778018336e-05,5.7780739778018336e-05,0,1,0.985943122751274,ok
100.0,0.5,2.0,1.0,128.0,0.9,0.00703125,theorem_safe,103,2.0,2.0427775735985247,2.0,-0.9996001599093991,-1.346373643591271,0.0,0.0,5.722515574169123e-05,5.722515574169123e-05,0,1,0.985943122751274,ok
100.0,0.5,2.0,1.0,128.0,0.9,0.00703125,theorem_safe,104,2.0,2.0427775735985247,2.0,-0.9996001599093991,-1.346373643591271,0.0,0.0,5.668015425843703e-05,5.668015425843703e-05,0,1,0.985943122751274,ok
100.0,0.5,2.0,1.0,128.0,0.9,0.00703125,theorem_safe,105,2.0,2.0427775735985247,2.0,-0.9996001599093991,-1.346373643591271,0.0,0.0,5.614543582203668e-05,5.614543582203668e-05,0,1,0.985943122751274,ok
100.0,0.5,2.0,1.0,128.0,0.9,0.00703125,theorem_safe,106,2.0,2.0427775735985247,2.0,-0.9996001599093991,-1.346373643591271,0.0,0.0,5.562071212276531e-05,5.562071212276531e-05,0,1,0.985943122751274,ok
100.0,0.5,2.0,1.0,128.0,0.9,0.00703125,theorem_safe,107,2.0,2.0427775735985247,2.0,-0.9996001599093991,-1.346373643591271,0.0,0.0,5.5105705529036e-05,5.5105705529036e-05,0,1,0.985943122751274,ok
100.0,0.5,2.0,1.0,128.0,0.9,0.00703125,theorem_safe,108,2.0,2.0427775735985247,2.0,-0.9996001599093991,-1.346373643591271,0.0,0.0,5.460014859757696e-05,5.460014859757696e-05,0,1,0.985943122751274,ok
100.0,0.5,2.0,1.0,128.0,0.9,0.00703125,theorem_safe,109,2.0,2.0427775735985247,2.0,-0.9996001599093991,-1.346373643591271,0.0,0.0,5.410378361032626e-05,5.410378361032626e-05,0,1,0.985943122751274,ok
100.0,0.5,2.0,1.0,128.0,0.9,0.00703125,theorem_safe,110,2.0,2.0427775735985247,2.0,-0.9996001599093991,-1.346373643591271,0.0,0.0,5.3616362136359355e-05,5.3616362136359355e-05,0,1,0.985943122751274,ok
100.0,0.5,2.0,1.0,128.0,0.9,0.00703125,theorem_safe,111,2.0,2.0427775735985247,2.0,-0.9996001599093991,-1.346373643591271,0.0,0.0,5.3137644617284725e-05,5.3137644617284725e-05,0,1,0.985943122751274,ok
100.0,0.5,2.0,1.0,128.0,0.9,0.00703125,theorem_safe,112,2.0,2.0427775735985247,2.0,-0.9996001599093991,-1.346373643591271,0.0,0.0,5.266739997465388e-05,5.266739997465388e-05,0,1,0.985943122751274,ok
100.0,0.5,2.0,1.0,128.0,0.9,0.00703125,theorem_safe,113,2.0,2.0427775735985247,2.0,-0.9996001599093991,-1.346373643591271,0.0,0.0,5.220540523803411e-05,5.220540523803411e-05,0,1,0.985943122751274,ok
100.0,0.5,2.0,1.0,128.0,0.9,0.00703125,theorem_safe,114,2.0,2.0427775735985247,2.0,-0.9996001599093991,-1.346373643591271,0.0,0.0,5.175144519248599e-05,5.175144519248599e-05,0,1,0.985943122751274,ok
100.0,0.5,2.0,1.0,128.0,0.9,0.00703125,theorem_safe,115,2.0,2.0427775735985247,2.0,-0.9996001599093991,-1.346373643591271,0.0,0.0,5.13053120442749e-05,5.13053120442749e-05,0,1,0.985943122751274,ok
100.0,0.5,2.0,1.0,128.0,0.9,0.00703125,theorem_safe,116,2.0,2.0427775735985247,2.0,-0.9996001599093991,-1.346373643591271,0.0,0.0,5.086680510372554e-05,5.086680510372554e-05,0,1,0.985943122751274,ok
100.0,0.5,2.0,1.0,128.0,0.9,0.00703125,theorem_safe,117,2.0,2.0427775735985247,2.0,-0.9996001599093991,-1.346373643591271,0.0,0.0,5.0435730484202445e-05,5.0435730484202445e-05,0,1,0.985943122751274,ok
100.0,0.5,2.0,1.0,128.0,0.9,0.00703125,theorem_safe,118,2.0,2.0427775735985247,2.0,-0.9996001599093991,-1.346373643591271,0.0,0.0,5.0011900816267967e-05,5.0011900816267967e-05,0,1,0.985943122751274,ok
100.0,0.5,2.0,1.0,128.0,0.9,0.00703125,theorem_safe,119,2.0,2.0427775735985247,2.0,-0.9996001599093991,-1.346373643591271,0.0,0.0,4.9595134976132405e-05,4.9595134976132405e-05,0,1,0.985943122751274,ok
100.0,0.5,2.0,1.0,128.0,0.9,0.00703125,theorem_safe,120,2.0,2.0427775735985247,2.0,-0.9996001599093991,-1.346373643591271,0.0,0.0,4.918525782756932e-05,4.918525782756932e-05,0,1,0.985943122751274,ok
100.0,0.5,2.0,1.0,128.0,0.9,0.00703125,theorem_safe,121,2.0,2.0427775735985247,2.0,-0.9996001599093991,-1.346373643591271,0.0,0.0,4.878209997652368e-05,4.878209997652368e-05,0,1,0.985943122751274,ok
100.0,0.5,2.0,1.0,128.0,0.9,0.00703125,theorem_safe,122,2.0,2.0427775735985247,2.0,-0.9996001599093991,-1.346373643591271,0.0,0.0,4.838549753769015e-05,4.838549753769015e-05,0,1,0.985943122751274,ok
100.0,0.5,2.0,1.0,128.0,0.9,0.00703125,theorem_safe,123,2.0,2.0427775735985247,2.0,-0.9996001599093991,-1.346373643591271,0.0,0.0,4.7995291912386194e-05,4.7995291912386194e-05,0,1,0.985943122751274,ok
100.0,0.5,2.0,1.0,128.0,0.9,0.00703125,theorem_safe,124,2.0,2.0427775735985247,2.0,-0.9996001599093991,-1.346373643591271,0.0,0.0,4.7611329577087107e-05,4.7611329577087107e-05,0,1,0.985943122751274,ok
100.0,0.5,2.0,1.0,128.0,0.9,0.00703125,theorem_safe,125,2.0,2.0427775735985247,2.0,-0.9996001599093991,-1.346373643591271,0.0,0.0,4.723346188203086e-05,4.723346188203086e-05,0,1,0.985943122751274,ok
100.0,0.5,2.0,1.0,128.0,0.9,0.00703125,theorem_safe,126,2.0,2.0427775735985247,2.0,-0.9996001599093991,-1.346373643591271,0.0,0.0,4.68615448593377e-05,4.68615448593377e-05,0,1,0.985943122751274,ok
100.0,0.5,2.0,1.0,128.0,0.9,0.00703125,theorem_safe,127,2.0,2.0427775735985247,2.0,-0.9996001599093991,-1.346373643591271,0.0,0.0,4.649543904012413e-05,4.649543904012413e-05,0,1,0.985943122751274,ok
100.0,0.5,2.0,1.0,128.0,0.9,0.00703125,theorem_safe,128,2.0,2.0427775735985247,2.0,-0.9996001599093991,-1.346373643591271,0.0,0.0,4.613500928012316e-05,4.613500928012316e-05,0,1,0.985943122751274,ok
100.0,0.5,2.0,1.0,128.0,0.9,0.00703125,theorem_safe,129,2.0,2.0427775735985247,2.0,-0.9996001599093991,-1.346373643591271,0.0,0.0,4.578012459335299e-05,4.578012459335299e-05,0,1,0.985943122751274,ok
100.0,0.5,2.0,1.0,128.0,0.9,0.00703125,theorem_safe,130,2.0,2.0427775735985247,2.0,-0.9996001599093991,-1.346373643591271,0.0,0.0,4.5430657993403725e-05,4.5430657993403725e-05,0,1,0.985943122751274,ok
100.0,0.5,2.0,1.0,128.0,0.9,0.00703125,theorem_safe,131,2.0,2.0427775735985247,2.0,-0.9996001599093991,-1.346373643591271,0.0,0.0,4.508648634193855e-05,4.508648634193855e-05,0,1,0.985943122751274,ok
100.0,0.5,2.0,1.0,128.0,0.9,0.00703125,theorem_safe,132,2.0,2.0427775735985247,2.0,-0.9996001599093991,-1.346373643591271,0.0,0.0,4.4747490204029235e-05,4.4747490204029235e-05,0,1,0.985943122751274,ok
100.0,0.5,2.0,1.0,128.0,0.9,0.00703125,theorem_safe,133,2.0,2.0427775735985247,2.0,-0.9996001599093991,-1.346373643591271,0.0,0.0,4.441355370996932e-05,4.441355370996932e-05,0,1,0.985943122751274,ok
100.0,0.5,2.0,1.0,128.0,0.9,0.00703125,theorem_safe,134,2.0,2.0427775735985247,2.0,-0.9996001599093991,-1.346373643591271,0.0,0.0,4.4084564423228804e-05,4.4084564423228804e-05,0,1,0.985943122751274,ok
100.0,0.5,2.0,1.0,128.0,0.9,0.00703125,theorem_safe,135,2.0,2.0427775735985247,2.0,-0.9996001599093991,-1.346373643591271,0.0,0.0,4.376041321423447e-05,4.376041321423447e-05,0,1,0.985943122751274,ok
100.0,0.5,2.0,1.0,128.0,0.9,0.00703125,theorem_safe,136,2.0,2.0427775735985247,2.0,-0.9996001599093991,-1.346373643591271,0.0,0.0,4.344099413967802e-05,4.344099413967802e-05,0,1,0.985943122751274,ok
100.0,0.5,2.0,1.0,128.0,0.9,0.00703125,theorem_safe,137,2.0,2.0427775735985247,2.0,-0.9996001599093991,-1.346373643591271,0.0,0.0,4.3126204327071654e-05,4.3126204327071654e-05,0,1,0.985943122751274,ok
100.0,0.5,2.0,1.0,128.0,0.9,0.00703125,theorem_safe,138,2.0,2.0427775735985247,2.0,-0.9996001599093991,-1.346373643591271,0.0,0.0,4.281594386428696e-05,4.281594386428696e-05,0,1,0.985943122751274,ok
100.0,0.5,2.0,1.0,128.0,0.9,0.00703125,theorem_safe,139,2.0,2.0427775735985247,2.0,-0.9996001599093991,-1.346373643591271,0.0,0.0,4.251011569382777e-05,4.251011569382777e-05,0,1,0.985943122751274,ok
100.0,0.5,2.0,1.0,128.0,0.9,0.00703125,theorem_safe,140,2.0,2.0427775735985247,2.0,-0.9996001599093991,-1.346373643591271,0.0,0.0,4.220862551160205e-05,4.220862551160205e-05,0,1,0.985943122751274,ok
100.0,0.5,2.0,1.0,128.0,0.9,0.00703125,theorem_safe,141,2.0,2.0427775735985247,2.0,-0.9996001599093991,-1.346373643591271,0.0,0.0,4.1911381669971045e-05,4.1911381669971045e-05,0,1,0.985943122751274,ok
100.0,0.5,2.0,1.0,128.0,0.9,0.00703125,theorem_safe,142,2.0,2.0427775735985247,2.0,-0.9996001599093991,-1.346373643591271,0.0,0.0,4.161829508486635e-05,4.161829508486635e-05,0,1,0.985943122751274,ok
100.0,0.5,2.0,1.0,128.0,0.9,0.00703125,theorem_safe,143,2.0,2.0427775735985247,2.0,-0.9996001599093991,-1.346373643591271,0.0,0.0,4.1329279146777007e-05,4.1329279146777007e-05,0,1,0.985943122751274,ok
100.0,0.5,2.0,1.0,128.0,0.9,0.00703125,theorem_safe,144,2.0,2.0427775735985247,2.0,-0.9996001599093991,-1.346373643591271,0.0,0.0,4.1044249635419915e-05,4.1044249635419915e-05,0,1,0.985943122751274,ok
100.0,0.5,2.0,1.0,128.0,0.9,0.00703125,theorem_safe,145,2.0,2.0427775735985247,2.0,-0.9996001599093991,-1.346373643591271,0.0,0.0,4.076312463791704e-05,4.076312463791704e-05,0,1,0.985943122751274,ok
100.0,0.5,2.0,1.0,128.0,0.9,0.00703125,theorem_safe,146,2.0,2.0427775735985247,2.0,-0.9996001599093991,-1.346373643591271,0.0,0.0,4.048582447031217e-05,4.048582447031217e-05,0,1,0.985943122751274,ok
100.0,0.5,2.0,1.0,128.0,0.9,0.00703125,theorem_safe,147,2.0,2.0427775735985247,2.0,-0.9996001599093991,-1.346373643591271,0.0,0.0,4.021227160226952e-05,4.021227160226952e-05,0,1,0.985943122751274,ok
100.0,0.5,2.0,1.0,128.0,0.9,0.00703125,theorem_safe,148,2.0,2.0427775735985247,2.0,-0.9996001599093991,-1.346373643591271,0.0,0.0,3.9942390584804616e-05,3.9942390584804616e-05,0,1,0.985943122751274,ok
100.0,0.5,2.0,1.0,128.0,0.9,0.00703125,theorem_safe,149,2.0,2.0427775735985247,2.0,-0.9996001599093991,-1.346373643591271,0.0,0.0,3.967610798090592e-05,3.967610798090592e-05,0,1,0.985943122751274,ok
100.0,0.5,2.0,1.0,128.0,0.9,0.00703125,theorem_safe,150,2.0,2.0427775735985247,2.0,-0.9996001599093991,-1.346373643591271,0.0,0.0,3.941335229891317e-05,3.941335229891317e-05,0,1,0.985943122751274,ok
100.0,0.5,2.0,1.0,128.0,0.9,0.00703125,theorem_safe,151,2.0,2.0427775735985247,2.0,-0.9996001599093991,-1.346373643591271,0.0,0.0,3.9154053928525584e-05,3.9154053928525584e-05,0,1,0.985943122751274,ok
100.0,0.5,2.0,1.0,128.0,0.9,0.00703125,theorem_safe,152,2.0,2.0427775735985247,2.0,-0.9996001599093991,-1.346373643591271,0.0,0.0,3.889814507931953e-05,3.889814507931953e-05,0,1,0.985943122751274,ok
100.0,0.5,2.0,1.0,128.0,0.9,0.00703125,theorem_safe,153,2.0,2.0427775735985247,2.0,-0.9996001599093991,-1.346373643591271,0.0,0.0,3.864555972166161e-05,3.864555972166161e-05,0,1,0.985943122751274,ok
100.0,0.5,2.0,1.0,128.0,0.9,0.00703125,theorem_safe,154,2.0,2.0427775735985247,2.0,-0.9996001599093991,-1.346373643591271,0.0,0.0,3.839623352990896e-05,3.839623352990896e-05,0,1,0.985943122751274,ok
100.0,0.5,2.0,1.0,128.0,0.9,0.00703125,theorem_safe,155,2.0,2.0427775735985247,2.0,-0.9996001599093991,-1.346373643591271,0.0,0.0,3.815010382779416e-05,3.815010382779416e-05,0,1,0.985943122751274,ok
100.0,0.5,2.0,1.0,128.0,0.9,0.00703125,theorem_safe,156,2.0,2.0427775735985247,2.0,-0.9996001599093991,-1.346373643591271,0.0,0.0,3.790710953589738e-05,3.790710953589738e-05,0,1,0.985943122751274,ok
100.0,0.5,2.0,1.0,128.0,0.9,0.00703125,theorem_safe,157,2.0,2.0427775735985247,2.0,-0.9996001599093991,-1.346373643591271,0.0,0.0,3.7667191121113216e-05,3.7667191121113216e-05,0,1,0.985943122751274,ok
100.0,0.5,2.0,1.0,128.0,0.9,0.00703125,theorem_safe,158,2.0,2.0427775735985247,2.0,-0.9996001599093991,-1.346373643591271,0.0,0.0,3.7430290548024454e-05,3.7430290548024454e-05,0,1,0.985943122751274,ok
100.0,0.5,2.0,1.0,128.0,0.9,0.00703125,theorem_safe,159,2.0,2.0427775735985247,2.0,-0.9996001599093991,-1.346373643591271,0.0,0.0,3.71963512320993e-05,3.71963512320993e-05,0,1,0.985943122751274,ok
100.0,0.5,2.0,1.0,128.0,0.9,0.00703125,theorem_safe,160,2.0,2.0427775735985247,2.0,-0.9996001599093991,-1.346373643591271,0.0,0.0,3.6965317994632846e-05,3.6965317994632846e-05,0,1,0.985943122751274,ok
100.0,0.5,2.0,1.0,128.0,0.9,0.00703125,theorem_safe,161,2.0,2.0427775735985247,2.0,-0.9996001599093991,-1.346373643591271,0.0,0.0,3.673713701935734e-05,3.673713701935734e-05,0,1,0.985943122751274,ok
100.0,0.5,2.0,1.0,128.0,0.9,0.00703125,theorem_safe,162,2.0,2.0427775735985247,2.0,-0.9996001599093991,-1.346373643591271,0.0,0.0,3.6511755810649625e-05,3.6511755810649625e-05,0,1,0.985943122751274,ok
100.0,0.5,2.0,1.0,128.0,0.9,0.00703125,theorem_safe,163,2.0,2.0427775735985247,2.0,-0.9996001599093991,-1.346373643591271,0.0,0.0,3.628912315326762e-05,3.628912315326762e-05,0,1,0.985943122751274,ok
100.0,0.5,2.0,1.0,128.0,0.9,0.00703125,theorem_safe,164,2.0,2.0427775735985247,2.0,-0.9996001599093991,-1.346373643591271,0.0,0.0,3.606918907355084e-05,3.606918907355084e-05,0,1,0.985943122751274,ok
100.0,0.5,2.0,1.0,128.0,0.9,0.00703125,theorem_safe,165,2.0,2.0427775735985247,2.0,-0.9996001599093991,-1.346373643591271,0.0,0.0,3.5851904802023425e-05,3.5851904802023425e-05,0,1,0.985943122751274,ok
100.0,0.5,2.0,1.0,128.0,0.9,0.00703125,theorem_safe,166,2.0,2.0427775735985247,2.0,-0.9996001599093991,-1.346373643591271,0.0,0.0,3.563722273734065e-05,3.563722273734065e-05,0,1,0.985943122751274,ok
100.0,0.5,2.0,1.0,128.0,0.9,0.00703125,theorem_safe,167,2.0,2.0427775735985247,2.0,-0.9996001599093991,-1.346373643591271,0.0,0.0,3.542509641152315e-05,3.542509641152315e-05,0,1,0.985943122751274,ok
100.0,0.5,2.0,1.0,128.0,0.9,0.00703125,theorem_safe,168,2.0,2.0427775735985247,2.0,-0.9996001599093991,-1.346373643591271,0.0,0.0,3.521548045642537e-05,3.521548045642537e-05,0,1,0.985943122751274,ok
100.0,0.5,2.0,1.0,128.0,0.9,0.00703125,theorem_safe,169,2.0,2.0427775735985247,2.0,-0.9996001599093991,-1.346373643591271,0.0,0.0,3.500833057138757e-05,3.500833057138757e-05,0,1,0.985943122751274,ok
100.0,0.5,2.0,1.0,128.0,0.9,0.00703125,theorem_safe,170,2.0,2.0427775735985247,2.0,-0.9996001599093991,-1.346373643591271,0.0,0.0,3.480360349202274e-05,3.480360349202274e-05,0,1,0.985943122751274,ok
100.0,0.5,2.0,1.0,128.0,0.9,0.00703125,theorem_safe,171,2.0,2.0427775735985247,2.0,-0.9996001599093991,-1.346373643591271,0.0,0.0,3.4601256960092374e-05,3.4601256960092374e-05,0,1,0.985943122751274,ok
100.0,0.5,2.0,1.0,128.0,0.9,0.00703125,theorem_safe,172,2.0,2.0427775735985247,2.0,-0.9996001599093991,-1.346373643591271,0.0,0.0,3.44012496944271e-05,3.44012496944271e-05,0,1,0.985943122751274,ok
100.0,0.5,2.0,1.0,128.0,0.9,0.00703125,theorem_safe,173,2.0,2.0427775735985247,2.0,-0.9996001599093991,-1.346373643591271,0.0,0.0,3.420354136284993e-05,3.420354136284993e-05,0,1,0.985943122751274,ok
100.0,0.5,2.0,1.0,128.0,0.9,0.00703125,theorem_safe,174,2.0,2.0427775735985247,2.0,-0.9996001599093991,-1.346373643591271,0.0,0.0,3.400809255506222e-05,3.400809255506222e-05,0,1,0.985943122751274,ok
100.0,0.5,2.0,1.0,128.0,0.9,0.00703125,theorem_safe,175,2.0,2.0427775735985247,2.0,-0.9996001599093991,-1.346373643591271,0.0,0.0,3.381486475645391e-05,3.381486475645391e-05,0,1,0.985943122751274,ok
100.0,0.5,2.0,1.0,128.0,0.9,0.00703125,theorem_safe,176,2.0,2.0427775735985247,2.0,-0.9996001599093991,-1.346373643591271,0.0,0.0,3.362382032280163e-05,3.362382032280163e-05,0,1,0.985943122751274,ok
100.0,0.5,2.0,1.0,128.0,0.9,0.00703125,theorem_safe,177,2.0,2.0427775735985247,2.0,-0.9996001599093991,-1.346373643591271,0.0,0.0,3.34349224558196e-05,3.34349224558196e-05,0,1,0.985943122751274,ok
100.0,0.5,2.0,1.0,128.0,0.9,0.00703125,theorem_safe,178,2.0,2.0427775735985247,2.0,-0.9996001599093991,-1.346373643591271,0.0,0.0,3.3248135179530104e-05,3.3248135179530104e-05,0,1,0.985943122751274,ok
100.0,0.5,2.0,1.0,128.0,0.9,0.00703125,theorem_safe,179,2.0,2.0427775735985247,2.0,-0.9996001599093991,-1.346373643591271,0.0,0.0,3.30634233174216e-05,3.30634233174216e-05,0,1,0.985943122751274,ok
100.0,0.5,2.0,1.0,128.0,0.9,0.00703125,theorem_safe,180,2.0,2.0427775735985247,2.0,-0.9996001599093991,-1.346373643591271,0.0,0.0,3.2880752470364024e-05,3.2880752470364024e-05,0,1,0.985943122751274,ok
100.0,0.5,2.0,1.0,128.0,0.9,0.00703125,theorem_safe,181,2.0,2.0427775735985247,2.0,-0.9996001599093991,-1.346373643591271,0.0,0.0,3.270008899525213e-05,3.270008899525213e-05,0,1,0.985943122751274,ok
100.0,0.5,2.0,1.0,128.0,0.9,0.00703125,theorem_safe,182,2.0,2.0427775735985247,2.0,-0.9996001599093991,-1.346373643591271,0.0,0.0,3.252139998434912e-05,3.252139998434912e-05,0,1,0.985943122751274,ok
100.0,0.5,2.0,1.0,128.0,0.9,0.00703125,theorem_safe,183,2.0,2.0427775735985247,2.0,-0.9996001599093991,-1.346373643591271,0.0,0.0,3.2344653245303744e-05,3.2344653245303744e-05,0,1,0.985943122751274,ok
100.0,0.5,2.0,1.0,128.0,0.9,0.00703125,theorem_safe,184,2.0,2.0427775735985247,2.0,-0.9996001599093991,-1.346373643591271,0.0,0.0,3.216981728181561e-05,3.216981728181561e-05,0,1,0.985943122751274,ok
100.0,0.5,2.0,1.0,128.0,0.9,0.00703125,theorem_safe,185,2.0,2.0427775735985247,2.0,-0.9996001599093991,-1.346373643591271,0.0,0.0,3.199686127492413e-05,3.199686127492413e-05,0,1,0.985943122751274,ok
100.0,0.5,2.0,1.0,128.0,0.9,0.00703125,theorem_safe,186,2.0,2.0427775735985247,2.0,-0.9996001599093991,-1.346373643591271,0.0,0.0,3.18257550648978e-05,3.18257550648978e-05,0,1,0.985943122751274,ok
100.0,0.5,2.0,1.0,128.0,0.9,0.00703125,theorem_safe,187,2.0,2.0427775735985247,2.0,-0.9996001599093991,-1.346373643591271,0.0,0.0,3.1656469133701535e-05,3.1656469133701535e-05,0,1,0.985943122751274,ok
100.0,0.5,2.0,1.0,128.0,0.9,0.00703125,theorem_safe,188,2.0,2.0427775735985247,2.0,-0.9996001599093991,-1.346373643591271,0.0,0.0,3.148897458802058e-05,3.148897458802058e-05,0,1,0.985943122751274,ok
100.0,0.5,2.0,1.0,128.0,0.9,0.00703125,theorem_safe,189,2.0,2.0427775735985247,2.0,-0.9996001599093991,-1.346373643591271,0.0,0.0,3.1323243142820464e-05,3.1323243142820464e-05,0,1,0.985943122751274,ok
100.0,0.5,2.0,1.0,128.0,0.9,0.00703125,theorem_safe,190,2.0,2.0427775735985247,2.0,-0.9996001599093991,-1.346373643591271,0.0,0.0,3.1159247105423496e-05,3.1159247105423496e-05,0,1,0.985943122751274,ok
100.0,0.5,2.0,1.0,128.0,0.9,0.00703125,theorem_safe,191,2.0,2.0427775735985247,2.0,-0.9996001599093991,-1.346373643591271,0.0,0.0,3.099695936008275e-05,3.099695936008275e-05,0,1,0.985943122751274,ok
100.0,0.5,2.0,1.0,128.0,0.9,0.00703125,theorem_safe,192,2.0,2.0427775735985247,2.0,-0.9996001599093991,-1.346373643591271,0.0,0.0,3.0836353353035695e-05,3.0836353353035695e-05,0,1,0.985943122751274,ok
100.0,0.5,2.0,1.0,128.0,0.9,0.00703125,theorem_safe,193,2.0,2.0427775735985247,2.0,-0.9996001599093991,-1.346373643591271,0.0,0.0,3.067740307802004e-05,3.067740307802004e-05,0,1,0.985943122751274,ok
100.0,0.5,2.0,1.0,128.0,0.9,0.00703125,theorem_safe,194,2.0,2.0427775735985247,2.0,-0.9996001599093991,-1.346373643591271,0.0,0.0,3.0520083062235325e-05,3.0520083062235325e-05,0,1,0.985943122751274,ok
100.0,0.5,2.0,1.0,128.0,0.9,0.00703125,theorem_safe,195,2.0,2.0427775735985247,2.0,-0.9996001599093991,-1.346373643591271,0.0,0.0,3.0364368352734127e-05,3.0364368352734127e-05,0,1,0.985943122751274,ok
100.0,0.5,2.0,1.0,128.0,0.9,0.00703125,theorem_safe,196,2.0,2.0427775735985247,2.0,-0.9996001599093991,-1.346373643591271,0.0,0.0,3.021023450322786e-05,3.021023450322786e-05,0,1,0.985943122751274,ok
100.0,0.5,2.0,1.0,128.0,0.9,0.00703125,theorem_safe,197,2.0,2.0427775735985247,2.0,-0.9996001599093991,-1.346373643591271,0.0,0.0,3.0057657561292363e-05,3.0057657561292363e-05,0,1,0.985943122751274,ok
100.0,0.5,2.0,1.0,128.0,0.9,0.00703125,theorem_safe,198,2.0,2.0427775735985247,2.0,-0.9996001599093991,-1.346373643591271,0.0,0.0,2.9906614055959236e-05,2.9906614055959236e-05,0,1,0.985943122751274,ok
100.0,0.5,2.0,1.0,128.0,0.9,0.00703125,theorem_safe,199,2.0,2.0427775735985247,2.0,-0.9996001599093991,-1.346373643591271,0.0,0.0,2.9757080985679446e-05,2.9757080985679446e-05,0,1,0.985943122751274,ok
100.0,0.5,2.0,1.0,128.0,0.9,0.00703125,theorem_safe,200,2.0,2.0427775735985247,2.0,-0.9996001599093991,-1.346373643591271,0.0,0.0,2.9609035806646213e-05,2.9609035806646213e-05,0,1,0.985943122751274,ok
100.0,0.5,2.0,1.0,128.0,0.9,0.00703125,theorem_safe,201,2.0,2.0427775735985247,2.0,-0.9996001599093991,-1.346373643591271,0.0,0.0,2.9462456421464795e-05,2.9462456421464795e-05,0,1,0.985943122751274,ok
100.0,0.5,2.0,1.0,128.0,0.9,0.00703125,theorem_safe,202,2.0,2.0427775735985247,2.0,-0.9996001599093991,-1.346373643591271,0.0,0.0,2.9317321168157086e-05,2.9317321168157086e-05,0,1,0.985943122751274,ok
100.0,0.5,2.0,1.0,128.0,0.9,0.00703125,theorem_safe,203,2.0,2.0427775735985247,2.0,-0.9996001599093991,-1.346373643591271,0.0,0.0,2.917360880948965e-05,2.917360880948965e-05,0,1,0.985943122751274,ok
100.0,0.5,2.0,1.0,128.0,0.9,0.00703125,theorem_safe,204,2.0,2.0427775735985247,2.0,-0.9996001599093991,-1.346373643591271,0.0,0.0,2.9031298522614093e-05,2.9031298522614093e-05,0,1,0.985943122751274,ok
100.0,0.5,2.0,1.0,128.0,0.9,0.00703125,theorem_safe,205,2.0,2.0427775735985247,2.0,-0.9996001599093991,-1.346373643591271,0.0,0.0,2.8890369889009168e-05,2.8890369889009168e-05,0,1,0.985943122751274,ok
100.0,0.5,2.0,1.0,128.0,0.9,0.00703125,theorem_safe,206,2.0,2.0427775735985247,2.0,-0.9996001599093991,-1.346373643591271,0.0,0.0,2.8750802884714436e-05,2.8750802884714436e-05,0,1,0.985943122751274,ok
100.0,0.5,2.0,1.0,128.0,0.9,0.00703125,theorem_safe,207,2.0,2.0427775735985247,2.0,-0.9996001599093991,-1.346373643591271,0.0,0.0,2.8612577870845617e-05,2.8612577870845617e-05,0,1,0.985943122751274,ok
100.0,0.5,2.0,1.0,128.0,0.9,0.00703125,theorem_safe,208,2.0,2.0427775735985247,2.0,-0.9996001599093991,-1.346373643591271,0.0,0.0,2.8475675584382237e-05,2.8475675584382237e-05,0,1,0.985943122751274,ok
100.0,0.5,2.0,1.0,128.0,0.9,0.00703125,theorem_safe,209,2.0,2.0427775735985247,2.0,-0.9996001599093991,-1.346373643591271,0.0,0.0,2.8340077129218515e-05,2.8340077129218515e-05,0,1,0.985943122751274,ok
100.0,0.5,2.0,1.0,128.0,0.9,0.00703125,theorem_safe,210,2.0,2.0427775735985247,2.0,-0.9996001599093991,-1.346373643591271,0.0,0.0,2.8205763967468665e-05,2.8205763967468665e-05,0,1,0.985943122751274,ok
100.0,0.5,2.0,1.0,128.0,0.9,0.00703125,theorem_safe,211,2.0,2.0427775735985247,2.0,-0.9996001599093991,-1.346373643591271,0.0,0.0,2.807271791101834e-05,2.807271791101834e-05,0,1,0.985943122751274,ok
100.0,0.5,2.0,1.0,128.0,0.9,0.00703125,theorem_safe,212,2.0,2.0427775735985247,2.0,-0.9996001599093991,-1.346373643591271,0.0,0.0,2.794092111331403e-05,2.794092111331403e-05,0,1,0.985943122751274,ok
100.0,0.5,2.0,1.0,128.0,0.9,0.00703125,theorem_safe,213,2.0,2.0427775735985247,2.0,-0.9996001599093991,-1.346373643591271,0.0,0.0,2.7810356061382655e-05,2.7810356061382655e-05,0,1,0.985943122751274,ok
100.0,0.5,2.0,1.0,128.0,0.9,0.00703125,theorem_safe,214,2.0,2.0427775735985247,2.0,-0.9996001599093991,-1.346373643591271,0.0,0.0,2.76810055680739e-05,2.76810055680739e-05,0,1,0.985943122751274,ok
100.0,0.5,2.0,1.0,128.0,0.9,0.00703125,theorem_safe,215,2.0,2.0427775735985247,2.0,-0.9996001599093991,-1.346373643591271,0.0,0.0,2.7552852764518e-05,2.7552852764518e-05,0,1,0.985943122751274,ok
100.0,0.5,2.0,1.0,128.0,0.9,0.00703125,theorem_safe,216,2.0,2.0427775735985247,2.0,-0.9996001599093991,-1.346373643591271,0.0,0.0,2.7425881092792113e-05,2.7425881092792113e-05,0,1,0.985943122751274,ok
100.0,0.5,2.0,1.0,128.0,0.9,0.00703125,theorem_safe,217,2.0,2.0427775735985247,2.0,-0.9996001599093991,-1.346373643591271,0.0,0.0,2.730007429878848e-05,2.730007429878848e-05,0,1,0.985943122751274,ok
100.0,0.5,2.0,1.0,128.0,0.9,0.00703125,theorem_safe,218,2.0,2.0427775735985247,2.0,-0.9996001599093991,-1.346373643591271,0.0,0.0,2.7175416425278032e-05,2.7175416425278032e-05,0,1,0.985943122751274,ok
100.0,0.5,2.0,1.0,128.0,0.9,0.00703125,theorem_safe,219,2.0,2.0427775735985247,2.0,-0.9996001599093991,-1.346373643591271,0.0,0.0,2.705189180516313e-05,2.705189180516313e-05,0,1,0.985943122751274,ok
100.0,0.5,2.0,1.0,128.0,0.9,0.00703125,theorem_safe,220,2.0,2.0427775735985247,2.0,-0.9996001599093991,-1.346373643591271,0.0,0.0,2.692948505491352e-05,2.692948505491352e-05,0,1,0.985943122751274,ok
100.0,0.5,2.0,1.0,128.0,0.9,0.00703125,theorem_safe,221,2.0,2.0427775735985247,2.0,-0.9996001599093991,-1.346373643591271,0.0,0.0,2.6808181068179677e-05,2.6808181068179677e-05,0,1,0.985943122751274,ok
100.0,0.5,2.0,1.0,128.0,0.9,0.00703125,theorem_safe,222,2.0,2.0427775735985247,2.0,-0.9996001599093991,-1.346373643591271,0.0,0.0,2.6687965009577974e-05,2.6687965009577974e-05,0,1,0.985943122751274,ok
100.0,0.5,2.0,1.0,128.0,0.9,0.00703125,theorem_safe,223,2.0,2.0427775735985247,2.0,-0.9996001599093991,-1.346373643591271,0.0,0.0,2.6568822308642362e-05,2.6568822308642362e-05,0,1,0.985943122751274,ok
100.0,0.5,2.0,1.0,128.0,0.9,0.00703125,theorem_safe,224,2.0,2.0427775735985247,2.0,-0.9996001599093991,-1.346373643591271,0.0,0.0,2.645073865393728e-05,2.645073865393728e-05,0,1,0.985943122751274,ok
100.0,0.5,2.0,1.0,128.0,0.9,0.00703125,theorem_safe,225,2.0,2.0427775735985247,2.0,-0.9996001599093991,-1.346373643591271,0.0,0.0,2.633369998732694e-05,2.633369998732694e-05,0,1,0.985943122751274,ok
100.0,0.5,2.0,1.0,128.0,0.9,0.00703125,theorem_safe,226,2.0,2.0427775735985247,2.0,-0.9996001599093991,-1.346373643591271,0.0,0.0,2.6217692498395985e-05,2.6217692498395985e-05,0,1,0.985943122751274,ok
100.0,0.5,2.0,1.0,128.0,0.9,0.00703125,theorem_safe,227,2.0,2.0427775735985247,2.0,-0.9996001599093991,-1.346373643591271,0.0,0.0,2.6102702619017054e-05,2.6102702619017054e-05,0,1,0.985943122751274,ok
100.0,0.5,2.0,1.0,128.0,0.9,0.00703125,theorem_safe,228,2.0,2.0427775735985247,2.0,-0.9996001599093991,-1.346373643591271,0.0,0.0,2.5988717018060647e-05,2.5988717018060647e-05,0,1,0.985943122751274,ok
100.0,0.5,2.0,1.0,128.0,0.9,0.00703125,theorem_safe,229,2.0,2.0427775735985247,2.0,-0.9996001599093991,-1.346373643591271,0.0,0.0,2.5875722596242996e-05,2.5875722596242996e-05,0,1,0.985943122751274,ok
100.0,0.5,2.0,1.0,128.0,0.9,0.00703125,theorem_safe,230,2.0,2.0427775735985247,2.0,-0.9996001599093991,-1.346373643591271,0.0,0.0,2.576370648110774e-05,2.576370648110774e-05,0,1,0.985943122751274,ok
100.0,0.5,2.0,1.0,128.0,0.9,0.00703125,theorem_safe,231,2.0,2.0427775735985247,2.0,-0.9996001599093991,-1.346373643591271,0.0,0.0,2.565265602213745e-05,2.565265602213745e-05,0,1,0.985943122751274,ok
100.0,0.5,2.0,1.0,128.0,0.9,0.00703125,theorem_safe,232,2.0,2.0427775735985247,2.0,-0.9996001599093991,-1.346373643591271,0.0,0.0,2.5542558785990935e-05,2.5542558785990935e-05,0,1,0.985943122751274,ok
100.0,0.5,2.0,1.0,128.0,0.9,0.00703125,theorem_safe,233,2.0,2.0427775735985247,2.0,-0.9996001599093991,-1.346373643591271,0.0,0.0,2.543340255186277e-05,2.543340255186277e-05,0,1,0.985943122751274,ok
100.0,0.5,2.0,1.0,128.0,0.9,0.00703125,theorem_safe,234,2.0,2.0427775735985247,2.0,-0.9996001599093991,-1.346373643591271,0.0,0.0,2.5325175306961228e-05,2.5325175306961228e-05,0,1,0.985943122751274,ok
100.0,0.5,2.0,1.0,128.0,0.9,0.00703125,theorem_safe,235,2.0,2.0427775735985247,2.0,-0.9996001599093991,-1.346373643591271,0.0,0.0,2.5217865242101222e-05,2.5217865242101222e-05,0,1,0.985943122751274,ok
100.0,0.5,2.0,1.0,128.0,0.9,0.00703125,theorem_safe,236,2.0,2.0427775735985247,2.0,-0.9996001599093991,-1.346373643591271,0.0,0.0,2.5111460747408814e-05,2.5111460747408814e-05,0,1,0.985943122751274,ok
100.0,0.5,2.0,1.0,128.0,0.9,0.00703125,theorem_safe,237,2.0,2.0427775735985247,2.0,-0.9996001599093991,-1.346373643591271,0.0,0.0,2.5005950408133983e-05,2.5005950408133983e-05,0,1,0.985943122751274,ok
100.0,0.5,2.0,1.0,128.0,0.9,0.00703125,theorem_safe,238,2.0,2.0427775735985247,2.0,-0.9996001599093991,-1.346373643591271,0.0,0.0,2.490132300056857e-05,2.490132300056857e-05,0,1,0.985943122751274,ok
100.0,0.5,2.0,1.0,128.0,0.9,0.00703125,theorem_safe,239,2.0,2.0427775735985247,2.0,-0.9996001599093991,-1.346373643591271,0.0,0.0,2.4797567488066203e-05,2.4797567488066203e-05,0,1,0.985943122751274,ok
100.0,0.5,2.0,1.0,128.0,0.9,0.00703125,theorem_safe,240,2.0,2.0427775735985247,2.0,-0.9996001599093991,-1.346373643591271,0.0,0.0,2.4694673017161364e-05,2.4694673017161364e-05,0,1,0.985943122751274,ok
100.0,0.5,2.0,1.0,128.0,0.9,0.00703125,theorem_safe,241,2.0,2.0427775735985247,2.0,-0.9996001599093991,-1.346373643591271,0.0,0.0,2.459262891378466e-05,2.459262891378466e-05,0,1,0.985943122751274,ok
100.0,0.5,2.0,1.0,128.0,0.9,0.00703125,theorem_safe,242,2.0,2.0427775735985247,2.0,-0.9996001599093991,-1.346373643591271,0.0,0.0,2.449142467957156e-05,2.449142467957156e-05,0,1,0.985943122751274,ok
100.0,0.5,2.0,1.0,128.0,0.9,0.00703125,theorem_safe,243,2.0,2.0427775735985247,2.0,-0.9996001599093991,-1.346373643591271,0.0,0.0,2.439104998826184e-05,2.439104998826184e-05,0,1,0.985943122751274,ok
100.0,0.5,2.0,1.0,128.0,0.9,0.00703125,theorem_safe,244,2.0,2.0427775735985247,2.0,-0.9996001599093991,-1.346373643591271,0.0,0.0,2.42914946821873e-05,2.42914946821873e-05,0,1,0.985943122751274,ok
100.0,0.5,2.0,1.0,128.0,0.9,0.00703125,theorem_safe,245,2.0,2.0427775735985247,2.0,-0.9996001599093991,-1.346373643591271,0.0,0.0,2.4192748768845075e-05,2.4192748768845075e-05,0,1,0.985943122751274,ok
100.0,0.5,2.0,1.0,128.0,0.9,0.00703125,theorem_safe,246,2.0,2.0427775735985247,2.0,-0.9996001599093991,-1.346373643591271,0.0,0.0,2.4094802417554203e-05,2.4094802417554203e-05,0,1,0.985943122751274,ok
100.0,0.5,2.0,1.0,128.0,0.9,0.00703125,theorem_safe,247,2.0,2.0427775735985247,2.0,-0.9996001599093991,-1.346373643591271,0.0,0.0,2.3997645956193097e-05,2.3997645956193097e-05,0,1,0.985943122751274,ok
100.0,0.5,2.0,1.0,128.0,0.9,0.00703125,theorem_safe,248,2.0,2.0427775735985247,2.0,-0.9996001599093991,-1.346373643591271,0.0,0.0,2.3901269868015616e-05,2.3901269868015616e-05,0,1,0.985943122751274,ok
100.0,0.5,2.0,1.0,128.0,0.9,0.00703125,theorem_safe,249,2.0,2.0427775735985247,2.0,-0.9996001599093991,-1.346373643591271,0.0,0.0,2.3805664788543553e-05,2.3805664788543553e-05,0,1,0.985943122751274,ok
100.0,0.5,2.0,1.0,128.0,0.9,0.00703125,theorem_safe,250,2.0,2.0427775735985247,2.0,-0.9996001599093991,-1.346373643591271,0.0,0.0,2.371082150253342e-05,2.371082150253342e-05,0,1,0.985943122751274,ok
100.0,0.5,2.0,1.0,128.0,0.9,0.00703125,theorem_safe,251,2.0,2.0427775735985247,2.0,-0.9996001599093991,-1.346373643591271,0.0,0.0,2.361673094101543e-05,2.361673094101543e-05,0,1,0.985943122751274,ok
100.0,0.5,2.0,1.0,128.0,0.9,0.00703125,theorem_safe,252,2.0,2.0427775735985247,2.0,-0.9996001599093991,-1.346373643591271,0.0,0.0,2.3523384178402722e-05,2.3523384178402722e-05,0,1,0.985943122751274,ok
100.0,0.5,2.0,1.0,128.0,0.9,0.00703125,theorem_safe,253,2.0,2.0427775735985247,2.0,-0.9996001599093991,-1.346373643591271,0.0,0.0,2.343077242966885e-05,2.343077242966885e-05,0,1,0.985943122751274,ok
100.0,0.5,2.0,1.0,128.0,0.9,0.00703125,theorem_safe,254,2.0,2.0427775735985247,2.0,-0.9996001599093991,-1.346373643591271,0.0,0.0,2.333888704759172e-05,2.333888704759172e-05,0,1,0.985943122751274,ok
100.0,0.5,2.0,1.0,128.0,0.9,0.00703125,theorem_safe,255,2.0,2.0427775735985247,2.0,-0.9996001599093991,-1.346373643591271,0.0,0.0,2.3247719520062065e-05,2.3247719520062065e-05,0,1,0.985943122751274,ok
100.0,0.5,2.0,1.0,128.0,0.9,0.00703125,theorem_safe,256,2.0,2.0427775735985247,2.0,-0.9996001599093991,-1.346373643591271,0.0,0.0,2.315726146745482e-05,2.315726146745482e-05,0,1,0.985943122751274,ok
100.0,0.5,2.0,1.0,128.0,0.9,0.00703125,theorem_safe,257,2.0,2.0427775735985247,2.0,-0.9996001599093991,-1.346373643591271,0.0,0.0,2.306750464006158e-05,2.306750464006158e-05,0,1,0.985943122751274,ok
100.0,0.5,2.0,1.0,128.0,0.9,0.00703125,theorem_safe,258,2.0,2.0427775735985247,2.0,-0.9996001599093991,-1.346373643591271,0.0,0.0,2.297844091558258e-05,2.297844091558258e-05,0,1,0.985943122751274,ok
100.0,0.5,2.0,1.0,128.0,0.9,0.00703125,theorem_safe,259,2.0,2.0427775735985247,2.0,-0.9996001599093991,-1.346373643591271,0.0,0.0,2.2890062296676494e-05,2.2890062296676494e-05,0,1,0.985943122751274,ok
100.0,0.5,2.0,1.0,128.0,0.9,0.00703125,theorem_safe,260,2.0,2.0427775735985247,2.0,-0.9996001599093991,-1.346373643591271,0.0,0.0,2.2802360908566622e-05,2.2802360908566622e-05,0,1,0.985943122751274,ok
100.0,0.5,2.0,1.0,128.0,0.9,0.00703125,theorem_safe,261,2.0,2.0427775735985247,2.0,-0.9996001599093991,-1.346373643591271,0.0,0.0,2.2715328996701862e-05,2.2715328996701862e-05,0,1,0.985943122751274,ok
100.0,0.5,2.0,1.0,128.0,0.9,0.00703125,theorem_safe,262,2.0,2.0427775735985247,2.0,-0.9996001599093991,-1.346373643591271,0.0,0.0,2.262895892447106e-05,2.262895892447106e-05,0,1,0.985943122751274,ok
100.0,0.5,2.0,1.0,128.0,0.9,0.00703125,theorem_safe,263,2.0,2.0427775735985247,2.0,-0.9996001599093991,-1.346373643591271,0.0,0.0,2.2543243170969276e-05,2.2543243170969276e-05,0,1,0.985943122751274,ok
100.0,0.5,2.0,1.0,128.0,0.9,0.00703125,theorem_safe,264,2.0,2.0427775735985247,2.0,-0.9996001599093991,-1.346373643591271,0.0,0.0,2.2458174328814673e-05,2.2458174328814673e-05,0,1,0.985943122751274,ok
100.0,0.5,2.0,1.0,128.0,0.9,0.00703125,theorem_safe,265,2.0,2.0427775735985247,2.0,-0.9996001599093991,-1.346373643591271,0.0,0.0,2.2373745102014617e-05,2.2373745102014617e-05,0,1,0.985943122751274,ok
100.0,0.5,2.0,1.0,128.0,0.9,0.00703125,theorem_safe,266,2.0,2.0427775735985247,2.0,-0.9996001599093991,-1.346373643591271,0.0,0.0,2.228994830387973e-05,2.228994830387973e-05,0,1,0.985943122751274,ok
100.0,0.5,2.0,1.0,128.0,0.9,0.00703125,theorem_safe,267,2.0,2.0427775735985247,2.0,-0.9996001599093991,-1.346373643591271,0.0,0.0,2.220677685498466e-05,2.220677685498466e-05,0,1,0.985943122751274,ok
100.0,0.5,2.0,1.0,128.0,0.9,0.00703125,theorem_safe,268,2.0,2.0427775735985247,2.0,-0.9996001599093991,-1.346373643591271,0.0,0.0,2.2124223781174306e-05,2.2124223781174306e-05,0,1,0.985943122751274,ok
100.0,0.5,2.0,1.0,128.0,0.9,0.00703125,theorem_safe,269,2.0,2.0427775735985247,2.0,-0.9996001599093991,-1.346373643591271,0.0,0.0,2.2042282211614402e-05,2.2042282211614402e-05,0,1,0.985943122751274,ok
100.0,0.5,2.0,1.0,128.0,0.9,0.00703125,theorem_safe,270,2.0,2.0427775735985247,2.0,-0.9996001599093991,-1.346373643591271,0.0,0.0,2.1960945376885197e-05,2.1960945376885197e-05,0,1,0.985943122751274,ok
100.0,0.5,2.0,1.0,128.0,0.9,0.00703125,theorem_safe,271,2.0,2.0427775735985247,2.0,-0.9996001599093991,-1.346373643591271,0.0,0.0,2.1880206607117235e-05,2.1880206607117235e-05,0,1,0.985943122751274,ok
100.0,0.5,2.0,1.0,128.0,0.9,0.00703125,theorem_safe,272,2.0,2.0427775735985247,2.0,-0.9996001599093991,-1.346373643591271,0.0,0.0,2.180005933016809e-05,2.180005933016809e-05,0,1,0.985943122751274,ok
100.0,0.5,2.0,1.0,128.0,0.9,0.00703125,theorem_safe,273,2.0,2.0427775735985247,2.0,-0.9996001599093991,-1.346373643591271,0.0,0.0,2.172049706983901e-05,2.172049706983901e-05,0,1,0.985943122751274,ok
100.0,0.5,2.0,1.0,128.0,0.9,0.00703125,theorem_safe,274,2.0,2.0427775735985247,2.0,-0.9996001599093991,-1.346373643591271,0.0,0.0,2.1641513444130503e-05,2.1641513444130503e-05,0,1,0.985943122751274,ok
100.0,0.5,2.0,1.0,128.0,0.9,0.00703125,theorem_safe,275,2.0,2.0427775735985247,2.0,-0.9996001599093991,-1.346373643591271,0.0,0.0,2.1563102163535827e-05,2.1563102163535827e-05,0,1,0.985943122751274,ok
100.0,0.5,2.0,1.0,128.0,0.9,0.00703125,theorem_safe,276,2.0,2.0427775735985247,2.0,-0.9996001599093991,-1.346373643591271,0.0,0.0,2.1485257029371438e-05,2.1485257029371438e-05,0,1,0.985943122751274,ok
100.0,0.5,2.0,1.0,128.0,0.9,0.00703125,theorem_safe,277,2.0,2.0427775735985247,2.0,-0.9996001599093991,-1.346373643591271,0.0,0.0,2.140797193214348e-05,2.140797193214348e-05,0,1,0.985943122751274,ok
100.0,0.5,2.0,1.0,128.0,0.9,0.00703125,theorem_safe,278,2.0,2.0427775735985247,2.0,-0.9996001599093991,-1.346373643591271,0.0,0.0,2.133124084994942e-05,2.133124084994942e-05,0,1,0.985943122751274,ok
100.0,0.5,2.0,1.0,128.0,0.9,0.00703125,theorem_safe,279,2.0,2.0427775735985247,2.0,-0.9996001599093991,-1.346373643591271,0.0,0.0,2.1255057846913886e-05,2.1255057846913886e-05,0,1,0.985943122751274,ok
100.0,0.5,2.0,1.0,128.0,0.9,0.00703125,theorem_safe,280,2.0,2.0427775735985247,2.0,-0.9996001599093991,-1.346373643591271,0.0,0.0,2.1179417071657967e-05,2.1179417071657967e-05,0,1,0.985943122751274,ok
100.0,0.5,2.0,1.0,128.0,0.9,0.00703125,theorem_safe,281,2.0,2.0427775735985247,2.0,-0.9996001599093991,-1.346373643591271,0.0,0.0,2.1104312755801024e-05,2.1104312755801024e-05,0,1,0.985943122751274,ok
100.0,0.5,2.0,1.0,128.0,0.9,0.00703125,theorem_safe,282,2.0,2.0427775735985247,2.0,-0.9996001599093991,-1.346373643591271,0.0,0.0,2.1029739212494305e-05,2.1029739212494305e-05,0,1,0.985943122751274,ok
100.0,0.5,2.0,1.0,128.0,0.9,0.00703125,theorem_safe,283,2.0,2.0427775735985247,2.0,-0.9996001599093991,-1.346373643591271,0.0,0.0,2.0955690834985522e-05,2.0955690834985522e-05,0,1,0.985943122751274,ok
100.0,0.5,2.0,1.0,128.0,0.9,0.00703125,theorem_safe,284,2.0,2.0427775735985247,2.0,-0.9996001599093991,-1.346373643591271,0.0,0.0,2.0882162095213643e-05,2.0882162095213643e-05,0,1,0.985943122751274,ok
100.0,0.5,2.0,1.0,128.0,0.9,0.00703125,theorem_safe,285,2.0,2.0427775735985247,2.0,-0.9996001599093991,-1.346373643591271,0.0,0.0,2.0809147542433176e-05,2.0809147542433176e-05,0,1,0.985943122751274,ok
100.0,0.5,2.0,1.0,128.0,0.9,0.00703125,theorem_safe,286,2.0,2.0427775735985247,2.0,-0.9996001599093991,-1.346373643591271,0.0,0.0,2.0736641801867205e-05,2.0736641801867205e-05,0,1,0.985943122751274,ok
100.0,0.5,2.0,1.0,128.0,0.9,0.00703125,theorem_safe,287,2.0,2.0427775735985247,2.0,-0.9996001599093991,-1.346373643591271,0.0,0.0,2.0664639573388503e-05,2.0664639573388503e-05,0,1,0.985943122751274,ok
100.0,0.5,2.0,1.0,128.0,0.9,0.00703125,theorem_safe,288,2.0,2.0427775735985247,2.0,-0.9996001599093991,-1.346373643591271,0.0,0.0,2.0593135630227987e-05,2.0593135630227987e-05,0,1,0.985943122751274,ok
100.0,0.5,2.0,1.0,128.0,0.9,0.00703125,theorem_safe,289,2.0,2.0427775735985247,2.0,-0.9996001599093991,-1.346373643591271,0.0,0.0,2.0522124817709958e-05,2.0522124817709958e-05,0,1,0.985943122751274,ok
100.0,0.5,2.0,1.0,128.0,0.9,0.00703125,theorem_safe,290,2.0,2.0427775735985247,2.0,-0.9996001599093991,-1.346373643591271,0.0,0.0,2.0451602052013364e-05,2.0451602052013364e-05,0,1,0.985943122751274,ok
100.0,0.5,2.0,1.0,128.0,0.9,0.00703125,theorem_safe,291,2.0,2.0427775735985247,2.0,-0.9996001599093991,-1.346373643591271,0.0,0.0,2.038156231895852e-05,2.038156231895852e-05,0,1,0.985943122751274,ok
100.0,0.5,2.0,1.0,128.0,0.9,0.00703125,theorem_safe,292,2.0,2.0427775735985247,2.0,-0.9996001599093991,-1.346373643591271,0.0,0.0,2.0312000672818732e-05,2.0312000672818732e-05,0,1,0.985943122751274,ok
100.0,0.5,2.0,1.0,128.0,0.9,0.00703125,theorem_safe,293,2.0,2.0427775735985247,2.0,-0.9996001599093991,-1.346373643591271,0.0,0.0,2.0242912235156084e-05,2.0242912235156084e-05,0,1,0.985943122751274,ok
100.0,0.5,2.0,1.0,128.0,0.9,0.00703125,theorem_safe,294,2.0,2.0427775735985247,2.0,-0.9996001599093991,-1.346373643591271,0.0,0.0,2.0174292193680977e-05,2.0174292193680977e-05,0,1,0.985943122751274,ok
100.0,0.5,2.0,1.0,128.0,0.9,0.00703125,theorem_safe,295,2.0,2.0427775735985247,2.0,-0.9996001599093991,-1.346373643591271,0.0,0.0,2.010613580113476e-05,2.010613580113476e-05,0,1,0.985943122751274,ok
100.0,0.5,2.0,1.0,128.0,0.9,0.00703125,theorem_safe,296,2.0,2.0427775735985247,2.0,-0.9996001599093991,-1.346373643591271,0.0,0.0,2.003843837419491e-05,2.003843837419491e-05,0,1,0.985943122751274,ok
100.0,0.5,2.0,1.0,128.0,0.9,0.00703125,theorem_safe,297,2.0,2.0427775735985247,2.0,-0.9996001599093991,-1.346373643591271,0.0,0.0,1.9971195292402308e-05,1.9971195292402308e-05,0,1,0.985943122751274,ok
100.0,0.5,2.0,1.0,128.0,0.9,0.00703125,theorem_safe,298,2.0,2.0427775735985247,2.0,-0.9996001599093991,-1.346373643591271,0.0,0.0,1.9904401997109992e-05,1.9904401997109992e-05,0,1,0.985943122751274,ok
100.0,0.5,2.0,1.0,128.0,0.9,0.00703125,theorem_safe,299,2.0,2.0427775735985247,2.0,-0.9996001599093991,-1.346373643591271,0.0,0.0,1.983805399045296e-05,1.983805399045296e-05,0,1,0.985943122751274,ok
100.0,0.5,2.0,1.0,128.0,0.9,0.5,riemannian_scale,0,1.0,2.9994002398940496,2.0,-0.9998000399886706,-0.49995000666527795,0.09657359027997264,0.09657359027997264,0.4232118184629965,0.32663822818302385,0,1,0.5000999800056647,ok
100.0,0.5,2.0,1.0,128.0,0.9,0.5,riemannian_scale,1,2.0,7502.999500353867,2.0,-0.9996001599093991,-1.346373643591271,0.0,0.0,0.21160590923149825,0.21160590923149825,0,1,0.0003998400906009003,ok
100.0,0.5,2.0,1.0,128.0,0.9,0.5,riemannian_scale,2,2.0,7502.999500353867,2.0,-0.9996001599093991,-1.346373643591271,0.0,0.0,0.14107060615433215,0.14107060615433215,0,1,0.0003998400906009003,ok
100.0,0.5,2.0,1.0,128.0,0.9,0.5,riemannian_scale,3,2.0,7502.999500353867,2.0,-0.9996001599093991,-1.346373643591271,0.0,0.0,0.10580295461574912,0.10580295461574912,0,1,0.0003998400906009003,ok
100.0,0.5,2.0,1.0,128.0,0.9,0.5,riemannian_scale,4,2.0,7502.999500353867,2.0,-0.9996001599093991,-1.346373643591271,0.0,0.0,0.08464236369259931,0.08464236369259931,0,1,0.0003998400906009003,ok
100.0,0.5,2.0,1.0,128.0,0.9,0.5,riemannian_scale,5,2.0,7502.999500353867,2.0,-0.9996001599093991,-1.346373643591271,0.0,0.0,0.07053530307716607,0.07053530307716607,0,1,0.0003998400906009003,ok
100.0,0.5,2.0,1.0,128.0,0.9,0.5,riemannian_scale,6,2.0,7502.999500353867,2.0,-0.9996001599093991,-1.346373643591271,0.0,0.0,0.060458831208999496,0.060458831208999496,0,1,0.0003998400906009003,ok
100.0,0.5,2.0,1.0,128.0,0.9,0.5,riemannian_scale,7,2.0,7502.999500353867,2.0,-0.9996001599093991,-1.346373643591271,0.0,0.0,0.05290147730787456,0.05290147730787456,0,1,0.0003998400906009003,ok
100.0,0.5,2.0,1.0,128.0,0.9,0.5,riemannian_scale,8,2.0,7502.999500353867,2.0,-0.9996001599093991,-1.346373643591271,0.0,0.0,0.04702353538477739,0.04702353538477739,0,1,0.0003998400906009003,ok
100.0,0.5,2.0,1.0,128.0,0.9,0.5,riemannian_scale,9,2.0,7502.999500353867,2.0,-0.9996001599093991,-1.346373643591271,0.0,0.0,0.042321181846299655,0.042321181846299655,0,1,0.0003998400906009003,ok
100.0,0.5,2.0,1.0,128.0,0.9,0.5,riemannian_scale,10,2.0,7502.999500353867,2.0,-0.9996001599093991,-1.346373643591271,0.0,0.0,0.038473801678454225,0.038473801678454225,0,1,0.0003998400906009003,ok
100.0,0.5,2.0,1.0,128.0,0.9,0.5,riemannian_scale,11,2.0,7502.999500353867,2.0,-0.9996001599093991,-1.346373643591271,0.0,0.0,0.035267651538583036,0.035267651538583036,0,1,0.0003998400906009003,ok
100.0,0.5,2.0,1.0,128.0,0.9,0.5,riemannian_scale,12,2.0,7502.999500353867,2.0,-0.9996001599093991,-1.346373643591271,0.0,0.0,0.03255475526638435,0.03255475526638435,0,1,0.0003998400906009003,ok
100.0,0.5,2.0,1.0,128.0,0.9,0.5,riemannian_scale,13,2.0,7502.999500353867,2.0,-0.9996001599093991,-1.346373643591271,0.0,0.0,0.030229415604499748,0.030229415604499748,0,1,0.0003998400906009003,ok
100.0,0.5,2.0,1.0,128.0,0.9,0.5,riemannian_scale,14,2.0,7502.999500353867,2.0,-0.9996001599093991,-1.346373643591271,0.0,0.0,0.028214121230866432,0.028214121230866432,0,1,0.0003998400906009003,ok
100.0,0.5,2.0,1.0,128.0,0.9,0.5,riemannian_scale,15,2.0,7502.999500353867,2.0,-0.9996001599093991,-1.346373643591271,0.0,0.0,0.02645073865393728,0.02645073865393728,0,1,0.0003998400906009003,ok
100.0,0.5,2.0,1.0,128.0,0.9,0.5,riemannian_scale,16,2.0,7502.999500353867,2.0,-0.9996001599093991,-1.346373643591271,0.0,0.0,0.0248948128507645,0.0248948128507645,0,1,0.0003998400906009003,ok
100.0,0.5,2.0,1.0,128.0,0.9,0.5,riemannian_scale,17,2.0,7502.999500353867,2.0,-0.9996001599093991,-1.346373643591271,0.0,0.0,0.023511767692388694,0.023511767692388694,0,1,0.0003998400906009003,ok
100.0,0.5,2.0,1.0,128.0,0.9,0.5,riemannian_scale,18,2.0,7502.999500353867,2.0,-0.9996001599093991,-1.346373643591271,0.0,0.0,0.022274306234894552,0.022274306234894552,0,1,0.0003998400906009003,ok
100.0,0.5,2.0,1.0,128.0,0.9,0.5,riemannian_scale,19,2.0,7502.999500353867,2.0,-0.9996001599093991,-1.346373643591271,0.0,0.0,0.021160590923149827,0.021160590923149827,0,1,0.0003998400906009003,ok
100.0,0.5,2.0,1.0,128.0,0.9,0.5,riemannian_scale,20,2.0,7502.999500353867,2.0,-0.9996001599093991,-1.346373643591271,0.0,0.0,0.020152943736333164,0.020152943736333164,0,1,0.0003998400906009003,ok
100.0,0.5,2.0,1.0,128.0,0.9,0.5,riemannian_scale,21,2.0,7502.999500353867,2.0,-0.9996001599093991,-1.346373643591271,0.0,0.0,0.019236900839227113,0.019236900839227113,0,1,0.0003998400906009003,ok
100.0,0.5,2.0,1.0,128.0,0.9,0.5,riemannian_scale,22,2.0,7502.999500353867,2.0,-0.9996001599093991,-1.346373643591271,0.0,0.0,0.01840051384621724,0.01840051384621724,0,1,0.0003998400906009003,ok
100.0,0.5,2.0,1.0,128.0,0.9,0.5,riemannian_scale,23,2.0,7502.999500353867,2.0,-0.9996001599093991,-1.346373643591271,0.0,0.0,0.017633825769291518,0.017633825769291518,0,1,0.0003998400906009003,ok
100.0,0.5,2.0,1.0,128.0,0.9,0.5,riemannian_scale,24,2.0,7502.999500353867,2.0,-0.9996001599093991,-1.346373643591271,0.0,0.0,0.01692847273851986,0.01692847273851986,0,1,0.0003998400906009003,ok
100.0,0.5,2.0,1.0,128.0,0.9,0.5,riemannian_scale,25,2.0,7502.999500353867,2.0,-0.9996001599093991,-1.346373643591271,0.0,0.0,0.016277377633192175,0.016277377633192175,0,1,0.0003998400906009003,ok
100.0,0.5,2.0,1.0,128.0,0.9,0.5,riemannian_scale,26,2.0,7502.999500353867,2.0,-0.9996001599093991,-1.346373643591271,0.0,0.0,0.015674511794925794,0.015674511794925794,0,1,0.0003998400906009003,ok
100.0,0.5,2.0,1.0,128.0,0.9,0.5,riemannian_scale,27,2.0,7502.999500353867,2.0,-0.9996001599093991,-1.346373643591271,0.0,0.0,0.015114707802249874,0.015114707802249874,0,1,0.0003998400906009003,ok
100.0,0.5,2.0,1.0,128.0,0.9,0.5,riemannian_scale,28,2.0,7502.999500353867,2.0,-0.9996001599093991,-1.346373643591271,0.0,0.0,0.014593510981482637,0.014593510981482637,0,1,0.0003998400906009003,ok
100.0,0.5,2.0,1.0,128.0,0.9,0.5,riemannian_scale,29,2.0,7502.999500353867,2.0,-0.9996001599093991,-1.346373643591271,0.0,0.0,0.014107060615433216,0.014107060615433216,0,1,0.0003998400906009003,ok
100.0,0.5,2.0,1.0,128.0,0.9,0.5,riemannian_scale,30,2.0,7502.999500353867,2.0,-0.9996001599093991,-1.346373643591271,0.0,0.0,0.013651994143967628,0.013651994143967628,0,1,0.0003998400906009003,ok
100.0,0.5,2.0,1.0,128.0,0.9,0.5,riemannian_scale,31,2.0,7502.999500353867,2.0,-0.9996001599093991,-1.346373643591271,0.0,0.0,0.01322536932696864,0.01322536932696864,0,1,0.0003998400906009003,ok
100.0,0.5,2.0,1.0,128.0,0.9,0.5,riemannian_scale,32,2.0,7502.999500353867,2.0,-0.9996001599093991,-1.346373643591271,0.0,0.0,0.012824600559484742,0.012824600559484742,0,1,0.0003998400906009003,ok
100.0,0.5,2.0,1.0,128.0,0.9,0.5,riemannian_scale,33,2.0,7502.999500353867,2.0,-0.9996001599093991,-1.346373643591271,0.0,0.0,0.01244740642538225,0.01244740642538225,0,1,0.0003998400906009003,ok
100.0,0.5,2.0,1.0,128.0,0.9,0.5,riemannian_scale,34,2.0,7502.999500353867,2.0,-0.9996001599093991,-1.346373643591271,0.0,0.0,0.0120917662417999,0.0120917662417999,0,1,0.0003998400906009003,ok
100.0,0.5,2.0,1.0,128.0,0.9,0.5,riemannian_scale,35,2.0,7502.999500353867,2.0,-0.9996001599093991,-1.346373643591271,0.0,0.0,0.011755883846194347,0.011755883846194347,0,1,0.0003998400906009003,ok
100.0,0.5,2.0,1.0,128.0,0.9,0.5,riemannian_scale,36,2.0,7502.999500353867,2.0,-0.9996001599093991,-1.346373643591271,0.0,0.0,0.011438157255756663,0.011438157255756663,0,1,0.0003998400906009003,ok
100.0,0.5,2.0,1.0,128.0,0.9,0.5,riemannian_scale,37,2.0,7502.999500353867,2.0,-0.9996001599093991,-1.346373643591271,0.0,0.0,0.011137153117447276,0.011137153117447276,0,1,0.0003998400906009003,ok
100.0,0.5,2.0,1.0,128.0,0.9,0.5,riemannian_scale,38,2.0,7502.999500353867,2.0,-0.9996001599093991,-1.346373643591271,0.0,0.0,0.010851585088794781,0.010851585088794781,0,1,0.0003998400906009003,ok
100.0,0.5,2.0,1.0,128.0,0.9,0.5,riemannian_scale,39,2.0,7502.999500353867,2.0,-0.9996001599093991,-1.346373643591271,0.0,0.0,0.010580295461574914,0.010580295461574914,0,1,0.0003998400906009003,ok
100.0,0.5,2.0,1.0,128.0,0.9,0.5,riemannian_scale,40,2.0,7502.999500353867,2.0,-0.9996001599093991,-1.346373643591271,0.0,0.0,0.010322239474707232,0.010322239474707232,0,1,0.0003998400906009003,ok
100.0,0.5,2.0,1.0,128.0,0.9,0.5,riemannian_scale,41,2.0,7502.999500353867,2.0,-0.9996001599093991,-1.346373643591271,0.0,0.0,0.010076471868166582,0.010076471868166582,0,1,0.0003998400906009003,ok
100.0,0.5,2.0,1.0,128.0,0.9,0.5,riemannian_scale,42,2.0,7502.999500353867,2.0,-0.9996001599093991,-1.346373643591271,0.0,0.0,0.009842135313092942,0.009842135313092942,0,1,0.0003998400906009003,ok
100.0,0.5,2.0,1.0,128.0,0.9,0.5,riemannian_scale,43,2.0,7502.999500353867,2.0,-0.9996001599093991,-1.346373643591271,0.0,0.0,0.009618450419613556,0.009618450419613556,0,1,0.0003998400906009003,ok
100.0,0.5,2.0,1.0,128.0,0.9,0.5,riemannian_scale,44,2.0,7502.999500353867,2.0,-0.9996001599093991,-1.346373643591271,0.0,0.0,0.009404707076955478,0.009404707076955478,0,1,0.0003998400906009003,ok
100.0,0.5,2.0,1.0,128.0,0.9,0.5,riemannian_scale,45,2.0,7502.999500353867,2.0,-0.9996001599093991,-1.346373643591271,0.0,0.0,0.00920025692310862,0.00920025692310862,0,1,0.0003998400906009003,ok
100.0,0.5,2.0,1.0,128.0,0.9,0.5,riemannian_scale,46,2.0,7502.999500353867,2.0,-0.9996001599093991,-1.346373643591271,0.0,0.0,0.009004506775808436,0.009004506775808436,0,1,0.0003998400906009003,ok
100.0,0.5,2.0,1.0,128.0,0.9,0.5,riemannian_scale,47,2.0,7502.999500353867,2.0,-0.9996001599093991,-1.346373643591271,0.0,0.0,0.008816912884645759,0.008816912884645759,0,1,0.0003998400906009003,ok
100.0,0.5,2.0,1.0,128.0,0.9,0.5,riemannian_scale,48,2.0,7502.999500353867,2.0,-0.9996001599093991,-1.346373643591271,0.0,0.0,0.008636975886999928,0.008636975886999928,0,1,0.0003998400906009003,ok
100.0,0.5,2.0,1.0,128.0,0.9,0.5,riemannian_scale,49,2.0,7502.999500353867,2.0,-0.9996001599093991,-1.346373643591271,0.0,0.0,0.00846423636925993,0.00846423636925993,0,1,0.0003998400906009003,ok
100.0,0.5,2.0,1.0,128.0,0.9,0.5,riemannian_scale,50,2.0,7502.999500353867,2.0,-0.9996001599093991,-1.346373643591271,0.0,0.0,0.008298270950254833,0.008298270950254833,0,1,0.0003998400906009003,ok
100.0,0.5,2.0,1.0,128.0,0.9,0.5,riemannian_scale,51,2.0,7502.999500353867,2.0,-0.9996001599093991,-1.346373643591271,0.0,0.0,0.008138688816596087,0.008138688816596087,0,1,0.0003998400906009003,ok
100.0,0.5,2.0,1.0,128.0,0.9,0.5,riemannian_scale,52,2.0,7502.999500353867,2.0,-0.9996001599093991,-1.346373643591271,0.0,0.0,0.007985128650245216,0.007985128650245216,0,1,0.0003998400906009003,ok
100.0,0.5,2.0,1.0,128.0,0.9,0.5,riemannian_scale,53,2.0,7502.999500353867,2.0,-0.9996001599093991,-1.346373643591271,0.0,0.0,0.007837255897462897,0.007837255897462897,0,1,0.0003998400906009003,ok
100.0,0.5,2.0,1.0,128.0,0.9,0.5,riemannian_scale,54,2.0,7502.999500353867,2.0,-0.9996001599093991,-1.346373643591271,0.0,0.0,0.007694760335690845,0.007694760335690845,0,1,0.0003998400906009003,ok
100.0,0.5,2.0,1.0,128.0,0.9,0.5,riemannian_scale,55,2.0,7502.999500353867,2.0,-0.9996001599093991,-1.346373643591271,0.0,0.0,0.007557353901124937,0.007557353901124937,0,1,0.0003998400906009003,ok
100.0,0.5,2.0,1.0,128.0,0.9,0.5,riemannian_scale,56,2.0,7502.999500353867,2.0,-0.9996001599093991,-1.346373643591271,0.0,0.0,0.00742476874496485,0.00742476874496485,0,1,0.0003998400906009003,ok
100.0,0.5,2.0,1.0,128.0,0.9,0.5,riemannian_scale,57,2.0,7502.999500353867,2.0,-0.9996001599093991,-1.346373643591271,0.0,0.0,0.0072967554907413185,0.0072967554907413185,0,1,0.0003998400906009003,ok
100.0,0.5,2.0,1.0,128.0,0.9,0.5,riemannian_scale,58,2.0,7502.999500353867,2.0,-0.9996001599093991,-1.346373643591271,0.0,0.0,0.007173081668864347,0.007173081668864347,0,1,0.0003998400906009003,ok
100.0,0.5,2.0,1.0,128.0,0.9,0.5,riemannian_scale,59,2.0,7502.999500353867,2.0,-0.9996001599093991,-1.346373643591271,0.0,0.0,0.007053530307716608,0.007053530307716608,0,1,0.0003998400906009003,ok
100.0,0.5,2.0,1.0,128.0,0.9,0.5,riemannian_scale,60,2.0,7502.999500353867,2.0,-0.9996001599093991,-1.346373643591271,0.0,0.0,0.006937898663327812,0.006937898663327812,0,1,0.0003998400906009003,ok
100.0,0.5,2.0,1.0,128.0,0.9,0.5,riemannian_scale,61,2.0,7502.999500353867,2.0,-0.9996001599093991,-1.346373643591271,0.0,0.0,0.006825997071983814,0.006825997071983814,0,1,0.0003998400906009003,ok
100.0,0.5,2.0,1.0,128.0,0.9,0.5,riemannian_scale,62,2.0,7502.999500353867,2.0,-0.9996001599093991,-1.346373643591271,0.0,0.0,0.006717647912111055,0.006717647912111055,0,1,0.0003998400906009003,ok
100.0,0.5,2.0,1.0,128.0,0.9,0.5,riemannian_scale,63,2.0,7502.999500353867,2.0,-0.9996001599093991,-1.346373643591271,0.0,0.0,0.00661268466348432,0.00661268466348432,0,1,0.0003998400906009003,ok
100.0,0.5,2.0,1.0,128.0,0.9,0.5,riemannian_scale,64,2.0,7502.999500353867,2.0,-0.9996001599093991,-1.346373643591271,0.0,0.0,0.006510951053276869,0.006510951053276869,0,1,0.0003998400906009003,ok
100.0,0.5,2.0,1.0,128.0,0.9,0.5,riemannian_scale,65,2.0,7502.999500353867,2.0,-0.9996001599093991,-1.346373643591271,0.0,0.0,0.006412300279742371,0.006412300279742371,0,1,0.0003998400906009003,ok
100.0,0.5,2.0,1.0,128.0,0.9,0.5,riemannian_scale,66,2.0,7502.999500353867,2.0,-0.9996001599093991,-1.346373643591271,0.0,0.0,0.006316594305417858,0.006316594305417858,0,1,0.0003998400906009003,ok
100.0,0.5,2.0,1.0,128.0,0.9,0.5,riemannian_scale,67,2.0,7502.999500353867,2.0,-0.9996001599093991,-1.346373643591271,0.0,0.0,0.006223703212691125,0.006223703212691125,0,1,0.0003998400906009003,ok
100.0,0.5,2.0,1.0,128.0,0.9,0.5,riemannian_scale,68,2.0,7502.999500353867,2.0,-0.9996001599093991,-1.346373643591271,0.0,0.0,0.006133504615405746,0.006133504615405746,0,1,0.0003998400906009003,ok
100.0,0.5,2.0,1.0,128.0,0.9,0.5,riemannian_scale,69,2.0,7502.999500353867,2.0,-0.9996001599093991,-1.346373643591271,0.0,0.0,0.00604588312089995,0.00604588312089995,0,1,0.0003998400906009003,ok
100.0,0.5,2.0,1.0,128.0,0.9,0.5,riemannian_scale,70,2.0,7502.999500353867,2.0,-0.9996001599093991,-1.346373643591271,0.0,0.0,0.005960729837506993,0.005960729837506993,0,1,0.0003998400906009003,ok
100.0,0.5,2.0,1.0,128.0,0.9,0.5,riemannian_scale,71,2.0,7502.999500353867,2.0,-0.9996001599093991,-1.346373643591271,0.0,0.0,0.005877941923097174,0.005877941923097174,0,1,0.0003998400906009003,ok
100.0,0.5,2.0,1.0,128.0,0.9,0.5,riemannian_scale,72,2.0,7502.999500353867,2.0,-0.9996001599093991,-1.346373643591271,0.0,0.0,0.005797422170725979,0.005797422170725979,0,1,0.0003998400906009003,ok
100.0,0.5,2.0,1.0,128.0,0.9,0.5,riemannian_scale,73,2.0,7502.999500353867,2.0,-0.9996001599093991,-1.346373643591271,0.0,0.0,0.005719078627878332,0.005719078627878332,0,1,0.0003998400906009003,ok
100.0,0.5,2.0,1.0,128.0,0.9,0.5,riemannian_scale,74,2.0,7502.999500353867,2.0,-0.9996001599093991,-1.346373643591271,0.0,0.0,0.005642824246173287,0.005642824246173287,0,1,0.0003998400906009003,ok
100.0,0.5,2.0,1.0,128.0,0.9,0.5,riemannian_scale,75,2.0,7502.999500353867,2.0,-0.9996001599093991,-1.346373643591271,0.0,0.0,0.005568576558723638,0.005568576558723638,0,1,0.0003998400906009003,ok
100.0,0.5,2.0,1.0,128.0,0.9,0.5,riemannian_scale,76,2.0,7502.999500353867,2.0,-0.9996001599093991,-1.346373643591271,0.0,0.0,0.0054962573826363185,0.0054962573826363185,0,1,0.0003998400906009003,ok
100.0,0.5,2.0,1.0,128.0,0.9,0.5,riemannian_scale,77,2.0,7502.999500353867,2.0,-0.9996001599093991,-1.346373643591271,0.0,0.0,0.0054257925443973905,0.0054257925443973905,0,1,0.0003998400906009003,ok
100.0,0.5,2.0,1.0,128.0,0.9,0.5,riemannian_scale,78,2.0,7502.999500353867,2.0,-0.9996001599093991,-1.346373643591271,0.0,0.0,0.00535711162611388,0.00535711162611388,0,1,0.0003998400906009003,ok
100.0,0.5,2.0,1.0,128.0,0.9,0.5,riemannian_scale,79,2.0,7502.999500353867,2.0,-0.9996001599093991,-1.346373643591271,0.0,0.0,0.005290147730787457,0.005290147730787457,0,1,0.0003998400906009003,ok
100.0,0.5,2.0,1.0,128.0,0.9,0.5,riemannian_scale,80,2.0,7502.999500353867,2.0,-0.9996001599093991,-1.346373643591271,0.0,0.0,0.005224837264975265,0.005224837264975265,0,1,0.0003998400906009003,ok
100.0,0.5,2.0,1.0,128.0,0.9,0.5,riemannian_scale,81,2.0,7502.999500353867,2.0,-0.9996001599093991,-1.346373643591271,0.0,0.0,0.005161119737353616,0.005161119737353616,0,1,0.0003998400906009003,ok
100.0,0.5,2.0,1.0,128.0,0.9,0.5,riemannian_scale,82,2.0,7502.999500353867,2.0,-0.9996001599093991,-1.346373643591271,0.0,0.0,0.005098937571843332,0.005098937571843332,0,1,0.0003998400906009003,ok
100.0,0.5,2.0,1.0,128.0,0.9,0.5,riemannian_scale,83,2.0,7502.999500353867,2.0,-0.9996001599093991,-1.346373643591271,0.0,0.0,0.005038235934083291,0.005038235934083291,0,1,0.0003998400906009003,ok
100.0,0.5,2.0,1.0,128.0,0.9,0.5,riemannian_scale,84,2.0,7502.999500353867,2.0,-0.9996001599093991,-1.346373643591271,0.0,0.0,0.0049789625701529,0.0049789625701529,0,1,0.0003998400906009003,ok
100.0,0.5,2.0,1.0,128.0,0.9,0.5,riemannian_scale,85,2.0,7502.999500353867,2.0,-0.9996001599093991,-1.346373643591271,0.0,0.0,0.004921067656546471,0.004921067656546471,0,1,0.0003998400906009003,ok
100.0,0.5,2.0,1.0,128.0,0.9,0.5,riemannian_scale,86,2.0,7502.999500353867,2.0,-0.9996001599093991,-1.346373643591271,0.0,0.0,0.004864503660494212,0.004864503660494212,0,1,0.0003998400906009003,ok
100.0,0.5,2.0,1.0,128.0,0.9,0.5,riemannian_scale,87,2.0,7502.999500353867,2.0,-0.9996001599093991,-1.346373643591271,0.0,0.0,0.004809225209806778,0.004809225209806778,0,1,0.0003998400906009003,ok
100.0,0.5,2.0,1.0,128.0,0.9,0.5,riemannian_scale,88,2.0,7502.999500353867,2.0,-0.9996001599093991,-1.346373643591271,0.0,0.0,0.004755188971494342,0.004755188971494342,0,1,0.0003998400906009003,ok
100.0,0.5,2.0,1.0,128.0,0.9,0.5,riemannian_scale,89,2.0,7502.999500353867,2.0,-0.9996001599093991,-1.346373643591271,0.0,0.0,0.004702353538477739,0.004702353538477739,0,1,0.0003998400906009003,ok
100.0,0.5,2.0,1.0,128.0,0.9,0.5,riemannian_scale,90,2.0,7502.999500353867,2.0,-0.9996001599093991,-1.346373643591271,0.0,0.0,0.0046506793237691925,0.0046506793237691925,0,1,0.0003998400906009003,ok
100.0,0.5,2.0,1.0,128.0,0.9,0.5,riemannian_scale,91,2.0,7502.999500353867,2.0,-0.9996001599093991,-1.346373643591271,0.0,0.0,0.00460012846155431,0.00460012846155431,0,1,0.0003998400906009003,ok
100.0,0.5,2.0,1.0,128.0,0.9,0.5,riemannian_scale,92,2.0,7502.999500353867,2.0,-0.9996001599093991,-1.346373643591271,0.0,0.0,0.004550664714655876,0.004550664714655876,0,1,0.0003998400906009003,ok
100.0,0.5,2.0,1.0,128.0,0.9,0.5,riemannian_scale,93,2.0,7502.999500353867,2.0,-0.9996001599093991,-1.346373643591271,0.0,0.0,0.004502253387904218,0.004502253387904218,0,1,0.0003998400906009003,ok
100.0,0.5,2.0,1.0,128.0,0.9,0.5,riemannian_scale,94,2.0,7502.999500353867,2.0,-0.9996001599093991,-1.346373643591271,0.0,0.0,0.0044548612469789105,0.0044548612469789105,0,1,0.0003998400906009003,ok
100.0,0.5,2.0,1.0,128.0,0.9,0.5,riemannian_scale,95,2.0,7502.999500353867,2.0,-0.9996001599093991,-1.346373643591271,0.0,0.0,0.0044084564423228795,0.0044084564423228795,0,1,0.0003998400906009003,ok
100.0,0.5,2.0,1.0,128.0,0.9,0.5,riemannian_scale,96,2.0,7502.999500353867,2.0,-0.9996001599093991,-1.346373643591271,0.0,0.0,0.00436300843776285,0.00436300843776285,0,1,0.0003998400906009003,ok
100.0,0.5,2.0,1.0,128.0,0.9,0.5,riemannian_scale,97,2.0,7502.999500353867,2.0,-0.9996001599093991,-1.346373643591271,0.0,0.0,0.004318487943499964,0.004318487943499964,0,1,0.0003998400906009003,ok
100.0,0.5,2.0,1.0,128.0,0.9,0.5,riemannian_scale,98,2.0,7502.999500353867,2.0,-0.9996001599093991,-1.346373643591271,0.0,0.0,0.004274866853161581,0.004274866853161581,0,1,0.0003998400906009003,ok
100.0,0.5,2.0,1.0,128.0,0.9,0.5,riemannian_scale,99,2.0,7502.999500353867,2.0,-0.9996001599093991,-1.346373643591271,0.0,0.0,0.004232118184629965,0.004232118184629965,0,1,0.0003998400906009003,ok
100.0,0.5,2.0,1.0,128.0,0.9,0.5,riemannian_scale,100,2.0,7502.999500353867,2.0,-0.9996001599093991,-1.346373643591271,0.0,0.0,0.004190216024386104,0.004190216024386104,0,1,0.0003998400906009003,ok
100.0,0.5,2.0,1.0,128.0,0.9,0.5,riemannian_scale,101,2.0,7502.999500353867,2.0,-0.9996001599093991,-1.346373643591271,0.0,0.0,0.0041491354751274166,0.0041491354751274166,0,1,0.0003998400906009003,ok
100.0,0.5,2.0,1.0,128.0,0.9,0.5,riemannian_scale,102,2.0,7502.999500353867,2.0,-0.9996001599093991,-1.346373643591271,0.0,0.0,0.004108852606436859,0.004108852606436859,0,1,0.0003998400906009003,ok
100.0,0.5,2.0,1.0,128.0,0.9,0.5,riemannian_scale,103,2.0,7502.999500353867,2.0,-0.9996001599093991,-1.346373643591271,0.0,0.0,0.004069344408298044,0.004069344408298044,0,1,0.0003998400906009003,ok
100.0,0.5,2.0,1.0,128.0,0.9,0.5,riemannian_scale,104,2.0,7502.999500353867,2.0,-0.9996001599093991,-1.346373643591271,0.0,0.0,0.004030588747266634,0.004030588747266634,0,1,0.0003998400906009003,ok
100.0,0.5,2.0,1.0,128.0,0.9,0.5,riemannian_scale,105,2.0,7502.999500353867,2.0,-0.9996001599093991,-1.346373643591271,0.0,0.0,0.003992564325122608,0.003992564325122608,0,1,0.0003998400906009003,ok
100.0,0.5,2.0,1.0,128.0,0.9,0.5,riemannian_scale,106,2.0,7502.999500353867,2.0,-0.9996001599093991,-1.346373643591271,0.0,0.0,0.0039552506398410885,0.0039552506398410885,0,1,0.0003998400906009003,ok
100.0,0.5,2.0,1.0,128.0,0.9,0.5,riemannian_scale,107,2.0,7502.999500353867,2.0,-0.9996001599093991,-1.346373643591271,0.0,0.0,0.0039186279487314485,0.0039186279487314485,0,1,0.0003998400906009003,ok
100.0,0.5,2.0,1.0,128.0,0.9,0.5,riemannian_scale,108,2.0,7502.999500353867,2.0,-0.9996001599093991,-1.346373643591271,0.0,0.0,0.003882677233605473,0.003882677233605473,0,1,0.0003998400906009003,ok
100.0,0.5,2.0,1.0,128.0,0.9,0.5,riemannian_scale,109,2.0,7502.999500353867,2.0,-0.9996001599093991,-1.346373643591271,0.0,0.0,0.0038473801678454225,0.0038473801678454225,0,1,0.0003998400906009003,ok
100.0,0.5,2.0,1.0,128.0,0.9,0.5,riemannian_scale,110,2.0,7502.999500353867,2.0,-0.9996001599093991,-1.346373643591271,0.0,0.0,0.0038127190852522207,0.0038127190852522207,0,1,0.0003998400906009003,ok
100.0,0.5,2.0,1.0,128.0,0.9,0.5,riemannian_scale,111,2.0,7502.999500353867,2.0,-0.9996001599093991,-1.346373643591271,0.0,0.0,0.0037786769505624685,0.0037786769505624685,0,1,0.0003998400906009003,ok
100.0,0.5,2.0,1.0,128.0,0.9,0.5,riemannian_scale,112,2.0,7502.999500353867,2.0,-0.9996001599093991,-1.346373643591271,0.0,0.0,0.0037452373315309422,0.0037452373315309422,0,1,0.0003998400906009003,ok
100.0,0.5,2.0,1.0,128.0,0.9,0.5,riemannian_scale,113,2.0,7502.999500353867,2.0,-0.9996001599093991,-1.346373643591271,0.0,0.0,0.003712384372482425,0.003712384372482425,0,1,0.0003998400906009003,ok
100.0,0.5,2.0,1.0,128.0,0.9,0.5,riemannian_scale,114,2.0,7502.999500353867,2.0,-0.9996001599093991,-1.346373643591271,0.0,0.0,0.003680102769243448,0.003680102769243448,0,1,0.0003998400906009003,ok
100.0,0.5,2.0,1.0,128.0,0.9,0.5,riemannian_scale,115,2.0,7502.999500353867,2.0,-0.9996001599093991,-1.346373643591271,0.0,0.0,0.0036483777453706592,0.0036483777453706592,0,1,0.0003998400906009003,ok
100.0,0.5,2.0,1.0,128.0,0.9,0.5,riemannian_scale,116,2.0,7502.999500353867,2.0,-0.9996001599093991,-1.346373643591271,0.0,0.0,0.003617195029598261,0.003617195029598261,0,1,0.0003998400906009003,ok
100.0,0.5,2.0,1.0,128.0,0.9,0.5,riemannian_scale,117,2.0,7502.999500353867,2.0,-0.9996001599093991,-1.346373643591271,0.0,0.0,0.0035865408344321736,0.0035865408344321736,0,1,0.0003998400906009003,ok
100.0,0.5,2.0,1.0,128.0,0.9,0.5,riemannian_scale,118,2.0,7502.999500353867,2.0,-0.9996001599093991,-1.346373643591271,0.0,0.0,0.0035564018358234997,0.0035564018358234997,0,1,0.0003998400906009003,ok
100.0,0.5,2.0,1.0,128.0,0.9,0.5,riemannian_scale,119,2.0,7502.999500353867,2.0,-0.9996001599093991,-1.346373643591271,0.0,0.0,0.003526765153858304,0.003526765153858304,0,1,0.0003998400906009003,ok
100.0,0.5,2.0,1.0,128.0,0.9,0.5,riemannian_scale,120,2.0,7502.999500353867,2.0,-0.9996001599093991,-1.346373643591271,0.0,0.0,0.0034976183344049296,0.0034976183344049296,0,1,0.0003998400906009003,ok
100.0,0.5,2.0,1.0,128.0,0.9,0.5,riemannian_scale,121,2.0,7502.999500353867,2.0,-0.9996001599093991,-1.346373643591271,0.0,0.0,0.003468949331663906,0.003468949331663906,0,1,0.0003998400906009003,ok
100.0,0.5,2.0,1.0,128.0,0.9,0.5,riemannian_scale,122,2.0,7502.999500353867,2.0,-0.9996001599093991,-1.346373643591271,0.0,0.0,0.0034407464915690777,0.0034407464915690777,0,1,0.0003998400906009003,ok
100.0,0.5,2.0,1.0,128.0,0.9,0.5,riemannian_scale,123,2.0,7502.999500353867,2.0,-0.9996001599093991,-1.346373643591271,0.0,0.0,0.003412998535991907,0.003412998535991907,0,1,0.0003998400906009003,ok
100.0,0.5,2.0,1.0,128.0,0.9,0.5,riemannian_scale,124,2.0,7502.999500353867,2.0,-0.9996001599093991,-1.346373643591271,0.0,0.0,0.003385694547703972,0.003385694547703972,0,1,0.0003998400906009003,ok
100.0,0.5,2.0,1.0,128.0,0.9,0.5,riemannian_scale,125,2.0,7502.999500353867,2.0,-0.9996001599093991,-1.346373643591271,0.0,0.0,0.0033588239560555276,0.0033588239560555276,0,1,0.0003998400906009003,ok
100.0,0.5,2.0,1.0,128.0,0.9,0.5,riemannian_scale,126,2.0,7502.999500353867,2.0,-0.9996001599093991,-1.346373643591271,0.0,0.0,0.003332376523330681,0.003332376523330681,0,1,0.0003998400906009003,ok
100.0,0.5,2.0,1.0,128.0,0.9,0.5,riemannian_scale,127,2.0,7502.999500353867,2.0,-0.9996001599093991,-1.346373643591271,0.0,0.0,0.00330634233174216,0.00330634233174216,0,1,0.0003998400906009003,ok
100.0,0.5,2.0,1.0,128.0,0.9,0.5,riemannian_scale,128,2.0,7502.999500353867,2.0,-0.9996001599093991,-1.346373643591271,0.0,0.0,0.0032807117710309803,0.0032807117710309803,0,1,0.0003998400906009003,ok
100.0,0.5,2.0,1.0,128.0,0.9,0.5,riemannian_scale,129,2.0,7502.999500353867,2.0,-0.9996001599093991,-1.346373643591271,0.0,0.0,0.0032554755266384345,0.0032554755266384345,0,1,0.0003998400906009003,ok
100.0,0.5,2.0,1.0,128.0,0.9,0.5,riemannian_scale,130,2.0,7502.999500353867,2.0,-0.9996001599093991,-1.346373643591271,0.0,0.0,0.0032306245684198204,0.0032306245684198204,0,1,0.0003998400906009003,ok
100.0,0.5,2.0,1.0,128.0,0.9,0.5,riemannian_scale,131,2.0,7502.999500353867,2.0,-0.9996001599093991,-1.346373643591271,0.0,0.0,0.0032061501398711854,0.0032061501398711854,0,1,0.0003998400906009003,ok
100.0,0.5,2.0,1.0,128.0,0.9,0.5,riemannian_scale,132,2.0,7502.999500353867,2.0,-0.9996001599093991,-1.346373643591271,0.0,0.0,0.003182043747842079,0.003182043747842079,0,1,0.0003998400906009003,ok
100.0,0.5,2.0,1.0,128.0,0.9,0.5,riemannian_scale,133,2.0,7502.999500353867,2.0,-0.9996001599093991,-1.346373643591271,0.0,0.0,0.003158297152708929,0.003158297152708929,0,1,0.0003998400906009003,ok
100.0,0.5,2.0,1.0,128.0,0.9,0.5,riemannian_scale,134,2.0,7502.999500353867,2.0,-0.9996001599093991,-1.346373643591271,0.0,0.0,0.0031349023589851595,0.0031349023589851595,0,1,0.0003998400906009003,ok
100.0,0.5,2.0,1.0,128.0,0.9,0.5,riemannian_scale,135,2.0,7502.999500353867,2.0,-0.9996001599093991,-1.346373643591271,0.0,0.0,0.0031118516063455624,0.0031118516063455624,0,1,0.0003998400906009003,ok
100.0,0.5,2.0,1.0,128.0,0.9,0.5,riemannian_scale,136,2.0,7502.999500353867,2.0,-0.9996001599093991,-1.346373643591271,0.0,0.0,0.00308913736104377,0.00308913736104377,0,1,0.0003998400906009003,ok
100.0,0.5,2.0,1.0,128.0,0.9,0.5,riemannian_scale,137,2.0,7502.999500353867,2.0,-0.9996001599093991,-1.346373643591271,0.0,0.0,0.003066752307702873,0.003066752307702873,0,1,0.0003998400906009003,ok
100.0,0.5,2.0,1.0,128.0,0.9,0.5,riemannian_scale,138,2.0,7502.999500353867,2.0,-0.9996001599093991,-1.346373643591271,0.0,0.0,0.0030446893414604066,0.0030446893414604066,0,1,0.0003998400906009003,ok
100.0,0.5,2.0,1.0,128.0,0.9,0.5,riemannian_scale,139,2.0,7502.999500353867,2.0,-0.9996001599093991,-1.346373643591271,0.0,0.0,0.003022941560449975,0.003022941560449975,0,1,0.0003998400906009003,ok
100.0,0.5,2.0,1.0,128.0,0.9,0.5,riemannian_scale,140,2.0,7502.999500353867,2.0,-0.9996001599093991,-1.346373643591271,0.0,0.0,0.003001502258602812,0.003001502258602812,0,1,0.0003998400906009003,ok
100.0,0.5,2.0,1.0,128.0,0.9,0.5,riemannian_scale,141,2.0,7502.999500353867,2.0,-0.9996001599093991,-1.346373643591271,0.0,0.0,0.0029803649187534966,0.0029803649187534966,0,1,0.0003998400906009003,ok
100.0,0.5,2.0,1.0,128.0,0.9,0.5,riemannian_scale,142,2.0,7502.999500353867,2.0,-0.9996001599093991,-1.346373643591271,0.0,0.0,0.0029595232060349403,0.0029595232060349403,0,1,0.0003998400906009003,ok
100.0,0.5,2.0,1.0,128.0,0.9,0.5,riemannian_scale,143,2.0,7502.999500353867,2.0,-0.9996001599093991,-1.346373643591271,0.0,0.0,0.002938970961548587,0.002938970961548587,0,1,0.0003998400906009003,ok
100.0,0.5,2.0,1.0,128.0,0.9,0.5,riemannian_scale,144,2.0,7502.999500353867,2.0,-0.9996001599093991,-1.346373643591271,0.0,0.0,0.0029187021962965277,0.0029187021962965277,0,1,0.0003998400906009003,ok
100.0,0.5,2.0,1.0,128.0,0.9,0.5,riemannian_scale,145,2.0,7502.999500353867,2.0,-0.9996001599093991,-1.346373643591271,0.0,0.0,0.0028987110853629897,0.0028987110853629897,0,1,0.0003998400906009003,ok
100.0,0.5,2.0,1.0,128.0,0.9,0.5,riemannian_scale,146,2.0,7502.999500353867,2.0,-0.9996001599093991,-1.346373643591271,0.0,0.0,0.0028789919623333094,0.0028789919623333094,0,1,0.0003998400906009003,ok
100.0,0.5,2.0,1.0,128.0,0.9,0.5,riemannian_scale,147,2.0,7502.999500353867,2.0,-0.9996001599093991,-1.346373643591271,0.0,0.0,0.002859539313939166,0.002859539313939166,0,1,0.0003998400906009003,ok
100.0,0.5,2.0,1.0,128.0,0.9,0.5,riemannian_scale,148,2.0,7502.999500353867,2.0,-0.9996001599093991,-1.346373643591271,0.0,0.0,0.0028403477749194394,0.0028403477749194394,0,1,0.0003998400906009003,ok
100.0,0.5,2.0,1.0,128.0,0.9,0.5,riemannian_scale,149,2.0,7502.999500353867,2.0,-0.9996001599093991,-1.346373643591271,0.0,0.0,0.0028214121230866434,0.0028214121230866434,0,1,0.0003998400906009003,ok
100.0,0.5,2.0,1.0,128.0,0.9,0.5,riemannian_scale,150,2.0,7502.999500353867,2.0,-0.9996001599093991,-1.346373643591271,0.0,0.0,0.002802727274589381,0.002802727274589381,0,1,0.0003998400906009003,ok
100.0,0.5,2.0,1.0,128.0,0.9,0.5,riemannian_scale,151,2.0,7502.999500353867,2.0,-0.9996001599093991,-1.346373643591271,0.0,0.0,0.002784288279361819,0.002784288279361819,0,1,0.0003998400906009003,ok
100.0,0.5,2.0,1.0,128.0,0.9,0.5,riemannian_scale,152,2.0,7502.999500353867,2.0,-0.9996001599093991,-1.346373643591271,0.0,0.0,0.002766090316751611,0.002766090316751611,0,1,0.0003998400906009003,ok
100.0,0.5,2.0,1.0,128.0,0.9,0.5,riemannian_scale,153,2.0,7502.999500353867,2.0,-0.9996001599093991,-1.346373643591271,0.0,0.0,0.0027481286913181593,0.0027481286913181593,0,1,0.0003998400906009003,ok
100.0,0.5,2.0,1.0,128.0,0.9,0.5,riemannian_scale,154,2.0,7502.999500353867,2.0,-0.9996001599093991,-1.346373643591271,0.0,0.0,0.0027303988287935258,0.0027303988287935258,0,1,0.0003998400906009003,ok
100.0,0.5,2.0,1.0,128.0,0.9,0.5,riemannian_scale,155,2.0,7502.999500353867,2.0,-0.9996001599093991,-1.346373643591271,0.0,0.0,0.0027128962721986952,0.0027128962721986952,0,1,0.0003998400906009003,ok
100.0,0.5,2.0,1.0,128.0,0.9,0.5,riemannian_scale,156,2.0,7502.999500353867,2.0,-0.9996001599093991,-1.346373643591271,0.0,0.0,0.002695616678108258,0.002695616678108258,0,1,0.0003998400906009003,ok
100.0,0.5,2.0,1.0,128.0,0.9,0.5,riemannian_scale,157,2.0,7502.999500353867,2.0,-0.9996001599093991,-1.346373643591271,0.0,0.0,0.00267855581305694,0.00267855581305694,0,1,0.0003998400906009003,ok
100.0,0.5,2.0,1.0,128.0,0.9,0.5,riemannian_scale,158,2.0,7502.999500353867,2.0,-0.9996001599093991,-1.346373643591271,0.0,0.0,0.0026617095500817392,0.0026617095500817392,0,1,0.0003998400906009003,ok
100.0,0.5,2.0,1.0,128.0,0.9,0.5,riemannian_scale,159,2.0,7502.999500353867,2.0,-0.9996001599093991,-1.346373643591271,0.0,0.0,0.0026450738653937284,0.0026450738653937284,0,1,0.0003998400906009003,ok
100.0,0.5,2.0,1.0,128.0,0.9,0.5,riemannian_scale,160,2.0,7502.999500353867,2.0,-0.9996001599093991,-1.346373643591271,0.0,0.0,0.0026286448351738913,0.0026286448351738913,0,1,0.0003998400906009003,ok
100.0,0.5,2.0,1.0,128.0,0.9,0.5,riemannian_scale,161,2.0,7502.999500353867,2.0,-0.9996001599093991,-1.346373643591271,0.0,0.0,0.0026124186324876326,0.0026124186324876326,0,1,0.0003998400906009003,ok
100.0,0.5,2.0,1.0,128.0,0.9,0.5,riemannian_scale,162,2.0,7502.999500353867,2.0,-0.9996001599093991,-1.346373643591271,0.0,0.0,0.0025963915243128618,0.0025963915243128618,0,1,0.0003998400906009003,ok
100.0,0.5,2.0,1.0,128.0,0.9,0.5,riemannian_scale,163,2.0,7502.999500353867,2.0,-0.9996001599093991,-1.346373643591271,0.0,0.0,0.002580559868676808,0.002580559868676808,0,1,0.0003998400906009003,ok
100.0,0.5,2.0,1.0,128.0,0.9,0.5,riemannian_scale,164,2.0,7502.999500353867,2.0,-0.9996001599093991,-1.346373643591271,0.0,0.0,0.0025649201118969484,0.0025649201118969484,0,1,0.0003998400906009003,ok
100.0,0.5,2.0,1.0,128.0,0.9,0.5,riemannian_scale,165,2.0,7502.999500353867,2.0,-0.9996001599093991,-1.346373643591271,0.0,0.0,0.002549468785921666,0.002549468785921666,0,1,0.0003998400906009003,ok
100.0,0.5,2.0,1.0,128.0,0.9,0.5,riemannian_scale,166,2.0,7502.999500353867,2.0,-0.9996001599093991,-1.346373643591271,0.0,0.0,0.0025342025057664462,0.0025342025057664462,0,1,0.0003998400906009003,ok
100.0,0.5,2.0,1.0,128.0,0.9,0.5,riemannian_scale,167,2.0,7502.999500353867,2.0,-0.9996001599093991,-1.346373643591271,0.0,0.0,0.0025191179670416455,0.0025191179670416455,0,1,0.0003998400906009003,ok
100.0,0.5,2.0,1.0,128.0,0.9,0.5,riemannian_scale,168,2.0,7502.999500353867,2.0,-0.9996001599093991,-1.346373643591271,0.0,0.0,0.0025042119435680263,0.0025042119435680263,0,1,0.0003998400906009003,ok
100.0,0.5,2.0,1.0,128.0,0.9,0.5,riemannian_scale,169,2.0,7502.999500353867,2.0,-0.9996001599093991,-1.346373643591271,0.0,0.0,0.00248948128507645,0.00248948128507645,0,1,0.0003998400906009003,ok
100.0,0.5,2.0,1.0,128.0,0.9,0.5,riemannian_scale,170,2.0,7502.999500353867,2.0,-0.9996001599093991,-1.346373643591271,0.0,0.0,0.0024749229149882836,0.0024749229149882836,0,1,0.0003998400906009003,ok
100.0,0.5,2.0,1.0,128.0,0.9,0.5,riemannian_scale,171,2.0,7502.999500353867,2.0,-0.9996001599093991,-1.346373643591271,0.0,0.0,0.0024605338282732356,0.0024605338282732356,0,1,0.0003998400906009003,ok
100.0,0.5,2.0,1.0,128.0,0.9,0.5,riemannian_scale,172,2.0,7502.999500353867,2.0,-0.9996001599093991,-1.346373643591271,0.0,0.0,0.0024463110893814823,0.0024463110893814823,0,1,0.0003998400906009003,ok
100.0,0.5,2.0,1.0,128.0,0.9,0.5,riemannian_scale,173,2.0,7502.999500353867,2.0,-0.9996001599093991,-1.346373643591271,0.0,0.0,0.002432251830247106,0.002432251830247106,0,1,0.0003998400906009003,ok
100.0,0.5,2.0,1.0,128.0,0.9,0.5,riemannian_scale,174,2.0,7502.999500353867,2.0,-0.9996001599093991,-1.346373643591271,0.0,0.0,0.00241835324835998,0.00241835324835998,0,1,0.0003998400906009003,ok
100.0,0.5,2.0,1.0,128.0,0.9,0.5,riemannian_scale,175,2.0,7502.999500353867,2.0,-0.9996001599093991,-1.346373643591271,0.0,0.0,0.002404612604903389,0.002404612604903389,0,1,0.0003998400906009003,ok
100.0,0.5,2.0,1.0,128.0,0.9,0.5,riemannian_scale,176,2.0,7502.999500353867,2.0,-0.9996001599093991,-1.346373643591271,0.0,0.0,0.0023910272229547822,0.0023910272229547822,0,1,0.0003998400906009003,ok
100.0,0.5,2.0,1.0,128.0,0.9,0.5,riemannian_scale,177,2.0,7502.999500353867,2.0,-0.9996001599093991,-1.346373643591271,0.0,0.0,0.002377594485747171,0.002377594485747171,0,1,0.0003998400906009003,ok
100.0,0.5,2.0,1.0,128.0,0.9,0.5,riemannian_scale,178,2.0,7502.999500353867,2.0,-0.9996001599093991,-1.346373643591271,0.0,0.0,0.0023643118349888073,0.0023643118349888073,0,1,0.0003998400906009003,ok
100.0,0.5,2.0,1.0,128.0,0.9,0.5,riemannian_scale,179,2.0,7502.999500353867,2.0,-0.9996001599093991,-1.346373643591271,0.0,0.0,0.0023511767692388696,0.0023511767692388696,0,1,0.0003998400906009003,ok
100.0,0.5,2.0,1.0,128.0,0.9,0.5,riemannian_scale,180,2.0,7502.999500353867,2.0,-0.9996001599093991,-1.346373643591271,0.0,0.0,0.002338186842336997,0.002338186842336997,0,1,0.0003998400906009003,ok
100.0,0.5,2.0,1.0,128.0,0.9,0.5,riemannian_scale,181,2.0,7502.999500353867,2.0,-0.9996001599093991,-1.346373643591271,0.0,0.0,0.0023253396618845962,0.0023253396618845962,0,1,0.0003998400906009003,ok
100.0,0.5,2.0,1.0,128.0,0.9,0.5,riemannian_scale,182,2.0,7502.999500353867,2.0,-0.9996001599093991,-1.346373643591271,0.0,0.0,0.002312632887775937,0.002312632887775937,0,1,0.0003998400906009003,ok
100.0,0.5,2.0,1.0,128.0,0.9,0.5,riemannian_scale,183,2.0,7502.999500353867,2.0,-0.9996001599093991,-1.346373643591271,0.0,0.0,0.002300064230777155,0.002300064230777155,0,1,0.0003998400906009003,ok
100.0,0.5,2.0,1.0,128.0,0.9,0.5,riemannian_scale,184,2.0,7502.999500353867,2.0,-0.9996001599093991,-1.346373643591271,0.0,0.0,0.0022876314511513325,0.0022876314511513325,0,1,0.0003998400906009003,ok
100.0,0.5,2.0,1.0,128.0,0.9,0.5,riemannian_scale,185,2.0,7502.999500353867,2.0,-0.9996001599093991,-1.346373643591271,0.0,0.0,0.002275332357327938,0.002275332357327938,0,1,0.0003998400906009003,ok
100.0,0.5,2.0,1.0,128.0,0.9,0.5,riemannian_scale,186,2.0,7502.999500353867,2.0,-0.9996001599093991,-1.346373643591271,0.0,0.0,0.0022631648046149543,0.0022631648046149543,0,1,0.0003998400906009003,ok
100.0,0.5,2.0,1.0,128.0,0.9,0.5,riemannian_scale,187,2.0,7502.999500353867,2.0,-0.9996001599093991,-1.346373643591271,0.0,0.0,0.002251126693952109,0.002251126693952109,0,1,0.0003998400906009003,ok
100.0,0.5,2.0,1.0,128.0,0.9,0.5,riemannian_scale,188,2.0,7502.999500353867,2.0,-0.9996001599093991,-1.346373643591271,0.0,0.0,0.002239215970703685,0.002239215970703685,0,1,0.0003998400906009003,ok
100.0,0.5,2.0,1.0,128.0,0.9,0.5,riemannian_scale,189,2.0,7502.999500353867,2.0,-0.9996001599093991,-1.346373643591271,0.0,0.0,0.0022274306234894552,0.0022274306234894552,0,1,0.0003998400906009003,ok
100.0,0.5,2.0,1.0,128.0,0.9,0.5,riemannian_scale,190,2.0,7502.999500353867,2.0,-0.9996001599093991,-1.346373643591271,0.0,0.0,0.0022157686830523377,0.0022157686830523377,0,1,0.0003998400906009003,ok
100.0,0.5,2.0,1.0,128.0,0.9,0.5,riemannian_scale,191,2.0,7502.999500353867,2.0,-0.9996001599093991,-1.346373643591271,0.0,0.0,0.0022042282211614398,0.0022042282211614398,0,1,0.0003998400906009003,ok
100.0,0.5,2.0,1.0,128.0,0.9,0.5,riemannian_scale,192,2.0,7502.999500353867,2.0,-0.9996001599093991,-1.346373643591271,0.0,0.0,0.002192807349549205,0.002192807349549205,0,1,0.0003998400906009003,ok
100.0,0.5,2.0,1.0,128.0,0.9,0.5,riemannian_scale,193,2.0,7502.999500353867,2.0,-0.9996001599093991,-1.346373643591271,0.0,0.0,0.002181504218881425,0.002181504218881425,0,1,0.0003998400906009003,ok
100.0,0.5,2.0,1.0,128.0,0.9,0.5,riemannian_scale,194,2.0,7502.999500353867,2.0,-0.9996001599093991,-1.346373643591271,0.0,0.0,0.0021703170177589564,0.0021703170177589564,0,1,0.0003998400906009003,ok
100.0,0.5,2.0,1.0,128.0,0.9,0.5,riemannian_scale,195,2.0,7502.999500353867,2.0,-0.9996001599093991,-1.346373643591271,0.0,0.0,0.002159243971749982,0.002159243971749982,0,1,0.0003998400906009003,ok
100.0,0.5,2.0,1.0,128.0,0.9,0.5,riemannian_scale,196,2.0,7502.999500353867,2.0,-0.9996001599093991,-1.346373643591271,0.0,0.0,0.0021482833424517588,0.0021482833424517588,0,1,0.0003998400906009003,ok
100.0,0.5,2.0,1.0,128.0,0.9,0.5,riemannian_scale,197,2.0,7502.999500353867,2.0,-0.9996001599093991,-1.346373643591271,0.0,0.0,0.0021374334265807904,0.0021374334265807904,0,1,0.0003998400906009003,ok
100.0,0.5,2.0,1.0,128.0,0.9,0.5,riemannian_scale,198,2.0,7502.999500353867,2.0,-0.9996001599093991,-1.346373643591271,0.0,0.0,0.0021266925550904345,0.0021266925550904345,0,1,0.0003998400906009003,ok
100.0,0.5,2.0,1.0,128.0,0.9,0.5,riemannian_scale,199,2.0,7502.999500353867,2.0,-0.9996001599093991,-1.346373643591271,0.0,0.0,0.0021160590923149825,0.0021160590923149825,0,1,0.0003998400906009003,ok
100.0,0.5,2.0,1.0,128.0,0.9,0.5,riemannian_scale,200,2.0,7502.999500353867,2.0,-0.9996001599093991,-1.346373643591271,0.0,0.0,0.002105531435139286,0.002105531435139286,0,1,0.0003998400906009003,ok
100.0,0.5,2.0,1.0,128.0,0.9,0.5,riemannian_scale,201,2.0,7502.999500353867,2.0,-0.9996001599093991,-1.346373643591271,0.0,0.0,0.002095108012193052,0.002095108012193052,0,1,0.0003998400906009003,ok
100.0,0.5,2.0,1.0,128.0,0.9,0.5,riemannian_scale,202,2.0,7502.999500353867,2.0,-0.9996001599093991,-1.346373643591271,0.0,0.0,0.0020847872830689483,0.0020847872830689483,0,1,0.0003998400906009003,ok
100.0,0.5,2.0,1.0,128.0,0.9,0.5,riemannian_scale,203,2.0,7502.999500353867,2.0,-0.9996001599093991,-1.346373643591271,0.0,0.0,0.0020745677375637083,0.0020745677375637083,0,1,0.0003998400906009003,ok
100.0,0.5,2.0,1.0,128.0,0.9,0.5,riemannian_scale,204,2.0,7502.999500353867,2.0,-0.9996001599093991,-1.346373643591271,0.0,0.0,0.002064447894941446,0.002064447894941446,0,1,0.0003998400906009003,ok
100.0,0.5,2.0,1.0,128.0,0.9,0.5,riemannian_scale,205,2.0,7502.999500353867,2.0,-0.9996001599093991,-1.346373643591271,0.0,0.0,0.0020544263032184294,0.0020544263032184294,0,1,0.0003998400906009003,ok
100.0,0.5,2.0,1.0,128.0,0.9,0.5,riemannian_scale,206,2.0,7502.999500353867,2.0,-0.9996001599093991,-1.346373643591271,0.0,0.0,0.002044501538468582,0.002044501538468582,0,1,0.0003998400906009003,ok
100.0,0.5,2.0,1.0,128.0,0.9,0.5,riemannian_scale,207,2.0,7502.999500353867,2.0,-0.9996001599093991,-1.346373643591271,0.0,0.0,0.002034672204149022,0.002034672204149022,0,1,0.0003998400906009003,ok
100.0,0.5,2.0,1.0,128.0,0.9,0.5,riemannian_scale,208,2.0,7502.999500353867,2.0,-0.9996001599093991,-1.346373643591271,0.0,0.0,0.002024936930444959,0.002024936930444959,0,1,0.0003998400906009003,ok
100.0,0.5,2.0,1.0,128.0,0.9,0.5,riemannian_scale,209,2.0,7502.999500353867,2.0,-0.9996001599093991,-1.346373643591271,0.0,0.0,0.002015294373633317,0.002015294373633317,0,1,0.0003998400906009003,ok
100.0,0.5,2.0,1.0,128.0,0.9,0.5,riemannian_scale,210,2.0,7502.999500353867,2.0,-0.9996001599093991,-1.346373643591271,0.0,0.0,0.0020057432154644383,0.0020057432154644383,0,1,0.0003998400906009003,ok
100.0,0.5,2.0,1.0,128.0,0.9,0.5,riemannian_scale,211,2.0,7502.999500353867,2.0,-0.9996001599093991,-1.346373643591271,0.0,0.0,0.001996282162561304,0.001996282162561304,0,1,0.0003998400906009003,ok
100.0,0.5,2.0,1.0,128.0,0.9,0.5,riemannian_scale,212,2.0,7502.999500353867,2.0,-0.9996001599093991,-1.346373643591271,0.0,0.0,0.0019869099458356644,0.0019869099458356644,0,1,0.0003998400906009003,ok
100.0,0.5,2.0,1.0,128.0,0.9,0.5,riemannian_scale,213,2.0,7502.999500353867,2.0,-0.9996001599093991,-1.346373643591271,0.0,0.0,0.0019776253199205443,0.0019776253199205443,0,1,0.0003998400906009003,ok
100.0,0.5,2.0,1.0,128.0,0.9,0.5,riemannian_scale,214,2.0,7502.999500353867,2.0,-0.9996001599093991,-1.346373643591271,0.0,0.0,0.0019684270626185883,0.0019684270626185883,0,1,0.0003998400906009003,ok
100.0,0.5,2.0,1.0,128.0,0.9,0.5,riemannian_scale,215,2.0,7502.999500353867,2.0,-0.9996001599093991,-1.346373643591271,0.0,0.0,0.0019593139743657242,0.0019593139743657242,0,1,0.0003998400906009003,ok
100.0,0.5,2.0,1.0,128.0,0.9,0.5,riemannian_scale,216,2.0,7502.999500353867,2.0,-0.9996001599093991,-1.346373643591271,0.0,0.0,0.0019502848777096613,0.0019502848777096613,0,1,0.0003998400906009003,ok
100.0,0.5,2.0,1.0,128.0,0.9,0.5,riemannian_scale,217,2.0,7502.999500353867,2.0,-0.9996001599093991,-1.346373643591271,0.0,0.0,0.0019413386168027364,0.0019413386168027364,0,1,0.0003998400906009003,ok
100.0,0.5,2.0,1.0,128.0,0.9,0.5,riemannian_scale,218,2.0,7502.999500353867,2.0,-0.9996001599093991,-1.346373643591271,0.0,0.0,0.0019324740569086596,0.0019324740569086596,0,1,0.0003998400906009003,ok
100.0,0.5,2.0,1.0,128.0,0.9,0.5,riemannian_scale,219,2.0,7502.999500353867,2.0,-0.9996001599093991,-1.346373643591271,0.0,0.0,0.0019236900839227113,0.0019236900839227113,0,1,0.0003998400906009003,ok
100.0,0.5,2.0,1.0,128.0,0.9,0.5,riemannian_scale,220,2.0,7502.999500353867,2.0,-0.9996001599093991,-1.346373643591271,0.0,0.0,0.0019149856039049618,0.0019149856039049618,0,1,0.0003998400906009003,ok
100.0,0.5,2.0,1.0,128.0,0.9,0.5,riemannian_scale,221,2.0,7502.999500353867,2.0,-0.9996001599093991,-1.346373643591271,0.0,0.0,0.0019063595426261103,0.0019063595426261103,0,1,0.0003998400906009003,ok
100.0,0.5,2.0,1.0,128.0,0.9,0.5,riemannian_scale,222,2.0,7502.999500353867,2.0,-0.9996001599093991,-1.346373643591271,0.0,0.0,0.0018978108451255448,0.0018978108451255448,0,1,0.0003998400906009003,ok
100.0,0.5,2.0,1.0,128.0,0.9,0.5,riemannian_scale,223,2.0,7502.999500353867,2.0,-0.9996001599093991,-1.346373643591271,0.0,0.0,0.0018893384752812342,0.0018893384752812342,0,1,0.0003998400906009003,ok
100.0,0.5,2.0,1.0,128.0,0.9,0.5,riemannian_scale,224,2.0,7502.999500353867,2.0,-0.9996001599093991,-1.346373643591271,0.0,0.0,0.0018809414153910956,0.0018809414153910956,0,1,0.0003998400906009003,ok
100.0,0.5,2.0,1.0,128.0,0.9,0.5,riemannian_scale,225,2.0,7502.999500353867,2.0,-0.9996001599093991,-1.346373643591271,0.0,0.0,0.0018726186657654711,0.0018726186657654711,0,1,0.0003998400906009003,ok
100.0,0.5,2.0,1.0,128.0,0.9,0.5,riemannian_scale,226,2.0,7502.999500353867,2.0,-0.9996001599093991,-1.346373643591271,0.0,0.0,0.0018643692443303813,0.0018643692443303813,0,1,0.0003998400906009003,ok
100.0,0.5,2.0,1.0,128.0,0.9,0.5,riemannian_scale,227,2.0,7502.999500353867,2.0,-0.9996001599093991,-1.346373643591271,0.0,0.0,0.0018561921862412126,0.0018561921862412126,0,1,0.0003998400906009003,ok
100.0,0.5,2.0,1.0,128.0,0.9,0.5,riemannian_scale,228,2.0,7502.999500353867,2.0,-0.9996001599093991,-1.346373643591271,0.0,0.0,0.0018480865435065348,0.0018480865435065348,0,1,0.0003998400906009003,ok
100.0,0.5,2.0,1.0,128.0,0.9,0.5,riemannian_scale,229,2.0,7502.999500353867,2.0,-0.9996001599093991,-1.346373643591271,0.0,0.0,0.001840051384621724,0.001840051384621724,0,1,0.0003998400906009003,ok
100.0,0.5,2.0,1.0,128.0,0.9,0.5,riemannian_scale,230,2.0,7502.999500353867,2.0,-0.9996001599093991,-1.346373643591271,0.0,0.0,0.001832085794212106,0.001832085794212106,0,1,0.0003998400906009003,ok
100.0,0.5,2.0,1.0,128.0,0.9,0.5,riemannian_scale,231,2.0,7502.999500353867,2.0,-0.9996001599093991,-1.346373643591271,0.0,0.0,0.0018241888726853296,0.0018241888726853296,0,1,0.0003998400906009003,ok
100.0,0.5,2.0,1.0,128.0,0.9,0.5,riemannian_scale,232,2.0,7502.999500353867,2.0,-0.9996001599093991,-1.346373643591271,0.0,0.0,0.0018163597358926888,0.0018163597358926888,0,1,0.0003998400906009003,ok
100.0,0.5,2.0,1.0,128.0,0.9,0.5,riemannian_scale,233,2.0,7502.999500353867,2.0,-0.9996001599093991,-1.346373643591271,0.0,0.0,0.0018085975147991305,0.0018085975147991305,0,1,0.0003998400906009003,ok
100.0,0.5,2.0,1.0,128.0,0.9,0.5,riemannian_scale,234,2.0,7502.999500353867,2.0,-0.9996001599093991,-1.346373643591271,0.0,0.0,0.0018009013551616873,0.0018009013551616873,0,1,0.0003998400906009003,ok
100.0,0.5,2.0,1.0,128.0,0.9,0.5,riemannian_scale,235,2.0,7502.999500353867,2.0,-0.9996001599093991,-1.346373643591271,0.0,0.0,0.0017932704172160868,0.0017932704172160868,0,1,0.0003998400906009003,ok
100.0,0.5,2.0,1.0,128.0,0.9,0.5,riemannian_scale,236,2.0,7502.999500353867,2.0,-0.9996001599093991,-1.346373643591271,0.0,0.0,0.001785703875371293,0.001785703875371293,0,1,0.0003998400906009003,ok
100.0,0.5,2.0,1.0,128.0,0.9,0.5,riemannian_scale,237,2.0,7502.999500353867,2.0,-0.9996001599093991,-1.346373643591271,0.0,0.0,0.0017782009179117498,0.0017782009179117498,0,1,0.0003998400906009003,ok
100.0,0.5,2.0,1.0,128.0,0.9,0.5,riemannian_scale,238,2.0,7502.999500353867,2.0,-0.9996001599093991,-1.346373643591271,0.0,0.0,0.0017707607467070982,0.0017707607467070982,0,1,0.0003998400906009003,ok
100.0,0.5,2.0,1.0,128.0,0.9,0.5,riemannian_scale,239,2.0,7502.999500353867,2.0,-0.9996001599093991,-1.346373643591271,0.0,0.0,0.001763382576929152,0.001763382576929152,0,1,0.0003998400906009003,ok
100.0,0.5,2.0,1.0,128.0,0.9,0.5,riemannian_scale,240,2.0,7502.999500353867,2.0,-0.9996001599093991,-1.346373643591271,0.0,0.0,0.0017560656367759191,0.0017560656367759191,0,1,0.0003998400906009003,ok
100.0,0.5,2.0,1.0,128.0,0.9,0.5,riemannian_scale,241,2.0,7502.999500353867,2.0,-0.9996001599093991,-1.346373643591271,0.0,0.0,0.0017488091672024648,0.0017488091672024648,0,1,0.0003998400906009003,ok
100.0,0.5,2.0,1.0,128.0,0.9,0.5,riemannian_scale,242,2.0,7502.999500353867,2.0,-0.9996001599093991,-1.346373643591271,0.0,0.0,0.001741612421658422,0.001741612421658422,0,1,0.0003998400906009003,ok
100.0,0.5,2.0,1.0,128.0,0.9,0.5,riemannian_scale,243,2.0,7502.999500353867,2.0,-0.9996001599093991,-1.346373643591271,0.0,0.0,0.001734474665831953,0.001734474665831953,0,1,0.0003998400906009003,ok
100.0,0.5,2.0,1.0,128.0,0.9,0.5,riemannian_scale,244,2.0,7502.999500353867,2.0,-0.9996001599093991,-1.346373643591271,0.0,0.0,0.0017273951773999858,0.0017273951773999858,0,1,0.0003998400906009003,ok
100.0,0.5,2.0,1.0,128.0,0.9,0.5,riemannian_scale,245,2.0,7502.999500353867,2.0,-0.9996001599093991,-1.346373643591271,0.0,0.0,0.0017203732457845389,0.0017203732457845389,0,1,0.0003998400906009003,ok
100.0,0.5,2.0,1.0,128.0,0.9,0.5,riemannian_scale,246,2.0,7502.999500353867,2.0,-0.9996001599093991,-1.346373643591271,0.0,0.0,0.0017134081719149656,0.0017134081719149656,0,1,0.0003998400906009003,ok
100.0,0.5,2.0,1.0,128.0,0.9,0.5,riemannian_scale,247,2.0,7502.999500353867,2.0,-0.9996001599093991,-1.346373643591271,0.0,0.0,0.0017064992679959535,0.0017064992679959535,0,1,0.0003998400906009003,ok
100.0,0.5,2.0,1.0,128.0,0.9,0.5,riemannian_scale,248,2.0,7502.999500353867,2.0,-0.9996001599093991,-1.346373643591271,0.0,0.0,0.0016996458572811103,0.0016996458572811103,0,1,0.0003998400906009003,ok
100.0,0.5,2.0,1.0,128.0,0.9,0.5,riemannian_scale,249,2.0,7502.999500353867,2.0,-0.9996001599093991,-1.346373643591271,0.0,0.0,0.001692847273851986,0.001692847273851986,0,1,0.0003998400906009003,ok
100.0,0.5,2.0,1.0,128.0,0.9,0.5,riemannian_scale,250,2.0,7502.999500353867,2.0,-0.9996001599093991,-1.346373643591271,0.0,0.0,0.0016861028624023764,0.0016861028624023764,0,1,0.0003998400906009003,ok
100.0,0.5,2.0,1.0,128.0,0.9,0.5,riemannian_scale,251,2.0,7502.999500353867,2.0,-0.9996001599093991,-1.346373643591271,0.0,0.0,0.0016794119780277638,0.0016794119780277638,0,1,0.0003998400906009003,ok
100.0,0.5,2.0,1.0,128.0,0.9,0.5,riemannian_scale,252,2.0,7502.999500353867,2.0,-0.9996001599093991,-1.346373643591271,0.0,0.0,0.001672773986019749,0.001672773986019749,0,1,0.0003998400906009003,ok
100.0,0.5,2.0,1.0,128.0,0.9,0.5,riemannian_scale,253,2.0,7502.999500353867,2.0,-0.9996001599093991,-1.346373643591271,0.0,0.0,0.0016661882616653405,0.0016661882616653405,0,1,0.0003998400906009003,ok
100.0,0.5,2.0,1.0,128.0,0.9,0.5,riemannian_scale,254,2.0,7502.999500353867,2.0,-0.9996001599093991,-1.346373643591271,0.0,0.0,0.0016596541900509667,0.0016596541900509667,0,1,0.0003998400906009003,ok
100.0,0.5,2.0,1.0,128.0,0.9,0.5,riemannian_scale,255,2.0,7502.999500353867,2.0,-0.9996001599093991,-1.346373643591271,0.0,0.0,0.00165317116587108,0.00165317116587108,0,1,0.0003998400906009003,ok
100.0,0.5,2.0,1.0,128.0,0.9,0.5,riemannian_scale,256,2.0,7502.999500353867,2.0,-0.9996001599093991,-1.346373643591271,0.0,0.0,0.0016467385932412316,0.0016467385932412316,0,1,0.0003998400906009003,ok
100.0,0.5,2.0,1.0,128.0,0.9,0.5,riemannian_scale,257,2.0,7502.999500353867,2.0,-0.9996001599093991,-1.346373643591271,0.0,0.0,0.0016403558855154902,0.0016403558855154902,0,1,0.0003998400906009003,ok
100.0,0.5,2.0,1.0,128.0,0.9,0.5,riemannian_scale,258,2.0,7502.999500353867,2.0,-0.9996001599093991,-1.346373643591271,0.0,0.0,0.0016340224651080946,0.0016340224651080946,0,1,0.0003998400906009003,ok
100.0,0.5,2.0,1.0,128.0,0.9,0.5,riemannian_scale,259,2.0,7502.999500353867,2.0,-0.9996001599093991,-1.346373643591271,0.0,0.0,0.0016277377633192173,0.0016277377633192173,0,1,0.0003998400906009003,ok
100.0,0.5,2.0,1.0,128.0,0.9,0.5,riemannian_scale,260,2.0,7502.999500353867,2.0,-0.9996001599093991,-1.346373643591271,0.0,0.0,0.0016215012201647374,0.0016215012201647374,0,1,0.0003998400906009003,ok
100.0,0.5,2.0,1.0,128.0,0.9,0.5,riemannian_scale,261,2.0,7502.999500353867,2.0,-0.9996001599093991,-1.346373643591271,0.0,0.0,0.0016153122842099102,0.0016153122842099102,0,1,0.0003998400906009003,ok
100.0,0.5,2.0,1.0,128.0,0.9,0.5,riemannian_scale,262,2.0,7502.999500353867,2.0,-0.9996001599093991,-1.346373643591271,0.0,0.0,0.0016091704124068307,0.0016091704124068307,0,1,0.0003998400906009003,ok
100.0,0.5,2.0,1.0,128.0,0.9,0.5,riemannian_scale,263,2.0,7502.999500353867,2.0,-0.9996001599093991,-1.346373643591271,0.0,0.0,0.0016030750699355927,0.0016030750699355927,0,1,0.0003998400906009003,ok
100.0,0.5,2.0,1.0,128.0,0.9,0.5,riemannian_scale,264,2.0,7502.999500353867,2.0,-0.9996001599093991,-1.346373643591271,0.0,0.0,0.0015970257300490433,0.0015970257300490433,0,1,0.0003998400906009003,ok
100.0,0.5,2.0,1.0,128.0,0.9,0.5,riemannian_scale,265,2.0,7502.999500353867,2.0,-0.9996001599093991,-1.346373643591271,0.0,0.0,0.0015910218739210395,0.0015910218739210395,0,1,0.0003998400906009003,ok
100.0,0.5,2.0,1.0,128.0,0.9,0.5,riemannian_scale,266,2.0,7502.999500353867,2.0,-0.9996001599093991,-1.346373643591271,0.0,0.0,0.0015850629904981142,0.0015850629904981142,0,1,0.0003998400906009003,ok
100.0,0.5,2.0,1.0,128.0,0.9,0.5,riemannian_scale,267,2.0,7502.999500353867,2.0,-0.9996001599093991,-1.346373643591271,0.0,0.0,0.0015791485763544644,0.0015791485763544644,0,1,0.0003998400906009003,ok
100.0,0.5,2.0,1.0,128.0,0.9,0.5,riemannian_scale,268,2.0,7502.999500353867,2.0,-0.9996001599093991,-1.346373643591271,0.0,0.0,0.0015732781355501727,0.0015732781355501727,0,1,0.0003998400906009003,ok
100.0,0.5,2.0,1.0,128.0,0.9,0.5,riemannian_scale,269,2.0,7502.999500353867,2.0,-0.9996001599093991,-1.346373643591271,0.0,0.0,0.0015674511794925797,0.0015674511794925797,0,1,0.0003998400906009003,ok
100.0,0.5,2.0,1.0,128.0,0.9,0.5,riemannian_scale,270,2.0,7502.999500353867,2.0,-0.9996001599093991,-1.346373643591271,0.0,0.0,0.001561667226800725,0.001561667226800725,0,1,0.0003998400906009003,ok
100.0,0.5,2.0,1.0,128.0,0.9,0.5,riemannian_scale,271,2.0,7502.999500353867,2.0,-0.9996001599093991,-1.346373643591271,0.0,0.0,0.0015559258031727812,0.0015559258031727812,0,1,0.0003998400906009003,ok
100.0,0.5,2.0,1.0,128.0,0.9,0.5,riemannian_scale,272,2.0,7502.999500353867,2.0,-0.9996001599093991,-1.346373643591271,0.0,0.0,0.0015502264412563973,0.0015502264412563973,0,1,0.0003998400906009003,ok
100.0,0.5,2.0,1.0,128.0,0.9,0.5,riemannian_scale,273,2.0,7502.999500353867,2.0,-0.9996001599093991,-1.346373643591271,0.0,0.0,0.001544568680521885,0.001544568680521885,0,1,0.0003998400906009003,ok
100.0,0.5,2.0,1.0,128.0,0.9,0.5,riemannian_scale,274,2.0,7502.999500353867,2.0,-0.9996001599093991,-1.346373643591271,0.0,0.0,0.001538952067138169,0.001538952067138169,0,1,0.0003998400906009003,ok
100.0,0.5,2.0,1.0,128.0,0.9,0.5,riemannian_scale,275,2.0,7502.999500353867,2.0,-0.9996001599093991,-1.346373643591271,0.0,0.0,0.0015333761538514365,0.0015333761538514365,0,1,0.0003998400906009003,ok
100.0,0.5,2.0,1.0,128.0,0.9,0.5,riemannian_scale,276,2.0,7502.999500353867,2.0,-0.9996001599093991,-1.346373643591271,0.0,0.0,0.0015278404998664134,0.0015278404998664134,0,1,0.0003998400906009003,ok
100.0,0.5,2.0,1.0,128.0,0.9,0.5,riemannian_scale,277,2.0,7502.999500353867,2.0,-0.9996001599093991,-1.346373643591271,0.0,0.0,0.0015223446707302033,0.0015223446707302033,0,1,0.0003998400906009003,ok
100.0,0.5,2.0,1.0,128.0,0.9,0.5,riemannian_scale,278,2.0,7502.999500353867,2.0,-0.9996001599093991,-1.346373643591271,0.0,0.0,0.0015168882382186255,0.0015168882382186255,0,1,0.0003998400906009003,ok
100.0,0.5,2.0,1.0,128.0,0.9,0.5,riemannian_scale,279,2.0,7502.999500353867,2.0,-0.9996001599093991,-1.346373643591271,0.0,0.0,0.0015114707802249875,0.0015114707802249875,0,1,0.0003998400906009003,ok
100.0,0.5,2.0,1.0,128.0,0.9,0.5,riemannian_scale,280,2.0,7502.999500353867,2.0,-0.9996001599093991,-1.346373643591271,0.0,0.0,0.001506091880651233,0.001506091880651233,0,1,0.0003998400906009003,ok
100.0,0.5,2.0,1.0,128.0,0.9,0.5,riemannian_scale,281,2.0,7502.999500353867,2.0,-0.9996001599093991,-1.346373643591271,0.0,0.0,0.001500751129301406,0.001500751129301406,0,1,0.0003998400906009003,ok
100.0,0.5,2.0,1.0,128.0,0.9,0.5,riemannian_scale,282,2.0,7502.999500353867,2.0,-0.9996001599093991,-1.346373643591271,0.0,0.0,0.0014954481217773728,0.0014954481217773728,0,1,0.0003998400906009003,ok
100.0,0.5,2.0,1.0,128.0,0.9,0.5,riemannian_scale,283,2.0,7502.999500353867,2.0,-0.9996001599093991,-1.346373643591271,0.0,0.0,0.0014901824593767483,0.0014901824593767483,0,1,0.0003998400906009003,ok
100.0,0.5,2.0,1.0,128.0,0.9,0.5,riemannian_scale,284,2.0,7502.999500353867,2.0,-0.9996001599093991,-1.346373643591271,0.0,0.0,0.00148495374899297,0.00148495374899297,0,1,0.0003998400906009003,ok
100.0,0.5,2.0,1.0,128.0,0.9,0.5,riemannian_scale,285,2.0,7502.999500353867,2.0,-0.9996001599093991,-1.346373643591271,0.0,0.0,0.0014797616030174702,0.0014797616030174702,0,1,0.0003998400906009003,ok
100.0,0.5,2.0,1.0,128.0,0.9,0.5,riemannian_scale,286,2.0,7502.999500353867,2.0,-0.9996001599093991,-1.346373643591271,0.0,0.0,0.0014746056392438902,0.0014746056392438902,0,1,0.0003998400906009003,ok
100.0,0.5,2.0,1.0,128.0,0.9,0.5,riemannian_scale,287,2.0,7502.999500353867,2.0,-0.9996001599093991,-1.346373643591271,0.0,0.0,0.0014694854807742934,0.0014694854807742934,0,1,0.0003998400906009003,ok
100.0,0.5,2.0,1.0,128.0,0.9,0.5,riemannian_scale,288,2.0,7502.999500353867,2.0,-0.9996001599093991,-1.346373643591271,0.0,0.0,0.0014644007559273236,0.0014644007559273236,0,1,0.0003998400906009003,ok
100.0,0.5,2.0,1.0,128.0,0.9,0.5,riemannian_scale,289,2.0,7502.999500353867,2.0,-0.9996001599093991,-1.346373643591271,0.0,0.0,0.0014593510981482638,0.0014593510981482638,0,1,0.0003998400906009003,ok
100.0,0.5,2.0,1.0,128.0,0.9,0.5,riemannian_scale,290,2.0,7502.999500353867,2.0,-0.9996001599093991,-1.346373643591271,0.0,0.0,0.00145433614592095,0.00145433614592095,0,1,0.0003998400906009003,ok
100.0,0.5,2.0,1.0,128.0,0.9,0.5,riemannian_scale,291,2.0,7502.999500353867,2.0,-0.9996001599093991,-1.346373643591271,0.0,0.0,0.0014493555426814948,0.0014493555426814948,0,1,0.0003998400906009003,ok
100.0,0.5,2.0,1.0,128.0,0.9,0.5,riemannian_scale,292,2.0,7502.999500353867,2.0,-0.9996001599093991,-1.346373643591271,0.0,0.0,0.0014444089367337764,0.0014444089367337764,0,1,0.0003998400906009003,ok
100.0,0.5,2.0,1.0,128.0,0.9,0.5,riemannian_scale,293,2.0,7502.999500353867,2.0,-0.9996001599093991,-1.346373643591271,0.0,0.0,0.0014394959811666547,0.0014394959811666547,0,1,0.0003998400906009003,ok
100.0,0.5,2.0,1.0,128.0,0.9,0.5,riemannian_scale,294,2.0,7502.999500353867,2.0,-0.9996001599093991,-1.346373643591271,0.0,0.0,0.0014346163337728695,0.0014346163337728695,0,1,0.0003998400906009003,ok
100.0,0.5,2.0,1.0,128.0,0.9,0.5,riemannian_scale,295,2.0,7502.999500353867,2.0,-0.9996001599093991,-1.346373643591271,0.0,0.0,0.001429769656969583,0.001429769656969583,0,1,0.0003998400906009003,ok
100.0,0.5,2.0,1.0,128.0,0.9,0.5,riemannian_scale,296,2.0,7502.999500353867,2.0,-0.9996001599093991,-1.346373643591271,0.0,0.0,0.0014249556177205267,0.0014249556177205267,0,1,0.0003998400906009003,ok
100.0,0.5,2.0,1.0,128.0,0.9,0.5,riemannian_scale,297,2.0,7502.999500353867,2.0,-0.9996001599093991,-1.346373643591271,0.0,0.0,0.0014201738874597197,0.0014201738874597197,0,1,0.0003998400906009003,ok
100.0,0.5,2.0,1.0,128.0,0.9,0.5,riemannian_scale,298,2.0,7502.999500353867,2.0,-0.9996001599093991,-1.346373643591271,0.0,0.0,0.0014154241420167107,0.0014154241420167107,0,1,0.0003998400906009003,ok
100.0,0.5,2.0,1.0,128.0,0.9,0.5,riemannian_scale,299,2.0,7502.999500353867,2.0,-0.9996001599093991,-1.346373643591271,0.0,0.0,0.0014107060615433217,0.0014107060615433217,0,1,0.0003998400906009003,ok
300.0,0.5,2.0,1.0,128.0,0.9,0.00703125,theorem_safe,0,1.0,1.0141619175233074,1.0141619175233074,-0.9999777782715892,-0.49999444453084785,4.920806558174947e-05,4.920806558174947e-05,9.922561522988432e-05,5.0017549648134847e-05,0,0,0.9929689062465279,ok
300.0,0.5,2.0,1.0,128.0,0.9,0.00703125,theorem_safe,1,1.0141619175233074,1.028627542206406,1.028627542206406,-0.9999774635763963,-0.5141065320302092,4.991071861349273e-05,4.920806558174947e-05,9.993573166188555e-05,5.072766608013608e-05,0,0,0.9928693347207292,ok
300.0,0.5,2.0,1.0,128.0,0.9,0.00703125,theorem_safe,2,1.028627542206406,1.0434063828096796,1.0434063828096796,-0.999977142132662,-0.528420608203562,5.0633631449983896e-05,4.920806558174947e-05,0.00010065952289796676,5.145145731621729e-05,0,0,0.9927676279142418,ok
300.0,0.5,2.0,1.0,128.0,0.9,0.00703125,theorem_safe,3,1.0434063828096796,1.0585083486509619,1.0585083486509619,-0.9999768137291033,-0.5429425076339803,5.137761606957385e-05,4.920806558174947e-05,0.00010139740072571226,5.218933514396279e-05,0,0,0.9926637189758127,ok
300.0,0.5,2.0,1.0,128.0,0.9,0.00703125,theorem_safe,4,1.0585083486509619,1.073943770926895,1.073943770926895,-0.9999764781455374,-0.5576782991659197,5.214352631183108e-05,4.920806558174947e-05,0.00010214979392417145,5.2941728342421985e-05,0,0,0.9925575382381682,ok
300.0,0.5,2.0,1.0,128.0,0.9,0.00703125,theorem_safe,5,1.073943770926895,1.0897234254108623,1.0897234254108623,-0.999976135152407,-0.5726342979880364,5.2932260520255e-05,4.920806558174947e-05,0.00010291714924986132,5.370908366811185e-05,0,0,0.9924490130681232,ok
300.0,0.5,2.0,1.0,128.0,0.9,0.00703125,theorem_safe,6,1.0897234254108623,1.1058585566323167,1.1058585566323167,-0.9999757845102777,-0.5878170785573962,5.374476438291687e-05,4.920806558174947e-05,0.00010369993228015505,5.449186669840558e-05,0,0,0.9923380677070156,ok
300.0,0.5,2.0,1.0,128.0,0.9,0.00703125,theorem_safe,7,1.1058585566323167,1.122360903651539,1.122360903651539,-0.9999754259692996,-0.6032334882230911,5.458203398809366e-05,4.920806558174947e-05,0.00010449862849012294,5.529056290837347e-05,0,0,0.9922246231007252,ok
300.0,0.5,2.0,1.0,128.0,0.9,0.00703125,theorem_safe,8,1.122360903651539,1.1392427275540082,1.1392427275540082,-0.9999750592686345,-0.6188906618351655,5.544511911385365e-05,4.920806558174947e-05,0.00010531374434513756,5.6105678763388085e-05,0,0,0.9921085967184784,ok
300.0,0.5,2.0,1.0,128.0,0.9,0.00703125,theorem_safe,9,1.1392427275540082,1.1565168407997377,1.1565168407997377,-0.9999746841358454,-0.6347960372926239,5.633512677232465e-05,4.920806558174947e-05,0.00010614580839823599,5.693774281648652e-05,0,0,0.9919899023595633,ok
300.0,0.5,2.0,1.0,128.0,0.9,0.00703125,theorem_safe,10,1.1565168407997377,1.1741966385752425,1.1741966385752425,-0.9999743002862449,-0.6509573720305613,5.72532250315335e-05,4.920806558174947e-05,0.0001069953725676428,5.7787306985893324e-05,0,0,0.9918684499470064,ok
300.0,0.5,2.0,1.0,128.0,0.9,0.00703125,theorem_safe,11,1.1741966385752425,1.1922961323093948,1.1922961323093948,-0.9999739074221978,-0.6673827607255601,5.820064714001823e-05,4.920806558174947e-05,0.00010786301345250752,5.865494787075805e-05,0,0,0.9917441453071696,ok
300.0,0.5,2.0,1.0,128.0,0.9,0.00703125,theorem_safe,12,1.1922961323093948,1.210829985529435,1.210829985529435,-0.9999735052323765,-0.6840806541564607,5.917869598205238e-05,4.920806558174947e-05,0.0001087493337205163,5.9541268138766824e-05,0,0,0.9916168899341375,ok
300.0,0.5,2.0,1.0,128.0,0.9,0.00703125,theorem_safe,13,1.210829985529435,1.229813552250009,1.229813552250009,-0.999973093390965,-0.7010598793207802,6.018874889421842e-05,4.920806558174947e-05,0.00010965496363612526,6.044689805437579e-05,0,0,0.9914865807376534,ok
300.0,0.5,2.0,1.0,128.0,0.9,0.00703125,theorem_safe,14,1.229813552250009,1.2492629181064852,1.2492629181064852,-0.9999726715568056,-0.7183296610152217,6.12322628773445e-05,4.920806558174947e-05,0.0001105805626415048,6.137249705975533e-05,0,0,0.9913531097732485,ok
300.0,0.5,2.0,1.0,128.0,0.9,0.00703125,theorem_safe,15,1.2492629181064852,1.2691949444641835,1.2691949444641835,-0.9999722393724846,-0.7358996448327247,6.231078024144729e-05,4.920806558174947e-05,0.00011152682112914274,6.231875554739327e-05,0,0,0.9912163639530817,ok
300.0,0.5,2.0,1.0,128.0,0.9,0.00703125,theorem_safe,16,1.2691949444641835,1.289627315757769,1.289627315757769,-0.9999717964633532,-0.7537799219447193,6.342593472548688e-05,4.920806558174947e-05,0.000112494462239843,6.328639665809353e-05,0,0,0.9910762247358574,ok
300.0,0.5,2.0,1.0,128.0,0.9,0.00703125,theorem_safe,17,1.289627315757769,1.3105785903401836,1.3105785903401836,-0.9999713424364749,-0.7719810554574016,6.457945813819616e-05,4.920806558174947e-05,0.00011348424389896325,6.427617831721378e-05,0,0,0.9909325677940395,ok
300.0,0.5,2.0,1.0,128.0,0.9,0.00703125,theorem_safe,18,1.3105785903401836,1.332068255148464,1.332068255148464,-0.9999708768794962,-0.7905141089121938,6.577318757157967e-05,4.920806558174947e-05,0.00011449696090621364,6.528889532446417e-05,0,0,0.9907852626563924,ok
300.0,0.5,2.0,1.0,128.0,0.9,0.00703125,theorem_safe,19,1.332068255148464,1.354116784524933,1.354116784524933,-0.9999703993594318,-0.8093906766685274,6.700907324438954e-05,4.920806558174947e-05,0.00011553344726809908,6.632538168634961e-05,0,0,0.9906341723236926,ok
300.0,0.5,2.0,1.0,128.0,0.9,0.00703125,theorem_safe,20,1.354116784524933,1.3767457035670045,1.3767457035670045,-0.9999699094213581,-0.8286229167601075,6.828918703941783e-05,4.920806558174947e-05,0.00011659457864004152,6.738651305829205e-05,0,0,0.9904791528552297,ok
300.0,0.5,2.0,1.0,128.0,0.9,0.00703125,theorem_safe,21,1.3767457035670045,1.3999776564176525,1.3999776564176525,-0.9999694065870053,-0.8482235860691052,6.961573180597203e-05,4.920806558174947e-05,0.00011768127499358258,6.847320941183311e-05,0,0,0.9903200529234735,ok
300.0,0.5,2.0,1.0,128.0,0.9,0.00703125,theorem_safe,22,1.3999776564176525,1.4238364799519991,1.4238364799519991,-0.9999688903532404,-0.8682060782885462,7.099105150707233e-05,4.920806558174947e-05,0.00011879450348803071,6.958643790628124e-05,0,0,0.9901567133340112,ok
300.0,0.5,2.0,1.0,128.0,0.9,0.00703125,theorem_safe,23,1.4238364799519991,1.4483472833641144,1.4483472833641144,-0.9999683601904303,-0.8885844648294727,7.241764230059115e-05,4.920806558174947e-05,0.00011993528154937406,7.072721596762459e-05,0,0,0.989988966507553,ok
300.0,0.5,2.0,1.0,128.0,0.9,0.00703125,theorem_safe,24,1.4483472833641144,1.473536534212657,1.473536534212657,-0.9999678155406728,-0.9093735388860447,7.389816465413687e-05,4.920806558174947e-05,0.00012110468021428259,7.189661463253312e-05,0,0,0.9898166359204618,ok
300.0,0.5,2.0,1.0,128.0,0.9,0.00703125,theorem_safe,25,1.473536534212657,1.4994321515452584,1.4994321515452584,-0.9999672558158861,-0.9305888630705192,7.543545660572241e-05,4.920806558174947e-05,0.00012230382774956598,7.309576216781651e-05,0,0,0.989639535499883,ok
300.0,0.5,2.0,1.0,128.0,0.9,0.00703125,theorem_safe,26,1.4994321515452584,1.526063606790506,1.526063606790506,-0.9999666803957387,-0.9522468209203541,7.703254829623425e-05,4.920806558174947e-05,0.000123533913543885,7.432584796213552e-05,0,0,0.9894574689691139,ok
300.0,0.5,2.0,1.0,128.0,0.9,0.00703125,theorem_safe,27,1.526063606790506,1.5534620331840543,1.5534620331840543,-0.9999660886254085,-0.9743646725393662,7.869267791538702e-05,4.920806558174947e-05,0.00012479619236097916,7.558812677922969e-05,0,0,0.9892702291383727,ok
300.0,0.5,2.0,1.0,128.0,0.9,0.00703125,theorem_safe,28,1.5534620331840543,1.5816603445830961,1.5816603445830961,-0.9999654798131519,-0.9969606149994581,8.041930922106193e-05,4.920806558174947e-05,0.0001260919889167091,7.688392333495963e-05,0,0,0.9890775971355784,ok
300.0,0.5,2.0,1.0,128.0,0.9,0.00703125,theorem_safe,29,1.5816603445830961,1.610693364622548,1.610693364622548,-0.9999648532276633,-1.020053847707319,8.221615081248357e-05,4.920806558174947e-05,0.00012742270287643037,7.82146372946809e-05,0,0,0.9888793415711379,ok
300.0,0.5,2.0,1.0,128.0,0.9,0.00703125,theorem_safe,30,1.610693364622548,1.6405979672785818,1.6405979672785818,-0.9999642080952065,-1.043664643470284,8.408717736146411e-05,4.920806558174947e-05,0.00012878981427274857,7.95817486909991e-05,0,0,0.9886752176300384,ok
300.0,0.5,2.0,1.0,128.0,0.9,0.00703125,theorem_safe,31,1.6405979672785818,1.671413230032495,1.671413230032495,-0.9999635435964913,-1.0678144256800326,8.603665303306279e-05,4.920806558174947e-05,0.000130194889409798,8.098682382804852e-05,0,0,0.9884649660837548,ok
300.0,0.5,2.0,1.0,128.0,0.9,0.00703125,theorem_safe,32,1.671413230032495,1.7031806009726644,1.7031806009726644,-0.9999628588632707,-1.0925258523336618,8.806915735833781e-05,4.920806558174947e-05,0.00013163958730113184,8.243152171938237e-05,0,0,0.9882483122135886,ok
300.0,0.5,2.0,1.0,128.0,0.9,0.00703125,theorem_safe,33,1.7031806009726644,1.735944081337137,1.735944081337137,-0.9999621529746292,-1.1178229075974933,9.018961385792897e-05,4.920806558174947e-05,0.00013312566669104162,8.391760110929215e-05,0,0,0.9880249646360318,ok
300.0,0.5,2.0,1.0,128.0,0.9,0.00703125,theorem_safe,34,1.735944081337137,1.7697504251874288,1.7697504251874288,-0.9999614249529267,-1.1437310016857514,9.240332175682563e-05,4.920806558174947e-05,0.00013465499371676838,8.544692813501891e-05,0,0,0.9877946140195998,ok
300.0,0.5,2.0,1.0,128.0,0.9,0.00703125,theorem_safe,35,1.7697504251874288,1.8046493581190008,1.8046493581190008,-0.999960673759362,-1.1702770799209838,9.471599117895878e-05,4.920806558174947e-05,0.0001362295503230901,8.702148474134063e-05,0,0,0.9875569316812445,ok
300.0,0.5,2.0,1.0,128.0,0.9,0.00703125,theorem_safe,36,1.8046493581190008,1.8406938171600078,1.8406938171600078,-0.9999598982891154,-1.1974897421850692,9.713378226615561e-05,4.920806558174947e-05,0.00013785144344104233,8.864337785929286e-05,0,0,0.9873115680489611,ok
300.0,0.5,2.0,1.0,128.0,0.9,0.00703125,theorem_safe,37,1.8406938171600078,1.8779402142923982,1.8779402142923982,-0.9999590973660173,-1.2253993735717106,9.966334873104214e-05,4.920806558174947e-05,0.00013952291509659057,9.03148495148411e-05,0,0,0.9870581509754603,ok
300.0,0.5,2.0,1.0,128.0,0.9,0.00703125,theorem_safe,38,1.8779402142923982,1.9164487263543433,1.9164487263543433,-0.999958269736695,-1.2540382878973106,0.00010231188642936123,4.920806558174947e-05,0.00014124635350261217,9.20382879208627e-05,0,0,0.9867962838858008,ok
300.0,0.5,2.0,1.0,128.0,0.9,0.00703125,theorem_safe,39,1.9164487263543433,1.9562836144574884,1.9562836144574884,-0.9999574140641322,-1.2834408852920034,0.00010508718762566177,4.920806558174947e-05,0.00014302430526923324,9.381623968748377e-05,0,0,0.986525543739589,ok
300.0,0.5,2.0,1.0,128.0,0.9,0.00703125,theorem_safe,40,1.9562836144574884,1.9975135764852139,1.9975135764852139,-0.9999565289205723,-1.3136438256180414,0.00010799770173013264,4.920806558174947e-05,0.00014485948886235696,9.565142328060749e-05,0,0,0.9862454787857236,ok
300.0,0.5,2.0,1.0,128.0,0.9,0.00703125,theorem_safe,41,1.9975135764852139,2.0402121367391857,2.0,-0.9999556127796876,-1.3446862195860136,3.8671441359458634e-07,3.8671441359458634e-07,0.0001417226993618544,0.0001413359849482598,0,1,0.9859556060846171,ok
300.0,0.5,2.0,1.0,128.0,0.9,0.00703125,theorem_safe,42,2.0,2.0427879285596555,2.0,-0.9999555575307396,-1.3465513687189914,0.0,0.0,0.00013842682263250894,0.00013842682263250894,0,1,0.985938124972224,ok
300.0,0.5,2.0,1.0,128.0,0.9,0.00703125,theorem_safe,43,2.0,2.0427879285596555,2.0,-0.9999555575307396,-1.3465513687189914,0.0,0.0,0.00013528075848177009,0.00013528075848177009,0,1,0.985938124972224,ok
300.0,0.5,2.0,1.0,128.0,0.9,0.00703125,theorem_safe,44,2.0,2.0427879285596555,2.0,-0.9999555575307396,-1.3465513687189914,0.0,0.0,0.00013227451940439744,0.00013227451940439744,0,1,0.985938124972224,ok
300.0,0.5,2.0,1.0,128.0,0.9,0.00703125,theorem_safe,45,2.0,2.0427879285596555,2.0,-0.9999555575307396,-1.3465513687189914,0.0,0.0,0.00012939898637386705,0.00012939898637386705,0,1,0.985938124972224,ok
300.0,0.5,2.0,1.0,128.0,0.9,0.00703125,theorem_safe,46,2.0,2.0427879285596555,2.0,-0.9999555575307396,-1.3465513687189914,0.0,0.0,0.00012664581645101882,0.00012664581645101882,0,1,0.985938124972224,ok
300.0,0.5,2.0,1.0,128.0,0.9,0.00703125,theorem_safe,47,2.0,2.0427879285596555,2.0,-0.9999555575307396,-1.3465513687189914,0.0,0.0,0.0001240073619416226,0.0001240073619416226,0,1,0.985938124972224,ok
300.0,0.5,2.0,1.0,128.0,0.9,0.00703125,theorem_safe,48,2.0,2.0427879285596555,2.0,-0.9999555575307396,-1.3465513687189914,0.0,0.0,0.00012147659945301805,0.00012147659945301805,0,1,0.985938124972224,ok
300.0,0.5,2.0,1.0,128.0,0.9,0.00703125,theorem_safe,49,2.0,2.0427879285596555,2.0,-0.9999555575307396,-1.3465513687189914,0.0,0.0,0.0001190470674639577,0.0001190470674639577,0,1,0.985938124972224,ok
300.0,0.5,2.0,1.0,128.0,0.9,0.00703125,theorem_safe,50,2.0,2.0427879285596555,2.0,-0.9999555575307396,-1.3465513687189914,0.0,0.0,0.0001167128112391742,0.0001167128112391742,0,1,0.985938124972224,ok
300.0,0.5,2.0,1.0,128.0,0.9,0.00703125,theorem_safe,51,2.0,2.0427879285596555,2.0,-0.9999555575307396,-1.3465513687189914,0.0,0.0,0.00011446833409995932,0.00011446833409995932,0,1,0.985938124972224,ok
300.0,0.5,2.0,1.0,128.0,0.9,0.00703125,theorem_safe,52,2.0,2.0427879285596555,2.0,-0.9999555575307396,-1.3465513687189914,0.0,0.0,0.00011230855421128084,0.00011230855421128084,0,1,0.985938124972224,ok
300.0,0.5,2.0,1.0,128.0,0.9,0.00703125,theorem_safe,53,2.0,2.0427879285596555,2.0,-0.9999555575307396,-1.3465513687189914,0.0,0.0,0.00011022876617033119,0.00011022876617033119,0,1,0.985938124972224,ok
300.0,0.5,2.0,1.0,128.0,0.9,0.00703125,theorem_safe,54,2.0,2.0427879285596555,2.0,-0.9999555575307396,-1.3465513687189914,0.0,0.0,0.00010822460678541609,0.00010822460678541609,0,1,0.985938124972224,ok
300.0,0.5,2.0,1.0,128.0,0.9,0.00703125,theorem_safe,55,2.0,2.0427879285596555,2.0,-0.9999555575307396,-1.3465513687189914,0.0,0.0,0.00010629202452139081,0.00010629202452139081,0,1,0.985938124972224,ok
300.0,0.5,2.0,1.0,128.0,0.9,0.00703125,theorem_safe,56,2.0,2.0427879285596555,2.0,-0.9999555575307396,-1.3465513687189914,0.0,0.0,0.0001044272521613664,0.0001044272521613664,0,1,0.985938124972224,ok
300.0,0.5,2.0,1.0,128.0,0.9,0.00703125,theorem_safe,57,2.0,2.0427879285596555,2.0,-0.9999555575307396,-1.3465513687189914,0.0,0.0,0.00010262678229651525,0.00010262678229651525,0,1,0.985938124972224,ok
300.0,0.5,2.0,1.0,128.0,0.9,0.00703125,theorem_safe,58,2.0,2.0427879285596555,2.0,-0.9999555575307396,-1.3465513687189914,0.0,0.0,0.00010088734530843871,0.00010088734530843871,0,1,0.985938124972224,ok
300.0,0.5,2.0,1.0,128.0,0.9,0.00703125,theorem_safe,59,2.0,2.0427879285596555,2.0,-0.9999555575307396,-1.3465513687189914,0.0,0.0,9.920588955329808e-05,9.920588955329808e-05,0,1,0.985938124972224,ok
300.0,0.5,2.0,1.0,128.0,0.9,0.00703125,theorem_safe,60,2.0,2.0427879285596555,2.0,-0.9999555575307396,-1.3465513687189914,0.0,0.0,9.757956349504729e-05,9.757956349504729e-05,0,1,0.985938124972224,ok
300.0,0.5,2.0,1.0,128.0,0.9,0.00703125,theorem_safe,61,2.0,2.0427879285596555,2.0,-0.9999555575307396,-1.3465513687189914,0.0,0.0,9.600569956770781e-05,9.600569956770781e-05,0,1,0.985938124972224,ok
300.0,0.5,2.0,1.0,128.0,0.9,0.00703125,theorem_safe,62,2.0,2.0427879285596555,2.0,-0.9999555575307396,-1.3465513687189914,0.0,0.0,9.448179957456959e-05,9.448179957456959e-05,0,1,0.985938124972224,ok
300.0,0.5,2.0,1.0,128.0,0.9,0.00703125,theorem_safe,63,2.0,2.0427879285596555,2.0,-0.9999555575307396,-1.3465513687189914,0.0,0.0,9.300552145621695e-05,9.300552145621695e-05,0,1,0.985938124972224,ok
300.0,0.5,2.0,1.0,128.0,0.9,0.00703125,theorem_safe,64,2.0,2.0427879285596555,2.0,-0.9999555575307396,-1.3465513687189914,0.0,0.0,9.157466727996745e-05,9.157466727996745e-05,0,1,0.985938124972224,ok
300.0,0.5,2.0,1.0,128.0,0.9,0.00703125,theorem_safe,65,2.0,2.0427879285596555,2.0,-0.9999555575307396,-1.3465513687189914,0.0,0.0,9.018717232118007e-05,9.018717232118007e-05,0,1,0.985938124972224,ok
300.0,0.5,2.0,1.0,128.0,0.9,0.00703125,theorem_safe,66,2.0,2.0427879285596555,2.0,-0.9999555575307396,-1.3465513687189914,0.0,0.0,8.884109512235648e-05,8.884109512235648e-05,0,1,0.985938124972224,ok
300.0,0.5,2.0,1.0,128.0,0.9,0.00703125,theorem_safe,67,2.0,2.0427879285596555,2.0,-0.9999555575307396,-1.3465513687189914,0.0,0.0,8.753460842938065e-05,8.753460842938065e-05,0,1,0.985938124972224,ok
300.0,0.5,2.0,1.0,128.0,0.9,0.00703125,theorem_safe,68,2.0,2.0427879285596555,2.0,-0.9999555575307396,-1.3465513687189914,0.0,0.0,8.626599091591138e-05,8.626599091591138e-05,0,1,0.985938124972224,ok
300.0,0.5,2.0,1.0,128.0,0.9,0.00703125,theorem_safe,69,2.0,2.0427879285596555,2.0,-0.9999555575307396,-1.3465513687189914,0.0,0.0,8.503361961711263e-05,8.503361961711263e-05,0,1,0.985938124972224,ok
300.0,0.5,2.0,1.0,128.0,0.9,0.00703125,theorem_safe,70,2.0,2.0427879285596555,2.0,-0.9999555575307396,-1.3465513687189914,0.0,0.0,8.38359630027871e-05,8.38359630027871e-05,0,1,0.985938124972224,ok
300.0,0.5,2.0,1.0,128.0,0.9,0.00703125,theorem_safe,71,2.0,2.0427879285596555,2.0,-0.9999555575307396,-1.3465513687189914,0.0,0.0,8.26715746277484e-05,8.26715746277484e-05,0,1,0.985938124972224,ok
300.0,0.5,2.0,1.0,128.0,0.9,0.00703125,theorem_safe,72,2.0,2.0427879285596555,2.0,-0.9999555575307396,-1.3465513687189914,0.0,0.0,8.153908730408061e-05,8.153908730408061e-05,0,1,0.985938124972224,ok
300.0,0.5,2.0,1.0,128.0,0.9,0.00703125,theorem_safe,73,2.0,2.0427879285596555,2.0,-0.9999555575307396,-1.3465513687189914,0.0,0.0,8.043720774591735e-05,8.043720774591735e-05,0,1,0.985938124972224,ok
300.0,0.5,2.0,1.0,128.0,0.9,0.00703125,theorem_safe,74,2.0,2.0427879285596555,2.0,-0.9999555575307396,-1.3465513687189914,0.0,0.0,7.936471164263846e-05,7.936471164263846e-05,0,1,0.985938124972224,ok
300.0,0.5,2.0,1.0,128.0,0.9,0.00703125,theorem_safe,75,2.0,2.0427879285596555,2.0,-0.9999555575307396,-1.3465513687189914,0.0,0.0,7.83204391210248e-05,7.83204391210248e-05,0,1,0.985938124972224,ok
300.0,0.5,2.0,1.0,128.0,0.9,0.00703125,theorem_safe,76,2.0,2.0427879285596555,2.0,-0.9999555575307396,-1.3465513687189914,0.0,0.0,7.730329056101149e-05,7.730329056101149e-05,0,1,0.985938124972224,ok
300.0,0.5,2.0,1.0,128.0,0.9,0.00703125,theorem_safe,77,2.0,2.0427879285596555,2.0,-0.9999555575307396,-1.3465513687189914,0.0,0.0,7.631222273330622e-05,7.631222273330622e-05,0,1,0.985938124972224,ok
300.0,0.5,2.0,1.0,128.0,0.9,0.00703125,theorem_safe,78,2.0,2.0427879285596555,2.0,-0.9999555575307396,-1.3465513687189914,0.0,0.0,7.534624523035297e-05,7.534624523035297e-05,0,1,0.985938124972224,ok
300.0,0.5,2.0,1.0,128.0,0.9,0.00703125,theorem_safe,79,2.0,2.0427879285596555,2.0,-0.9999555575307396,-1.3465513687189914,0.0,0.0,7.440441716497355e-05,7.440441716497355e-05,0,1,0.985938124972224,ok
300.0,0.5,2.0,1.0,128.0,0.9,0.00703125,theorem_safe,80,2.0,2.0427879285596555,2.0,-0.9999555575307396,-1.3465513687189914,0.0,0.0,7.348584411355413e-05,7.348584411355413e-05,0,1,0.985938124972224,ok
300.0,0.5,2.0,1.0,128.0,0.9,0.00703125,theorem_safe,81,2.0,2.0427879285596555,2.0,-0.9999555575307396,-1.3465513687189914,0.0,0.0,7.258967528290104e-05,7.258967528290104e-05,0,1,0.985938124972224,ok
300.0,0.5,2.0,1.0,128.0,0.9,0.00703125,theorem_safe,82,2.0,2.0427879285596555,2.0,-0.9999555575307396,-1.3465513687189914,0.0,0.0,7.171510088190222e-05,7.171510088190222e-05,0,1,0.985938124972224,ok
300.0,0.5,2.0,1.0,128.0,0.9,0.00703125,theorem_safe,83,2.0,2.0427879285596555,2.0,-0.9999555575307396,-1.3465513687189914,0.0,0.0,7.08613496809272e-05,7.08613496809272e-05,0,1,0.985938124972224,ok
300.0,0.5,2.0,1.0,128.0,0.9,0.00703125,theorem_safe,84,2.0,2.0427879285596555,2.0,-0.9999555575307396,-1.3465513687189914,0.0,0.0,7.002768674350452e-05,7.002768674350452e-05,0,1,0.985938124972224,ok
300.0,0.5,2.0,1.0,128.0,0.9,0.00703125,theorem_safe,85,2.0,2.0427879285596555,2.0,-0.9999555575307396,-1.3465513687189914,0.0,0.0,6.921341131625447e-05,6.921341131625447e-05,0,1,0.985938124972224,ok
300.0,0.5,2.0,1.0,128.0,0.9,0.00703125,theorem_safe,86,2.0,2.0427879285596555,2.0,-0.9999555575307396,-1.3465513687189914,0.0,0.0,6.841785486434349e-05,6.841785486434349e-05,0,1,0.985938124972224,ok
300.0,0.5,2.0,1.0,128.0,0.9,0.00703125,theorem_safe,87,2.0,2.0427879285596555,2.0,-0.9999555575307396,-1.3465513687189914,0.0,0.0,6.764037924088504e-05,6.764037924088504e-05,0,1,0.985938124972224,ok
300.0,0.5,2.0,1.0,128.0,0.9,0.00703125,theorem_safe,88,2.0,2.0427879285596555,2.0,-0.9999555575307396,-1.3465513687189914,0.0,0.0,6.688037497975151e-05,6.688037497975151e-05,0,1,0.985938124972224,ok
300.0,0.5,2.0,1.0,128.0,0.9,0.00703125,theorem_safe,89,2.0,2.0427879285596555,2.0,-0.9999555575307396,-1.3465513687189914,0.0,0.0,6.613725970219872e-05,6.613725970219872e-05,0,1,0.985938124972224,ok
300.0,0.5,2.0,1.0,128.0,0.9,0.00703125,theorem_safe,90,2.0,2.0427879285596555,2.0,-0.9999555575307396,-1.3465513687189914,0.0,0.0,6.541047662854818e-05,6.541047662854818e-05,0,1,0.985938124972224,ok
300.0,0.5,2.0,1.0,128.0,0.9,0.00703125,theorem_safe,91,2.0,2.0427879285596555,2.0,-0.9999555575307396,-1.3465513687189914,0.0,0.0,6.469949318693352e-05,6.469949318693352e-05,0,1,0.985938124972224,ok
300.0,0.5,2.0,1.0,128.0,0.9,0.00703125,theorem_safe,92,2.0,2.0427879285596555,2.0,-0.9999555575307396,-1.3465513687189914,0.0,0.0,6.40037997118052e-05,6.40037997118052e-05,0,1,0.985938124972224,ok
300.0,0.5,2.0,1.0,128.0,0.9,0.00703125,theorem_safe,93,2.0,2.0427879285596555,2.0,-0.9999555575307396,-1.3465513687189914,0.0,0.0,6.332290822550941e-05,6.332290822550941e-05,0,1,0.985938124972224,ok
300.0,0.5,2.0,1.0,128.0,0.9,0.00703125,theorem_safe,94,2.0,2.0427879285596555,2.0,-0.9999555575307396,-1.3465513687189914,0.0,0.0,6.265635129681984e-05,6.265635129681984e-05,0,1,0.985938124972224,ok
300.0,0.5,2.0,1.0,128.0,0.9,0.00703125,theorem_safe,95,2.0,2.0427879285596555,2.0,-0.9999555575307396,-1.3465513687189914,0.0,0.0,6.20036809708113e-05,6.20036809708113e-05,0,1,0.985938124972224,ok
300.0,0.5,2.0,1.0,128.0,0.9,0.00703125,theorem_safe,96,2.0,2.0427879285596555,2.0,-0.9999555575307396,-1.3465513687189914,0.0,0.0,6.136446776492664e-05,6.136446776492664e-05,0,1,0.985938124972224,ok
300.0,0.5,2.0,1.0,128.0,0.9,0.00703125,theorem_safe,97,2.0,2.0427879285596555,2.0,-0.9999555575307396,-1.3465513687189914,0.0,0.0,6.073829972650903e-05,6.073829972650903e-05,0,1,0.985938124972224,ok
300.0,0.5,2.0,1.0,128.0,0.9,0.00703125,theorem_safe,98,2.0,2.0427879285596555,2.0,-0.9999555575307396,-1.3465513687189914,0.0,0.0,6.012478154745337e-05,6.012478154745337e-05,0,1,0.985938124972224,ok
300.0,0.5,2.0,1.0,128.0,0.9,0.00703125,theorem_safe,99,2.0,2.0427879285596555,2.0,-0.9999555575307396,-1.3465513687189914,0.0,0.0,5.952353373197885e-05,5.952353373197885e-05,0,1,0.985938124972224,ok
300.0,0.5,2.0,1.0,128.0,0.9,0.00703125,theorem_safe,100,2.0,2.0427879285596555,2.0,-0.9999555575307396,-1.3465513687189914,0.0,0.0,5.893419181384045e-05,5.893419181384045e-05,0,1,0.985938124972224,ok
300.0,0.5,2.0,1.0,128.0,0.9,0.00703125,theorem_safe,101,2.0,2.0427879285596555,2.0,-0.9999555575307396,-1.3465513687189914,0.0,0.0,5.83564056195871e-05,5.83564056195871e-05,0,1,0.985938124972224,ok
300.0,0.5,2.0,1.0,128.0,0.9,0.00703125,theorem_safe,102,2.0,2.0427879285596555,2.0,-0.9999555575307396,-1.3465513687189914,0.0,0.0,5.778983857473674e-05,5.778983857473674e-05,0,1,0.985938124972224,ok
300.0,0.5,2.0,1.0,128.0,0.9,0.00703125,theorem_safe,103,2.0,2.0427879285596555,2.0,-0.9999555575307396,-1.3465513687189914,0.0,0.0,5.723416704997966e-05,5.723416704997966e-05,0,1,0.985938124972224,ok
300.0,0.5,2.0,1.0,128.0,0.9,0.00703125,theorem_safe,104,2.0,2.0427879285596555,2.0,-0.9999555575307396,-1.3465513687189914,0.0,0.0,5.668907974474176e-05,5.668907974474176e-05,0,1,0.985938124972224,ok
300.0,0.5,2.0,1.0,128.0,0.9,0.00703125,theorem_safe,105,2.0,2.0427879285596555,2.0,-0.9999555575307396,-1.3465513687189914,0.0,0.0,5.615427710564042e-05,5.615427710564042e-05,0,1,0.985938124972224,ok
300.0,0.5,2.0,1.0,128.0,0.9,0.00703125,theorem_safe,106,2.0,2.0427879285596555,2.0,-0.9999555575307396,-1.3465513687189914,0.0,0.0,5.5629470777550324e-05,5.5629470777550324e-05,0,1,0.985938124972224,ok
300.0,0.5,2.0,1.0,128.0,0.9,0.00703125,theorem_safe,107,2.0,2.0427879285596555,2.0,-0.9999555575307396,-1.3465513687189914,0.0,0.0,5.5114383085165594e-05,5.5114383085165594e-05,0,1,0.985938124972224,ok
300.0,0.5,2.0,1.0,128.0,0.9,0.00703125,theorem_safe,108,2.0,2.0427879285596555,2.0,-0.9999555575307396,-1.3465513687189914,0.0,0.0,5.460874654309986e-05,5.460874654309986e-05,0,1,0.985938124972224,ok
300.0,0.5,2.0,1.0,128.0,0.9,0.00703125,theorem_safe,109,2.0,2.0427879285596555,2.0,-0.9999555575307396,-1.3465513687189914,0.0,0.0,5.4112303392708044e-05,5.4112303392708044e-05,0,1,0.985938124972224,ok
300.0,0.5,2.0,1.0,128.0,0.9,0.00703125,theorem_safe,110,2.0,2.0427879285596555,2.0,-0.9999555575307396,-1.3465513687189914,0.0,0.0,5.362480516394491e-05,5.362480516394491e-05,0,1,0.985938124972224,ok
300.0,0.5,2.0,1.0,128.0,0.9,0.00703125,theorem_safe,111,2.0,2.0427879285596555,2.0,-0.9999555575307396,-1.3465513687189914,0.0,0.0,5.3146012260695405e-05,5.3146012260695405e-05,0,1,0.985938124972224,ok
300.0,0.5,2.0,1.0,128.0,0.9,0.00703125,theorem_safe,112,2.0,2.0427879285596555,2.0,-0.9999555575307396,-1.3465513687189914,0.0,0.0,5.267569356812287e-05,5.267569356812287e-05,0,1,0.985938124972224,ok
300.0,0.5,2.0,1.0,128.0,0.9,0.00703125,theorem_safe,113,2.0,2.0427879285596555,2.0,-0.9999555575307396,-1.3465513687189914,0.0,0.0,5.22136260806832e-05,5.22136260806832e-05,0,1,0.985938124972224,ok
300.0,0.5,2.0,1.0,128.0,0.9,0.00703125,theorem_safe,114,2.0,2.0427879285596555,2.0,-0.9999555575307396,-1.3465513687189914,0.0,0.0,5.1759594549546826e-05,5.1759594549546826e-05,0,1,0.985938124972224,ok
300.0,0.5,2.0,1.0,128.0,0.9,0.00703125,theorem_safe,115,2.0,2.0427879285596555,2.0,-0.9999555575307396,-1.3465513687189914,0.0,0.0,5.1313391148257625e-05,5.1313391148257625e-05,0,1,0.985938124972224,ok
300.0,0.5,2.0,1.0,128.0,0.9,0.00703125,theorem_safe,116,2.0,2.0427879285596555,2.0,-0.9999555575307396,-1.3465513687189914,0.0,0.0,5.087481515553747e-05,5.087481515553747e-05,0,1,0.985938124972224,ok
300.0,0.5,2.0,1.0,128.0,0.9,0.00703125,theorem_safe,117,2.0,2.0427879285596555,2.0,-0.9999555575307396,-1.3465513687189914,0.0,0.0,5.044367265421936e-05,5.044367265421936e-05,0,1,0.985938124972224,ok
300.0,0.5,2.0,1.0,128.0,0.9,0.00703125,theorem_safe,118,2.0,2.0427879285596555,2.0,-0.9999555575307396,-1.3465513687189914,0.0,0.0,5.001977624536037e-05,5.001977624536037e-05,0,1,0.985938124972224,ok
300.0,0.5,2.0,1.0,128.0,0.9,0.00703125,theorem_safe,119,2.0,2.0427879285596555,2.0,-0.9999555575307396,-1.3465513687189914,0.0,0.0,4.960294477664904e-05,4.960294477664904e-05,0,1,0.985938124972224,ok
300.0,0.5,2.0,1.0,128.0,0.9,0.00703125,theorem_safe,120,2.0,2.0427879285596555,2.0,-0.9999555575307396,-1.3465513687189914,0.0,0.0,4.919300308428004e-05,4.919300308428004e-05,0,1,0.985938124972224,ok
300.0,0.5,2.0,1.0,128.0,0.9,0.00703125,theorem_safe,121,2.0,2.0427879285596555,2.0,-0.9999555575307396,-1.3465513687189914,0.0,0.0,4.8789781747523645e-05,4.8789781747523645e-05,0,1,0.985938124972224,ok
300.0,0.5,2.0,1.0,128.0,0.9,0.00703125,theorem_safe,122,2.0,2.0427879285596555,2.0,-0.9999555575307396,-1.3465513687189914,0.0,0.0,4.8393116855267354e-05,4.8393116855267354e-05,0,1,0.985938124972224,ok
300.0,0.5,2.0,1.0,128.0,0.9,0.00703125,theorem_safe,123,2.0,2.0427879285596555,2.0,-0.9999555575307396,-1.3465513687189914,0.0,0.0,4.8002849783853906e-05,4.8002849783853906e-05,0,1,0.985938124972224,ok
300.0,0.5,2.0,1.0,128.0,0.9,0.00703125,theorem_safe,124,2.0,2.0427879285596555,2.0,-0.9999555575307396,-1.3465513687189914,0.0,0.0,4.761882698558307e-05,4.761882698558307e-05,0,1,0.985938124972224,ok
300.0,0.5,2.0,1.0,128.0,0.9,0.00703125,theorem_safe,125,2.0,2.0427879285596555,2.0,-0.9999555575307396,-1.3465513687189914,0.0,0.0,4.7240899787284796e-05,4.7240899787284796e-05,0,1,0.985938124972224,ok
300.0,0.5,2.0,1.0,128.0,0.9,0.00703125,theorem_safe,126,2.0,2.0427879285596555,2.0,-0.9999555575307396,-1.3465513687189914,0.0,0.0,4.686892419840854e-05,4.686892419840854e-05,0,1,0.985938124972224,ok
300.0,0.5,2.0,1.0,128.0,0.9,0.00703125,theorem_safe,127,2.0,2.0427879285596555,2.0,-0.9999555575307396,-1.3465513687189914,0.0,0.0,4.650276072810847e-05,4.650276072810847e-05,0,1,0.985938124972224,ok
300.0,0.5,2.0,1.0,128.0,0.9,0.00703125,theorem_safe,128,2.0,2.0427879285596555,2.0,-0.9999555575307396,-1.3465513687189914,0.0,0.0,4.614227421083631e-05,4.614227421083631e-05,0,1,0.985938124972224,ok
300.0,0.5,2.0,1.0,128.0,0.9,0.00703125,theorem_safe,129,2.0,2.0427879285596555,2.0,-0.9999555575307396,-1.3465513687189914,0.0,0.0,4.5787333639983724e-05,4.5787333639983724e-05,0,1,0.985938124972224,ok
300.0,0.5,2.0,1.0,128.0,0.9,0.00703125,theorem_safe,130,2.0,2.0427879285596555,2.0,-0.9999555575307396,-1.3465513687189914,0.0,0.0,4.5437812009144154e-05,4.5437812009144154e-05,0,1,0.985938124972224,ok
300.0,0.5,2.0,1.0,128.0,0.9,0.00703125,theorem_safe,131,2.0,2.0427879285596555,2.0,-0.9999555575307396,-1.3465513687189914,0.0,0.0,4.509358616059003e-05,4.509358616059003e-05,0,1,0.985938124972224,ok
300.0,0.5,2.0,1.0,128.0,0.9,0.00703125,theorem_safe,132,2.0,2.0427879285596555,2.0,-0.9999555575307396,-1.3465513687189914,0.0,0.0,4.47545366405856e-05,4.47545366405856e-05,0,1,0.985938124972224,ok
300.0,0.5,2.0,1.0,128.0,0.9,0.00703125,theorem_safe,133,2.0,2.0427879285596555,2.0,-0.9999555575307396,-1.3465513687189914,0.0,0.0,4.442054756117824e-05,4.442054756117824e-05,0,1,0.985938124972224,ok
300.0,0.5,2.0,1.0,128.0,0.9,0.00703125,theorem_safe,134,2.0,2.0427879285596555,2.0,-0.9999555575307396,-1.3465513687189914,0.0,0.0,4.4091506468132477e-05,4.4091506468132477e-05,0,1,0.985938124972224,ok
300.0,0.5,2.0,1.0,128.0,0.9,0.00703125,theorem_safe,135,2.0,2.0427879285596555,2.0,-0.9999555575307396,-1.3465513687189914,0.0,0.0,4.376730421469033e-05,4.376730421469033e-05,0,1,0.985938124972224,ok
300.0,0.5,2.0,1.0,128.0,0.9,0.00703125,theorem_safe,136,2.0,2.0427879285596555,2.0,-0.9999555575307396,-1.3465513687189914,0.0,0.0,4.344783484086047e-05,4.344783484086047e-05,0,1,0.985938124972224,ok
300.0,0.5,2.0,1.0,128.0,0.9,0.00703125,theorem_safe,137,2.0,2.0427879285596555,2.0,-0.9999555575307396,-1.3465513687189914,0.0,0.0,4.313299545795569e-05,4.313299545795569e-05,0,1,0.985938124972224,ok
300.0,0.5,2.0,1.0,128.0,0.9,0.00703125,theorem_safe,138,2.0,2.0427879285596555,2.0,-0.9999555575307396,-1.3465513687189914,0.0,0.0,4.282268613811427e-05,4.282268613811427e-05,0,1,0.985938124972224,ok
300.0,0.5,2.0,1.0,128.0,0.9,0.00703125,theorem_safe,139,2.0,2.0427879285596555,2.0,-0.9999555575307396,-1.3465513687189914,0.0,0.0,4.251680980855632e-05,4.251680980855632e-05,0,1,0.985938124972224,ok
300.0,0.5,2.0,1.0,128.0,0.9,0.00703125,theorem_safe,140,2.0,2.0427879285596555,2.0,-0.9999555575307396,-1.3465513687189914,0.0,0.0,4.2215272150339606e-05,4.2215272150339606e-05,0,1,0.985938124972224,ok
300.0,0.5,2.0,1.0,128.0,0.9,0.00703125,theorem_safe,141,2.0,2.0427879285596555,2.0,-0.9999555575307396,-1.3465513687189914,0.0,0.0,4.191798150139355e-05,4.191798150139355e-05,0,1,0.985938124972224,ok
300.0,0.5,2.0,1.0,128.0,0.9,0.00703125,theorem_safe,142,2.0,2.0427879285596555,2.0,-0.9999555575307396,-1.3465513687189914,0.0,0.0,4.1624848763621574e-05,4.1624848763621574e-05,0,1,0.985938124972224,ok
300.0,0.5,2.0,1.0,128.0,0.9,0.00703125,theorem_safe,143,2.0,2.0427879285596555,2.0,-0.9999555575307396,-1.3465513687189914,0.0,0.0,4.13357873138742e-05,4.13357873138742e-05,0,1,0.985938124972224,ok
300.0,0.5,2.0,1.0,128.0,0.9,0.00703125,theorem_safe,144,2.0,2.0427879285596555,2.0,-0.9999555575307396,-1.3465513687189914,0.0,0.0,4.1050712918606096e-05,4.1050712918606096e-05,0,1,0.985938124972224,ok
300.0,0.5,2.0,1.0,128.0,0.9,0.00703125,theorem_safe,145,2.0,2.0427879285596555,2.0,-0.9999555575307396,-1.3465513687189914,0.0,0.0,4.0769543652040305e-05,4.0769543652040305e-05,0,1,0.985938124972224,ok
300.0,0.5,2.0,1.0,128.0,0.9,0.00703125,theorem_safe,146,2.0,2.0427879285596555,2.0,-0.9999555575307396,-1.3465513687189914,0.0,0.0,4.049219981767269e-05,4.049219981767269e-05,0,1,0.985938124972224,ok
300.0,0.5,2.0,1.0,128.0,0.9,0.00703125,theorem_safe,147,2.0,2.0427879285596555,2.0,-0.9999555575307396,-1.3465513687189914,0.0,0.0,4.021860387295868e-05,4.021860387295868e-05,0,1,0.985938124972224,ok
300.0,0.5,2.0,1.0,128.0,0.9,0.00703125,theorem_safe,148,2.0,2.0427879285596555,2.0,-0.9999555575307396,-1.3465513687189914,0.0,0.0,3.994868035703278e-05,3.994868035703278e-05,0,1,0.985938124972224,ok
300.0,0.5,2.0,1.0,128.0,0.9,0.00703125,theorem_safe,149,2.0,2.0427879285596555,2.0,-0.9999555575307396,-1.3465513687189914,0.0,0.0,3.968235582131923e-05,3.968235582131923e-05,0,1,0.985938124972224,ok
300.0,0.5,2.0,1.0,128.0,0.9,0.00703125,theorem_safe,150,2.0,2.0427879285596555,2.0,-0.9999555575307396,-1.3465513687189914,0.0,0.0,3.94195587628999e-05,3.94195587628999e-05,0,1,0.985938124972224,ok
300.0,0.5,2.0,1.0,128.0,0.9,0.00703125,theorem_safe,151,2.0,2.0427879285596555,2.0,-0.9999555575307396,-1.3465513687189914,0.0,0.0,3.91602195605124e-05,3.91602195605124e-05,0,1,0.985938124972224,ok
300.0,0.5,2.0,1.0,128.0,0.9,0.00703125,theorem_safe,152,2.0,2.0427879285596555,2.0,-0.9999555575307396,-1.3465513687189914,0.0,0.0,3.890427041305807e-05,3.890427041305807e-05,0,1,0.985938124972224,ok
300.0,0.5,2.0,1.0,128.0,0.9,0.00703125,theorem_safe,153,2.0,2.0427879285596555,2.0,-0.9999555575307396,-1.3465513687189914,0.0,0.0,3.8651645280505746e-05,3.8651645280505746e-05,0,1,0.985938124972224,ok
300.0,0.5,2.0,1.0,128.0,0.9,0.00703125,theorem_safe,154,2.0,2.0427879285596555,2.0,-0.9999555575307396,-1.3465513687189914,0.0,0.0,3.8402279827083125e-05,3.8402279827083125e-05,0,1,0.985938124972224,ok
300.0,0.5,2.0,1.0,128.0,0.9,0.00703125,theorem_safe,155,2.0,2.0427879285596555,2.0,-0.9999555575307396,-1.3465513687189914,0.0,0.0,3.815611136665311e-05,3.815611136665311e-05,0,1,0.985938124972224,ok
300.0,0.5,2.0,1.0,128.0,0.9,0.00703125,theorem_safe,156,2.0,2.0427879285596555,2.0,-0.9999555575307396,-1.3465513687189914,0.0,0.0,3.791307881017761e-05,3.791307881017761e-05,0,1,0.985938124972224,ok
300.0,0.5,2.0,1.0,128.0,0.9,0.00703125,theorem_safe,157,2.0,2.0427879285596555,2.0,-0.9999555575307396,-1.3465513687189914,0.0,0.0,3.7673122615176486e-05,3.7673122615176486e-05,0,1,0.985938124972224,ok
300.0,0.5,2.0,1.0,128.0,0.9,0.00703125,theorem_safe,158,2.0,2.0427879285596555,2.0,-0.9999555575307396,-1.3465513687189914,0.0,0.0,3.7436184737093616e-05,3.7436184737093616e-05,0,1,0.985938124972224,ok
300.0,0.5,2.0,1.0,128.0,0.9,0.00703125,theorem_safe,159,2.0,2.0427879285596555,2.0,-0.9999555575307396,-1.3465513687189914,0.0,0.0,3.720220858248677e-05,3.720220858248677e-05,0,1,0.985938124972224,ok
300.0,0.5,2.0,1.0,128.0,0.9,0.00703125,theorem_safe,160,2.0,2.0427879285596555,2.0,-0.9999555575307396,-1.3465513687189914,0.0,0.0,3.697113896396202e-05,3.697113896396202e-05,0,1,0.985938124972224,ok
300.0,0.5,2.0,1.0,128.0,0.9,0.00703125,theorem_safe,161,2.0,2.0427879285596555,2.0,-0.9999555575307396,-1.3465513687189914,0.0,0.0,3.674292205677706e-05,3.674292205677706e-05,0,1,0.985938124972224,ok
300.0,0.5,2.0,1.0,128.0,0.9,0.00703125,theorem_safe,162,2.0,2.0427879285596555,2.0,-0.9999555575307396,-1.3465513687189914,0.0,0.0,3.6517505357042234e-05,3.6517505357042234e-05,0,1,0.985938124972224,ok
300.0,0.5,2.0,1.0,128.0,0.9,0.00703125,theorem_safe,163,2.0,2.0427879285596555,2.0,-0.9999555575307396,-1.3465513687189914,0.0,0.0,3.629483764145052e-05,3.629483764145052e-05,0,1,0.985938124972224,ok
300.0,0.5,2.0,1.0,128.0,0.9,0.00703125,theorem_safe,164,2.0,2.0427879285596555,2.0,-0.9999555575307396,-1.3465513687189914,0.0,0.0,3.607486892847203e-05,3.607486892847203e-05,0,1,0.985938124972224,ok
300.0,0.5,2.0,1.0,128.0,0.9,0.00703125,theorem_safe,165,2.0,2.0427879285596555,2.0,-0.9999555575307396,-1.3465513687189914,0.0,0.0,3.585755044095111e-05,3.585755044095111e-05,0,1,0.985938124972224,ok
300.0,0.5,2.0,1.0,128.0,0.9,0.00703125,theorem_safe,166,2.0,2.0427879285596555,2.0,-0.9999555575307396,-1.3465513687189914,0.0,0.0,3.5642834570047214e-05,3.5642834570047214e-05,0,1,0.985938124972224,ok
300.0,0.5,2.0,1.0,128.0,0.9,0.00703125,theorem_safe,167,2.0,2.0427879285596555,2.0,-0.9999555575307396,-1.3465513687189914,0.0,0.0,3.54306748404636e-05,3.54306748404636e-05,0,1,0.985938124972224,ok
300.0,0.5,2.0,1.0,128.0,0.9,0.00703125,theorem_safe,168,2.0,2.0427879285596555,2.0,-0.9999555575307396,-1.3465513687189914,0.0,0.0,3.522102587691056e-05,3.522102587691056e-05,0,1,0.985938124972224,ok
300.0,0.5,2.0,1.0,128.0,0.9,0.00703125,theorem_safe,169,2.0,2.0427879285596555,2.0,-0.9999555575307396,-1.3465513687189914,0.0,0.0,3.501384337175226e-05,3.501384337175226e-05,0,1,0.985938124972224,ok
300.0,0.5,2.0,1.0,128.0,0.9,0.00703125,theorem_safe,170,2.0,2.0427879285596555,2.0,-0.9999555575307396,-1.3465513687189914,0.0,0.0,3.4809084053788796e-05,3.4809084053788796e-05,0,1,0.985938124972224,ok
300.0,0.5,2.0,1.0,128.0,0.9,0.00703125,theorem_safe,171,2.0,2.0427879285596555,2.0,-0.9999555575307396,-1.3465513687189914,0.0,0.0,3.4606705658127235e-05,3.4606705658127235e-05,0,1,0.985938124972224,ok
300.0,0.5,2.0,1.0,128.0,0.9,0.00703125,theorem_safe,172,2.0,2.0427879285596555,2.0,-0.9999555575307396,-1.3465513687189914,0.0,0.0,3.44066668970976e-05,3.44066668970976e-05,0,1,0.985938124972224,ok
300.0,0.5,2.0,1.0,128.0,0.9,0.00703125,theorem_safe,173,2.0,2.0427879285596555,2.0,-0.9999555575307396,-1.3465513687189914,0.0,0.0,3.4208927432171745e-05,3.4208927432171745e-05,0,1,0.985938124972224,ok
300.0,0.5,2.0,1.0,128.0,0.9,0.00703125,theorem_safe,174,2.0,2.0427879285596555,2.0,-0.9999555575307396,-1.3465513687189914,0.0,0.0,3.401344784684505e-05,3.401344784684505e-05,0,1,0.985938124972224,ok
300.0,0.5,2.0,1.0,128.0,0.9,0.00703125,theorem_safe,175,2.0,2.0427879285596555,2.0,-0.9999555575307396,-1.3465513687189914,0.0,0.0,3.382018962044252e-05,3.382018962044252e-05,0,1,0.985938124972224,ok
300.0,0.5,2.0,1.0,128.0,0.9,0.00703125,theorem_safe,176,2.0,2.0427879285596555,2.0,-0.9999555575307396,-1.3465513687189914,0.0,0.0,3.362911510281291e-05,3.362911510281291e-05,0,1,0.985938124972224,ok
300.0,0.5,2.0,1.0,128.0,0.9,0.00703125,theorem_safe,177,2.0,2.0427879285596555,2.0,-0.9999555575307396,-1.3465513687189914,0.0,0.0,3.3440187489875755e-05,3.3440187489875755e-05,0,1,0.985938124972224,ok
300.0,0.5,2.0,1.0,128.0,0.9,0.00703125,theorem_safe,178,2.0,2.0427879285596555,2.0,-0.9999555575307396,-1.3465513687189914,0.0,0.0,3.325337079998818e-05,3.325337079998818e-05,0,1,0.985938124972224,ok
300.0,0.5,2.0,1.0,128.0,0.9,0.00703125,theorem_safe,179,2.0,2.0427879285596555,2.0,-0.9999555575307396,-1.3465513687189914,0.0,0.0,3.306862985109936e-05,3.306862985109936e-05,0,1,0.985938124972224,ok
300.0,0.5,2.0,1.0,128.0,0.9,0.00703125,theorem_safe,180,2.0,2.0427879285596555,2.0,-0.9999555575307396,-1.3465513687189914,0.0,0.0,3.2885930238662346e-05,3.2885930238662346e-05,0,1,0.985938124972224,ok
300.0,0.5,2.0,1.0,128.0,0.9,0.00703125,theorem_safe,181,2.0,2.0427879285596555,2.0,-0.9999555575307396,-1.3465513687189914,0.0,0.0,3.270523831427409e-05,3.270523831427409e-05,0,1,0.985938124972224,ok
300.0,0.5,2.0,1.0,128.0,0.9,0.00703125,theorem_safe,182,2.0,2.0427879285596555,2.0,-0.9999555575307396,-1.3465513687189914,0.0,0.0,3.2526521165015766e-05,3.2526521165015766e-05,0,1,0.985938124972224,ok
300.0,0.5,2.0,1.0,128.0,0.9,0.00703125,theorem_safe,183,2.0,2.0427879285596555,2.0,-0.9999555575307396,-1.3465513687189914,0.0,0.0,3.234974659346676e-05,3.234974659346676e-05,0,1,0.985938124972224,ok
300.0,0.5,2.0,1.0,128.0,0.9,0.00703125,theorem_safe,184,2.0,2.0427879285596555,2.0,-0.9999555575307396,-1.3465513687189914,0.0,0.0,3.217488309836694e-05,3.217488309836694e-05,0,1,0.985938124972224,ok
300.0,0.5,2.0,1.0,128.0,0.9,0.00703125,theorem_safe,185,2.0,2.0427879285596555,2.0,-0.9999555575307396,-1.3465513687189914,0.0,0.0,3.20018998559026e-05,3.20018998559026e-05,0,1,0.985938124972224,ok
300.0,0.5,2.0,1.0,128.0,0.9,0.00703125,theorem_safe,186,2.0,2.0427879285596555,2.0,-0.9999555575307396,-1.3465513687189914,0.0,0.0,3.1830766701592966e-05,3.1830766701592966e-05,0,1,0.985938124972224,ok
300.0,0.5,2.0,1.0,128.0,0.9,0.00703125,theorem_safe,187,2.0,2.0427879285596555,2.0,-0.9999555575307396,-1.3465513687189914,0.0,0.0,3.1661454112754704e-05,3.1661454112754704e-05,0,1,0.985938124972224,ok
300.0,0.5,2.0,1.0,128.0,0.9,0.00703125,theorem_safe,188,2.0,2.0427879285596555,2.0,-0.9999555575307396,-1.3465513687189914,0.0,0.0,3.14939331915232e-05,3.14939331915232e-05,0,1,0.985938124972224,ok
300.0,0.5,2.0,1.0,128.0,0.9,0.00703125,theorem_safe,189,2.0,2.0427879285596555,2.0,-0.9999555575307396,-1.3465513687189914,0.0,0.0,3.132817564840992e-05,3.132817564840992e-05,0,1,0.985938124972224,ok
300.0,0.5,2.0,1.0,128.0,0.9,0.00703125,theorem_safe,190,2.0,2.0427879285596555,2.0,-0.9999555575307396,-1.3465513687189914,0.0,0.0,3.1164153786376356e-05,3.1164153786376356e-05,0,1,0.985938124972224,ok
300.0,0.5,2.0,1.0,128.0,0.9,0.00703125,theorem_safe,191,2.0,2.0427879285596555,2.0,-0.9999555575307396,-1.3465513687189914,0.0,0.0,3.100184048540565e-05,3.100184048540565e-05,0,1,0.985938124972224,ok
300.0,0.5,2.0,1.0,128.0,0.9,0.00703125,theorem_safe,192,2.0,2.0427879285596555,2.0,-0.9999555575307396,-1.3465513687189914,0.0,0.0,3.0841209187553806e-05,3.0841209187553806e-05,0,1,0.985938124972224,ok
300.0,0.5,2.0,1.0,128.0,0.9,0.00703125,theorem_safe,193,2.0,2.0427879285596555,2.0,-0.9999555575307396,-1.3465513687189914,0.0,0.0,3.068223388246332e-05,3.068223388246332e-05,0,1,0.985938124972224,ok
300.0,0.5,2.0,1.0,128.0,0.9,0.00703125,theorem_safe,194,2.0,2.0427879285596555,2.0,-0.9999555575307396,-1.3465513687189914,0.0,0.0,3.0524889093322485e-05,3.0524889093322485e-05,0,1,0.985938124972224,ok
300.0,0.5,2.0,1.0,128.0,0.9,0.00703125,theorem_safe,195,2.0,2.0427879285596555,2.0,-0.9999555575307396,-1.3465513687189914,0.0,0.0,3.0369149863254514e-05,3.0369149863254514e-05,0,1,0.985938124972224,ok
300.0,0.5,2.0,1.0,128.0,0.9,0.00703125,theorem_safe,196,2.0,2.0427879285596555,2.0,-0.9999555575307396,-1.3465513687189914,0.0,0.0,3.0214991742121242e-05,3.0214991742121242e-05,0,1,0.985938124972224,ok
300.0,0.5,2.0,1.0,128.0,0.9,0.00703125,theorem_safe,197,2.0,2.0427879285596555,2.0,-0.9999555575307396,-1.3465513687189914,0.0,0.0,3.0062390773726685e-05,3.0062390773726685e-05,0,1,0.985938124972224,ok
300.0,0.5,2.0,1.0,128.0,0.9,0.00703125,theorem_safe,198,2.0,2.0427879285596555,2.0,-0.9999555575307396,-1.3465513687189914,0.0,0.0,2.9911323483406452e-05,2.9911323483406452e-05,0,1,0.985938124972224,ok
300.0,0.5,2.0,1.0,128.0,0.9,0.00703125,theorem_safe,199,2.0,2.0427879285596555,2.0,-0.9999555575307396,-1.3465513687189914,0.0,0.0,2.9761766865989427e-05,2.9761766865989427e-05,0,1,0.985938124972224,ok
300.0,0.5,2.0,1.0,128.0,0.9,0.00703125,theorem_safe,200,2.0,2.0427879285596555,2.0,-0.9999555575307396,-1.3465513687189914,0.0,0.0,2.961369837411883e-05,2.961369837411883e-05,0,1,0.985938124972224,ok
300.0,0.5,2.0,1.0,128.0,0.9,0.00703125,theorem_safe,201,2.0,2.0427879285596555,2.0,-0.9999555575307396,-1.3465513687189914,0.0,0.0,2.9467095906920224e-05,2.9467095906920224e-05,0,1,0.985938124972224,ok
300.0,0.5,2.0,1.0,128.0,0.9,0.00703125,theorem_safe,202,2.0,2.0427879285596555,2.0,-0.9999555575307396,-1.3465513687189914,0.0,0.0,2.932193779900436e-05,2.932193779900436e-05,0,1,0.985938124972224,ok
300.0,0.5,2.0,1.0,128.0,0.9,0.00703125,theorem_safe,203,2.0,2.0427879285596555,2.0,-0.9999555575307396,-1.3465513687189914,0.0,0.0,2.917820280979355e-05,2.917820280979355e-05,0,1,0.985938124972224,ok
300.0,0.5,2.0,1.0,128.0,0.9,0.00703125,theorem_safe,204,2.0,2.0427879285596555,2.0,-0.9999555575307396,-1.3465513687189914,0.0,0.0,2.9035870113160412e-05,2.9035870113160412e-05,0,1,0.985938124972224,ok
300.0,0.5,2.0,1.0,128.0,0.9,0.00703125,theorem_safe,205,2.0,2.0427879285596555,2.0,-0.9999555575307396,-1.3465513687189914,0.0,0.0,2.889491928736837e-05,2.889491928736837e-05,0,1,0.985938124972224,ok
300.0,0.5,2.0,1.0,128.0,0.9,0.00703125,theorem_safe,206,2.0,2.0427879285596555,2.0,-0.9999555575307396,-1.3465513687189914,0.0,0.0,2.875533030530379e-05,2.875533030530379e-05,0,1,0.985938124972224,ok
300.0,0.5,2.0,1.0,128.0,0.9,0.00703125,theorem_safe,207,2.0,2.0427879285596555,2.0,-0.9999555575307396,-1.3465513687189914,0.0,0.0,2.861708352498983e-05,2.861708352498983e-05,0,1,0.985938124972224,ok
300.0,0.5,2.0,1.0,128.0,0.9,0.00703125,theorem_safe,208,2.0,2.0427879285596555,2.0,-0.9999555575307396,-1.3465513687189914,0.0,0.0,2.8480159680372652e-05,2.8480159680372652e-05,0,1,0.985938124972224,ok
300.0,0.5,2.0,1.0,128.0,0.9,0.00703125,theorem_safe,209,2.0,2.0427879285596555,2.0,-0.9999555575307396,-1.3465513687189914,0.0,0.0,2.834453987237088e-05,2.834453987237088e-05,0,1,0.985938124972224,ok
300.0,0.5,2.0,1.0,128.0,0.9,0.00703125,theorem_safe,210,2.0,2.0427879285596555,2.0,-0.9999555575307396,-1.3465513687189914,0.0,0.0,2.8210205560179544e-05,2.8210205560179544e-05,0,1,0.985938124972224,ok
300.0,0.5,2.0,1.0,128.0,0.9,0.00703125,theorem_safe,211,2.0,2.0427879285596555,2.0,-0.9999555575307396,-1.3465513687189914,0.0,0.0,2.807713855282021e-05,2.807713855282021e-05,0,1,0.985938124972224,ok
300.0,0.5,2.0,1.0,128.0,0.9,0.00703125,theorem_safe,212,2.0,2.0427879285596555,2.0,-0.9999555575307396,-1.3465513687189914,0.0,0.0,2.7945321000929038e-05,2.7945321000929038e-05,0,1,0.985938124972224,ok
300.0,0.5,2.0,1.0,128.0,0.9,0.00703125,theorem_safe,213,2.0,2.0427879285596555,2.0,-0.9999555575307396,-1.3465513687189914,0.0,0.0,2.7814735388775162e-05,2.7814735388775162e-05,0,1,0.985938124972224,ok
300.0,0.5,2.0,1.0,128.0,0.9,0.00703125,theorem_safe,214,2.0,2.0427879285596555,2.0,-0.9999555575307396,-1.3465513687189914,0.0,0.0,2.7685364526501788e-05,2.7685364526501788e-05,0,1,0.985938124972224,ok
300.0,0.5,2.0,1.0,128.0,0.9,0.00703125,theorem_safe,215,2.0,2.0427879285596555,2.0,-0.9999555575307396,-1.3465513687189914,0.0,0.0,2.7557191542582797e-05,2.7557191542582797e-05,0,1,0.985938124972224,ok
300.0,0.5,2.0,1.0,128.0,0.9,0.00703125,theorem_safe,216,2.0,2.0427879285596555,2.0,-0.9999555575307396,-1.3465513687189914,0.0,0.0,2.743019987648795e-05,2.743019987648795e-05,0,1,0.985938124972224,ok
300.0,0.5,2.0,1.0,128.0,0.9,0.00703125,theorem_safe,217,2.0,2.0427879285596555,2.0,-0.9999555575307396,-1.3465513687189914,0.0,0.0,2.730437327154993e-05,2.730437327154993e-05,0,1,0.985938124972224,ok
300.0,0.5,2.0,1.0,128.0,0.9,0.00703125,theorem_safe,218,2.0,2.0427879285596555,2.0,-0.9999555575307396,-1.3465513687189914,0.0,0.0,2.7179695768026874e-05,2.7179695768026874e-05,0,1,0.985938124972224,ok
300.0,0.5,2.0,1.0,128.0,0.9,0.00703125,theorem_safe,219,2.0,2.0427879285596555,2.0,-0.9999555575307396,-1.3465513687189914,0.0,0.0,2.7056151696354022e-05,2.7056151696354022e-05,0,1,0.985938124972224,ok
300.0,0.5,2.0,1.0,128.0,0.9,0.00703125,theorem_safe,220,2.0,2.0427879285596555,2.0,-0.9999555575307396,-1.3465513687189914,0.0,0.0,2.6933725670578665e-05,2.6933725670578665e-05,0,1,0.985938124972224,ok
300.0,0.5,2.0,1.0,128.0,0.9,0.00703125,theorem_safe,221,2.0,2.0427879285596555,2.0,-0.9999555575307396,-1.3465513687189914,0.0,0.0,2.6812402581972455e-05,2.6812402581972455e-05,0,1,0.985938124972224,ok
300.0,0.5,2.0,1.0,128.0,0.9,0.00703125,theorem_safe,222,2.0,2.0427879285596555,2.0,-0.9999555575307396,-1.3465513687189914,0.0,0.0,2.6692167592815627e-05,2.6692167592815627e-05,0,1,0.985938124972224,ok
300.0,0.5,2.0,1.0,128.0,0.9,0.00703125,theorem_safe,223,2.0,2.0427879285596555,2.0,-0.9999555575307396,-1.3465513687189914,0.0,0.0,2.6573006130347702e-05,2.6573006130347702e-05,0,1,0.985938124972224,ok
300.0,0.5,2.0,1.0,128.0,0.9,0.00703125,theorem_safe,224,2.0,2.0427879285596555,2.0,-0.9999555575307396,-1.3465513687189914,0.0,0.0,2.6454903880879487e-05,2.6454903880879487e-05,0,1,0.985938124972224,ok
300.0,0.5,2.0,1.0,128.0,0.9,0.00703125,theorem_safe,225,2.0,2.0427879285596555,2.0,-0.9999555575307396,-1.3465513687189914,0.0,0.0,2.6337846784061434e-05,2.6337846784061434e-05,0,1,0.985938124972224,ok
300.0,0.5,2.0,1.0,128.0,0.9,0.00703125,theorem_safe,226,2.0,2.0427879285596555,2.0,-0.9999555575307396,-1.3465513687189914,0.0,0.0,2.6221821027303458e-05,2.6221821027303458e-05,0,1,0.985938124972224,ok
300.0,0.5,2.0,1.0,128.0,0.9,0.00703125,theorem_safe,227,2.0,2.0427879285596555,2.0,-0.9999555575307396,-1.3465513687189914,0.0,0.0,2.61068130403416e-05,2.61068130403416e-05,0,1,0.985938124972224,ok
300.0,0.5,2.0,1.0,128.0,0.9,0.00703125,theorem_safe,228,2.0,2.0427879285596555,2.0,-0.9999555575307396,-1.3465513687189914,0.0,0.0,2.5992809489947093e-05,2.5992809489947093e-05,0,1,0.985938124972224,ok
300.0,0.5,2.0,1.0,128.0,0.9,0.00703125,theorem_safe,229,2.0,2.0427879285596555,2.0,-0.9999555575307396,-1.3465513687189914,0.0,0.0,2.5879797274773413e-05,2.5879797274773413e-05,0,1,0.985938124972224,ok
300.0,0.5,2.0,1.0,128.0,0.9,0.00703125,theorem_safe,230,2.0,2.0427879285596555,2.0,-0.9999555575307396,-1.3465513687189914,0.0,0.0,2.576776352033716e-05,2.576776352033716e-05,0,1,0.985938124972224,ok
300.0,0.5,2.0,1.0,128.0,0.9,0.00703125,theorem_safe,231,2.0,2.0427879285596555,2.0,-0.9999555575307396,-1.3465513687189914,0.0,0.0,2.5656695574128812e-05,2.5656695574128812e-05,0,1,0.985938124972224,ok
300.0,0.5,2.0,1.0,128.0,0.9,0.00703125,theorem_safe,232,2.0,2.0427879285596555,2.0,-0.9999555575307396,-1.3465513687189914,0.0,0.0,2.5546581000849288e-05,2.5546581000849288e-05,0,1,0.985938124972224,ok
300.0,0.5,2.0,1.0,128.0,0.9,0.00703125,theorem_safe,233,2.0,2.0427879285596555,2.0,-0.9999555575307396,-1.3465513687189914,0.0,0.0,2.5437407577768736e-05,2.5437407577768736e-05,0,1,0.985938124972224,ok
300.0,0.5,2.0,1.0,128.0,0.9,0.00703125,theorem_safe,234,2.0,2.0427879285596555,2.0,-0.9999555575307396,-1.3465513687189914,0.0,0.0,2.5329163290203764e-05,2.5329163290203764e-05,0,1,0.985938124972224,ok
300.0,0.5,2.0,1.0,128.0,0.9,0.00703125,theorem_safe,235,2.0,2.0427879285596555,2.0,-0.9999555575307396,-1.3465513687189914,0.0,0.0,2.522183632710968e-05,2.522183632710968e-05,0,1,0.985938124972224,ok
300.0,0.5,2.0,1.0,128.0,0.9,0.00703125,theorem_safe,236,2.0,2.0427879285596555,2.0,-0.9999555575307396,-1.3465513687189914,0.0,0.0,2.5115415076784324e-05,2.5115415076784324e-05,0,1,0.985938124972224,ok
300.0,0.5,2.0,1.0,128.0,0.9,0.00703125,theorem_safe,237,2.0,2.0427879285596555,2.0,-0.9999555575307396,-1.3465513687189914,0.0,0.0,2.5009888122680186e-05,2.5009888122680186e-05,0,1,0.985938124972224,ok
300.0,0.5,2.0,1.0,128.0,0.9,0.00703125,theorem_safe,238,2.0,2.0427879285596555,2.0,-0.9999555575307396,-1.3465513687189914,0.0,0.0,2.4905244239321692e-05,2.4905244239321692e-05,0,1,0.985938124972224,ok
300.0,0.5,2.0,1.0,128.0,0.9,0.00703125,theorem_safe,239,2.0,2.0427879285596555,2.0,-0.9999555575307396,-1.3465513687189914,0.0,0.0,2.480147238832452e-05,2.480147238832452e-05,0,1,0.985938124972224,ok
300.0,0.5,2.0,1.0,128.0,0.9,0.00703125,theorem_safe,240,2.0,2.0427879285596555,2.0,-0.9999555575307396,-1.3465513687189914,0.0,0.0,2.4698561714514044e-05,2.4698561714514044e-05,0,1,0.985938124972224,ok
300.0,0.5,2.0,1.0,128.0,0.9,0.00703125,theorem_safe,241,2.0,2.0427879285596555,2.0,-0.9999555575307396,-1.3465513687189914,0.0,0.0,2.459650154214002e-05,2.459650154214002e-05,0,1,0.985938124972224,ok
300.0,0.5,2.0,1.0,128.0,0.9,0.00703125,theorem_safe,242,2.0,2.0427879285596555,2.0,-0.9999555575307396,-1.3465513687189914,0.0,0.0,2.449528137118471e-05,2.449528137118471e-05,0,1,0.985938124972224,ok
300.0,0.5,2.0,1.0,128.0,0.9,0.00703125,theorem_safe,243,2.0,2.0427879285596555,2.0,-0.9999555575307396,-1.3465513687189914,0.0,0.0,2.4394890873761823e-05,2.4394890873761823e-05,0,1,0.985938124972224,ok
300.0,0.5,2.0,1.0,128.0,0.9,0.00703125,theorem_safe,244,2.0,2.0427879285596555,2.0,-0.9999555575307396,-1.3465513687189914,0.0,0.0,2.429531989060361e-05,2.429531989060361e-05,0,1,0.985938124972224,ok
300.0,0.5,2.0,1.0,128.0,0.9,0.00703125,theorem_safe,245,2.0,2.0427879285596555,2.0,-0.9999555575307396,-1.3465513687189914,0.0,0.0,2.4196558427633677e-05,2.4196558427633677e-05,0,1,0.985938124972224,ok
300.0,0.5,2.0,1.0,128.0,0.9,0.00703125,theorem_safe,246,2.0,2.0427879285596555,2.0,-0.9999555575307396,-1.3465513687189914,0.0,0.0,2.409859665262301e-05,2.409859665262301e-05,0,1,0.985938124972224,ok
300.0,0.5,2.0,1.0,128.0,0.9,0.00703125,theorem_safe,247,2.0,2.0427879285596555,2.0,-0.9999555575307396,-1.3465513687189914,0.0,0.0,2.4001424891926953e-05,2.4001424891926953e-05,0,1,0.985938124972224,ok
300.0,0.5,2.0,1.0,128.0,0.9,0.00703125,theorem_safe,248,2.0,2.0427879285596555,2.0,-0.9999555575307396,-1.3465513687189914,0.0,0.0,2.390503362730074e-05,2.390503362730074e-05,0,1,0.985938124972224,ok
300.0,0.5,2.0,1.0,128.0,0.9,0.00703125,theorem_safe,249,2.0,2.0427879285596555,2.0,-0.9999555575307396,-1.3465513687189914,0.0,0.0,2.3809413492791536e-05,2.3809413492791536e-05,0,1,0.985938124972224,ok
300.0,0.5,2.0,1.0,128.0,0.9,0.00703125,theorem_safe,250,2.0,2.0427879285596555,2.0,-0.9999555575307396,-1.3465513687189914,0.0,0.0,2.371455527170472e-05,2.371455527170472e-05,0,1,0.985938124972224,ok
300.0,0.5,2.0,1.0,128.0,0.9,0.00703125,theorem_safe,251,2.0,2.0427879285596555,2.0,-0.9999555575307396,-1.3465513687189914,0.0,0.0,2.3620449893642398e-05,2.3620449893642398e-05,0,1,0.985938124972224,ok
300.0,0.5,2.0,1.0,128.0,0.9,0.00703125,theorem_safe,252,2.0,2.0427879285596555,2.0,-0.9999555575307396,-1.3465513687189914,0.0,0.0,2.3527088431612192e-05,2.3527088431612192e-05,0,1,0.985938124972224,ok
300.0,0.5,2.0,1.0,128.0,0.9,0.00703125,theorem_safe,253,2.0,2.0427879285596555,2.0,-0.9999555575307396,-1.3465513687189914,0.0,0.0,2.343446209920427e-05,2.343446209920427e-05,0,1,0.985938124972224,ok
300.0,0.5,2.0,1.0,128.0,0.9,0.00703125,theorem_safe,254,2.0,2.0427879285596555,2.0,-0.9999555575307396,-1.3465513687189914,0.0,0.0,2.3342562247834842e-05,2.3342562247834842e-05,0,1,0.985938124972224,ok
300.0,0.5,2.0,1.0,128.0,0.9,0.00703125,theorem_safe,255,2.0,2.0427879285596555,2.0,-0.9999555575307396,-1.3465513687189914,0.0,0.0,2.3251380364054237e-05,2.3251380364054237e-05,0,1,0.985938124972224,ok
300.0,0.5,2.0,1.0,128.0,0.9,0.00703125,theorem_safe,256,2.0,2.0427879285596555,2.0,-0.9999555575307396,-1.3465513687189914,0.0,0.0,2.3160908066917838e-05,2.3160908066917838e-05,0,1,0.985938124972224,ok
300.0,0.5,2.0,1.0,128.0,0.9,0.00703125,theorem_safe,257,2.0,2.0427879285596555,2.0,-0.9999555575307396,-1.3465513687189914,0.0,0.0,2.3071137105418154e-05,2.3071137105418154e-05,0,1,0.985938124972224,ok
300.0,0.5,2.0,1.0,128.0,0.9,0.00703125,theorem_safe,258,2.0,2.0427879285596555,2.0,-0.9999555575307396,-1.3465513687189914,0.0,0.0,2.298205935597639e-05,2.298205935597639e-05,0,1,0.985938124972224,ok
300.0,0.5,2.0,1.0,128.0,0.9,0.00703125,theorem_safe,259,2.0,2.0427879285596555,2.0,-0.9999555575307396,-1.3465513687189914,0.0,0.0,2.2893666819991862e-05,2.2893666819991862e-05,0,1,0.985938124972224,ok
300.0,0.5,2.0,1.0,128.0,0.9,0.00703125,theorem_safe,260,2.0,2.0427879285596555,2.0,-0.9999555575307396,-1.3465513687189914,0.0,0.0,2.2805951621447834e-05,2.2805951621447834e-05,0,1,0.985938124972224,ok
300.0,0.5,2.0,1.0,128.0,0.9,0.00703125,theorem_safe,261,2.0,2.0427879285596555,2.0,-0.9999555575307396,-1.3465513687189914,0.0,0.0,2.2718906004572077e-05,2.2718906004572077e-05,0,1,0.985938124972224,ok
300.0,0.5,2.0,1.0,128.0,0.9,0.00703125,theorem_safe,262,2.0,2.0427879285596555,2.0,-0.9999555575307396,-1.3465513687189914,0.0,0.0,2.2632522331550892e-05,2.2632522331550892e-05,0,1,0.985938124972224,ok
300.0,0.5,2.0,1.0,128.0,0.9,0.00703125,theorem_safe,263,2.0,2.0427879285596555,2.0,-0.9999555575307396,-1.3465513687189914,0.0,0.0,2.2546793080295017e-05,2.2546793080295017e-05,0,1,0.985938124972224,ok
300.0,0.5,2.0,1.0,128.0,0.9,0.00703125,theorem_safe,264,2.0,2.0427879285596555,2.0,-0.9999555575307396,-1.3465513687189914,0.0,0.0,2.2461710842256165e-05,2.2461710842256165e-05,0,1,0.985938124972224,ok
300.0,0.5,2.0,1.0,128.0,0.9,0.00703125,theorem_safe,265,2.0,2.0427879285596555,2.0,-0.9999555575307396,-1.3465513687189914,0.0,0.0,2.23772683202928e-05,2.23772683202928e-05,0,1,0.985938124972224,ok
300.0,0.5,2.0,1.0,128.0,0.9,0.00703125,theorem_safe,266,2.0,2.0427879285596555,2.0,-0.9999555575307396,-1.3465513687189914,0.0,0.0,2.2293458326583837e-05,2.2293458326583837e-05,0,1,0.985938124972224,ok
300.0,0.5,2.0,1.0,128.0,0.9,0.00703125,theorem_safe,267,2.0,2.0427879285596555,2.0,-0.9999555575307396,-1.3465513687189914,0.0,0.0,2.221027378058912e-05,2.221027378058912e-05,0,1,0.985938124972224,ok
300.0,0.5,2.0,1.0,128.0,0.9,0.00703125,theorem_safe,268,2.0,2.0427879285596555,2.0,-0.9999555575307396,-1.3465513687189914,0.0,0.0,2.2127707707055332e-05,2.2127707707055332e-05,0,1,0.985938124972224,ok
300.0,0.5,2.0,1.0,128.0,0.9,0.00703125,theorem_safe,269,2.0,2.0427879285596555,2.0,-0.9999555575307396,-1.3465513687189914,0.0,0.0,2.2045753234066238e-05,2.2045753234066238e-05,0,1,0.985938124972224,ok
300.0,0.5,2.0,1.0,128.0,0.9,0.00703125,theorem_safe,270,2.0,2.0427879285596555,2.0,-0.9999555575307396,-1.3465513687189914,0.0,0.0,2.1964403591136106e-05,2.1964403591136106e-05,0,1,0.985938124972224,ok
300.0,0.5,2.0,1.0,128.0,0.9,0.00703125,theorem_safe,271,2.0,2.0427879285596555,2.0,-0.9999555575307396,-1.3465513687189914,0.0,0.0,2.1883652107345164e-05,2.1883652107345164e-05,0,1,0.985938124972224,ok
300.0,0.5,2.0,1.0,128.0,0.9,0.00703125,theorem_safe,272,2.0,2.0427879285596555,2.0,-0.9999555575307396,-1.3465513687189914,0.0,0.0,2.180349220951606e-05,2.180349220951606e-05,0,1,0.985938124972224,ok
300.0,0.5,2.0,1.0,128.0,0.9,0.00703125,theorem_safe,273,2.0,2.0427879285596555,2.0,-0.9999555575307396,-1.3465513687189914,0.0,0.0,2.1723917420430235e-05,2.1723917420430235e-05,0,1,0.985938124972224,ok
300.0,0.5,2.0,1.0,128.0,0.9,0.00703125,theorem_safe,274,2.0,2.0427879285596555,2.0,-0.9999555575307396,-1.3465513687189914,0.0,0.0,2.1644921357083216e-05,2.1644921357083216e-05,0,1,0.985938124972224,ok
300.0,0.5,2.0,1.0,128.0,0.9,0.00703125,theorem_safe,275,2.0,2.0427879285596555,2.0,-0.9999555575307396,-1.3465513687189914,0.0,0.0,2.1566497728977845e-05,2.1566497728977845e-05,0,1,0.985938124972224,ok
300.0,0.5,2.0,1.0,128.0,0.9,0.00703125,theorem_safe,276,2.0,2.0427879285596555,2.0,-0.9999555575307396,-1.3465513687189914,0.0,0.0,2.148864033645446e-05,2.148864033645446e-05,0,1,0.985938124972224,ok
300.0,0.5,2.0,1.0,128.0,0.9,0.00703125,theorem_safe,277,2.0,2.0427879285596555,2.0,-0.9999555575307396,-1.3465513687189914,0.0,0.0,2.1411343069057136e-05,2.1411343069057136e-05,0,1,0.985938124972224,ok
300.0,0.5,2.0,1.0,128.0,0.9,0.00703125,theorem_safe,278,2.0,2.0427879285596555,2.0,-0.9999555575307396,-1.3465513687189914,0.0,0.0,2.133459990393507e-05,2.133459990393507e-05,0,1,0.985938124972224,ok
300.0,0.5,2.0,1.0,128.0,0.9,0.00703125,theorem_safe,279,2.0,2.0427879285596555,2.0,-0.9999555575307396,-1.3465513687189914,0.0,0.0,2.125840490427816e-05,2.125840490427816e-05,0,1,0.985938124972224,ok
300.0,0.5,2.0,1.0,128.0,0.9,0.00703125,theorem_safe,280,2.0,2.0427879285596555,2.0,-0.9999555575307396,-1.3465513687189914,0.0,0.0,2.1182752217786064e-05,2.1182752217786064e-05,0,1,0.985938124972224,ok
300.0,0.5,2.0,1.0,128.0,0.9,0.00703125,theorem_safe,281,2.0,2.0427879285596555,2.0,-0.9999555575307396,-1.3465513687189914,0.0,0.0,2.1107636075169803e-05,2.1107636075169803e-05,0,1,0.985938124972224,ok
300.0,0.5,2.0,1.0,128.0,0.9,0.00703125,theorem_safe,282,2.0,2.0427879285596555,2.0,-0.9999555575307396,-1.3465513687189914,0.0,0.0,2.1033050788685103e-05,2.1033050788685103e-05,0,1,0.985938124972224,ok
300.0,0.5,2.0,1.0,128.0,0.9,0.00703125,theorem_safe,283,2.0,2.0427879285596555,2.0,-0.9999555575307396,-1.3465513687189914,0.0,0.0,2.0958990750696776e-05,2.0958990750696776e-05,0,1,0.985938124972224,ok
300.0,0.5,2.0,1.0,128.0,0.9,0.00703125,theorem_safe,284,2.0,2.0427879285596555,2.0,-0.9999555575307396,-1.3465513687189914,0.0,0.0,2.0885450432273278e-05,2.0885450432273278e-05,0,1,0.985938124972224,ok
300.0,0.5,2.0,1.0,128.0,0.9,0.00703125,theorem_safe,285,2.0,2.0427879285596555,2.0,-0.9999555575307396,-1.3465513687189914,0.0,0.0,2.0812424381810787e-05,2.0812424381810787e-05,0,1,0.985938124972224,ok
300.0,0.5,2.0,1.0,128.0,0.9,0.00703125,theorem_safe,286,2.0,2.0427879285596555,2.0,-0.9999555575307396,-1.3465513687189914,0.0,0.0,2.073990722368601e-05,2.073990722368601e-05,0,1,0.985938124972224,ok
300.0,0.5,2.0,1.0,128.0,0.9,0.00703125,theorem_safe,287,2.0,2.0427879285596555,2.0,-0.9999555575307396,-1.3465513687189914,0.0,0.0,2.06678936569371e-05,2.06678936569371e-05,0,1,0.985938124972224,ok
300.0,0.5,2.0,1.0,128.0,0.9,0.00703125,theorem_safe,288,2.0,2.0427879285596555,2.0,-0.9999555575307396,-1.3465513687189914,0.0,0.0,2.0596378453971917e-05,2.0596378453971917e-05,0,1,0.985938124972224,ok
300.0,0.5,2.0,1.0,128.0,0.9,0.00703125,theorem_safe,289,2.0,2.0427879285596555,2.0,-0.9999555575307396,-1.3465513687189914,0.0,0.0,2.0525356459303048e-05,2.0525356459303048e-05,0,1,0.985938124972224,ok
300.0,0.5,2.0,1.0,128.0,0.9,0.00703125,theorem_safe,290,2.0,2.0427879285596555,2.0,-0.9999555575307396,-1.3465513687189914,0.0,0.0,2.045482258830888e-05,2.045482258830888e-05,0,1,0.985938124972224,ok
300.0,0.5,2.0,1.0,128.0,0.9,0.00703125,theorem_safe,291,2.0,2.0427879285596555,2.0,-0.9999555575307396,-1.3465513687189914,0.0,0.0,2.0384771826020153e-05,2.0384771826020153e-05,0,1,0.985938124972224,ok
300.0,0.5,2.0,1.0,128.0,0.9,0.00703125,theorem_safe,292,2.0,2.0427879285596555,2.0,-0.9999555575307396,-1.3465513687189914,0.0,0.0,2.0315199225931347e-05,2.0315199225931347e-05,0,1,0.985938124972224,ok
300.0,0.5,2.0,1.0,128.0,0.9,0.00703125,theorem_safe,293,2.0,2.0427879285596555,2.0,-0.9999555575307396,-1.3465513687189914,0.0,0.0,2.0246099908836343e-05,2.0246099908836343e-05,0,1,0.985938124972224,ok
300.0,0.5,2.0,1.0,128.0,0.9,0.00703125,theorem_safe,294,2.0,2.0427879285596555,2.0,-0.9999555575307396,-1.3465513687189914,0.0,0.0,2.0177469061687742e-05,2.0177469061687742e-05,0,1,0.985938124972224,ok
300.0,0.5,2.0,1.0,128.0,0.9,0.00703125,theorem_safe,295,2.0,2.0427879285596555,2.0,-0.9999555575307396,-1.3465513687189914,0.0,0.0,2.010930193647934e-05,2.010930193647934e-05,0,1,0.985938124972224,ok
300.0,0.5,2.0,1.0,128.0,0.9,0.00703125,theorem_safe,296,2.0,2.0427879285596555,2.0,-0.9999555575307396,-1.3465513687189914,0.0,0.0,2.0041593849151125e-05,2.0041593849151125e-05,0,1,0.985938124972224,ok
300.0,0.5,2.0,1.0,128.0,0.9,0.00703125,theorem_safe,297,2.0,2.0427879285596555,2.0,-0.9999555575307396,-1.3465513687189914,0.0,0.0,1.997434017851639e-05,1.997434017851639e-05,0,1,0.985938124972224,ok
300.0,0.5,2.0,1.0,128.0,0.9,0.00703125,theorem_safe,298,2.0,2.0427879285596555,2.0,-0.9999555575307396,-1.3465513687189914,0.0,0.0,1.9907536365210314e-05,1.9907536365210314e-05,0,1,0.985938124972224,ok
300.0,0.5,2.0,1.0,128.0,0.9,0.00703125,theorem_safe,299,2.0,2.0427879285596555,2.0,-0.9999555575307396,-1.3465513687189914,0.0,0.0,1.9841177910659615e-05,1.9841177910659615e-05,0,1,0.985938124972224,ok
300.0,0.5,2.0,1.0,128.0,0.9,0.5,riemannian_scale,0,1.0,2.9999333362961504,2.0,-0.9999777782715892,-0.49999444453084785,0.09657359027997264,0.09657359027997264,0.4232784620940718,0.32670487181409913,0,1,0.5000111108642054,ok
300.0,0.5,2.0,1.0,128.0,0.9,0.5,riemannian_scale,1,2.0,67502.99994411091,2.0,-0.9999555575307396,-1.3465513687189914,0.0,0.0,0.2116392310470359,0.2116392310470359,0,1,4.44424692603862e-05,ok
300.0,0.5,2.0,1.0,128.0,0.9,0.5,riemannian_scale,2,2.0,67502.99994411091,2.0,-0.9999555575307396,-1.3465513687189914,0.0,0.0,0.14109282069802392,0.14109282069802392,0,1,4.44424692603862e-05,ok
300.0,0.5,2.0,1.0,128.0,0.9,0.5,riemannian_scale,3,2.0,67502.99994411091,2.0,-0.9999555575307396,-1.3465513687189914,0.0,0.0,0.10581961552351794,0.10581961552351794,0,1,4.44424692603862e-05,ok
300.0,0.5,2.0,1.0,128.0,0.9,0.5,riemannian_scale,4,2.0,67502.99994411091,2.0,-0.9999555575307396,-1.3465513687189914,0.0,0.0,0.08465569241881436,0.08465569241881436,0,1,4.44424692603862e-05,ok
300.0,0.5,2.0,1.0,128.0,0.9,0.5,riemannian_scale,5,2.0,67502.99994411091,2.0,-0.9999555575307396,-1.3465513687189914,0.0,0.0,0.07054641034901196,0.07054641034901196,0,1,4.44424692603862e-05,ok
300.0,0.5,2.0,1.0,128.0,0.9,0.5,riemannian_scale,6,2.0,67502.99994411091,2.0,-0.9999555575307396,-1.3465513687189914,0.0,0.0,0.06046835172772454,0.06046835172772454,0,1,4.44424692603862e-05,ok
300.0,0.5,2.0,1.0,128.0,0.9,0.5,riemannian_scale,7,2.0,67502.99994411091,2.0,-0.9999555575307396,-1.3465513687189914,0.0,0.0,0.05290980776175897,0.05290980776175897,0,1,4.44424692603862e-05,ok
300.0,0.5,2.0,1.0,128.0,0.9,0.5,riemannian_scale,8,2.0,67502.99994411091,2.0,-0.9999555575307396,-1.3465513687189914,0.0,0.0,0.04703094023267464,0.04703094023267464,0,1,4.44424692603862e-05,ok
300.0,0.5,2.0,1.0,128.0,0.9,0.5,riemannian_scale,9,2.0,67502.99994411091,2.0,-0.9999555575307396,-1.3465513687189914,0.0,0.0,0.04232784620940718,0.04232784620940718,0,1,4.44424692603862e-05,ok
300.0,0.5,2.0,1.0,128.0,0.9,0.5,riemannian_scale,10,2.0,67502.99994411091,2.0,-0.9999555575307396,-1.3465513687189914,0.0,0.0,0.03847986019037016,0.03847986019037016,0,1,4.44424692603862e-05,ok
300.0,0.5,2.0,1.0,128.0,0.9,0.5,riemannian_scale,11,2.0,67502.99994411091,2.0,-0.9999555575307396,-1.3465513687189914,0.0,0.0,0.03527320517450598,0.03527320517450598,0,1,4.44424692603862e-05,ok
300.0,0.5,2.0,1.0,128.0,0.9,0.5,riemannian_scale,12,2.0,67502.99994411091,2.0,-0.9999555575307396,-1.3465513687189914,0.0,0.0,0.032559881699543984,0.032559881699543984,0,1,4.44424692603862e-05,ok
300.0,0.5,2.0,1.0,128.0,0.9,0.5,riemannian_scale,13,2.0,67502.99994411091,2.0,-0.9999555575307396,-1.3465513687189914,0.0,0.0,0.03023417586386227,0.03023417586386227,0,1,4.44424692603862e-05,ok
300.0,0.5,2.0,1.0,128.0,0.9,0.5,riemannian_scale,14,2.0,67502.99994411091,2.0,-0.9999555575307396,-1.3465513687189914,0.0,0.0,0.028218564139604784,0.028218564139604784,0,1,4.44424692603862e-05,ok
300.0,0.5,2.0,1.0,128.0,0.9,0.5,riemannian_scale,15,2.0,67502.99994411091,2.0,-0.9999555575307396,-1.3465513687189914,0.0,0.0,0.026454903880879486,0.026454903880879486,0,1,4.44424692603862e-05,ok
300.0,0.5,2.0,1.0,128.0,0.9,0.5,riemannian_scale,16,2.0,67502.99994411091,2.0,-0.9999555575307396,-1.3465513687189914,0.0,0.0,0.02489873306435716,0.02489873306435716,0,1,4.44424692603862e-05,ok
300.0,0.5,2.0,1.0,128.0,0.9,0.5,riemannian_scale,17,2.0,67502.99994411091,2.0,-0.9999555575307396,-1.3465513687189914,0.0,0.0,0.02351547011633732,0.02351547011633732,0,1,4.44424692603862e-05,ok
300.0,0.5,2.0,1.0,128.0,0.9,0.5,riemannian_scale,18,2.0,67502.99994411091,2.0,-0.9999555575307396,-1.3465513687189914,0.0,0.0,0.02227781379442483,0.02227781379442483,0,1,4.44424692603862e-05,ok
300.0,0.5,2.0,1.0,128.0,0.9,0.5,riemannian_scale,19,2.0,67502.99994411091,2.0,-0.9999555575307396,-1.3465513687189914,0.0,0.0,0.02116392310470359,0.02116392310470359,0,1,4.44424692603862e-05,ok
300.0,0.5,2.0,1.0,128.0,0.9,0.5,riemannian_scale,20,2.0,67502.99994411091,2.0,-0.9999555575307396,-1.3465513687189914,0.0,0.0,0.020156117242574847,0.020156117242574847,0,1,4.44424692603862e-05,ok
300.0,0.5,2.0,1.0,128.0,0.9,0.5,riemannian_scale,21,2.0,67502.99994411091,2.0,-0.9999555575307396,-1.3465513687189914,0.0,0.0,0.01923993009518508,0.01923993009518508,0,1,4.44424692603862e-05,ok
300.0,0.5,2.0,1.0,128.0,0.9,0.5,riemannian_scale,22,2.0,67502.99994411091,2.0,-0.9999555575307396,-1.3465513687189914,0.0,0.0,0.018403411395394424,0.018403411395394424,0,1,4.44424692603862e-05,ok
300.0,0.5,2.0,1.0,128.0,0.9,0.5,riemannian_scale,23,2.0,67502.99994411091,2.0,-0.9999555575307396,-1.3465513687189914,0.0,0.0,0.01763660258725299,0.01763660258725299,0,1,4.44424692603862e-05,ok
300.0,0.5,2.0,1.0,128.0,0.9,0.5,riemannian_scale,24,2.0,67502.99994411091,2.0,-0.9999555575307396,-1.3465513687189914,0.0,0.0,0.016931138483762872,0.016931138483762872,0,1,4.44424692603862e-05,ok
300.0,0.5,2.0,1.0,128.0,0.9,0.5,riemannian_scale,25,2.0,67502.99994411091,2.0,-0.9999555575307396,-1.3465513687189914,0.0,0.0,0.016279940849771992,0.016279940849771992,0,1,4.44424692603862e-05,ok
300.0,0.5,2.0,1.0,128.0,0.9,0.5,riemannian_scale,26,2.0,67502.99994411091,2.0,-0.9999555575307396,-1.3465513687189914,0.0,0.0,0.015676980077558213,0.015676980077558213,0,1,4.44424692603862e-05,ok
300.0,0.5,2.0,1.0,128.0,0.9,0.5,riemannian_scale,27,2.0,67502.99994411091,2.0,-0.9999555575307396,-1.3465513687189914,0.0,0.0,0.015117087931931134,0.015117087931931134,0,1,4.44424692603862e-05,ok
300.0,0.5,2.0,1.0,128.0,0.9,0.5,riemannian_scale,28,2.0,67502.99994411091,2.0,-0.9999555575307396,-1.3465513687189914,0.0,0.0,0.014595809037726613,0.014595809037726613,0,1,4.44424692603862e-05,ok
300.0,0.5,2.0,1.0,128.0,0.9,0.5,riemannian_scale,29,2.0,67502.99994411091,2.0,-0.9999555575307396,-1.3465513687189914,0.0,0.0,0.014109282069802392,0.014109282069802392,0,1,4.44424692603862e-05,ok
300.0,0.5,2.0,1.0,128.0,0.9,0.5,riemannian_scale,30,2.0,67502.99994411091,2.0,-0.9999555575307396,-1.3465513687189914,0.0,0.0,0.013654143938518444,0.013654143938518444,0,1,4.44424692603862e-05,ok
300.0,0.5,2.0,1.0,128.0,0.9,0.5,riemannian_scale,31,2.0,67502.99994411091,2.0,-0.9999555575307396,-1.3465513687189914,0.0,0.0,0.013227451940439743,0.013227451940439743,0,1,4.44424692603862e-05,ok
300.0,0.5,2.0,1.0,128.0,0.9,0.5,riemannian_scale,32,2.0,67502.99994411091,2.0,-0.9999555575307396,-1.3465513687189914,0.0,0.0,0.012826620063456721,0.012826620063456721,0,1,4.44424692603862e-05,ok
300.0,0.5,2.0,1.0,128.0,0.9,0.5,riemannian_scale,33,2.0,67502.99994411091,2.0,-0.9999555575307396,-1.3465513687189914,0.0,0.0,0.01244936653217858,0.01244936653217858,0,1,4.44424692603862e-05,ok
300.0,0.5,2.0,1.0,128.0,0.9,0.5,riemannian_scale,34,2.0,67502.99994411091,2.0,-0.9999555575307396,-1.3465513687189914,0.0,0.0,0.012093670345544908,0.012093670345544908,0,1,4.44424692603862e-05,ok
300.0,0.5,2.0,1.0,128.0,0.9,0.5,riemannian_scale,35,2.0,67502.99994411091,2.0,-0.9999555575307396,-1.3465513687189914,0.0,0.0,0.01175773505816866,0.01175773505816866,0,1,4.44424692603862e-05,ok
300.0,0.5,2.0,1.0,128.0,0.9,0.5,riemannian_scale,36,2.0,67502.99994411091,2.0,-0.9999555575307396,-1.3465513687189914,0.0,0.0,0.011439958434974914,0.011439958434974914,0,1,4.44424692603862e-05,ok
300.0,0.5,2.0,1.0,128.0,0.9,0.5,riemannian_scale,37,2.0,67502.99994411091,2.0,-0.9999555575307396,-1.3465513687189914,0.0,0.0,0.011138906897212414,0.011138906897212414,0,1,4.44424692603862e-05,ok
300.0,0.5,2.0,1.0,128.0,0.9,0.5,riemannian_scale,38,2.0,67502.99994411091,2.0,-0.9999555575307396,-1.3465513687189914,0.0,0.0,0.010853293899847993,0.010853293899847993,0,1,4.44424692603862e-05,ok
300.0,0.5,2.0,1.0,128.0,0.9,0.5,riemannian_scale,39,2.0,67502.99994411091,2.0,-0.9999555575307396,-1.3465513687189914,0.0,0.0,0.010581961552351795,0.010581961552351795,0,1,4.44424692603862e-05,ok
300.0,0.5,2.0,1.0,128.0,0.9,0.5,riemannian_scale,40,2.0,67502.99994411091,2.0,-0.9999555575307396,-1.3465513687189914,0.0,0.0,0.010323864929123702,0.010323864929123702,0,1,4.44424692603862e-05,ok
300.0,0.5,2.0,1.0,128.0,0.9,0.5,riemannian_scale,41,2.0,67502.99994411091,2.0,-0.9999555575307396,-1.3465513687189914,0.0,0.0,0.010078058621287423,0.010078058621287423,0,1,4.44424692603862e-05,ok
300.0,0.5,2.0,1.0,128.0,0.9,0.5,riemannian_scale,42,2.0,67502.99994411091,2.0,-0.9999555575307396,-1.3465513687189914,0.0,0.0,0.009843685164978412,0.009843685164978412,0,1,4.44424692603862e-05,ok
300.0,0.5,2.0,1.0,128.0,0.9,0.5,riemannian_scale,43,2.0,67502.99994411091,2.0,-0.9999555575307396,-1.3465513687189914,0.0,0.0,0.00961996504759254,0.00961996504759254,0,1,4.44424692603862e-05,ok
300.0,0.5,2.0,1.0,128.0,0.9,0.5,riemannian_scale,44,2.0,67502.99994411091,2.0,-0.9999555575307396,-1.3465513687189914,0.0,0.0,0.009406188046534928,0.009406188046534928,0,1,4.44424692603862e-05,ok
300.0,0.5,2.0,1.0,128.0,0.9,0.5,riemannian_scale,45,2.0,67502.99994411091,2.0,-0.9999555575307396,-1.3465513687189914,0.0,0.0,0.009201705697697212,0.009201705697697212,0,1,4.44424692603862e-05,ok
300.0,0.5,2.0,1.0,128.0,0.9,0.5,riemannian_scale,46,2.0,67502.99994411091,2.0,-0.9999555575307396,-1.3465513687189914,0.0,0.0,0.009005924725405783,0.009005924725405783,0,1,4.44424692603862e-05,ok
300.0,0.5,2.0,1.0,128.0,0.9,0.5,riemannian_scale,47,2.0,67502.99994411091,2.0,-0.9999555575307396,-1.3465513687189914,0.0,0.0,0.008818301293626495,0.008818301293626495,0,1,4.44424692603862e-05,ok
300.0,0.5,2.0,1.0,128.0,0.9,0.5,riemannian_scale,48,2.0,67502.99994411091,2.0,-0.9999555575307396,-1.3465513687189914,0.0,0.0,0.008638335961103505,0.008638335961103505,0,1,4.44424692603862e-05,ok
300.0,0.5,2.0,1.0,128.0,0.9,0.5,riemannian_scale,49,2.0,67502.99994411091,2.0,-0.9999555575307396,-1.3465513687189914,0.0,0.0,0.008465569241881436,0.008465569241881436,0,1,4.44424692603862e-05,ok
300.0,0.5,2.0,1.0,128.0,0.9,0.5,riemannian_scale,50,2.0,67502.99994411091,2.0,-0.9999555575307396,-1.3465513687189914,0.0,0.0,0.008299577688119054,0.008299577688119054,0,1,4.44424692603862e-05,ok
300.0,0.5,2.0,1.0,128.0,0.9,0.5,riemannian_scale,51,2.0,67502.99994411091,2.0,-0.9999555575307396,-1.3465513687189914,0.0,0.0,0.008139970424885996,0.008139970424885996,0,1,4.44424692603862e-05,ok
300.0,0.5,2.0,1.0,128.0,0.9,0.5,riemannian_scale,52,2.0,67502.99994411091,2.0,-0.9999555575307396,-1.3465513687189914,0.0,0.0,0.007986386077246638,0.007986386077246638,0,1,4.44424692603862e-05,ok
300.0,0.5,2.0,1.0,128.0,0.9,0.5,riemannian_scale,53,2.0,67502.99994411091,2.0,-0.9999555575307396,-1.3465513687189914,0.0,0.0,0.007838490038779107,0.007838490038779107,0,1,4.44424692603862e-05,ok
300.0,0.5,2.0,1.0,128.0,0.9,0.5,riemannian_scale,54,2.0,67502.99994411091,2.0,-0.9999555575307396,-1.3465513687189914,0.0,0.0,0.0076959720380740315,0.0076959720380740315,0,1,4.44424692603862e-05,ok
300.0,0.5,2.0,1.0,128.0,0.9,0.5,riemannian_scale,55,2.0,67502.99994411091,2.0,-0.9999555575307396,-1.3465513687189914,0.0,0.0,0.007558543965965567,0.007558543965965567,0,1,4.44424692603862e-05,ok
300.0,0.5,2.0,1.0,128.0,0.9,0.5,riemannian_scale,56,2.0,67502.99994411091,2.0,-0.9999555575307396,-1.3465513687189914,0.0,0.0,0.007425937931474943,0.007425937931474943,0,1,4.44424692603862e-05,ok
300.0,0.5,2.0,1.0,128.0,0.9,0.5,riemannian_scale,57,2.0,67502.99994411091,2.0,-0.9999555575307396,-1.3465513687189914,0.0,0.0,0.0072979045188633065,0.0072979045188633065,0,1,4.44424692603862e-05,ok
300.0,0.5,2.0,1.0,128.0,0.9,0.5,riemannian_scale,58,2.0,67502.99994411091,2.0,-0.9999555575307396,-1.3465513687189914,0.0,0.0,0.00717421122193342,0.00717421122193342,0,1,4.44424692603862e-05,ok
300.0,0.5,2.0,1.0,128.0,0.9,0.5,riemannian_scale,59,2.0,67502.99994411091,2.0,-0.9999555575307396,-1.3465513687189914,0.0,0.0,0.007054641034901196,0.007054641034901196,0,1,4.44424692603862e-05,ok
300.0,0.5,2.0,1.0,128.0,0.9,0.5,riemannian_scale,60,2.0,67502.99994411091,2.0,-0.9999555575307396,-1.3465513687189914,0.0,0.0,0.00693899118187003,0.00693899118187003,0,1,4.44424692603862e-05,ok
300.0,0.5,2.0,1.0,128.0,0.9,0.5,riemannian_scale,61,2.0,67502.99994411091,2.0,-0.9999555575307396,-1.3465513687189914,0.0,0.0,0.006827071969259222,0.006827071969259222,0,1,4.44424692603862e-05,ok
300.0,0.5,2.0,1.0,128.0,0.9,0.5,riemannian_scale,62,2.0,67502.99994411091,2.0,-0.9999555575307396,-1.3465513687189914,0.0,0.0,0.006718705747524948,0.006718705747524948,0,1,4.44424692603862e-05,ok
300.0,0.5,2.0,1.0,128.0,0.9,0.5,riemannian_scale,63,2.0,67502.99994411091,2.0,-0.9999555575307396,-1.3465513687189914,0.0,0.0,0.0066137259702198714,0.0066137259702198714,0,1,4.44424692603862e-05,ok
300.0,0.5,2.0,1.0,128.0,0.9,0.5,riemannian_scale,64,2.0,67502.99994411091,2.0,-0.9999555575307396,-1.3465513687189914,0.0,0.0,0.0065119763399087965,0.0065119763399087965,0,1,4.44424692603862e-05,ok
300.0,0.5,2.0,1.0,128.0,0.9,0.5,riemannian_scale,65,2.0,67502.99994411091,2.0,-0.9999555575307396,-1.3465513687189914,0.0,0.0,0.006413310031728361,0.006413310031728361,0,1,4.44424692603862e-05,ok
300.0,0.5,2.0,1.0,128.0,0.9,0.5,riemannian_scale,66,2.0,67502.99994411091,2.0,-0.9999555575307396,-1.3465513687189914,0.0,0.0,0.006317588986478683,0.006317588986478683,0,1,4.44424692603862e-05,ok
300.0,0.5,2.0,1.0,128.0,0.9,0.5,riemannian_scale,67,2.0,67502.99994411091,2.0,-0.9999555575307396,-1.3465513687189914,0.0,0.0,0.00622468326608929,0.00622468326608929,0,1,4.44424692603862e-05,ok
300.0,0.5,2.0,1.0,128.0,0.9,0.5,riemannian_scale,68,2.0,67502.99994411091,2.0,-0.9999555575307396,-1.3465513687189914,0.0,0.0,0.006134470465131475,0.006134470465131475,0,1,4.44424692603862e-05,ok
300.0,0.5,2.0,1.0,128.0,0.9,0.5,riemannian_scale,69,2.0,67502.99994411091,2.0,-0.9999555575307396,-1.3465513687189914,0.0,0.0,0.006046835172772454,0.006046835172772454,0,1,4.44424692603862e-05,ok
300.0,0.5,2.0,1.0,128.0,0.9,0.5,riemannian_scale,70,2.0,67502.99994411091,2.0,-0.9999555575307396,-1.3465513687189914,0.0,0.0,0.005961668480198194,0.005961668480198194,0,1,4.44424692603862e-05,ok
300.0,0.5,2.0,1.0,128.0,0.9,0.5,riemannian_scale,71,2.0,67502.99994411091,2.0,-0.9999555575307396,-1.3465513687189914,0.0,0.0,0.00587886752908433,0.00587886752908433,0,1,4.44424692603862e-05,ok
300.0,0.5,2.0,1.0,128.0,0.9,0.5,riemannian_scale,72,2.0,67502.99994411091,2.0,-0.9999555575307396,-1.3465513687189914,0.0,0.0,0.005798335097179065,0.005798335097179065,0,1,4.44424692603862e-05,ok
300.0,0.5,2.0,1.0,128.0,0.9,0.5,riemannian_scale,73,2.0,67502.99994411091,2.0,-0.9999555575307396,-1.3465513687189914,0.0,0.0,0.005719979217487457,0.005719979217487457,0,1,4.44424692603862e-05,ok
300.0,0.5,2.0,1.0,128.0,0.9,0.5,riemannian_scale,74,2.0,67502.99994411091,2.0,-0.9999555575307396,-1.3465513687189914,0.0,0.0,0.005643712827920957,0.005643712827920957,0,1,4.44424692603862e-05,ok
300.0,0.5,2.0,1.0,128.0,0.9,0.5,riemannian_scale,75,2.0,67502.99994411091,2.0,-0.9999555575307396,-1.3465513687189914,0.0,0.0,0.005569453448606207,0.005569453448606207,0,1,4.44424692603862e-05,ok
300.0,0.5,2.0,1.0,128.0,0.9,0.5,riemannian_scale,76,2.0,67502.99994411091,2.0,-0.9999555575307396,-1.3465513687189914,0.0,0.0,0.005497122884338595,0.005497122884338595,0,1,4.44424692603862e-05,ok
300.0,0.5,2.0,1.0,128.0,0.9,0.5,riemannian_scale,77,2.0,67502.99994411091,2.0,-0.9999555575307396,-1.3465513687189914,0.0,0.0,0.0054266469499239965,0.0054266469499239965,0,1,4.44424692603862e-05,ok
300.0,0.5,2.0,1.0,128.0,0.9,0.5,riemannian_scale,78,2.0,67502.99994411091,2.0,-0.9999555575307396,-1.3465513687189914,0.0,0.0,0.005357955216380655,0.005357955216380655,0,1,4.44424692603862e-05,ok
300.0,0.5,2.0,1.0,128.0,0.9,0.5,riemannian_scale,79,2.0,67502.99994411091,2.0,-0.9999555575307396,-1.3465513687189914,0.0,0.0,0.005290980776175898,0.005290980776175898,0,1,4.44424692603862e-05,ok
300.0,0.5,2.0,1.0,128.0,0.9,0.5,riemannian_scale,80,2.0,67502.99994411091,2.0,-0.9999555575307396,-1.3465513687189914,0.0,0.0,0.0052256600258527375,0.0052256600258527375,0,1,4.44424692603862e-05,ok
300.0,0.5,2.0,1.0,128.0,0.9,0.5,riemannian_scale,81,2.0,67502.99994411091,2.0,-0.9999555575307396,-1.3465513687189914,0.0,0.0,0.005161932464561851,0.005161932464561851,0,1,4.44424692603862e-05,ok
300.0,0.5,2.0,1.0,128.0,0.9,0.5,riemannian_scale,82,2.0,67502.99994411091,2.0,-0.9999555575307396,-1.3465513687189914,0.0,0.0,0.0050997405071574915,0.0050997405071574915,0,1,4.44424692603862e-05,ok
300.0,0.5,2.0,1.0,128.0,0.9,0.5,riemannian_scale,83,2.0,67502.99994411091,2.0,-0.9999555575307396,-1.3465513687189914,0.0,0.0,0.005039029310643712,0.005039029310643712,0,1,4.44424692603862e-05,ok
300.0,0.5,2.0,1.0,128.0,0.9,0.5,riemannian_scale,84,2.0,67502.99994411091,2.0,-0.9999555575307396,-1.3465513687189914,0.0,0.0,0.004979746612871433,0.004979746612871433,0,1,4.44424692603862e-05,ok
300.0,0.5,2.0,1.0,128.0,0.9,0.5,riemannian_scale,85,2.0,67502.99994411091,2.0,-0.9999555575307396,-1.3465513687189914,0.0,0.0,0.004921842582489206,0.004921842582489206,0,1,4.44424692603862e-05,ok
300.0,0.5,2.0,1.0,128.0,0.9,0.5,riemannian_scale,86,2.0,67502.99994411091,2.0,-0.9999555575307396,-1.3465513687189914,0.0,0.0,0.004865269679242204,0.004865269679242204,0,1,4.44424692603862e-05,ok
300.0,0.5,2.0,1.0,128.0,0.9,0.5,riemannian_scale,87,2.0,67502.99994411091,2.0,-0.9999555575307396,-1.3465513687189914,0.0,0.0,0.00480998252379627,0.00480998252379627,0,1,4.44424692603862e-05,ok
300.0,0.5,2.0,1.0,128.0,0.9,0.5,riemannian_scale,88,2.0,67502.99994411091,2.0,-0.9999555575307396,-1.3465513687189914,0.0,0.0,0.004755937776337885,0.004755937776337885,0,1,4.44424692603862e-05,ok
300.0,0.5,2.0,1.0,128.0,0.9,0.5,riemannian_scale,89,2.0,67502.99994411091,2.0,-0.9999555575307396,-1.3465513687189914,0.0,0.0,0.004703094023267464,0.004703094023267464,0,1,4.44424692603862e-05,ok
300.0,0.5,2.0,1.0,128.0,0.9,0.5,riemannian_scale,90,2.0,67502.99994411091,2.0,-0.9999555575307396,-1.3465513687189914,0.0,0.0,0.004651411671363426,0.004651411671363426,0,1,4.44424692603862e-05,ok
300.0,0.5,2.0,1.0,128.0,0.9,0.5,riemannian_scale,91,2.0,67502.99994411091,2.0,-0.9999555575307396,-1.3465513687189914,0.0,0.0,0.004600852848848606,0.004600852848848606,0,1,4.44424692603862e-05,ok
300.0,0.5,2.0,1.0,128.0,0.9,0.5,riemannian_scale,92,2.0,67502.99994411091,2.0,-0.9999555575307396,-1.3465513687189914,0.0,0.0,0.004551381312839482,0.004551381312839482,0,1,4.44424692603862e-05,ok
300.0,0.5,2.0,1.0,128.0,0.9,0.5,riemannian_scale,93,2.0,67502.99994411091,2.0,-0.9999555575307396,-1.3465513687189914,0.0,0.0,0.004502962362702891,0.004502962362702891,0,1,4.44424692603862e-05,ok
300.0,0.5,2.0,1.0,128.0,0.9,0.5,riemannian_scale,94,2.0,67502.99994411091,2.0,-0.9999555575307396,-1.3465513687189914,0.0,0.0,0.004455562758884966,0.004455562758884966,0,1,4.44424692603862e-05,ok
300.0,0.5,2.0,1.0,128.0,0.9,0.5,riemannian_scale,95,2.0,67502.99994411091,2.0,-0.9999555575307396,-1.3465513687189914,0.0,0.0,0.004409150646813248,0.004409150646813248,0,1,4.44424692603862e-05,ok
300.0,0.5,2.0,1.0,128.0,0.9,0.5,riemannian_scale,96,2.0,67502.99994411091,2.0,-0.9999555575307396,-1.3465513687189914,0.0,0.0,0.004363695485505894,0.004363695485505894,0,1,4.44424692603862e-05,ok
300.0,0.5,2.0,1.0,128.0,0.9,0.5,riemannian_scale,97,2.0,67502.99994411091,2.0,-0.9999555575307396,-1.3465513687189914,0.0,0.0,0.004319167980551752,0.004319167980551752,0,1,4.44424692603862e-05,ok
300.0,0.5,2.0,1.0,128.0,0.9,0.5,riemannian_scale,98,2.0,67502.99994411091,2.0,-0.9999555575307396,-1.3465513687189914,0.0,0.0,0.00427554002115224,0.00427554002115224,0,1,4.44424692603862e-05,ok
300.0,0.5,2.0,1.0,128.0,0.9,0.5,riemannian_scale,99,2.0,67502.99994411091,2.0,-0.9999555575307396,-1.3465513687189914,0.0,0.0,0.004232784620940718,0.004232784620940718,0,1,4.44424692603862e-05,ok
300.0,0.5,2.0,1.0,128.0,0.9,0.5,riemannian_scale,100,2.0,67502.99994411091,2.0,-0.9999555575307396,-1.3465513687189914,0.0,0.0,0.004190875862317542,0.004190875862317542,0,1,4.44424692603862e-05,ok
300.0,0.5,2.0,1.0,128.0,0.9,0.5,riemannian_scale,101,2.0,67502.99994411091,2.0,-0.9999555575307396,-1.3465513687189914,0.0,0.0,0.004149788844059527,0.004149788844059527,0,1,4.44424692603862e-05,ok
300.0,0.5,2.0,1.0,128.0,0.9,0.5,riemannian_scale,102,2.0,67502.99994411091,2.0,-0.9999555575307396,-1.3465513687189914,0.0,0.0,0.004109499631981279,0.004109499631981279,0,1,4.44424692603862e-05,ok
300.0,0.5,2.0,1.0,128.0,0.9,0.5,riemannian_scale,103,2.0,67502.99994411091,2.0,-0.9999555575307396,-1.3465513687189914,0.0,0.0,0.004069985212442998,0.004069985212442998,0,1,4.44424692603862e-05,ok
300.0,0.5,2.0,1.0,128.0,0.9,0.5,riemannian_scale,104,2.0,67502.99994411091,2.0,-0.9999555575307396,-1.3465513687189914,0.0,0.0,0.0040312234485149695,0.0040312234485149695,0,1,4.44424692603862e-05,ok
300.0,0.5,2.0,1.0,128.0,0.9,0.5,riemannian_scale,105,2.0,67502.99994411091,2.0,-0.9999555575307396,-1.3465513687189914,0.0,0.0,0.003993193038623319,0.003993193038623319,0,1,4.44424692603862e-05,ok
300.0,0.5,2.0,1.0,128.0,0.9,0.5,riemannian_scale,106,2.0,67502.99994411091,2.0,-0.9999555575307396,-1.3465513687189914,0.0,0.0,0.003955873477514689,0.003955873477514689,0,1,4.44424692603862e-05,ok
300.0,0.5,2.0,1.0,128.0,0.9,0.5,riemannian_scale,107,2.0,67502.99994411091,2.0,-0.9999555575307396,-1.3465513687189914,0.0,0.0,0.003919245019389553,0.003919245019389553,0,1,4.44424692603862e-05,ok
300.0,0.5,2.0,1.0,128.0,0.9,0.5,riemannian_scale,108,2.0,67502.99994411091,2.0,-0.9999555575307396,-1.3465513687189914,0.0,0.0,0.003883288643064879,0.003883288643064879,0,1,4.44424692603862e-05,ok
300.0,0.5,2.0,1.0,128.0,0.9,0.5,riemannian_scale,109,2.0,67502.99994411091,2.0,-0.9999555575307396,-1.3465513687189914,0.0,0.0,0.0038479860190370157,0.0038479860190370157,0,1,4.44424692603862e-05,ok
300.0,0.5,2.0,1.0,128.0,0.9,0.5,riemannian_scale,110,2.0,67502.99994411091,2.0,-0.9999555575307396,-1.3465513687189914,0.0,0.0,0.0038133194783249707,0.0038133194783249707,0,1,4.44424692603862e-05,ok
300.0,0.5,2.0,1.0,128.0,0.9,0.5,riemannian_scale,111,2.0,67502.99994411091,2.0,-0.9999555575307396,-1.3465513687189914,0.0,0.0,0.0037792719829827836,0.0037792719829827836,0,1,4.44424692603862e-05,ok
300.0,0.5,2.0,1.0,128.0,0.9,0.5,riemannian_scale,112,2.0,67502.99994411091,2.0,-0.9999555575307396,-1.3465513687189914,0.0,0.0,0.0037458270981776264,0.0037458270981776264,0,1,4.44424692603862e-05,ok
300.0,0.5,2.0,1.0,128.0,0.9,0.5,riemannian_scale,113,2.0,67502.99994411091,2.0,-0.9999555575307396,-1.3465513687189914,0.0,0.0,0.0037129689657374714,0.0037129689657374714,0,1,4.44424692603862e-05,ok
300.0,0.5,2.0,1.0,128.0,0.9,0.5,riemannian_scale,114,2.0,67502.99994411091,2.0,-0.9999555575307396,-1.3465513687189914,0.0,0.0,0.0036806822790788852,0.0036806822790788852,0,1,4.44424692603862e-05,ok
300.0,0.5,2.0,1.0,128.0,0.9,0.5,riemannian_scale,115,2.0,67502.99994411091,2.0,-0.9999555575307396,-1.3465513687189914,0.0,0.0,0.0036489522594316533,0.0036489522594316533,0,1,4.44424692603862e-05,ok
300.0,0.5,2.0,1.0,128.0,0.9,0.5,riemannian_scale,116,2.0,67502.99994411091,2.0,-0.9999555575307396,-1.3465513687189914,0.0,0.0,0.003617764633282665,0.003617764633282665,0,1,4.44424692603862e-05,ok
300.0,0.5,2.0,1.0,128.0,0.9,0.5,riemannian_scale,117,2.0,67502.99994411091,2.0,-0.9999555575307396,-1.3465513687189914,0.0,0.0,0.00358710561096671,0.00358710561096671,0,1,4.44424692603862e-05,ok
300.0,0.5,2.0,1.0,128.0,0.9,0.5,riemannian_scale,118,2.0,67502.99994411091,2.0,-0.9999555575307396,-1.3465513687189914,0.0,0.0,0.0035569618663367376,0.0035569618663367376,0,1,4.44424692603862e-05,ok
300.0,0.5,2.0,1.0,128.0,0.9,0.5,riemannian_scale,119,2.0,67502.99994411091,2.0,-0.9999555575307396,-1.3465513687189914,0.0,0.0,0.003527320517450598,0.003527320517450598,0,1,4.44424692603862e-05,ok
300.0,0.5,2.0,1.0,128.0,0.9,0.5,riemannian_scale,120,2.0,67502.99994411091,2.0,-0.9999555575307396,-1.3465513687189914,0.0,0.0,0.0034981691082154693,0.0034981691082154693,0,1,4.44424692603862e-05,ok
300.0,0.5,2.0,1.0,128.0,0.9,0.5,riemannian_scale,121,2.0,67502.99994411091,2.0,-0.9999555575307396,-1.3465513687189914,0.0,0.0,0.003469495590935015,0.003469495590935015,0,1,4.44424692603862e-05,ok
300.0,0.5,2.0,1.0,128.0,0.9,0.5,riemannian_scale,122,2.0,67502.99994411091,2.0,-0.9999555575307396,-1.3465513687189914,0.0,0.0,0.003441288309707901,0.003441288309707901,0,1,4.44424692603862e-05,ok
300.0,0.5,2.0,1.0,128.0,0.9,0.5,riemannian_scale,123,2.0,67502.99994411091,2.0,-0.9999555575307396,-1.3465513687189914,0.0,0.0,0.003413535984629611,0.003413535984629611,0,1,4.44424692603862e-05,ok
300.0,0.5,2.0,1.0,128.0,0.9,0.5,riemannian_scale,124,2.0,67502.99994411091,2.0,-0.9999555575307396,-1.3465513687189914,0.0,0.0,0.0033862276967525744,0.0033862276967525744,0,1,4.44424692603862e-05,ok
300.0,0.5,2.0,1.0,128.0,0.9,0.5,riemannian_scale,125,2.0,67502.99994411091,2.0,-0.9999555575307396,-1.3465513687189914,0.0,0.0,0.003359352873762474,0.003359352873762474,0,1,4.44424692603862e-05,ok
300.0,0.5,2.0,1.0,128.0,0.9,0.5,riemannian_scale,126,2.0,67502.99994411091,2.0,-0.9999555575307396,-1.3465513687189914,0.0,0.0,0.003332901276331274,0.003332901276331274,0,1,4.44424692603862e-05,ok
300.0,0.5,2.0,1.0,128.0,0.9,0.5,riemannian_scale,127,2.0,67502.99994411091,2.0,-0.9999555575307396,-1.3465513687189914,0.0,0.0,0.0033068629851099357,0.0033068629851099357,0,1,4.44424692603862e-05,ok
300.0,0.5,2.0,1.0,128.0,0.9,0.5,riemannian_scale,128,2.0,67502.99994411091,2.0,-0.9999555575307396,-1.3465513687189914,0.0,0.0,0.003281228388326138,0.003281228388326138,0,1,4.44424692603862e-05,ok
300.0,0.5,2.0,1.0,128.0,0.9,0.5,riemannian_scale,129,2.0,67502.99994411091,2.0,-0.9999555575307396,-1.3465513687189914,0.0,0.0,0.0032559881699543982,0.0032559881699543982,0,1,4.44424692603862e-05,ok
300.0,0.5,2.0,1.0,128.0,0.9,0.5,riemannian_scale,130,2.0,67502.99994411091,2.0,-0.9999555575307396,-1.3465513687189914,0.0,0.0,0.0032311332984280286,0.0032311332984280286,0,1,4.44424692603862e-05,ok
300.0,0.5,2.0,1.0,128.0,0.9,0.5,riemannian_scale,131,2.0,67502.99994411091,2.0,-0.9999555575307396,-1.3465513687189914,0.0,0.0,0.0032066550158641803,0.0032066550158641803,0,1,4.44424692603862e-05,ok
300.0,0.5,2.0,1.0,128.0,0.9,0.5,riemannian_scale,132,2.0,67502.99994411091,2.0,-0.9999555575307396,-1.3465513687189914,0.0,0.0,0.0031825448277749756,0.0031825448277749756,0,1,4.44424692603862e-05,ok
300.0,0.5,2.0,1.0,128.0,0.9,0.5,riemannian_scale,133,2.0,67502.99994411091,2.0,-0.9999555575307396,-1.3465513687189914,0.0,0.0,0.0031587944932393417,0.0031587944932393417,0,1,4.44424692603862e-05,ok
300.0,0.5,2.0,1.0,128.0,0.9,0.5,riemannian_scale,134,2.0,67502.99994411091,2.0,-0.9999555575307396,-1.3465513687189914,0.0,0.0,0.0031353960155116427,0.0031353960155116427,0,1,4.44424692603862e-05,ok
300.0,0.5,2.0,1.0,128.0,0.9,0.5,riemannian_scale,135,2.0,67502.99994411091,2.0,-0.9999555575307396,-1.3465513687189914,0.0,0.0,0.003112341633044645,0.003112341633044645,0,1,4.44424692603862e-05,ok
300.0,0.5,2.0,1.0,128.0,0.9,0.5,riemannian_scale,136,2.0,67502.99994411091,2.0,-0.9999555575307396,-1.3465513687189914,0.0,0.0,0.003089623810905633,0.003089623810905633,0,1,4.44424692603862e-05,ok
300.0,0.5,2.0,1.0,128.0,0.9,0.5,riemannian_scale,137,2.0,67502.99994411091,2.0,-0.9999555575307396,-1.3465513687189914,0.0,0.0,0.0030672352325657377,0.0030672352325657377,0,1,4.44424692603862e-05,ok
300.0,0.5,2.0,1.0,128.0,0.9,0.5,riemannian_scale,138,2.0,67502.99994411091,2.0,-0.9999555575307396,-1.3465513687189914,0.0,0.0,0.003045168792043682,0.003045168792043682,0,1,4.44424692603862e-05,ok
300.0,0.5,2.0,1.0,128.0,0.9,0.5,riemannian_scale,139,2.0,67502.99994411091,2.0,-0.9999555575307396,-1.3465513687189914,0.0,0.0,0.003023417586386227,0.003023417586386227,0,1,4.44424692603862e-05,ok
300.0,0.5,2.0,1.0,128.0,0.9,0.5,riemannian_scale,140,2.0,67502.99994411091,2.0,-0.9999555575307396,-1.3465513687189914,0.0,0.0,0.003001974908468594,0.003001974908468594,0,1,4.44424692603862e-05,ok
300.0,0.5,2.0,1.0,128.0,0.9,0.5,riemannian_scale,141,2.0,67502.99994411091,2.0,-0.9999555575307396,-1.3465513687189914,0.0,0.0,0.002980834240099097,0.002980834240099097,0,1,4.44424692603862e-05,ok
300.0,0.5,2.0,1.0,128.0,0.9,0.5,riemannian_scale,142,2.0,67502.99994411091,2.0,-0.9999555575307396,-1.3465513687189914,0.0,0.0,0.0029599892454130893,0.0029599892454130893,0,1,4.44424692603862e-05,ok
300.0,0.5,2.0,1.0,128.0,0.9,0.5,riemannian_scale,143,2.0,67502.99994411091,2.0,-0.9999555575307396,-1.3465513687189914,0.0,0.0,0.002939433764542165,0.002939433764542165,0,1,4.44424692603862e-05,ok
300.0,0.5,2.0,1.0,128.0,0.9,0.5,riemannian_scale,144,2.0,67502.99994411091,2.0,-0.9999555575307396,-1.3465513687189914,0.0,0.0,0.0029191618075453227,0.0029191618075453227,0,1,4.44424692603862e-05,ok
300.0,0.5,2.0,1.0,128.0,0.9,0.5,riemannian_scale,145,2.0,67502.99994411091,2.0,-0.9999555575307396,-1.3465513687189914,0.0,0.0,0.0028991675485895325,0.0028991675485895325,0,1,4.44424692603862e-05,ok
300.0,0.5,2.0,1.0,128.0,0.9,0.5,riemannian_scale,146,2.0,67502.99994411091,2.0,-0.9999555575307396,-1.3465513687189914,0.0,0.0,0.002879445320367835,0.002879445320367835,0,1,4.44424692603862e-05,ok
300.0,0.5,2.0,1.0,128.0,0.9,0.5,riemannian_scale,147,2.0,67502.99994411091,2.0,-0.9999555575307396,-1.3465513687189914,0.0,0.0,0.0028599896087437284,0.0028599896087437284,0,1,4.44424692603862e-05,ok
300.0,0.5,2.0,1.0,128.0,0.9,0.5,riemannian_scale,148,2.0,67502.99994411091,2.0,-0.9999555575307396,-1.3465513687189914,0.0,0.0,0.0028407950476112198,0.0028407950476112198,0,1,4.44424692603862e-05,ok
300.0,0.5,2.0,1.0,128.0,0.9,0.5,riemannian_scale,149,2.0,67502.99994411091,2.0,-0.9999555575307396,-1.3465513687189914,0.0,0.0,0.0028218564139604785,0.0028218564139604785,0,1,4.44424692603862e-05,ok
300.0,0.5,2.0,1.0,128.0,0.9,0.5,riemannian_scale,150,2.0,67502.99994411091,2.0,-0.9999555575307396,-1.3465513687189914,0.0,0.0,0.002803168623139548,0.002803168623139548,0,1,4.44424692603862e-05,ok
300.0,0.5,2.0,1.0,128.0,0.9,0.5,riemannian_scale,151,2.0,67502.99994411091,2.0,-0.9999555575307396,-1.3465513687189914,0.0,0.0,0.0027847267243031036,0.0027847267243031036,0,1,4.44424692603862e-05,ok
300.0,0.5,2.0,1.0,128.0,0.9,0.5,riemannian_scale,152,2.0,67502.99994411091,2.0,-0.9999555575307396,-1.3465513687189914,0.0,0.0,0.002766525896039685,0.002766525896039685,0,1,4.44424692603862e-05,ok
300.0,0.5,2.0,1.0,128.0,0.9,0.5,riemannian_scale,153,2.0,67502.99994411091,2.0,-0.9999555575307396,-1.3465513687189914,0.0,0.0,0.0027485614421692973,0.0027485614421692973,0,1,4.44424692603862e-05,ok
300.0,0.5,2.0,1.0,128.0,0.9,0.5,riemannian_scale,154,2.0,67502.99994411091,2.0,-0.9999555575307396,-1.3465513687189914,0.0,0.0,0.002730828787703689,0.002730828787703689,0,1,4.44424692603862e-05,ok
300.0,0.5,2.0,1.0,128.0,0.9,0.5,riemannian_scale,155,2.0,67502.99994411091,2.0,-0.9999555575307396,-1.3465513687189914,0.0,0.0,0.0027133234749619982,0.0027133234749619982,0,1,4.44424692603862e-05,ok
300.0,0.5,2.0,1.0,128.0,0.9,0.5,riemannian_scale,156,2.0,67502.99994411091,2.0,-0.9999555575307396,-1.3465513687189914,0.0,0.0,0.002696041159834852,0.002696041159834852,0,1,4.44424692603862e-05,ok
300.0,0.5,2.0,1.0,128.0,0.9,0.5,riemannian_scale,157,2.0,67502.99994411091,2.0,-0.9999555575307396,-1.3465513687189914,0.0,0.0,0.0026789776081903274,0.0026789776081903274,0,1,4.44424692603862e-05,ok
300.0,0.5,2.0,1.0,128.0,0.9,0.5,riemannian_scale,158,2.0,67502.99994411091,2.0,-0.9999555575307396,-1.3465513687189914,0.0,0.0,0.002662128692415546,0.002662128692415546,0,1,4.44424692603862e-05,ok
300.0,0.5,2.0,1.0,128.0,0.9,0.5,riemannian_scale,159,2.0,67502.99994411091,2.0,-0.9999555575307396,-1.3465513687189914,0.0,0.0,0.002645490388087949,0.002645490388087949,0,1,4.44424692603862e-05,ok
300.0,0.5,2.0,1.0,128.0,0.9,0.5,riemannian_scale,160,2.0,67502.99994411091,2.0,-0.9999555575307396,-1.3465513687189914,0.0,0.0,0.002629058770770632,0.002629058770770632,0,1,4.44424692603862e-05,ok
300.0,0.5,2.0,1.0,128.0,0.9,0.5,riemannian_scale,161,2.0,67502.99994411091,2.0,-0.9999555575307396,-1.3465513687189914,0.0,0.0,0.0026128300129263688,0.0026128300129263688,0,1,4.44424692603862e-05,ok
300.0,0.5,2.0,1.0,128.0,0.9,0.5,riemannian_scale,162,2.0,67502.99994411091,2.0,-0.9999555575307396,-1.3465513687189914,0.0,0.0,0.0025968003809452257,0.0025968003809452257,0,1,4.44424692603862e-05,ok
300.0,0.5,2.0,1.0,128.0,0.9,0.5,riemannian_scale,163,2.0,67502.99994411091,2.0,-0.9999555575307396,-1.3465513687189914,0.0,0.0,0.0025809662322809255,0.0025809662322809255,0,1,4.44424692603862e-05,ok
300.0,0.5,2.0,1.0,128.0,0.9,0.5,riemannian_scale,164,2.0,67502.99994411091,2.0,-0.9999555575307396,-1.3465513687189914,0.0,0.0,0.002565324012691344,0.002565324012691344,0,1,4.44424692603862e-05,ok
300.0,0.5,2.0,1.0,128.0,0.9,0.5,riemannian_scale,165,2.0,67502.99994411091,2.0,-0.9999555575307396,-1.3465513687189914,0.0,0.0,0.0025498702535787458,0.0025498702535787458,0,1,4.44424692603862e-05,ok
300.0,0.5,2.0,1.0,128.0,0.9,0.5,riemannian_scale,166,2.0,67502.99994411091,2.0,-0.9999555575307396,-1.3465513687189914,0.0,0.0,0.0025346015694255796,0.0025346015694255796,0,1,4.44424692603862e-05,ok
300.0,0.5,2.0,1.0,128.0,0.9,0.5,riemannian_scale,167,2.0,67502.99994411091,2.0,-0.9999555575307396,-1.3465513687189914,0.0,0.0,0.002519514655321856,0.002519514655321856,0,1,4.44424692603862e-05,ok
300.0,0.5,2.0,1.0,128.0,0.9,0.5,riemannian_scale,168,2.0,67502.99994411091,2.0,-0.9999555575307396,-1.3465513687189914,0.0,0.0,0.0025046062845803063,0.0025046062845803063,0,1,4.44424692603862e-05,ok
300.0,0.5,2.0,1.0,128.0,0.9,0.5,riemannian_scale,169,2.0,67502.99994411091,2.0,-0.9999555575307396,-1.3465513687189914,0.0,0.0,0.0024898733064357163,0.0024898733064357163,0,1,4.44424692603862e-05,ok
300.0,0.5,2.0,1.0,128.0,0.9,0.5,riemannian_scale,170,2.0,67502.99994411091,2.0,-0.9999555575307396,-1.3465513687189914,0.0,0.0,0.002475312643824981,0.002475312643824981,0,1,4.44424692603862e-05,ok
300.0,0.5,2.0,1.0,128.0,0.9,0.5,riemannian_scale,171,2.0,67502.99994411091,2.0,-0.9999555575307396,-1.3465513687189914,0.0,0.0,0.002460921291244603,0.002460921291244603,0,1,4.44424692603862e-05,ok
300.0,0.5,2.0,1.0,128.0,0.9,0.5,riemannian_scale,172,2.0,67502.99994411091,2.0,-0.9999555575307396,-1.3465513687189914,0.0,0.0,0.0024466963126824957,0.0024466963126824957,0,1,4.44424692603862e-05,ok
300.0,0.5,2.0,1.0,128.0,0.9,0.5,riemannian_scale,173,2.0,67502.99994411091,2.0,-0.9999555575307396,-1.3465513687189914,0.0,0.0,0.002432634839621102,0.002432634839621102,0,1,4.44424692603862e-05,ok
300.0,0.5,2.0,1.0,128.0,0.9,0.5,riemannian_scale,174,2.0,67502.99994411091,2.0,-0.9999555575307396,-1.3465513687189914,0.0,0.0,0.0024187340691089816,0.0024187340691089816,0,1,4.44424692603862e-05,ok
300.0,0.5,2.0,1.0,128.0,0.9,0.5,riemannian_scale,175,2.0,67502.99994411091,2.0,-0.9999555575307396,-1.3465513687189914,0.0,0.0,0.002404991261898135,0.002404991261898135,0,1,4.44424692603862e-05,ok
300.0,0.5,2.0,1.0,128.0,0.9,0.5,riemannian_scale,176,2.0,67502.99994411091,2.0,-0.9999555575307396,-1.3465513687189914,0.0,0.0,0.002391403740644473,0.002391403740644473,0,1,4.44424692603862e-05,ok
300.0,0.5,2.0,1.0,128.0,0.9,0.5,riemannian_scale,177,2.0,67502.99994411091,2.0,-0.9999555575307396,-1.3465513687189914,0.0,0.0,0.0023779688881689423,0.0023779688881689423,0,1,4.44424692603862e-05,ok
300.0,0.5,2.0,1.0,128.0,0.9,0.5,riemannian_scale,178,2.0,67502.99994411091,2.0,-0.9999555575307396,-1.3465513687189914,0.0,0.0,0.0023646841457769375,0.0023646841457769375,0,1,4.44424692603862e-05,ok
300.0,0.5,2.0,1.0,128.0,0.9,0.5,riemannian_scale,179,2.0,67502.99994411091,2.0,-0.9999555575307396,-1.3465513687189914,0.0,0.0,0.002351547011633732,0.002351547011633732,0,1,4.44424692603862e-05,ok
300.0,0.5,2.0,1.0,128.0,0.9,0.5,riemannian_scale,180,2.0,67502.99994411091,2.0,-0.9999555575307396,-1.3465513687189914,0.0,0.0,0.0023385550391937667,0.0023385550391937667,0,1,4.44424692603862e-05,ok
300.0,0.5,2.0,1.0,128.0,0.9,0.5,riemannian_scale,181,2.0,67502.99994411091,2.0,-0.9999555575307396,-1.3465513687189914,0.0,0.0,0.002325705835681713,0.002325705835681713,0,1,4.44424692603862e-05,ok
300.0,0.5,2.0,1.0,128.0,0.9,0.5,riemannian_scale,182,2.0,67502.99994411091,2.0,-0.9999555575307396,-1.3465513687189914,0.0,0.0,0.002312997060623343,0.002312997060623343,0,1,4.44424692603862e-05,ok
300.0,0.5,2.0,1.0,128.0,0.9,0.5,riemannian_scale,183,2.0,67502.99994411091,2.0,-0.9999555575307396,-1.3465513687189914,0.0,0.0,0.002300426424424303,0.002300426424424303,0,1,4.44424692603862e-05,ok
300.0,0.5,2.0,1.0,128.0,0.9,0.5,riemannian_scale,184,2.0,67502.99994411091,2.0,-0.9999555575307396,-1.3465513687189914,0.0,0.0,0.0022879916869949827,0.0022879916869949827,0,1,4.44424692603862e-05,ok
300.0,0.5,2.0,1.0,128.0,0.9,0.5,riemannian_scale,185,2.0,67502.99994411091,2.0,-0.9999555575307396,-1.3465513687189914,0.0,0.0,0.002275690656419741,0.002275690656419741,0,1,4.44424692603862e-05,ok
300.0,0.5,2.0,1.0,128.0,0.9,0.5,riemannian_scale,186,2.0,67502.99994411091,2.0,-0.9999555575307396,-1.3465513687189914,0.0,0.0,0.002263521187668833,0.002263521187668833,0,1,4.44424692603862e-05,ok
300.0,0.5,2.0,1.0,128.0,0.9,0.5,riemannian_scale,187,2.0,67502.99994411091,2.0,-0.9999555575307396,-1.3465513687189914,0.0,0.0,0.0022514811813514456,0.0022514811813514456,0,1,4.44424692603862e-05,ok
300.0,0.5,2.0,1.0,128.0,0.9,0.5,riemannian_scale,188,2.0,67502.99994411091,2.0,-0.9999555575307396,-1.3465513687189914,0.0,0.0,0.0022395685825083163,0.0022395685825083163,0,1,4.44424692603862e-05,ok
300.0,0.5,2.0,1.0,128.0,0.9,0.5,riemannian_scale,189,2.0,67502.99994411091,2.0,-0.9999555575307396,-1.3465513687189914,0.0,0.0,0.002227781379442483,0.002227781379442483,0,1,4.44424692603862e-05,ok
300.0,0.5,2.0,1.0,128.0,0.9,0.5,riemannian_scale,190,2.0,67502.99994411091,2.0,-0.9999555575307396,-1.3465513687189914,0.0,0.0,0.002216117602586763,0.002216117602586763,0,1,4.44424692603862e-05,ok
300.0,0.5,2.0,1.0,128.0,0.9,0.5,riemannian_scale,191,2.0,67502.99994411091,2.0,-0.9999555575307396,-1.3465513687189914,0.0,0.0,0.002204575323406624,0.002204575323406624,0,1,4.44424692603862e-05,ok
300.0,0.5,2.0,1.0,128.0,0.9,0.5,riemannian_scale,192,2.0,67502.99994411091,2.0,-0.9999555575307396,-1.3465513687189914,0.0,0.0,0.0021931526533371594,0.0021931526533371594,0,1,4.44424692603862e-05,ok
300.0,0.5,2.0,1.0,128.0,0.9,0.5,riemannian_scale,193,2.0,67502.99994411091,2.0,-0.9999555575307396,-1.3465513687189914,0.0,0.0,0.002181847742752947,0.002181847742752947,0,1,4.44424692603862e-05,ok
300.0,0.5,2.0,1.0,128.0,0.9,0.5,riemannian_scale,194,2.0,67502.99994411091,2.0,-0.9999555575307396,-1.3465513687189914,0.0,0.0,0.0021706587799695987,0.0021706587799695987,0,1,4.44424692603862e-05,ok
300.0,0.5,2.0,1.0,128.0,0.9,0.5,riemannian_scale,195,2.0,67502.99994411091,2.0,-0.9999555575307396,-1.3465513687189914,0.0,0.0,0.002159583990275876,0.002159583990275876,0,1,4.44424692603862e-05,ok
300.0,0.5,2.0,1.0,128.0,0.9,0.5,riemannian_scale,196,2.0,67502.99994411091,2.0,-0.9999555575307396,-1.3465513687189914,0.0,0.0,0.002148621634995288,0.002148621634995288,0,1,4.44424692603862e-05,ok
300.0,0.5,2.0,1.0,128.0,0.9,0.5,riemannian_scale,197,2.0,67502.99994411091,2.0,-0.9999555575307396,-1.3465513687189914,0.0,0.0,0.00213777001057612,0.00213777001057612,0,1,4.44424692603862e-05,ok
300.0,0.5,2.0,1.0,128.0,0.9,0.5,riemannian_scale,198,2.0,67502.99994411091,2.0,-0.9999555575307396,-1.3465513687189914,0.0,0.0,0.0021270274477089035,0.0021270274477089035,0,1,4.44424692603862e-05,ok
300.0,0.5,2.0,1.0,128.0,0.9,0.5,riemannian_scale,199,2.0,67502.99994411091,2.0,-0.9999555575307396,-1.3465513687189914,0.0,0.0,0.002116392310470359,0.002116392310470359,0,1,4.44424692603862e-05,ok
300.0,0.5,2.0,1.0,128.0,0.9,0.5,riemannian_scale,200,2.0,67502.99994411091,2.0,-0.9999555575307396,-1.3465513687189914,0.0,0.0,0.0021058629954928943,0.0021058629954928943,0,1,4.44424692603862e-05,ok
300.0,0.5,2.0,1.0,128.0,0.9,0.5,riemannian_scale,201,2.0,67502.99994411091,2.0,-0.9999555575307396,-1.3465513687189914,0.0,0.0,0.002095437931158771,0.002095437931158771,0,1,4.44424692603862e-05,ok
300.0,0.5,2.0,1.0,128.0,0.9,0.5,riemannian_scale,202,2.0,67502.99994411091,2.0,-0.9999555575307396,-1.3465513687189914,0.0,0.0,0.0020851155768180875,0.0020851155768180875,0,1,4.44424692603862e-05,ok
300.0,0.5,2.0,1.0,128.0,0.9,0.5,riemannian_scale,203,2.0,67502.99994411091,2.0,-0.9999555575307396,-1.3465513687189914,0.0,0.0,0.0020748944220297634,0.0020748944220297634,0,1,4.44424692603862e-05,ok
300.0,0.5,2.0,1.0,128.0,0.9,0.5,riemannian_scale,204,2.0,67502.99994411091,2.0,-0.9999555575307396,-1.3465513687189914,0.0,0.0,0.0020647729858247403,0.0020647729858247403,0,1,4.44424692603862e-05,ok
300.0,0.5,2.0,1.0,128.0,0.9,0.5,riemannian_scale,205,2.0,67502.99994411091,2.0,-0.9999555575307396,-1.3465513687189914,0.0,0.0,0.0020547498159906395,0.0020547498159906395,0,1,4.44424692603862e-05,ok
300.0,0.5,2.0,1.0,128.0,0.9,0.5,riemannian_scale,206,2.0,67502.99994411091,2.0,-0.9999555575307396,-1.3465513687189914,0.0,0.0,0.002044823488377158,0.002044823488377158,0,1,4.44424692603862e-05,ok
300.0,0.5,2.0,1.0,128.0,0.9,0.5,riemannian_scale,207,2.0,67502.99994411091,2.0,-0.9999555575307396,-1.3465513687189914,0.0,0.0,0.002034992606221499,0.002034992606221499,0,1,4.44424692603862e-05,ok
300.0,0.5,2.0,1.0,128.0,0.9,0.5,riemannian_scale,208,2.0,67502.99994411091,2.0,-0.9999555575307396,-1.3465513687189914,0.0,0.0,0.0020252557994931662,0.0020252557994931662,0,1,4.44424692603862e-05,ok
300.0,0.5,2.0,1.0,128.0,0.9,0.5,riemannian_scale,209,2.0,67502.99994411091,2.0,-0.9999555575307396,-1.3465513687189914,0.0,0.0,0.0020156117242574848,0.0020156117242574848,0,1,4.44424692603862e-05,ok
300.0,0.5,2.0,1.0,128.0,0.9,0.5,riemannian_scale,210,2.0,67502.99994411091,2.0,-0.9999555575307396,-1.3465513687189914,0.0,0.0,0.0020060590620572124,0.0020060590620572124,0,1,4.44424692603862e-05,ok
300.0,0.5,2.0,1.0,128.0,0.9,0.5,riemannian_scale,211,2.0,67502.99994411091,2.0,-0.9999555575307396,-1.3465513687189914,0.0,0.0,0.0019965965193116594,0.0019965965193116594,0,1,4.44424692603862e-05,ok
300.0,0.5,2.0,1.0,128.0,0.9,0.5,riemannian_scale,212,2.0,67502.99994411091,2.0,-0.9999555575307396,-1.3465513687189914,0.0,0.0,0.001987222826732731,0.001987222826732731,0,1,4.44424692603862e-05,ok
300.0,0.5,2.0,1.0,128.0,0.9,0.5,riemannian_scale,213,2.0,67502.99994411091,2.0,-0.9999555575307396,-1.3465513687189914,0.0,0.0,0.0019779367387573444,0.0019779367387573444,0,1,4.44424692603862e-05,ok
300.0,0.5,2.0,1.0,128.0,0.9,0.5,riemannian_scale,214,2.0,67502.99994411091,2.0,-0.9999555575307396,-1.3465513687189914,0.0,0.0,0.0019687370329956825,0.0019687370329956825,0,1,4.44424692603862e-05,ok
300.0,0.5,2.0,1.0,128.0,0.9,0.5,riemannian_scale,215,2.0,67502.99994411091,2.0,-0.9999555575307396,-1.3465513687189914,0.0,0.0,0.0019596225096947767,0.0019596225096947767,0,1,4.44424692603862e-05,ok
300.0,0.5,2.0,1.0,128.0,0.9,0.5,riemannian_scale,216,2.0,67502.99994411091,2.0,-0.9999555575307396,-1.3465513687189914,0.0,0.0,0.0019505919912169206,0.0019505919912169206,0,1,4.44424692603862e-05,ok
300.0,0.5,2.0,1.0,128.0,0.9,0.5,riemannian_scale,217,2.0,67502.99994411091,2.0,-0.9999555575307396,-1.3465513687189914,0.0,0.0,0.0019416443215324395,0.0019416443215324395,0,1,4.44424692603862e-05,ok
300.0,0.5,2.0,1.0,128.0,0.9,0.5,riemannian_scale,218,2.0,67502.99994411091,2.0,-0.9999555575307396,-1.3465513687189914,0.0,0.0,0.001932778365726355,0.001932778365726355,0,1,4.44424692603862e-05,ok
300.0,0.5,2.0,1.0,128.0,0.9,0.5,riemannian_scale,219,2.0,67502.99994411091,2.0,-0.9999555575307396,-1.3465513687189914,0.0,0.0,0.0019239930095185079,0.0019239930095185079,0,1,4.44424692603862e-05,ok
300.0,0.5,2.0,1.0,128.0,0.9,0.5,riemannian_scale,220,2.0,67502.99994411091,2.0,-0.9999555575307396,-1.3465513687189914,0.0,0.0,0.001915287158796705,0.001915287158796705,0,1,4.44424692603862e-05,ok
300.0,0.5,2.0,1.0,128.0,0.9,0.5,riemannian_scale,221,2.0,67502.99994411091,2.0,-0.9999555575307396,-1.3465513687189914,0.0,0.0,0.0019066597391624853,0.0019066597391624853,0,1,4.44424692603862e-05,ok
300.0,0.5,2.0,1.0,128.0,0.9,0.5,riemannian_scale,222,2.0,67502.99994411091,2.0,-0.9999555575307396,-1.3465513687189914,0.0,0.0,0.001898109695489111,0.001898109695489111,0,1,4.44424692603862e-05,ok
300.0,0.5,2.0,1.0,128.0,0.9,0.5,riemannian_scale,223,2.0,67502.99994411091,2.0,-0.9999555575307396,-1.3465513687189914,0.0,0.0,0.0018896359914913918,0.0018896359914913918,0,1,4.44424692603862e-05,ok
300.0,0.5,2.0,1.0,128.0,0.9,0.5,riemannian_scale,224,2.0,67502.99994411091,2.0,-0.9999555575307396,-1.3465513687189914,0.0,0.0,0.0018812376093069857,0.0018812376093069857,0,1,4.44424692603862e-05,ok
300.0,0.5,2.0,1.0,128.0,0.9,0.5,riemannian_scale,225,2.0,67502.99994411091,2.0,-0.9999555575307396,-1.3465513687189914,0.0,0.0,0.0018729135490888132,0.0018729135490888132,0,1,4.44424692603862e-05,ok
300.0,0.5,2.0,1.0,128.0,0.9,0.5,riemannian_scale,226,2.0,67502.99994411091,2.0,-0.9999555575307396,-1.3465513687189914,0.0,0.0,0.0018646628286082458,0.0018646628286082458,0,1,4.44424692603862e-05,ok
300.0,0.5,2.0,1.0,128.0,0.9,0.5,riemannian_scale,227,2.0,67502.99994411091,2.0,-0.9999555575307396,-1.3465513687189914,0.0,0.0,0.0018564844828687357,0.0018564844828687357,0,1,4.44424692603862e-05,ok
300.0,0.5,2.0,1.0,128.0,0.9,0.5,riemannian_scale,228,2.0,67502.99994411091,2.0,-0.9999555575307396,-1.3465513687189914,0.0,0.0,0.001848377563729571,0.001848377563729571,0,1,4.44424692603862e-05,ok
300.0,0.5,2.0,1.0,128.0,0.9,0.5,riemannian_scale,229,2.0,67502.99994411091,2.0,-0.9999555575307396,-1.3465513687189914,0.0,0.0,0.0018403411395394426,0.0018403411395394426,0,1,4.44424692603862e-05,ok
300.0,0.5,2.0,1.0,128.0,0.9,0.5,riemannian_scale,230,2.0,67502.99994411091,2.0,-0.9999555575307396,-1.3465513687189914,0.0,0.0,0.0018323742947795314,0.0018323742947795314,0,1,4.44424692603862e-05,ok
300.0,0.5,2.0,1.0,128.0,0.9,0.5,riemannian_scale,231,2.0,67502.99994411091,2.0,-0.9999555575307396,-1.3465513687189914,0.0,0.0,0.0018244761297158266,0.0018244761297158266,0,1,4.44424692603862e-05,ok
300.0,0.5,2.0,1.0,128.0,0.9,0.5,riemannian_scale,232,2.0,67502.99994411091,2.0,-0.9999555575307396,-1.3465513687189914,0.0,0.0,0.001816645760060394,0.001816645760060394,0,1,4.44424692603862e-05,ok
300.0,0.5,2.0,1.0,128.0,0.9,0.5,riemannian_scale,233,2.0,67502.99994411091,2.0,-0.9999555575307396,-1.3465513687189914,0.0,0.0,0.0018088823166413324,0.0018088823166413324,0,1,4.44424692603862e-05,ok
300.0,0.5,2.0,1.0,128.0,0.9,0.5,riemannian_scale,234,2.0,67502.99994411091,2.0,-0.9999555575307396,-1.3465513687189914,0.0,0.0,0.0018011849450811565,0.0018011849450811565,0,1,4.44424692603862e-05,ok
300.0,0.5,2.0,1.0,128.0,0.9,0.5,riemannian_scale,235,2.0,67502.99994411091,2.0,-0.9999555575307396,-1.3465513687189914,0.0,0.0,0.001793552805483355,0.001793552805483355,0,1,4.44424692603862e-05,ok
300.0,0.5,2.0,1.0,128.0,0.9,0.5,riemannian_scale,236,2.0,67502.99994411091,2.0,-0.9999555575307396,-1.3465513687189914,0.0,0.0,0.001785985072126885,0.001785985072126885,0,1,4.44424692603862e-05,ok
300.0,0.5,2.0,1.0,128.0,0.9,0.5,riemannian_scale,237,2.0,67502.99994411091,2.0,-0.9999555575307396,-1.3465513687189914,0.0,0.0,0.0017784809331683688,0.0017784809331683688,0,1,4.44424692603862e-05,ok
300.0,0.5,2.0,1.0,128.0,0.9,0.5,riemannian_scale,238,2.0,67502.99994411091,2.0,-0.9999555575307396,-1.3465513687189914,0.0,0.0,0.0017710395903517645,0.0017710395903517645,0,1,4.44424692603862e-05,ok
300.0,0.5,2.0,1.0,128.0,0.9,0.5,riemannian_scale,239,2.0,67502.99994411091,2.0,-0.9999555575307396,-1.3465513687189914,0.0,0.0,0.001763660258725299,0.001763660258725299,0,1,4.44424692603862e-05,ok
300.0,0.5,2.0,1.0,128.0,0.9,0.5,riemannian_scale,240,2.0,67502.99994411091,2.0,-0.9999555575307396,-1.3465513687189914,0.0,0.0,0.001756342166365443,0.001756342166365443,0,1,4.44424692603862e-05,ok
300.0,0.5,2.0,1.0,128.0,0.9,0.5,riemannian_scale,241,2.0,67502.99994411091,2.0,-0.9999555575307396,-1.3465513687189914,0.0,0.0,0.0017490845541077347,0.0017490845541077347,0,1,4.44424692603862e-05,ok
300.0,0.5,2.0,1.0,128.0,0.9,0.5,riemannian_scale,242,2.0,67502.99994411091,2.0,-0.9999555575307396,-1.3465513687189914,0.0,0.0,0.001741886675284246,0.001741886675284246,0,1,4.44424692603862e-05,ok
300.0,0.5,2.0,1.0,128.0,0.9,0.5,riemannian_scale,243,2.0,67502.99994411091,2.0,-0.9999555575307396,-1.3465513687189914,0.0,0.0,0.0017347477954675074,0.0017347477954675074,0,1,4.44424692603862e-05,ok
300.0,0.5,2.0,1.0,128.0,0.9,0.5,riemannian_scale,244,2.0,67502.99994411091,2.0,-0.9999555575307396,-1.3465513687189914,0.0,0.0,0.0017276671922207012,0.0017276671922207012,0,1,4.44424692603862e-05,ok
300.0,0.5,2.0,1.0,128.0,0.9,0.5,riemannian_scale,245,2.0,67502.99994411091,2.0,-0.9999555575307396,-1.3465513687189914,0.0,0.0,0.0017206441548539505,0.0017206441548539505,0,1,4.44424692603862e-05,ok
300.0,0.5,2.0,1.0,128.0,0.9,0.5,riemannian_scale,246,2.0,67502.99994411091,2.0,-0.9999555575307396,-1.3465513687189914,0.0,0.0,0.0017136779841865255,0.0017136779841865255,0,1,4.44424692603862e-05,ok
300.0,0.5,2.0,1.0,128.0,0.9,0.5,riemannian_scale,247,2.0,67502.99994411091,2.0,-0.9999555575307396,-1.3465513687189914,0.0,0.0,0.0017067679923148055,0.0017067679923148055,0,1,4.44424692603862e-05,ok
300.0,0.5,2.0,1.0,128.0,0.9,0.5,riemannian_scale,248,2.0,67502.99994411091,2.0,-0.9999555575307396,-1.3465513687189914,0.0,0.0,0.0016999135023858301,0.0016999135023858301,0,1,4.44424692603862e-05,ok
300.0,0.5,2.0,1.0,128.0,0.9,0.5,riemannian_scale,249,2.0,67502.99994411091,2.0,-0.9999555575307396,-1.3465513687189914,0.0,0.0,0.0016931138483762872,0.0016931138483762872,0,1,4.44424692603862e-05,ok
300.0,0.5,2.0,1.0,128.0,0.9,0.5,riemannian_scale,250,2.0,67502.99994411091,2.0,-0.9999555575307396,-1.3465513687189914,0.0,0.0,0.00168636837487678,0.00168636837487678,0,1,4.44424692603862e-05,ok
300.0,0.5,2.0,1.0,128.0,0.9,0.5,riemannian_scale,251,2.0,67502.99994411091,2.0,-0.9999555575307396,-1.3465513687189914,0.0,0.0,0.001679676436881237,0.001679676436881237,0,1,4.44424692603862e-05,ok
300.0,0.5,2.0,1.0,128.0,0.9,0.5,riemannian_scale,252,2.0,67502.99994411091,2.0,-0.9999555575307396,-1.3465513687189914,0.0,0.0,0.0016730373995813112,0.0016730373995813112,0,1,4.44424692603862e-05,ok
300.0,0.5,2.0,1.0,128.0,0.9,0.5,riemannian_scale,253,2.0,67502.99994411091,2.0,-0.9999555575307396,-1.3465513687189914,0.0,0.0,0.001666450638165637,0.001666450638165637,0,1,4.44424692603862e-05,ok
300.0,0.5,2.0,1.0,128.0,0.9,0.5,riemannian_scale,254,2.0,67502.99994411091,2.0,-0.9999555575307396,-1.3465513687189914,0.0,0.0,0.0016599155376238108,0.0016599155376238108,0,1,4.44424692603862e-05,ok
300.0,0.5,2.0,1.0,128.0,0.9,0.5,riemannian_scale,255,2.0,67502.99994411091,2.0,-0.9999555575307396,-1.3465513687189914,0.0,0.0,0.0016534314925549679,0.0016534314925549679,0,1,4.44424692603862e-05,ok
300.0,0.5,2.0,1.0,128.0,0.9,0.5,riemannian_scale,256,2.0,67502.99994411091,2.0,-0.9999555575307396,-1.3465513687189914,0.0,0.0,0.001646997906980824,0.001646997906980824,0,1,4.44424692603862e-05,ok
300.0,0.5,2.0,1.0,128.0,0.9,0.5,riemannian_scale,257,2.0,67502.99994411091,2.0,-0.9999555575307396,-1.3465513687189914,0.0,0.0,0.001640614194163069,0.001640614194163069,0,1,4.44424692603862e-05,ok
300.0,0.5,2.0,1.0,128.0,0.9,0.5,riemannian_scale,258,2.0,67502.99994411091,2.0,-0.9999555575307396,-1.3465513687189914,0.0,0.0,0.0016342797764249877,0.0016342797764249877,0,1,4.44424692603862e-05,ok
300.0,0.5,2.0,1.0,128.0,0.9,0.5,riemannian_scale,259,2.0,67502.99994411091,2.0,-0.9999555575307396,-1.3465513687189914,0.0,0.0,0.0016279940849771991,0.0016279940849771991,0,1,4.44424692603862e-05,ok
300.0,0.5,2.0,1.0,128.0,0.9,0.5,riemannian_scale,260,2.0,67502.99994411091,2.0,-0.9999555575307396,-1.3465513687189914,0.0,0.0,0.0016217565597474014,0.0016217565597474014,0,1,4.44424692603862e-05,ok
300.0,0.5,2.0,1.0,128.0,0.9,0.5,riemannian_scale,261,2.0,67502.99994411091,2.0,-0.9999555575307396,-1.3465513687189914,0.0,0.0,0.0016155666492140143,0.0016155666492140143,0,1,4.44424692603862e-05,ok
300.0,0.5,2.0,1.0,128.0,0.9,0.5,riemannian_scale,262,2.0,67502.99994411091,2.0,-0.9999555575307396,-1.3465513687189914,0.0,0.0,0.001609423810243619,0.001609423810243619,0,1,4.44424692603862e-05,ok
300.0,0.5,2.0,1.0,128.0,0.9,0.5,riemannian_scale,263,2.0,67502.99994411091,2.0,-0.9999555575307396,-1.3465513687189914,0.0,0.0,0.0016033275079320901,0.0016033275079320901,0,1,4.44424692603862e-05,ok
300.0,0.5,2.0,1.0,128.0,0.9,0.5,riemannian_scale,264,2.0,67502.99994411091,2.0,-0.9999555575307396,-1.3465513687189914,0.0,0.0,0.0015972772154493275,0.0015972772154493275,0,1,4.44424692603862e-05,ok
300.0,0.5,2.0,1.0,128.0,0.9,0.5,riemannian_scale,265,2.0,67502.99994411091,2.0,-0.9999555575307396,-1.3465513687189914,0.0,0.0,0.0015912724138874878,0.0015912724138874878,0,1,4.44424692603862e-05,ok
300.0,0.5,2.0,1.0,128.0,0.9,0.5,riemannian_scale,266,2.0,67502.99994411091,2.0,-0.9999555575307396,-1.3465513687189914,0.0,0.0,0.0015853125921126284,0.0015853125921126284,0,1,4.44424692603862e-05,ok
300.0,0.5,2.0,1.0,128.0,0.9,0.5,riemannian_scale,267,2.0,67502.99994411091,2.0,-0.9999555575307396,-1.3465513687189914,0.0,0.0,0.0015793972466196708,0.0015793972466196708,0,1,4.44424692603862e-05,ok
300.0,0.5,2.0,1.0,128.0,0.9,0.5,riemannian_scale,268,2.0,67502.99994411091,2.0,-0.9999555575307396,-1.3465513687189914,0.0,0.0,0.0015735258813906012,0.0015735258813906012,0,1,4.44424692603862e-05,ok
300.0,0.5,2.0,1.0,128.0,0.9,0.5,riemannian_scale,269,2.0,67502.99994411091,2.0,-0.9999555575307396,-1.3465513687189914,0.0,0.0,0.0015676980077558213,0.0015676980077558213,0,1,4.44424692603862e-05,ok
300.0,0.5,2.0,1.0,128.0,0.9,0.5,riemannian_scale,270,2.0,67502.99994411091,2.0,-0.9999555575307396,-1.3465513687189914,0.0,0.0,0.0015619131442585674,0.0015619131442585674,0,1,4.44424692603862e-05,ok
300.0,0.5,2.0,1.0,128.0,0.9,0.5,riemannian_scale,271,2.0,67502.99994411091,2.0,-0.9999555575307396,-1.3465513687189914,0.0,0.0,0.0015561708165223226,0.0015561708165223226,0,1,4.44424692603862e-05,ok
300.0,0.5,2.0,1.0,128.0,0.9,0.5,riemannian_scale,272,2.0,67502.99994411091,2.0,-0.9999555575307396,-1.3465513687189914,0.0,0.0,0.001550470557121142,0.001550470557121142,0,1,4.44424692603862e-05,ok
300.0,0.5,2.0,1.0,128.0,0.9,0.5,riemannian_scale,273,2.0,67502.99994411091,2.0,-0.9999555575307396,-1.3465513687189914,0.0,0.0,0.0015448119054528166,0.0015448119054528166,0,1,4.44424692603862e-05,ok
300.0,0.5,2.0,1.0,128.0,0.9,0.5,riemannian_scale,274,2.0,67502.99994411091,2.0,-0.9999555575307396,-1.3465513687189914,0.0,0.0,0.0015391944076148065,0.0015391944076148065,0,1,4.44424692603862e-05,ok
300.0,0.5,2.0,1.0,128.0,0.9,0.5,riemannian_scale,275,2.0,67502.99994411091,2.0,-0.9999555575307396,-1.3465513687189914,0.0,0.0,0.0015336176162828688,0.0015336176162828688,0,1,4.44424692603862e-05,ok
300.0,0.5,2.0,1.0,128.0,0.9,0.5,riemannian_scale,276,2.0,67502.99994411091,2.0,-0.9999555575307396,-1.3465513687189914,0.0,0.0,0.001528081090592317,0.001528081090592317,0,1,4.44424692603862e-05,ok
300.0,0.5,2.0,1.0,128.0,0.9,0.5,riemannian_scale,277,2.0,67502.99994411091,2.0,-0.9999555575307396,-1.3465513687189914,0.0,0.0,0.001522584396021841,0.001522584396021841,0,1,4.44424692603862e-05,ok
300.0,0.5,2.0,1.0,128.0,0.9,0.5,riemannian_scale,278,2.0,67502.99994411091,2.0,-0.9999555575307396,-1.3465513687189914,0.0,0.0,0.0015171271042798272,0.0015171271042798272,0,1,4.44424692603862e-05,ok
300.0,0.5,2.0,1.0,128.0,0.9,0.5,riemannian_scale,279,2.0,67502.99994411091,2.0,-0.9999555575307396,-1.3465513687189914,0.0,0.0,0.0015117087931931135,0.0015117087931931135,0,1,4.44424692603862e-05,ok
300.0,0.5,2.0,1.0,128.0,0.9,0.5,riemannian_scale,280,2.0,67502.99994411091,2.0,-0.9999555575307396,-1.3465513687189914,0.0,0.0,0.0015063290465981202,0.0015063290465981202,0,1,4.44424692603862e-05,ok
300.0,0.5,2.0,1.0,128.0,0.9,0.5,riemannian_scale,281,2.0,67502.99994411091,2.0,-0.9999555575307396,-1.3465513687189914,0.0,0.0,0.001500987454234297,0.001500987454234297,0,1,4.44424692603862e-05,ok
300.0,0.5,2.0,1.0,128.0,0.9,0.5,riemannian_scale,282,2.0,67502.99994411091,2.0,-0.9999555575307396,-1.3465513687189914,0.0,0.0,0.0014956836116398295,0.0014956836116398295,0,1,4.44424692603862e-05,ok
300.0,0.5,2.0,1.0,128.0,0.9,0.5,riemannian_scale,283,2.0,67502.99994411091,2.0,-0.9999555575307396,-1.3465513687189914,0.0,0.0,0.0014904171200495486,0.0014904171200495486,0,1,4.44424692603862e-05,ok
300.0,0.5,2.0,1.0,128.0,0.9,0.5,riemannian_scale,284,2.0,67502.99994411091,2.0,-0.9999555575307396,-1.3465513687189914,0.0,0.0,0.0014851875862949887,0.0014851875862949887,0,1,4.44424692603862e-05,ok
300.0,0.5,2.0,1.0,128.0,0.9,0.5,riemannian_scale,285,2.0,67502.99994411091,2.0,-0.9999555575307396,-1.3465513687189914,0.0,0.0,0.0014799946227065446,0.0014799946227065446,0,1,4.44424692603862e-05,ok
300.0,0.5,2.0,1.0,128.0,0.9,0.5,riemannian_scale,286,2.0,67502.99994411091,2.0,-0.9999555575307396,-1.3465513687189914,0.0,0.0,0.0014748378470176716,0.0014748378470176716,0,1,4.44424692603862e-05,ok
300.0,0.5,2.0,1.0,128.0,0.9,0.5,riemannian_scale,287,2.0,67502.99994411091,2.0,-0.9999555575307396,-1.3465513687189914,0.0,0.0,0.0014697168822710824,0.0014697168822710824,0,1,4.44424692603862e-05,ok
300.0,0.5,2.0,1.0,128.0,0.9,0.5,riemannian_scale,288,2.0,67502.99994411091,2.0,-0.9999555575307396,-1.3465513687189914,0.0,0.0,0.001464631356726892,0.001464631356726892,0,1,4.44424692603862e-05,ok
300.0,0.5,2.0,1.0,128.0,0.9,0.5,riemannian_scale,289,2.0,67502.99994411091,2.0,-0.9999555575307396,-1.3465513687189914,0.0,0.0,0.0014595809037726613,0.0014595809037726613,0,1,4.44424692603862e-05,ok
300.0,0.5,2.0,1.0,128.0,0.9,0.5,riemannian_scale,290,2.0,67502.99994411091,2.0,-0.9999555575307396,-1.3465513687189914,0.0,0.0,0.001454565161835298,0.001454565161835298,0,1,4.44424692603862e-05,ok
300.0,0.5,2.0,1.0,128.0,0.9,0.5,riemannian_scale,291,2.0,67502.99994411091,2.0,-0.9999555575307396,-1.3465513687189914,0.0,0.0,0.0014495837742947663,0.0014495837742947663,0,1,4.44424692603862e-05,ok
300.0,0.5,2.0,1.0,128.0,0.9,0.5,riemannian_scale,292,2.0,67502.99994411091,2.0,-0.9999555575307396,-1.3465513687189914,0.0,0.0,0.0014446363893995623,0.0014446363893995623,0,1,4.44424692603862e-05,ok
300.0,0.5,2.0,1.0,128.0,0.9,0.5,riemannian_scale,293,2.0,67502.99994411091,2.0,-0.9999555575307396,-1.3465513687189914,0.0,0.0,0.0014397226601839176,0.0014397226601839176,0,1,4.44424692603862e-05,ok
300.0,0.5,2.0,1.0,128.0,0.9,0.5,riemannian_scale,294,2.0,67502.99994411091,2.0,-0.9999555575307396,-1.3465513687189914,0.0,0.0,0.0014348422443866838,0.0014348422443866838,0,1,4.44424692603862e-05,ok
300.0,0.5,2.0,1.0,128.0,0.9,0.5,riemannian_scale,295,2.0,67502.99994411091,2.0,-0.9999555575307396,-1.3465513687189914,0.0,0.0,0.0014299948043718642,0.0014299948043718642,0,1,4.44424692603862e-05,ok
300.0,0.5,2.0,1.0,128.0,0.9,0.5,riemannian_scale,296,2.0,67502.99994411091,2.0,-0.9999555575307396,-1.3465513687189914,0.0,0.0,0.0014251800070507466,0.0014251800070507466,0,1,4.44424692603862e-05,ok
300.0,0.5,2.0,1.0,128.0,0.9,0.5,riemannian_scale,297,2.0,67502.99994411091,2.0,-0.9999555575307396,-1.3465513687189914,0.0,0.0,0.0014203975238056099,0.0014203975238056099,0,1,4.44424692603862e-05,ok
300.0,0.5,2.0,1.0,128.0,0.9,0.5,riemannian_scale,298,2.0,67502.99994411091,2.0,-0.9999555575307396,-1.3465513687189914,0.0,0.0,0.0014156470304149558,0.0014156470304149558,0,1,4.44424692603862e-05,ok
300.0,0.5,2.0,1.0,128.0,0.9,0.5,riemannian_scale,299,2.0,67502.99994411091,2.0,-0.9999555575307396,-1.3465513687189914,0.0,0.0,0.0014109282069802392,0.0014109282069802392,0,1,4.44424692603862e-05,ok
1000.0,0.5,2.0,1.0,128.0,0.9,0.00703125,theorem_safe,0,1.0,1.0141620627420294,1.0141620627420294,-0.9999980000039997,-0.49999950011109173,4.9209065356680716e-05,4.9209065356680716e-05,9.922764228307993e-05,5.001857692639921e-05,0,0,0.9929687640624719,ok
1000.0,0.5,2.0,1.0,128.0,0.9,0.00703125,theorem_safe,1,1.0141620627420294,1.0286278420609027,1.0286278420609027,-0.9999979716799884,-0.5141118759024631,4.9911761522343154e-05,4.9209065356680716e-05,9.993780297170959e-05,5.072873761502888e-05,0,0,0.9928691874599442,ok
1000.0,0.5,2.0,1.0,128.0,0.9,0.00703125,theorem_safe,2,1.0286278420609027,1.0434068473031946,1.0434068473031946,-0.999997942748548,-0.528426252956378,5.0634719684871515e-05,4.9209065356680716e-05,0.0001006616396852484,5.145257432856769e-05,0,0,0.9927674753646617,ok
1000.0,0.5,2.0,1.0,128.0,0.9,0.00703125,theorem_safe,3,1.0434068473031946,1.0585089884130503,1.0585089884130503,-0.99999791319066,-0.5429484663767977,5.137875195509144e-05,4.9209065356680716e-05,0.00010139956445296197,5.219049909628126e-05,0,0,0.992663560914681,ok
1000.0,0.5,2.0,1.0,128.0,0.9,0.00703125,theorem_safe,4,1.0585089884130503,1.0739445972566393,1.0739445972566393,-0.9999978829865047,-0.5576845856665545,5.2144712314421485e-05,4.9209065356680716e-05,0.00010215200609398238,5.2942940737301666e-05,0,0,0.9925573744313929,ok
1000.0,0.5,2.0,1.0,128.0,0.9,0.00703125,theorem_safe,5,1.0739445972566393,1.0897244503234556,1.0897244503234556,-0.9999978521154187,-0.5726409266668125,5.2933499258397444e-05,4.9209065356680716e-05,0.00010291941158669937,5.371034623001865e-05,0,0,0.9924488432695872,ok
1000.0,0.5,2.0,1.0,128.0,0.9,0.00703125,theorem_safe,6,1.0897244503234556,1.1058597929093057,1.1058597929093057,-0.9999978205558491,-0.5878240646650752,5.374605863810861e-05,4.9209065356680716e-05,0.00010370224655239229,5.4493181195711574e-05,0,0,0.9923378916578368,ok
1000.0,0.5,2.0,1.0,128.0,0.9,0.00703125,theorem_safe,7,1.1058597929093057,1.1223623648950551,1.1223623648950551,-0.9999977882853057,-0.6032408477899178,5.458338671678834e-05,4.9209065356680716e-05,0.00010450099657878951,5.529193122210879e-05,0,0,0.9922244405284636,ok
1000.0,0.5,2.0,1.0,128.0,0.9,0.00703125,theorem_safe,8,1.1223623648950551,1.1392444282453429,1.1392444282453429,-0.9999977552803088,-0.61889841177407,5.544653346039284e-05,4.9209065356680716e-05,0.0001053161682323443,5.610710287566358e-05,0,0,0.9921084073362848,ok
1000.0,0.5,2.0,1.0,128.0,0.9,0.00703125,theorem_safe,9,1.1392444282453429,1.1565187963626566,1.1565187963626566,-0.9999977215163348,-0.6348041954484924,5.6336606082978656e-05,4.9209065356680716e-05,0.00010614829008494063,5.693922472825992e-05,0,0,0.9919897058652658,ok
1000.0,0.5,2.0,1.0,128.0,0.9,0.00703125,theorem_safe,10,1.1565187963626566,1.1741988654444728,1.1741988654444728,-0.9999976869677571,-0.6509659571207851,5.725477286975308e-05,4.9209065356680716e-05,0.0001069979142486065,5.7788848891925784e-05,0,0,0.9918682460221278,ok
1000.0,0.5,2.0,1.0,128.0,0.9,0.00703125,theorem_safe,11,1.1741988654444728,1.192298648004764,1.192298648004764,-0.9999976516077838,-0.6673917926244672,5.8202267303024587e-05,4.9209065356680716e-05,0.00010786561733299719,5.8656551976316476e-05,0,0,0.9917439336158711,ok
1000.0,0.5,2.0,1.0,128.0,0.9,0.00703125,theorem_safe,12,1.192298648004764,1.2108328087361886,1.2108328087361886,-0.99999761540839,-0.6840901536927403,5.918039251888354e-05,4.9209065356680716e-05,0.00010875200222172697,5.9542936865046255e-05,0,0,0.9916166701220822,ok
1000.0,0.5,2.0,1.0,128.0,0.9,0.00703125,theorem_safe,13,1.2108328087361886,1.2298167029058944,1.2298167029058944,-0.9999975783402468,-0.7010698686632625,6.019052612540616e-05,4.9209065356680716e-05,0.0001096576992163549,6.044863385967418e-05,0,0,0.9914863524307813,ok
1000.0,0.5,2.0,1.0,128.0,0.9,0.00703125,theorem_safe,14,1.2298167029058944,1.2492664174962453,1.2492664174962453,-0.9999975403726438,-0.7183401634396561,6.123412541634773e-05,4.9209065356680716e-05,0.00011058336793227458,6.137430257559387e-05,0,0,0.9913528725764564,ok
1000.0,0.5,2.0,1.0,128.0,0.9,0.00703125,theorem_safe,15,1.2492664174962453,1.26919881532218,1.26919881532218,-0.9999975014734075,-0.7359106850332775,6.231273301807866e-05,4.9209065356680716e-05,0.00011152969886482686,6.232063350814614e-05,0,0,0.9912161174487985,ok
1000.0,0.5,2.0,1.0,128.0,0.9,0.00703125,theorem_safe,16,1.26919881532218,1.2896315823795244,1.2896315823795244,-0.9999974616088125,-0.7537915259723866,6.342798301146868e-05,4.9209065356680716e-05,0.0001124974153117871,6.328834995510638e-05,0,0,0.9910759684825063,ok
1000.0,0.5,2.0,1.0,128.0,0.9,0.00703125,theorem_safe,17,1.2896315823795244,1.3105832787037284,1.3105832787037284,-0.9999974207434876,-0.7719932509093681,6.458160757514056e-05,4.9209065356680716e-05,0.00011348727538461178,6.427821002793107e-05,0,0,0.9909323013243752,ok
1000.0,0.5,2.0,1.0,128.0,0.9,0.00703125,theorem_safe,18,1.3105832787037284,1.3320733930464677,1.3320733930464677,-0.9999973788403129,-0.7905269250956979,6.577544420162569e-05,4.9209065356680716e-05,0.00011450007401392367,6.529100865724295e-05,0,0,0.9907849854757023,ok
1000.0,0.5,2.0,1.0,128.0,0.9,0.00703125,theorem_safe,19,1.3320733930464677,1.3541224017087103,1.3541224017087103,-0.9999973358603114,-0.8094041445576055,6.701144354375431e-05,4.9209065356680716e-05,0.00011553664542026709,6.632758006358637e-05,0,0,0.9906338839078501,ok
1000.0,0.5,2.0,1.0,128.0,0.9,0.00703125,theorem_safe,20,1.3541224017087103,1.3767518319036116,1.3767518319036116,-0.999997291762531,-0.8286370693065181,6.829167795523866e-05,4.9209065356680716e-05,0.00011659786542257783,6.738880006589712e-05,0,0,0.9904788526485835,ok
1000.0,0.5,2.0,1.0,128.0,0.9,0.00703125,theorem_safe,21,1.3767518319036116,1.399984330061428,1.399984330061428,-0.9999972465039177,-0.8482384581731909,6.961835079674975e-05,4.9209065356680716e-05,0.0001176846541783331,6.847558882165239e-05,0,0,0.9903197403365582,ok
1000.0,0.5,2.0,1.0,128.0,0.9,0.00703125,theorem_safe,22,1.399984330061428,1.423843735532069,1.423843735532069,-0.9999972000391795,-0.8682217069624095,7.099380658717735e-05,4.9209065356680716e-05,0.00011879797910052943,6.958891374384872e-05,0,0,0.9901563877410614,ok
1000.0,0.5,2.0,1.0,128.0,0.9,0.00703125,theorem_safe,23,1.423843735532069,1.448355160189551,1.448355160189551,-0.9999971523206381,-0.8886008895243791,7.242054208924167e-05,4.9209065356680716e-05,0.00011993885780817518,7.072979245149446e-05,0,0,0.9899886272438009,ok
1000.0,0.5,2.0,1.0,128.0,0.9,0.00703125,theorem_safe,24,1.448355160189551,1.473545074497192,1.473545074497192,-0.9999971032980703,-0.909390801429663,7.390121842939211e-05,4.9209065356680716e-05,0.00012110836162075136,7.189929626407065e-05,0,0,0.9898162822791975,ok
1000.0,0.5,2.0,1.0,128.0,0.9,0.00703125,theorem_safe,25,1.473545074497192,1.4994414006536811,1.4994414006536811,-0.999997052918536,-0.9306070080959854,7.543867436409987e-05,4.9209065356680716e-05,0.0001223076190256055,7.309855366892479e-05,0,0,0.9896391667292513,ok
1000.0,0.5,2.0,1.0,128.0,0.9,0.00703125,theorem_safe,26,1.4994414006536811,1.526073613509133,1.526073613509133,-0.9999970011261917,-0.9522658957968863,7.703594081856675e-05,4.9209065356680716e-05,0.00012353781976042063,7.432875440373991e-05,0,0,0.9894570842686224,ok
1000.0,0.5,2.0,1.0,128.0,0.9,0.00703125,theorem_safe,27,1.526073613509133,1.5534728500179666,1.5534728500179666,-0.9999969478620884,-0.974384727991107,7.869625683971405e-05,4.9209065356680716e-05,0.00012480021883117578,7.559115347449506e-05,0,0,0.9892698276550796,ok
1000.0,0.5,2.0,1.0,128.0,0.9,0.00703125,theorem_safe,28,1.5534728500179666,1.5816720280831709,1.5816720280831709,-0.9999968930639529,-0.9969817048787961,8.042308712339491e-05,4.9209065356680716e-05,0.00012609614136761138,7.688707601093066e-05,0,0,0.9890771779599261,ok
1000.0,0.5,2.0,1.0,128.0,0.9,0.00703125,theorem_safe,29,1.5816720280831709,1.6107059757457072,1.6107059757457072,-0.9999968366659504,-1.0200760298406177,8.222014129642685e-05,4.9209065356680716e-05,0.00012742698731965118,7.821792196297046e-05,0,0,0.988878903732394,ok
1000.0,0.5,2.0,1.0,128.0,0.9,0.00703125,theorem_safe,30,1.6107059757457072,1.640611571785123,1.640611571785123,-0.9999967785984258,-1.0436879793416034,8.409139515780373e-05,4.9209065356680716e-05,0.00012879423713715144,7.958517178047073e-05,0,0,0.9886747600913012,ok
1000.0,0.5,2.0,1.0,128.0,0.9,0.00703125,theorem_safe,31,1.640611571785123,1.6714278989248819,1.6714278989248819,-0.9999967187876226,-1.0678389811779994,8.60411141105858e-05,4.9209065356680716e-05,0.0001301994575303761,8.09903921736954e-05,0,0,0.9884644877364757,ok
1000.0,0.5,2.0,1.0,128.0,0.9,0.00703125,theorem_safe,32,1.6714278989248819,1.703196410980736,1.703196410980736,-0.9999966571553766,-1.0925516979382257,8.807387904734808e-05,4.9209065356680716e-05,0.00013164430795929114,8.243524260261042e-05,0,0,0.9882478118715546,ok
1000.0,0.5,2.0,1.0,128.0,0.9,0.00703125,theorem_safe,33,1.703196410980736,1.7359611154553776,1.7359611154553776,-0.9999965936187813,-1.1178501188000314,9.019461498810562e-05,4.9209065356680716e-05,0.0001331305476786397,8.3921482321959e-05,0,0,0.9880244410287499,ok
1000.0,0.5,2.0,1.0,128.0,0.9,0.00703125,theorem_safe,34,1.7359611154553776,1.7697687732707115,1.7697687732707115,-0.9999965280898231,-1.1437596595526918,9.240862281136887e-05,4.9209065356680716e-05,0.00013466004333644868,8.545097797976796e-05,0,0,0.9877940657850087,ok
1000.0,0.5,2.0,1.0,128.0,0.9,0.00703125,theorem_safe,35,1.7697687732707115,1.80466911754412,1.80466911754412,-0.9999964604749816,-1.1703072713858584,9.472161446719488e-05,4.9209065356680716e-05,0.00013623477746840646,8.702571211172575e-05,0,0,0.9875563573576807,ok
1000.0,0.5,2.0,1.0,128.0,0.9,0.00703125,theorem_safe,36,1.80466911754412,1.840715093561357,1.840715093561357,-0.999996390674792,-1.1975215607493328,9.713975211717192e-05,4.9209065356680716e-05,0.00013785685761142283,8.864779225474211e-05,0,0,0.9873109660662832,ok
1000.0,0.5,2.0,1.0,128.0,0.9,0.00703125,theorem_safe,37,1.840715093561357,1.8779631223813549,1.8779631223813549,-0.9999963185833656,-1.2254329197196456,9.966969171126654e-05,4.9209065356680716e-05,0.00013952852645807864,9.031946110139792e-05,0,0,0.9870575196452346,ok
1000.0,0.5,2.0,1.0,128.0,0.9,0.00703125,theorem_safe,38,1.8779631223813549,1.9164733908333318,1.9164733908333318,-0.999996244087862,-1.2540736697689745,0.00010231863158751374,4.9209065356680716e-05,0.00014125217301877636,9.204310766209564e-05,0,0,0.9867956213904283,ok
1000.0,0.5,2.0,1.0,128.0,0.9,0.00703125,theorem_safe,39,1.9164733908333318,1.9563101710413235,1.9563101710413235,-0.9999961670679094,-1.2834782197885712,0.00010509436676900408,4.9209065356680716e-05,0.00014303034465208047,9.382127929539975e-05,0,0,0.9865248481202432,ok
1000.0,0.5,2.0,1.0,128.0,0.9,0.00703125,theorem_safe,40,1.9563101710413235,1.9975421730442449,1.9975421730442449,-0.9999960873949663,-1.3136832385762607,0.00010800534973665239,4.9209065356680716e-05,0.00014486576073243065,9.565669537574994e-05,0,0,0.9862447479289448,ok
1000.0,0.5,2.0,1.0,128.0,0.9,0.00703125,theorem_safe,41,1.9975421730442449,2.0402429345810016,2.0,-0.9999960049316143,-1.3447278471375317,3.7786669273274544e-07,3.7786669273274544e-07,0.00014172523831823352,0.00014134737162550077,0,1,0.9859548377073907,ok
1000.0,0.5,2.0,1.0,128.0,0.9,0.00703125,theorem_safe,42,2.0,2.042789106909487,2.0,-0.9999960000159998,-1.3465715903320066,0.0,0.0,0.00013842930254339087,0.00013842930254339087,0,1,0.985937556249775,ok
1000.0,0.5,2.0,1.0,128.0,0.9,0.00703125,theorem_safe,43,2.0,2.042789106909487,2.0,-0.9999960000159998,-1.3465715903320066,0.0,0.0,0.00013528318203104108,0.00013528318203104108,0,1,0.985937556249775,ok
1000.0,0.5,2.0,1.0,128.0,0.9,0.00703125,theorem_safe,44,2.0,2.042789106909487,2.0,-0.9999960000159998,-1.3465715903320066,0.0,0.0,0.00013227688909701795,0.00013227688909701795,0,1,0.985937556249775,ok
1000.0,0.5,2.0,1.0,128.0,0.9,0.00703125,theorem_safe,45,2.0,2.042789106909487,2.0,-0.9999960000159998,-1.3465715903320066,0.0,0.0,0.00012940130455143061,0.00012940130455143061,0,1,0.985937556249775,ok
1000.0,0.5,2.0,1.0,128.0,0.9,0.00703125,theorem_safe,46,2.0,2.042789106909487,2.0,-0.9999960000159998,-1.3465715903320066,0.0,0.0,0.00012664808530565548,0.00012664808530565548,0,1,0.985937556249775,ok
1000.0,0.5,2.0,1.0,128.0,0.9,0.00703125,theorem_safe,47,2.0,2.042789106909487,2.0,-0.9999960000159998,-1.3465715903320066,0.0,0.0,0.00012400958352845433,0.00012400958352845433,0,1,0.985937556249775,ok
1000.0,0.5,2.0,1.0,128.0,0.9,0.00703125,theorem_safe,48,2.0,2.042789106909487,2.0,-0.9999960000159998,-1.3465715903320066,0.0,0.0,0.00012147877570134302,0.00012147877570134302,0,1,0.985937556249775,ok
1000.0,0.5,2.0,1.0,128.0,0.9,0.00703125,theorem_safe,49,2.0,2.042789106909487,2.0,-0.9999960000159998,-1.3465715903320066,0.0,0.0,0.00011904920018731616,0.00011904920018731616,0,1,0.985937556249775,ok
1000.0,0.5,2.0,1.0,128.0,0.9,0.00703125,theorem_safe,50,2.0,2.042789106909487,2.0,-0.9999960000159998,-1.3465715903320066,0.0,0.0,0.0001167149021444276,0.0001167149021444276,0,1,0.985937556249775,ok
1000.0,0.5,2.0,1.0,128.0,0.9,0.00703125,theorem_safe,51,2.0,2.042789106909487,2.0,-0.9999960000159998,-1.3465715903320066,0.0,0.0,0.00011447038479549631,0.00011447038479549631,0,1,0.985937556249775,ok
1000.0,0.5,2.0,1.0,128.0,0.9,0.00703125,theorem_safe,52,2.0,2.042789106909487,2.0,-0.9999960000159998,-1.3465715903320066,0.0,0.0,0.0001123105662144492,0.0001123105662144492,0,1,0.985937556249775,ok
1000.0,0.5,2.0,1.0,128.0,0.9,0.00703125,theorem_safe,53,2.0,2.042789106909487,2.0,-0.9999960000159998,-1.3465715903320066,0.0,0.0,0.00011023074091418162,0.00011023074091418162,0,1,0.985937556249775,ok
1000.0,0.5,2.0,1.0,128.0,0.9,0.00703125,theorem_safe,54,2.0,2.042789106909487,2.0,-0.9999960000159998,-1.3465715903320066,0.0,0.0,0.00010822654562483288,0.00010822654562483288,0,1,0.985937556249775,ok
1000.0,0.5,2.0,1.0,128.0,0.9,0.00703125,theorem_safe,55,2.0,2.042789106909487,2.0,-0.9999960000159998,-1.3465715903320066,0.0,0.0,0.00010629392873867515,0.00010629392873867515,0,1,0.985937556249775,ok
1000.0,0.5,2.0,1.0,128.0,0.9,0.00703125,theorem_safe,56,2.0,2.042789106909487,2.0,-0.9999960000159998,-1.3465715903320066,0.0,0.0,0.00010442912297132996,0.00010442912297132996,0,1,0.985937556249775,ok
1000.0,0.5,2.0,1.0,128.0,0.9,0.00703125,theorem_safe,57,2.0,2.042789106909487,2.0,-0.9999960000159998,-1.3465715903320066,0.0,0.0,0.00010262862085113462,0.00010262862085113462,0,1,0.985937556249775,ok
1000.0,0.5,2.0,1.0,128.0,0.9,0.00703125,theorem_safe,58,2.0,2.042789106909487,2.0,-0.9999960000159998,-1.3465715903320066,0.0,0.0,0.00010088915270111539,0.00010088915270111539,0,1,0.985937556249775,ok
1000.0,0.5,2.0,1.0,128.0,0.9,0.00703125,theorem_safe,59,2.0,2.042789106909487,2.0,-0.9999960000159998,-1.3465715903320066,0.0,0.0,9.920766682276347e-05,9.920766682276347e-05,0,1,0.985937556249775,ok
1000.0,0.5,2.0,1.0,128.0,0.9,0.00703125,theorem_safe,60,2.0,2.042789106909487,2.0,-0.9999960000159998,-1.3465715903320066,0.0,0.0,9.758131162894766e-05,9.758131162894766e-05,0,1,0.985937556249775,ok
1000.0,0.5,2.0,1.0,128.0,0.9,0.00703125,theorem_safe,61,2.0,2.042789106909487,2.0,-0.9999960000159998,-1.3465715903320066,0.0,0.0,9.600741950590013e-05,9.600741950590013e-05,0,1,0.985937556249775,ok
1000.0,0.5,2.0,1.0,128.0,0.9,0.00703125,theorem_safe,62,2.0,2.042789106909487,2.0,-0.9999960000159998,-1.3465715903320066,0.0,0.0,9.448349221215567e-05,9.448349221215567e-05,0,1,0.985937556249775,ok
1000.0,0.5,2.0,1.0,128.0,0.9,0.00703125,theorem_safe,63,2.0,2.042789106909487,2.0,-0.9999960000159998,-1.3465715903320066,0.0,0.0,9.300718764634074e-05,9.300718764634074e-05,0,1,0.985937556249775,ok
1000.0,0.5,2.0,1.0,128.0,0.9,0.00703125,theorem_safe,64,2.0,2.042789106909487,2.0,-0.9999960000159998,-1.3465715903320066,0.0,0.0,9.157630783639704e-05,9.157630783639704e-05,0,1,0.985937556249775,ok
1000.0,0.5,2.0,1.0,128.0,0.9,0.00703125,theorem_safe,65,2.0,2.042789106909487,2.0,-0.9999960000159998,-1.3465715903320066,0.0,0.0,9.018878802069407e-05,9.018878802069407e-05,0,1,0.985937556249775,ok
1000.0,0.5,2.0,1.0,128.0,0.9,0.00703125,theorem_safe,66,2.0,2.042789106909487,2.0,-0.9999960000159998,-1.3465715903320066,0.0,0.0,8.884268670695234e-05,8.884268670695234e-05,0,1,0.985937556249775,ok
1000.0,0.5,2.0,1.0,128.0,0.9,0.00703125,theorem_safe,67,2.0,2.042789106909487,2.0,-0.9999960000159998,-1.3465715903320066,0.0,0.0,8.75361766083207e-05,8.75361766083207e-05,0,1,0.985937556249775,ok
1000.0,0.5,2.0,1.0,128.0,0.9,0.00703125,theorem_safe,68,2.0,2.042789106909487,2.0,-0.9999960000159998,-1.3465715903320066,0.0,0.0,8.626753636762041e-05,8.626753636762041e-05,0,1,0.985937556249775,ok
1000.0,0.5,2.0,1.0,128.0,0.9,0.00703125,theorem_safe,69,2.0,2.042789106909487,2.0,-0.9999960000159998,-1.3465715903320066,0.0,0.0,8.503514299094011e-05,8.503514299094011e-05,0,1,0.985937556249775,ok
1000.0,0.5,2.0,1.0,128.0,0.9,0.00703125,theorem_safe,70,2.0,2.042789106909487,2.0,-0.9999960000159998,-1.3465715903320066,0.0,0.0,8.383746492064519e-05,8.383746492064519e-05,0,1,0.985937556249775,ok
1000.0,0.5,2.0,1.0,128.0,0.9,0.00703125,theorem_safe,71,2.0,2.042789106909487,2.0,-0.9999960000159998,-1.3465715903320066,0.0,0.0,8.267305568563622e-05,8.267305568563622e-05,0,1,0.985937556249775,ok
1000.0,0.5,2.0,1.0,128.0,0.9,0.00703125,theorem_safe,72,2.0,2.042789106909487,2.0,-0.9999960000159998,-1.3465715903320066,0.0,0.0,8.15405480735042e-05,8.15405480735042e-05,0,1,0.985937556249775,ok
1000.0,0.5,2.0,1.0,128.0,0.9,0.00703125,theorem_safe,73,2.0,2.042789106909487,2.0,-0.9999960000159998,-1.3465715903320066,0.0,0.0,8.043864877521362e-05,8.043864877521362e-05,0,1,0.985937556249775,ok
1000.0,0.5,2.0,1.0,128.0,0.9,0.00703125,theorem_safe,74,2.0,2.042789106909487,2.0,-0.9999960000159998,-1.3465715903320066,0.0,0.0,7.936613345821076e-05,7.936613345821076e-05,0,1,0.985937556249775,ok
1000.0,0.5,2.0,1.0,128.0,0.9,0.00703125,theorem_safe,75,2.0,2.042789106909487,2.0,-0.9999960000159998,-1.3465715903320066,0.0,0.0,7.832184222849747e-05,7.832184222849747e-05,0,1,0.985937556249775,ok
1000.0,0.5,2.0,1.0,128.0,0.9,0.00703125,theorem_safe,76,2.0,2.042789106909487,2.0,-0.9999960000159998,-1.3465715903320066,0.0,0.0,7.730467544630919e-05,7.730467544630919e-05,0,1,0.985937556249775,ok
1000.0,0.5,2.0,1.0,128.0,0.9,0.00703125,theorem_safe,77,2.0,2.042789106909487,2.0,-0.9999960000159998,-1.3465715903320066,0.0,0.0,7.63135898636642e-05,7.63135898636642e-05,0,1,0.985937556249775,ok
1000.0,0.5,2.0,1.0,128.0,0.9,0.00703125,theorem_safe,78,2.0,2.042789106909487,2.0,-0.9999960000159998,-1.3465715903320066,0.0,0.0,7.534759505526339e-05,7.534759505526339e-05,0,1,0.985937556249775,ok
1000.0,0.5,2.0,1.0,128.0,0.9,0.00703125,theorem_safe,79,2.0,2.042789106909487,2.0,-0.9999960000159998,-1.3465715903320066,0.0,0.0,7.440575011707259e-05,7.440575011707259e-05,0,1,0.985937556249775,ok
1000.0,0.5,2.0,1.0,128.0,0.9,0.00703125,theorem_safe,80,2.0,2.042789106909487,2.0,-0.9999960000159998,-1.3465715903320066,0.0,0.0,7.348716060945442e-05,7.348716060945442e-05,0,1,0.985937556249775,ok
1000.0,0.5,2.0,1.0,128.0,0.9,0.00703125,theorem_safe,81,2.0,2.042789106909487,2.0,-0.9999960000159998,-1.3465715903320066,0.0,0.0,7.259097572397326e-05,7.259097572397326e-05,0,1,0.985937556249775,ok
1000.0,0.5,2.0,1.0,128.0,0.9,0.00703125,theorem_safe,82,2.0,2.042789106909487,2.0,-0.9999960000159998,-1.3465715903320066,0.0,0.0,7.171638565500973e-05,7.171638565500973e-05,0,1,0.985937556249775,ok
1000.0,0.5,2.0,1.0,128.0,0.9,0.00703125,theorem_safe,83,2.0,2.042789106909487,2.0,-0.9999960000159998,-1.3465715903320066,0.0,0.0,7.086261915911676e-05,7.086261915911676e-05,0,1,0.985937556249775,ok
1000.0,0.5,2.0,1.0,128.0,0.9,0.00703125,theorem_safe,84,2.0,2.042789106909487,2.0,-0.9999960000159998,-1.3465715903320066,0.0,0.0,7.002894128665656e-05,7.002894128665656e-05,0,1,0.985937556249775,ok
1000.0,0.5,2.0,1.0,128.0,0.9,0.00703125,theorem_safe,85,2.0,2.042789106909487,2.0,-0.9999960000159998,-1.3465715903320066,0.0,0.0,6.921465127169543e-05,6.921465127169543e-05,0,1,0.985937556249775,ok
1000.0,0.5,2.0,1.0,128.0,0.9,0.00703125,theorem_safe,86,2.0,2.042789106909487,2.0,-0.9999960000159998,-1.3465715903320066,0.0,0.0,6.841908056742308e-05,6.841908056742308e-05,0,1,0.985937556249775,ok
1000.0,0.5,2.0,1.0,128.0,0.9,0.00703125,theorem_safe,87,2.0,2.042789106909487,2.0,-0.9999960000159998,-1.3465715903320066,0.0,0.0,6.764159101552054e-05,6.764159101552054e-05,0,1,0.985937556249775,ok
1000.0,0.5,2.0,1.0,128.0,0.9,0.00703125,theorem_safe,88,2.0,2.042789106909487,2.0,-0.9999960000159998,-1.3465715903320066,0.0,0.0,6.688157313894166e-05,6.688157313894166e-05,0,1,0.985937556249775,ok
1000.0,0.5,2.0,1.0,128.0,0.9,0.00703125,theorem_safe,89,2.0,2.042789106909487,2.0,-0.9999960000159998,-1.3465715903320066,0.0,0.0,6.613844454850898e-05,6.613844454850898e-05,0,1,0.985937556249775,ok
1000.0,0.5,2.0,1.0,128.0,0.9,0.00703125,theorem_safe,90,2.0,2.042789106909487,2.0,-0.9999960000159998,-1.3465715903320066,0.0,0.0,6.541164845456931e-05,6.541164845456931e-05,0,1,0.985937556249775,ok
1000.0,0.5,2.0,1.0,128.0,0.9,0.00703125,theorem_safe,91,2.0,2.042789106909487,2.0,-0.9999960000159998,-1.3465715903320066,0.0,0.0,6.470065227571531e-05,6.470065227571531e-05,0,1,0.985937556249775,ok
1000.0,0.5,2.0,1.0,128.0,0.9,0.00703125,theorem_safe,92,2.0,2.042789106909487,2.0,-0.9999960000159998,-1.3465715903320066,0.0,0.0,6.400494633726675e-05,6.400494633726675e-05,0,1,0.985937556249775,ok
1000.0,0.5,2.0,1.0,128.0,0.9,0.00703125,theorem_safe,93,2.0,2.042789106909487,2.0,-0.9999960000159998,-1.3465715903320066,0.0,0.0,6.332404265282774e-05,6.332404265282774e-05,0,1,0.985937556249775,ok
1000.0,0.5,2.0,1.0,128.0,0.9,0.00703125,theorem_safe,94,2.0,2.042789106909487,2.0,-0.9999960000159998,-1.3465715903320066,0.0,0.0,6.265747378279798e-05,6.265747378279798e-05,0,1,0.985937556249775,ok
1000.0,0.5,2.0,1.0,128.0,0.9,0.00703125,theorem_safe,95,2.0,2.042789106909487,2.0,-0.9999960000159998,-1.3465715903320066,0.0,0.0,6.200479176422716e-05,6.200479176422716e-05,0,1,0.985937556249775,ok
1000.0,0.5,2.0,1.0,128.0,0.9,0.00703125,theorem_safe,96,2.0,2.042789106909487,2.0,-0.9999960000159998,-1.3465715903320066,0.0,0.0,6.1365567106864e-05,6.1365567106864e-05,0,1,0.985937556249775,ok
1000.0,0.5,2.0,1.0,128.0,0.9,0.00703125,theorem_safe,97,2.0,2.042789106909487,2.0,-0.9999960000159998,-1.3465715903320066,0.0,0.0,6.073938785067151e-05,6.073938785067151e-05,0,1,0.985937556249775,ok
1000.0,0.5,2.0,1.0,128.0,0.9,0.00703125,theorem_safe,98,2.0,2.042789106909487,2.0,-0.9999960000159998,-1.3465715903320066,0.0,0.0,6.01258586804627e-05,6.01258586804627e-05,0,1,0.985937556249775,ok
1000.0,0.5,2.0,1.0,128.0,0.9,0.00703125,theorem_safe,99,2.0,2.042789106909487,2.0,-0.9999960000159998,-1.3465715903320066,0.0,0.0,5.952460009365808e-05,5.952460009365808e-05,0,1,0.985937556249775,ok
1000.0,0.5,2.0,1.0,128.0,0.9,0.00703125,theorem_safe,100,2.0,2.042789106909487,2.0,-0.9999960000159998,-1.3465715903320066,0.0,0.0,5.893524761748325e-05,5.893524761748325e-05,0,1,0.985937556249775,ok
1000.0,0.5,2.0,1.0,128.0,0.9,0.00703125,theorem_safe,101,2.0,2.042789106909487,2.0,-0.9999960000159998,-1.3465715903320066,0.0,0.0,5.83574510722138e-05,5.83574510722138e-05,0,1,0.985937556249775,ok
1000.0,0.5,2.0,1.0,128.0,0.9,0.00703125,theorem_safe,102,2.0,2.042789106909487,2.0,-0.9999960000159998,-1.3465715903320066,0.0,0.0,5.779087387733794e-05,5.779087387733794e-05,0,1,0.985937556249775,ok
1000.0,0.5,2.0,1.0,128.0,0.9,0.00703125,theorem_safe,103,2.0,2.042789106909487,2.0,-0.9999960000159998,-1.3465715903320066,0.0,0.0,5.7235192397748154e-05,5.7235192397748154e-05,0,1,0.985937556249775,ok
1000.0,0.5,2.0,1.0,128.0,0.9,0.00703125,theorem_safe,104,2.0,2.042789106909487,2.0,-0.9999960000159998,-1.3465715903320066,0.0,0.0,5.669009532729341e-05,5.669009532729341e-05,0,1,0.985937556249775,ok
1000.0,0.5,2.0,1.0,128.0,0.9,0.00703125,theorem_safe,105,2.0,2.042789106909487,2.0,-0.9999960000159998,-1.3465715903320066,0.0,0.0,5.61552831072246e-05,5.61552831072246e-05,0,1,0.985937556249775,ok
1000.0,0.5,2.0,1.0,128.0,0.9,0.00703125,theorem_safe,106,2.0,2.042789106909487,2.0,-0.9999960000159998,-1.3465715903320066,0.0,0.0,5.5630467377250536e-05,5.5630467377250536e-05,0,1,0.985937556249775,ok
1000.0,0.5,2.0,1.0,128.0,0.9,0.00703125,theorem_safe,107,2.0,2.042789106909487,2.0,-0.9999960000159998,-1.3465715903320066,0.0,0.0,5.511537045709081e-05,5.511537045709081e-05,0,1,0.985937556249775,ok
1000.0,0.5,2.0,1.0,128.0,0.9,0.00703125,theorem_safe,108,2.0,2.042789106909487,2.0,-0.9999960000159998,-1.3465715903320066,0.0,0.0,5.460972485656705e-05,5.460972485656705e-05,0,1,0.985937556249775,ok
1000.0,0.5,2.0,1.0,128.0,0.9,0.00703125,theorem_safe,109,2.0,2.042789106909487,2.0,-0.9999960000159998,-1.3465715903320066,0.0,0.0,5.411327281241644e-05,5.411327281241644e-05,0,1,0.985937556249775,ok
1000.0,0.5,2.0,1.0,128.0,0.9,0.00703125,theorem_safe,110,2.0,2.042789106909487,2.0,-0.9999960000159998,-1.3465715903320066,0.0,0.0,5.3625765850142414e-05,5.3625765850142414e-05,0,1,0.985937556249775,ok
1000.0,0.5,2.0,1.0,128.0,0.9,0.00703125,theorem_safe,111,2.0,2.042789106909487,2.0,-0.9999960000159998,-1.3465715903320066,0.0,0.0,5.3146964369337576e-05,5.3146964369337576e-05,0,1,0.985937556249775,ok
1000.0,0.5,2.0,1.0,128.0,0.9,0.00703125,theorem_safe,112,2.0,2.042789106909487,2.0,-0.9999960000159998,-1.3465715903320066,0.0,0.0,5.2676637251024846e-05,5.2676637251024846e-05,0,1,0.985937556249775,ok
1000.0,0.5,2.0,1.0,128.0,0.9,0.00703125,theorem_safe,113,2.0,2.042789106909487,2.0,-0.9999960000159998,-1.3465715903320066,0.0,0.0,5.221456148566498e-05,5.221456148566498e-05,0,1,0.985937556249775,ok
1000.0,0.5,2.0,1.0,128.0,0.9,0.00703125,theorem_safe,114,2.0,2.042789106909487,2.0,-0.9999960000159998,-1.3465715903320066,0.0,0.0,5.1760521820572245e-05,5.1760521820572245e-05,0,1,0.985937556249775,ok
1000.0,0.5,2.0,1.0,128.0,0.9,0.00703125,theorem_safe,115,2.0,2.042789106909487,2.0,-0.9999960000159998,-1.3465715903320066,0.0,0.0,5.131431042556731e-05,5.131431042556731e-05,0,1,0.985937556249775,ok
1000.0,0.5,2.0,1.0,128.0,0.9,0.00703125,theorem_safe,116,2.0,2.042789106909487,2.0,-0.9999960000159998,-1.3465715903320066,0.0,0.0,5.087572657577614e-05,5.087572657577614e-05,0,1,0.985937556249775,ok
1000.0,0.5,2.0,1.0,128.0,0.9,0.00703125,theorem_safe,117,2.0,2.042789106909487,2.0,-0.9999960000159998,-1.3465715903320066,0.0,0.0,5.044457635055769e-05,5.044457635055769e-05,0,1,0.985937556249775,ok
1000.0,0.5,2.0,1.0,128.0,0.9,0.00703125,theorem_safe,118,2.0,2.042789106909487,2.0,-0.9999960000159998,-1.3465715903320066,0.0,0.0,5.002067234761183e-05,5.002067234761183e-05,0,1,0.985937556249775,ok
1000.0,0.5,2.0,1.0,128.0,0.9,0.00703125,theorem_safe,119,2.0,2.042789106909487,2.0,-0.9999960000159998,-1.3465715903320066,0.0,0.0,4.9603833411381735e-05,4.9603833411381735e-05,0,1,0.985937556249775,ok
1000.0,0.5,2.0,1.0,128.0,0.9,0.00703125,theorem_safe,120,2.0,2.042789106909487,2.0,-0.9999960000159998,-1.3465715903320066,0.0,0.0,4.919388437492403e-05,4.919388437492403e-05,0,1,0.985937556249775,ok
1000.0,0.5,2.0,1.0,128.0,0.9,0.00703125,theorem_safe,121,2.0,2.042789106909487,2.0,-0.9999960000159998,-1.3465715903320066,0.0,0.0,4.879065581447383e-05,4.879065581447383e-05,0,1,0.985937556249775,ok
1000.0,0.5,2.0,1.0,128.0,0.9,0.00703125,theorem_safe,122,2.0,2.042789106909487,2.0,-0.9999960000159998,-1.3465715903320066,0.0,0.0,4.8393983815982174e-05,4.8393983815982174e-05,0,1,0.985937556249775,ok
1000.0,0.5,2.0,1.0,128.0,0.9,0.00703125,theorem_safe,123,2.0,2.042789106909487,2.0,-0.9999960000159998,-1.3465715903320066,0.0,0.0,4.8003709752950064e-05,4.8003709752950064e-05,0,1,0.985937556249775,ok
1000.0,0.5,2.0,1.0,128.0,0.9,0.00703125,theorem_safe,124,2.0,2.042789106909487,2.0,-0.9999960000159998,-1.3465715903320066,0.0,0.0,4.761968007492646e-05,4.761968007492646e-05,0,1,0.985937556249775,ok
1000.0,0.5,2.0,1.0,128.0,0.9,0.00703125,theorem_safe,125,2.0,2.042789106909487,2.0,-0.9999960000159998,-1.3465715903320066,0.0,0.0,4.724174610607784e-05,4.724174610607784e-05,0,1,0.985937556249775,ok
1000.0,0.5,2.0,1.0,128.0,0.9,0.00703125,theorem_safe,126,2.0,2.042789106909487,2.0,-0.9999960000159998,-1.3465715903320066,0.0,0.0,4.686976385327407e-05,4.686976385327407e-05,0,1,0.985937556249775,ok
1000.0,0.5,2.0,1.0,128.0,0.9,0.00703125,theorem_safe,127,2.0,2.042789106909487,2.0,-0.9999960000159998,-1.3465715903320066,0.0,0.0,4.650359382317037e-05,4.650359382317037e-05,0,1,0.985937556249775,ok
1000.0,0.5,2.0,1.0,128.0,0.9,0.00703125,theorem_safe,128,2.0,2.042789106909487,2.0,-0.9999960000159998,-1.3465715903320066,0.0,0.0,4.614310084779696e-05,4.614310084779696e-05,0,1,0.985937556249775,ok
1000.0,0.5,2.0,1.0,128.0,0.9,0.00703125,theorem_safe,129,2.0,2.042789106909487,2.0,-0.9999960000159998,-1.3465715903320066,0.0,0.0,4.578815391819852e-05,4.578815391819852e-05,0,1,0.985937556249775,ok
1000.0,0.5,2.0,1.0,128.0,0.9,0.00703125,theorem_safe,130,2.0,2.042789106909487,2.0,-0.9999960000159998,-1.3465715903320066,0.0,0.0,4.5438626025693186e-05,4.5438626025693186e-05,0,1,0.985937556249775,ok
1000.0,0.5,2.0,1.0,128.0,0.9,0.00703125,theorem_safe,131,2.0,2.042789106909487,2.0,-0.9999960000159998,-1.3465715903320066,0.0,0.0,4.509439401034703e-05,4.509439401034703e-05,0,1,0.985937556249775,ok
1000.0,0.5,2.0,1.0,128.0,0.9,0.00703125,theorem_safe,132,2.0,2.042789106909487,2.0,-0.9999960000159998,-1.3465715903320066,0.0,0.0,4.475533841628427e-05,4.475533841628427e-05,0,1,0.985937556249775,ok
1000.0,0.5,2.0,1.0,128.0,0.9,0.00703125,theorem_safe,133,2.0,2.042789106909487,2.0,-0.9999960000159998,-1.3465715903320066,0.0,0.0,4.442134335347617e-05,4.442134335347617e-05,0,1,0.985937556249775,ok
1000.0,0.5,2.0,1.0,128.0,0.9,0.00703125,theorem_safe,134,2.0,2.042789106909487,2.0,-0.9999960000159998,-1.3465715903320066,0.0,0.0,4.409229636567265e-05,4.409229636567265e-05,0,1,0.985937556249775,ok
1000.0,0.5,2.0,1.0,128.0,0.9,0.00703125,theorem_safe,135,2.0,2.042789106909487,2.0,-0.9999960000159998,-1.3465715903320066,0.0,0.0,4.376808830416035e-05,4.376808830416035e-05,0,1,0.985937556249775,ok
1000.0,0.5,2.0,1.0,128.0,0.9,0.00703125,theorem_safe,136,2.0,2.042789106909487,2.0,-0.9999960000159998,-1.3465715903320066,0.0,0.0,4.344861320704969e-05,4.344861320704969e-05,0,1,0.985937556249775,ok
1000.0,0.5,2.0,1.0,128.0,0.9,0.00703125,theorem_safe,137,2.0,2.042789106909487,2.0,-0.9999960000159998,-1.3465715903320066,0.0,0.0,4.3133768183810205e-05,4.3133768183810205e-05,0,1,0.985937556249775,ok
1000.0,0.5,2.0,1.0,128.0,0.9,0.00703125,theorem_safe,138,2.0,2.042789106909487,2.0,-0.9999960000159998,-1.3465715903320066,0.0,0.0,4.282345330478998e-05,4.282345330478998e-05,0,1,0.985937556249775,ok
1000.0,0.5,2.0,1.0,128.0,0.9,0.00703125,theorem_safe,139,2.0,2.042789106909487,2.0,-0.9999960000159998,-1.3465715903320066,0.0,0.0,4.2517571495470054e-05,4.2517571495470054e-05,0,1,0.985937556249775,ok
1000.0,0.5,2.0,1.0,128.0,0.9,0.00703125,theorem_safe,140,2.0,2.042789106909487,2.0,-0.9999960000159998,-1.3465715903320066,0.0,0.0,4.22160284352185e-05,4.22160284352185e-05,0,1,0.985937556249775,ok
1000.0,0.5,2.0,1.0,128.0,0.9,0.00703125,theorem_safe,141,2.0,2.042789106909487,2.0,-0.9999960000159998,-1.3465715903320066,0.0,0.0,4.191873246032259e-05,4.191873246032259e-05,0,1,0.985937556249775,ok
1000.0,0.5,2.0,1.0,128.0,0.9,0.00703125,theorem_safe,142,2.0,2.042789106909487,2.0,-0.9999960000159998,-1.3465715903320066,0.0,0.0,4.1625594471089564e-05,4.1625594471089564e-05,0,1,0.985937556249775,ok
1000.0,0.5,2.0,1.0,128.0,0.9,0.00703125,theorem_safe,143,2.0,2.042789106909487,2.0,-0.9999960000159998,-1.3465715903320066,0.0,0.0,4.133652784281811e-05,4.133652784281811e-05,0,1,0.985937556249775,ok
1000.0,0.5,2.0,1.0,128.0,0.9,0.00703125,theorem_safe,144,2.0,2.042789106909487,2.0,-0.9999960000159998,-1.3465715903320066,0.0,0.0,4.1051448340453844e-05,4.1051448340453844e-05,0,1,0.985937556249775,ok
1000.0,0.5,2.0,1.0,128.0,0.9,0.00703125,theorem_safe,145,2.0,2.042789106909487,2.0,-0.9999960000159998,-1.3465715903320066,0.0,0.0,4.07702740367521e-05,4.07702740367521e-05,0,1,0.985937556249775,ok
1000.0,0.5,2.0,1.0,128.0,0.9,0.00703125,theorem_safe,146,2.0,2.042789106909487,2.0,-0.9999960000159998,-1.3465715903320066,0.0,0.0,4.049292523378101e-05,4.049292523378101e-05,0,1,0.985937556249775,ok
1000.0,0.5,2.0,1.0,128.0,0.9,0.00703125,theorem_safe,147,2.0,2.042789106909487,2.0,-0.9999960000159998,-1.3465715903320066,0.0,0.0,4.021932438760681e-05,4.021932438760681e-05,0,1,0.985937556249775,ok
1000.0,0.5,2.0,1.0,128.0,0.9,0.00703125,theorem_safe,148,2.0,2.042789106909487,2.0,-0.9999960000159998,-1.3465715903320066,0.0,0.0,3.994939603601213e-05,3.994939603601213e-05,0,1,0.985937556249775,ok
1000.0,0.5,2.0,1.0,128.0,0.9,0.00703125,theorem_safe,149,2.0,2.042789106909487,2.0,-0.9999960000159998,-1.3465715903320066,0.0,0.0,3.968306672910538e-05,3.968306672910538e-05,0,1,0.985937556249775,ok
1000.0,0.5,2.0,1.0,128.0,0.9,0.00703125,theorem_safe,150,2.0,2.042789106909487,2.0,-0.9999960000159998,-1.3465715903320066,0.0,0.0,3.942026496268747e-05,3.942026496268747e-05,0,1,0.985937556249775,ok
1000.0,0.5,2.0,1.0,128.0,0.9,0.00703125,theorem_safe,151,2.0,2.042789106909487,2.0,-0.9999960000159998,-1.3465715903320066,0.0,0.0,3.9160921114248736e-05,3.9160921114248736e-05,0,1,0.985937556249775,ok
1000.0,0.5,2.0,1.0,128.0,0.9,0.00703125,theorem_safe,152,2.0,2.042789106909487,2.0,-0.9999960000159998,-1.3465715903320066,0.0,0.0,3.890496738147587e-05,3.890496738147587e-05,0,1,0.985937556249775,ok
1000.0,0.5,2.0,1.0,128.0,0.9,0.00703125,theorem_safe,153,2.0,2.042789106909487,2.0,-0.9999960000159998,-1.3465715903320066,0.0,0.0,3.865233772315459e-05,3.865233772315459e-05,0,1,0.985937556249775,ok
1000.0,0.5,2.0,1.0,128.0,0.9,0.00703125,theorem_safe,154,2.0,2.042789106909487,2.0,-0.9999960000159998,-1.3465715903320066,0.0,0.0,3.840296780236005e-05,3.840296780236005e-05,0,1,0.985937556249775,ok
1000.0,0.5,2.0,1.0,128.0,0.9,0.00703125,theorem_safe,155,2.0,2.042789106909487,2.0,-0.9999960000159998,-1.3465715903320066,0.0,0.0,3.81567949318321e-05,3.81567949318321e-05,0,1,0.985937556249775,ok
1000.0,0.5,2.0,1.0,128.0,0.9,0.00703125,theorem_safe,156,2.0,2.042789106909487,2.0,-0.9999960000159998,-1.3465715903320066,0.0,0.0,3.791375802143827e-05,3.791375802143827e-05,0,1,0.985937556249775,ok
1000.0,0.5,2.0,1.0,128.0,0.9,0.00703125,theorem_safe,157,2.0,2.042789106909487,2.0,-0.9999960000159998,-1.3465715903320066,0.0,0.0,3.7673797527631694e-05,3.7673797527631694e-05,0,1,0.985937556249775,ok
1000.0,0.5,2.0,1.0,128.0,0.9,0.00703125,theorem_safe,158,2.0,2.042789106909487,2.0,-0.9999960000159998,-1.3465715903320066,0.0,0.0,3.74368554048164e-05,3.74368554048164e-05,0,1,0.985937556249775,ok
1000.0,0.5,2.0,1.0,128.0,0.9,0.00703125,theorem_safe,159,2.0,2.042789106909487,2.0,-0.9999960000159998,-1.3465715903320066,0.0,0.0,3.720287505853629e-05,3.720287505853629e-05,0,1,0.985937556249775,ok
1000.0,0.5,2.0,1.0,128.0,0.9,0.00703125,theorem_safe,160,2.0,2.042789106909487,2.0,-0.9999960000159998,-1.3465715903320066,0.0,0.0,3.6971801300408746e-05,3.6971801300408746e-05,0,1,0.985937556249775,ok
1000.0,0.5,2.0,1.0,128.0,0.9,0.00703125,theorem_safe,161,2.0,2.042789106909487,2.0,-0.9999960000159998,-1.3465715903320066,0.0,0.0,3.674358030472721e-05,3.674358030472721e-05,0,1,0.985937556249775,ok
1000.0,0.5,2.0,1.0,128.0,0.9,0.00703125,theorem_safe,162,2.0,2.042789106909487,2.0,-0.9999960000159998,-1.3465715903320066,0.0,0.0,3.6518159566661396e-05,3.6518159566661396e-05,0,1,0.985937556249775,ok
1000.0,0.5,2.0,1.0,128.0,0.9,0.00703125,theorem_safe,163,2.0,2.042789106909487,2.0,-0.9999960000159998,-1.3465715903320066,0.0,0.0,3.629548786198663e-05,3.629548786198663e-05,0,1,0.985937556249775,ok
1000.0,0.5,2.0,1.0,128.0,0.9,0.00703125,theorem_safe,164,2.0,2.042789106909487,2.0,-0.9999960000159998,-1.3465715903320066,0.0,0.0,3.607551520827762e-05,3.607551520827762e-05,0,1,0.985937556249775,ok
1000.0,0.5,2.0,1.0,128.0,0.9,0.00703125,theorem_safe,165,2.0,2.042789106909487,2.0,-0.9999960000159998,-1.3465715903320066,0.0,0.0,3.585819282750487e-05,3.585819282750487e-05,0,1,0.985937556249775,ok
1000.0,0.5,2.0,1.0,128.0,0.9,0.00703125,theorem_safe,166,2.0,2.042789106909487,2.0,-0.9999960000159998,-1.3465715903320066,0.0,0.0,3.564347310997489e-05,3.564347310997489e-05,0,1,0.985937556249775,ok
1000.0,0.5,2.0,1.0,128.0,0.9,0.00703125,theorem_safe,167,2.0,2.042789106909487,2.0,-0.9999960000159998,-1.3465715903320066,0.0,0.0,3.543130957955838e-05,3.543130957955838e-05,0,1,0.985937556249775,ok
1000.0,0.5,2.0,1.0,128.0,0.9,0.00703125,theorem_safe,168,2.0,2.042789106909487,2.0,-0.9999960000159998,-1.3465715903320066,0.0,0.0,3.522165686015271e-05,3.522165686015271e-05,0,1,0.985937556249775,ok
1000.0,0.5,2.0,1.0,128.0,0.9,0.00703125,theorem_safe,169,2.0,2.042789106909487,2.0,-0.9999960000159998,-1.3465715903320066,0.0,0.0,3.501447064332828e-05,3.501447064332828e-05,0,1,0.985937556249775,ok
1000.0,0.5,2.0,1.0,128.0,0.9,0.00703125,theorem_safe,170,2.0,2.042789106909487,2.0,-0.9999960000159998,-1.3465715903320066,0.0,0.0,3.4809707657109985e-05,3.4809707657109985e-05,0,1,0.985937556249775,ok
1000.0,0.5,2.0,1.0,128.0,0.9,0.00703125,theorem_safe,171,2.0,2.042789106909487,2.0,-0.9999960000159998,-1.3465715903320066,0.0,0.0,3.4607325635847716e-05,3.4607325635847716e-05,0,1,0.985937556249775,ok
1000.0,0.5,2.0,1.0,128.0,0.9,0.00703125,theorem_safe,172,2.0,2.042789106909487,2.0,-0.9999960000159998,-1.3465715903320066,0.0,0.0,3.4407283291131836e-05,3.4407283291131836e-05,0,1,0.985937556249775,ok
1000.0,0.5,2.0,1.0,128.0,0.9,0.00703125,theorem_safe,173,2.0,2.042789106909487,2.0,-0.9999960000159998,-1.3465715903320066,0.0,0.0,3.420954028371154e-05,3.420954028371154e-05,0,1,0.985937556249775,ok
1000.0,0.5,2.0,1.0,128.0,0.9,0.00703125,theorem_safe,174,2.0,2.042789106909487,2.0,-0.9999960000159998,-1.3465715903320066,0.0,0.0,3.401405719637604e-05,3.401405719637604e-05,0,1,0.985937556249775,ok
1000.0,0.5,2.0,1.0,128.0,0.9,0.00703125,theorem_safe,175,2.0,2.042789106909487,2.0,-0.9999960000159998,-1.3465715903320066,0.0,0.0,3.382079550776027e-05,3.382079550776027e-05,0,1,0.985937556249775,ok
1000.0,0.5,2.0,1.0,128.0,0.9,0.00703125,theorem_safe,176,2.0,2.042789106909487,2.0,-0.9999960000159998,-1.3465715903320066,0.0,0.0,3.362971756703846e-05,3.362971756703846e-05,0,1,0.985937556249775,ok
1000.0,0.5,2.0,1.0,128.0,0.9,0.00703125,theorem_safe,177,2.0,2.042789106909487,2.0,-0.9999960000159998,-1.3465715903320066,0.0,0.0,3.344078656947083e-05,3.344078656947083e-05,0,1,0.985937556249775,ok
1000.0,0.5,2.0,1.0,128.0,0.9,0.00703125,theorem_safe,178,2.0,2.042789106909487,2.0,-0.9999960000159998,-1.3465715903320066,0.0,0.0,3.325396653276987e-05,3.325396653276987e-05,0,1,0.985937556249775,ok
1000.0,0.5,2.0,1.0,128.0,0.9,0.00703125,theorem_safe,179,2.0,2.042789106909487,2.0,-0.9999960000159998,-1.3465715903320066,0.0,0.0,3.306922227425449e-05,3.306922227425449e-05,0,1,0.985937556249775,ok
1000.0,0.5,2.0,1.0,128.0,0.9,0.00703125,theorem_safe,180,2.0,2.042789106909487,2.0,-0.9999960000159998,-1.3465715903320066,0.0,0.0,3.288651938876137e-05,3.288651938876137e-05,0,1,0.985937556249775,ok
1000.0,0.5,2.0,1.0,128.0,0.9,0.00703125,theorem_safe,181,2.0,2.042789106909487,2.0,-0.9999960000159998,-1.3465715903320066,0.0,0.0,3.2705824227284656e-05,3.2705824227284656e-05,0,1,0.985937556249775,ok
1000.0,0.5,2.0,1.0,128.0,0.9,0.00703125,theorem_safe,182,2.0,2.042789106909487,2.0,-0.9999960000159998,-1.3465715903320066,0.0,0.0,3.252710387631589e-05,3.252710387631589e-05,0,1,0.985937556249775,ok
1000.0,0.5,2.0,1.0,128.0,0.9,0.00703125,theorem_safe,183,2.0,2.042789106909487,2.0,-0.9999960000159998,-1.3465715903320066,0.0,0.0,3.2350326137857653e-05,3.2350326137857653e-05,0,1,0.985937556249775,ok
1000.0,0.5,2.0,1.0,128.0,0.9,0.00703125,theorem_safe,184,2.0,2.042789106909487,2.0,-0.9999960000159998,-1.3465715903320066,0.0,0.0,3.217545951008544e-05,3.217545951008544e-05,0,1,0.985937556249775,ok
1000.0,0.5,2.0,1.0,128.0,0.9,0.00703125,theorem_safe,185,2.0,2.042789106909487,2.0,-0.9999960000159998,-1.3465715903320066,0.0,0.0,3.2002473168633374e-05,3.2002473168633374e-05,0,1,0.985937556249775,ok
1000.0,0.5,2.0,1.0,128.0,0.9,0.00703125,theorem_safe,186,2.0,2.042789106909487,2.0,-0.9999960000159998,-1.3465715903320066,0.0,0.0,3.1831336948480254e-05,3.1831336948480254e-05,0,1,0.985937556249775,ok
1000.0,0.5,2.0,1.0,128.0,0.9,0.00703125,theorem_safe,187,2.0,2.042789106909487,2.0,-0.9999960000159998,-1.3465715903320066,0.0,0.0,3.166202132641387e-05,3.166202132641387e-05,0,1,0.985937556249775,ok
1000.0,0.5,2.0,1.0,128.0,0.9,0.00703125,theorem_safe,188,2.0,2.042789106909487,2.0,-0.9999960000159998,-1.3465715903320066,0.0,0.0,3.1494497404051894e-05,3.1494497404051894e-05,0,1,0.985937556249775,ok
1000.0,0.5,2.0,1.0,128.0,0.9,0.00703125,theorem_safe,189,2.0,2.042789106909487,2.0,-0.9999960000159998,-1.3465715903320066,0.0,0.0,3.132873689139899e-05,3.132873689139899e-05,0,1,0.985937556249775,ok
1000.0,0.5,2.0,1.0,128.0,0.9,0.00703125,theorem_safe,190,2.0,2.042789106909487,2.0,-0.9999960000159998,-1.3465715903320066,0.0,0.0,3.116471209092046e-05,3.116471209092046e-05,0,1,0.985937556249775,ok
1000.0,0.5,2.0,1.0,128.0,0.9,0.00703125,theorem_safe,191,2.0,2.042789106909487,2.0,-0.9999960000159998,-1.3465715903320066,0.0,0.0,3.100239588211358e-05,3.100239588211358e-05,0,1,0.985937556249775,ok
1000.0,0.5,2.0,1.0,128.0,0.9,0.00703125,theorem_safe,192,2.0,2.042789106909487,2.0,-0.9999960000159998,-1.3465715903320066,0.0,0.0,3.084176170655859e-05,3.084176170655859e-05,0,1,0.985937556249775,ok
1000.0,0.5,2.0,1.0,128.0,0.9,0.00703125,theorem_safe,193,2.0,2.042789106909487,2.0,-0.9999960000159998,-1.3465715903320066,0.0,0.0,3.0682783553432e-05,3.0682783553432e-05,0,1,0.985937556249775,ok
1000.0,0.5,2.0,1.0,128.0,0.9,0.00703125,theorem_safe,194,2.0,2.042789106909487,2.0,-0.9999960000159998,-1.3465715903320066,0.0,0.0,3.0525435945465684e-05,3.0525435945465684e-05,0,1,0.985937556249775,ok
1000.0,0.5,2.0,1.0,128.0,0.9,0.00703125,theorem_safe,195,2.0,2.042789106909487,2.0,-0.9999960000159998,-1.3465715903320066,0.0,0.0,3.0369693925335755e-05,3.0369693925335755e-05,0,1,0.985937556249775,ok
1000.0,0.5,2.0,1.0,128.0,0.9,0.00703125,theorem_safe,196,2.0,2.042789106909487,2.0,-0.9999960000159998,-1.3465715903320066,0.0,0.0,3.021553304246603e-05,3.021553304246603e-05,0,1,0.985937556249775,ok
1000.0,0.5,2.0,1.0,128.0,0.9,0.00703125,theorem_safe,197,2.0,2.042789106909487,2.0,-0.9999960000159998,-1.3465715903320066,0.0,0.0,3.006292934023135e-05,3.006292934023135e-05,0,1,0.985937556249775,ok
1000.0,0.5,2.0,1.0,128.0,0.9,0.00703125,theorem_safe,198,2.0,2.042789106909487,2.0,-0.9999960000159998,-1.3465715903320066,0.0,0.0,2.991185934354677e-05,2.991185934354677e-05,0,1,0.985937556249775,ok
1000.0,0.5,2.0,1.0,128.0,0.9,0.00703125,theorem_safe,199,2.0,2.042789106909487,2.0,-0.9999960000159998,-1.3465715903320066,0.0,0.0,2.976230004682904e-05,2.976230004682904e-05,0,1,0.985937556249775,ok
1000.0,0.5,2.0,1.0,128.0,0.9,0.00703125,theorem_safe,200,2.0,2.042789106909487,2.0,-0.9999960000159998,-1.3465715903320066,0.0,0.0,2.961422890231745e-05,2.961422890231745e-05,0,1,0.985937556249775,ok
1000.0,0.5,2.0,1.0,128.0,0.9,0.00703125,theorem_safe,201,2.0,2.042789106909487,2.0,-0.9999960000159998,-1.3465715903320066,0.0,0.0,2.9467623808741625e-05,2.9467623808741625e-05,0,1,0.985937556249775,ok
1000.0,0.5,2.0,1.0,128.0,0.9,0.00703125,theorem_safe,202,2.0,2.042789106909487,2.0,-0.9999960000159998,-1.3465715903320066,0.0,0.0,2.9322463100324176e-05,2.9322463100324176e-05,0,1,0.985937556249775,ok
1000.0,0.5,2.0,1.0,128.0,0.9,0.00703125,theorem_safe,203,2.0,2.042789106909487,2.0,-0.9999960000159998,-1.3465715903320066,0.0,0.0,2.91787255361069e-05,2.91787255361069e-05,0,1,0.985937556249775,ok
1000.0,0.5,2.0,1.0,128.0,0.9,0.00703125,theorem_safe,204,2.0,2.042789106909487,2.0,-0.9999960000159998,-1.3465715903320066,0.0,0.0,2.9036390289589307e-05,2.9036390289589307e-05,0,1,0.985937556249775,ok
1000.0,0.5,2.0,1.0,128.0,0.9,0.00703125,theorem_safe,205,2.0,2.042789106909487,2.0,-0.9999960000159998,-1.3465715903320066,0.0,0.0,2.889543693866897e-05,2.889543693866897e-05,0,1,0.985937556249775,ok
1000.0,0.5,2.0,1.0,128.0,0.9,0.00703125,theorem_safe,206,2.0,2.042789106909487,2.0,-0.9999960000159998,-1.3465715903320066,0.0,0.0,2.8755845455873467e-05,2.8755845455873467e-05,0,1,0.985937556249775,ok
1000.0,0.5,2.0,1.0,128.0,0.9,0.00703125,theorem_safe,207,2.0,2.042789106909487,2.0,-0.9999960000159998,-1.3465715903320066,0.0,0.0,2.8617596198874077e-05,2.8617596198874077e-05,0,1,0.985937556249775,ok
1000.0,0.5,2.0,1.0,128.0,0.9,0.00703125,theorem_safe,208,2.0,2.042789106909487,2.0,-0.9999960000159998,-1.3465715903320066,0.0,0.0,2.8480669901271806e-05,2.8480669901271806e-05,0,1,0.985937556249775,ok
1000.0,0.5,2.0,1.0,128.0,0.9,0.00703125,theorem_safe,209,2.0,2.042789106909487,2.0,-0.9999960000159998,-1.3465715903320066,0.0,0.0,2.8345047663646705e-05,2.8345047663646705e-05,0,1,0.985937556249775,ok
1000.0,0.5,2.0,1.0,128.0,0.9,0.00703125,theorem_safe,210,2.0,2.042789106909487,2.0,-0.9999960000159998,-1.3465715903320066,0.0,0.0,2.8210710944861646e-05,2.8210710944861646e-05,0,1,0.985937556249775,ok
1000.0,0.5,2.0,1.0,128.0,0.9,0.00703125,theorem_safe,211,2.0,2.042789106909487,2.0,-0.9999960000159998,-1.3465715903320066,0.0,0.0,2.80776415536123e-05,2.80776415536123e-05,0,1,0.985937556249775,ok
1000.0,0.5,2.0,1.0,128.0,0.9,0.00703125,theorem_safe,212,2.0,2.042789106909487,2.0,-0.9999960000159998,-1.3465715903320066,0.0,0.0,2.794582164021506e-05,2.794582164021506e-05,0,1,0.985937556249775,ok
1000.0,0.5,2.0,1.0,128.0,0.9,0.00703125,theorem_safe,213,2.0,2.042789106909487,2.0,-0.9999960000159998,-1.3465715903320066,0.0,0.0,2.7815233688625268e-05,2.7815233688625268e-05,0,1,0.985937556249775,ok
1000.0,0.5,2.0,1.0,128.0,0.9,0.00703125,theorem_safe,214,2.0,2.042789106909487,2.0,-0.9999960000159998,-1.3465715903320066,0.0,0.0,2.7685860508678175e-05,2.7685860508678175e-05,0,1,0.985937556249775,ok
1000.0,0.5,2.0,1.0,128.0,0.9,0.00703125,theorem_safe,215,2.0,2.042789106909487,2.0,-0.9999960000159998,-1.3465715903320066,0.0,0.0,2.7557685228545404e-05,2.7557685228545404e-05,0,1,0.985937556249775,ok
1000.0,0.5,2.0,1.0,128.0,0.9,0.00703125,theorem_safe,216,2.0,2.042789106909487,2.0,-0.9999960000159998,-1.3465715903320066,0.0,0.0,2.7430691287400038e-05,2.7430691287400038e-05,0,1,0.985937556249775,ok
1000.0,0.5,2.0,1.0,128.0,0.9,0.00703125,theorem_safe,217,2.0,2.042789106909487,2.0,-0.9999960000159998,-1.3465715903320066,0.0,0.0,2.7304862428283524e-05,2.7304862428283524e-05,0,1,0.985937556249775,ok
1000.0,0.5,2.0,1.0,128.0,0.9,0.00703125,theorem_safe,218,2.0,2.042789106909487,2.0,-0.9999960000159998,-1.3465715903320066,0.0,0.0,2.7180182691168075e-05,2.7180182691168075e-05,0,1,0.985937556249775,ok
1000.0,0.5,2.0,1.0,128.0,0.9,0.00703125,theorem_safe,219,2.0,2.042789106909487,2.0,-0.9999960000159998,-1.3465715903320066,0.0,0.0,2.705663640620822e-05,2.705663640620822e-05,0,1,0.985937556249775,ok
1000.0,0.5,2.0,1.0,128.0,0.9,0.00703125,theorem_safe,220,2.0,2.042789106909487,2.0,-0.9999960000159998,-1.3465715903320066,0.0,0.0,2.69342081871756e-05,2.69342081871756e-05,0,1,0.985937556249775,ok
1000.0,0.5,2.0,1.0,128.0,0.9,0.00703125,theorem_safe,221,2.0,2.042789106909487,2.0,-0.9999960000159998,-1.3465715903320066,0.0,0.0,2.6812882925071207e-05,2.6812882925071207e-05,0,1,0.985937556249775,ok
1000.0,0.5,2.0,1.0,128.0,0.9,0.00703125,theorem_safe,222,2.0,2.042789106909487,2.0,-0.9999960000159998,-1.3465715903320066,0.0,0.0,2.669264578190945e-05,2.669264578190945e-05,0,1,0.985937556249775,ok
1000.0,0.5,2.0,1.0,128.0,0.9,0.00703125,theorem_safe,223,2.0,2.042789106909487,2.0,-0.9999960000159998,-1.3465715903320066,0.0,0.0,2.6573482184668788e-05,2.6573482184668788e-05,0,1,0.985937556249775,ok
1000.0,0.5,2.0,1.0,128.0,0.9,0.00703125,theorem_safe,224,2.0,2.042789106909487,2.0,-0.9999960000159998,-1.3465715903320066,0.0,0.0,2.645537781940359e-05,2.645537781940359e-05,0,1,0.985937556249775,ok
1000.0,0.5,2.0,1.0,128.0,0.9,0.00703125,theorem_safe,225,2.0,2.042789106909487,2.0,-0.9999960000159998,-1.3465715903320066,0.0,0.0,2.6338318625512423e-05,2.6338318625512423e-05,0,1,0.985937556249775,ok
1000.0,0.5,2.0,1.0,128.0,0.9,0.00703125,theorem_safe,226,2.0,2.042789106909487,2.0,-0.9999960000159998,-1.3465715903320066,0.0,0.0,2.6222290790157745e-05,2.6222290790157745e-05,0,1,0.985937556249775,ok
1000.0,0.5,2.0,1.0,128.0,0.9,0.00703125,theorem_safe,227,2.0,2.042789106909487,2.0,-0.9999960000159998,-1.3465715903320066,0.0,0.0,2.610728074283249e-05,2.610728074283249e-05,0,1,0.985937556249775,ok
1000.0,0.5,2.0,1.0,128.0,0.9,0.00703125,theorem_safe,228,2.0,2.042789106909487,2.0,-0.9999960000159998,-1.3465715903320066,0.0,0.0,2.599327515006903e-05,2.599327515006903e-05,0,1,0.985937556249775,ok
1000.0,0.5,2.0,1.0,128.0,0.9,0.00703125,theorem_safe,229,2.0,2.042789106909487,2.0,-0.9999960000159998,-1.3465715903320066,0.0,0.0,2.5880260910286123e-05,2.5880260910286123e-05,0,1,0.985937556249775,ok
1000.0,0.5,2.0,1.0,128.0,0.9,0.00703125,theorem_safe,230,2.0,2.042789106909487,2.0,-0.9999960000159998,-1.3465715903320066,0.0,0.0,2.576822514876973e-05,2.576822514876973e-05,0,1,0.985937556249775,ok
1000.0,0.5,2.0,1.0,128.0,0.9,0.00703125,theorem_safe,231,2.0,2.042789106909487,2.0,-0.9999960000159998,-1.3465715903320066,0.0,0.0,2.5657155212783654e-05,2.5657155212783654e-05,0,1,0.985937556249775,ok
1000.0,0.5,2.0,1.0,128.0,0.9,0.00703125,theorem_safe,232,2.0,2.042789106909487,2.0,-0.9999960000159998,-1.3465715903320066,0.0,0.0,2.554703866680604e-05,2.554703866680604e-05,0,1,0.985937556249775,ok
1000.0,0.5,2.0,1.0,128.0,0.9,0.00703125,theorem_safe,233,2.0,2.042789106909487,2.0,-0.9999960000159998,-1.3465715903320066,0.0,0.0,2.543786328788807e-05,2.543786328788807e-05,0,1,0.985937556249775,ok
1000.0,0.5,2.0,1.0,128.0,0.9,0.00703125,theorem_safe,234,2.0,2.042789106909487,2.0,-0.9999960000159998,-1.3465715903320066,0.0,0.0,2.53296170611311e-05,2.53296170611311e-05,0,1,0.985937556249775,ok
1000.0,0.5,2.0,1.0,128.0,0.9,0.00703125,theorem_safe,235,2.0,2.042789106909487,2.0,-0.9999960000159998,-1.3465715903320066,0.0,0.0,2.5222288175278847e-05,2.5222288175278847e-05,0,1,0.985937556249775,ok
1000.0,0.5,2.0,1.0,128.0,0.9,0.00703125,theorem_safe,236,2.0,2.042789106909487,2.0,-0.9999960000159998,-1.3465715903320066,0.0,0.0,2.511586501842113e-05,2.511586501842113e-05,0,1,0.985937556249775,ok
1000.0,0.5,2.0,1.0,128.0,0.9,0.00703125,theorem_safe,237,2.0,2.042789106909487,2.0,-0.9999960000159998,-1.3465715903320066,0.0,0.0,2.5010336173805914e-05,2.5010336173805914e-05,0,1,0.985937556249775,ok
1000.0,0.5,2.0,1.0,128.0,0.9,0.00703125,theorem_safe,238,2.0,2.042789106909487,2.0,-0.9999960000159998,-1.3465715903320066,0.0,0.0,2.4905690415756517e-05,2.4905690415756517e-05,0,1,0.985937556249775,ok
1000.0,0.5,2.0,1.0,128.0,0.9,0.00703125,theorem_safe,239,2.0,2.042789106909487,2.0,-0.9999960000159998,-1.3465715903320066,0.0,0.0,2.4801916705690868e-05,2.4801916705690868e-05,0,1,0.985937556249775,ok
1000.0,0.5,2.0,1.0,128.0,0.9,0.00703125,theorem_safe,240,2.0,2.042789106909487,2.0,-0.9999960000159998,-1.3465715903320066,0.0,0.0,2.4699004188239865e-05,2.4699004188239865e-05,0,1,0.985937556249775,ok
1000.0,0.5,2.0,1.0,128.0,0.9,0.00703125,theorem_safe,241,2.0,2.042789106909487,2.0,-0.9999960000159998,-1.3465715903320066,0.0,0.0,2.4596942187462015e-05,2.4596942187462015e-05,0,1,0.985937556249775,ok
1000.0,0.5,2.0,1.0,128.0,0.9,0.00703125,theorem_safe,242,2.0,2.042789106909487,2.0,-0.9999960000159998,-1.3465715903320066,0.0,0.0,2.4495720203151472e-05,2.4495720203151472e-05,0,1,0.985937556249775,ok
1000.0,0.5,2.0,1.0,128.0,0.9,0.00703125,theorem_safe,243,2.0,2.042789106909487,2.0,-0.9999960000159998,-1.3465715903320066,0.0,0.0,2.4395327907236916e-05,2.4395327907236916e-05,0,1,0.985937556249775,ok
1000.0,0.5,2.0,1.0,128.0,0.9,0.00703125,theorem_safe,244,2.0,2.042789106909487,2.0,-0.9999960000159998,-1.3465715903320066,0.0,0.0,2.4295755140268604e-05,2.4295755140268604e-05,0,1,0.985937556249775,ok
1000.0,0.5,2.0,1.0,128.0,0.9,0.00703125,theorem_safe,245,2.0,2.042789106909487,2.0,-0.9999960000159998,-1.3465715903320066,0.0,0.0,2.4196991907991087e-05,2.4196991907991087e-05,0,1,0.985937556249775,ok
1000.0,0.5,2.0,1.0,128.0,0.9,0.00703125,theorem_safe,246,2.0,2.042789106909487,2.0,-0.9999960000159998,-1.3465715903320066,0.0,0.0,2.409902837799922e-05,2.409902837799922e-05,0,1,0.985937556249775,ok
1000.0,0.5,2.0,1.0,128.0,0.9,0.00703125,theorem_safe,247,2.0,2.042789106909487,2.0,-0.9999960000159998,-1.3465715903320066,0.0,0.0,2.4001854876475032e-05,2.4001854876475032e-05,0,1,0.985937556249775,ok
1000.0,0.5,2.0,1.0,128.0,0.9,0.00703125,theorem_safe,248,2.0,2.042789106909487,2.0,-0.9999960000159998,-1.3465715903320066,0.0,0.0,2.3905461885003242e-05,2.3905461885003242e-05,0,1,0.985937556249775,ok
1000.0,0.5,2.0,1.0,128.0,0.9,0.00703125,theorem_safe,249,2.0,2.042789106909487,2.0,-0.9999960000159998,-1.3465715903320066,0.0,0.0,2.380984003746323e-05,2.380984003746323e-05,0,1,0.985937556249775,ok
1000.0,0.5,2.0,1.0,128.0,0.9,0.00703125,theorem_safe,250,2.0,2.042789106909487,2.0,-0.9999960000159998,-1.3465715903320066,0.0,0.0,2.3714980116995248e-05,2.3714980116995248e-05,0,1,0.985937556249775,ok
1000.0,0.5,2.0,1.0,128.0,0.9,0.00703125,theorem_safe,251,2.0,2.042789106909487,2.0,-0.9999960000159998,-1.3465715903320066,0.0,0.0,2.362087305303892e-05,2.362087305303892e-05,0,1,0.985937556249775,ok
1000.0,0.5,2.0,1.0,128.0,0.9,0.00703125,theorem_safe,252,2.0,2.042789106909487,2.0,-0.9999960000159998,-1.3465715903320066,0.0,0.0,2.3527509918441927e-05,2.3527509918441927e-05,0,1,0.985937556249775,ok
1000.0,0.5,2.0,1.0,128.0,0.9,0.00703125,theorem_safe,253,2.0,2.042789106909487,2.0,-0.9999960000159998,-1.3465715903320066,0.0,0.0,2.3434881926637035e-05,2.3434881926637035e-05,0,1,0.985937556249775,ok
1000.0,0.5,2.0,1.0,128.0,0.9,0.00703125,theorem_safe,254,2.0,2.042789106909487,2.0,-0.9999960000159998,-1.3465715903320066,0.0,0.0,2.334298042888552e-05,2.334298042888552e-05,0,1,0.985937556249775,ok
1000.0,0.5,2.0,1.0,128.0,0.9,0.00703125,theorem_safe,255,2.0,2.042789106909487,2.0,-0.9999960000159998,-1.3465715903320066,0.0,0.0,2.3251796911585185e-05,2.3251796911585185e-05,0,1,0.985937556249775,ok
1000.0,0.5,2.0,1.0,128.0,0.9,0.00703125,theorem_safe,256,2.0,2.042789106909487,2.0,-0.9999960000159998,-1.3465715903320066,0.0,0.0,2.3161322993641274e-05,2.3161322993641274e-05,0,1,0.985937556249775,ok
1000.0,0.5,2.0,1.0,128.0,0.9,0.00703125,theorem_safe,257,2.0,2.042789106909487,2.0,-0.9999960000159998,-1.3465715903320066,0.0,0.0,2.307155042389848e-05,2.307155042389848e-05,0,1,0.985937556249775,ok
1000.0,0.5,2.0,1.0,128.0,0.9,0.00703125,theorem_safe,258,2.0,2.042789106909487,2.0,-0.9999960000159998,-1.3465715903320066,0.0,0.0,2.2982471078632463e-05,2.2982471078632463e-05,0,1,0.985937556249775,ok
1000.0,0.5,2.0,1.0,128.0,0.9,0.00703125,theorem_safe,259,2.0,2.042789106909487,2.0,-0.9999960000159998,-1.3465715903320066,0.0,0.0,2.289407695909926e-05,2.289407695909926e-05,0,1,0.985937556249775,ok
1000.0,0.5,2.0,1.0,128.0,0.9,0.00703125,theorem_safe,260,2.0,2.042789106909487,2.0,-0.9999960000159998,-1.3465715903320066,0.0,0.0,2.2806360189141024e-05,2.2806360189141024e-05,0,1,0.985937556249775,ok
1000.0,0.5,2.0,1.0,128.0,0.9,0.00703125,theorem_safe,261,2.0,2.042789106909487,2.0,-0.9999960000159998,-1.3465715903320066,0.0,0.0,2.2719313012846593e-05,2.2719313012846593e-05,0,1,0.985937556249775,ok
1000.0,0.5,2.0,1.0,128.0,0.9,0.00703125,theorem_safe,262,2.0,2.042789106909487,2.0,-0.9999960000159998,-1.3465715903320066,0.0,0.0,2.263292779226543e-05,2.263292779226543e-05,0,1,0.985937556249775,ok
1000.0,0.5,2.0,1.0,128.0,0.9,0.00703125,theorem_safe,263,2.0,2.042789106909487,2.0,-0.9999960000159998,-1.3465715903320066,0.0,0.0,2.2547197005173516e-05,2.2547197005173516e-05,0,1,0.985937556249775,ok
1000.0,0.5,2.0,1.0,128.0,0.9,0.00703125,theorem_safe,264,2.0,2.042789106909487,2.0,-0.9999960000159998,-1.3465715903320066,0.0,0.0,2.246211324288984e-05,2.246211324288984e-05,0,1,0.985937556249775,ok
1000.0,0.5,2.0,1.0,128.0,0.9,0.00703125,theorem_safe,265,2.0,2.042789106909487,2.0,-0.9999960000159998,-1.3465715903320066,0.0,0.0,2.2377669208142134e-05,2.2377669208142134e-05,0,1,0.985937556249775,ok
1000.0,0.5,2.0,1.0,128.0,0.9,0.00703125,theorem_safe,266,2.0,2.042789106909487,2.0,-0.9999960000159998,-1.3465715903320066,0.0,0.0,2.2293857712980553e-05,2.2293857712980553e-05,0,1,0.985937556249775,ok
1000.0,0.5,2.0,1.0,128.0,0.9,0.00703125,theorem_safe,267,2.0,2.042789106909487,2.0,-0.9999960000159998,-1.3465715903320066,0.0,0.0,2.2210671676738086e-05,2.2210671676738086e-05,0,1,0.985937556249775,ok
1000.0,0.5,2.0,1.0,128.0,0.9,0.00703125,theorem_safe,268,2.0,2.042789106909487,2.0,-0.9999960000159998,-1.3465715903320066,0.0,0.0,2.212810412403646e-05,2.212810412403646e-05,0,1,0.985937556249775,ok
1000.0,0.5,2.0,1.0,128.0,0.9,0.00703125,theorem_safe,269,2.0,2.042789106909487,2.0,-0.9999960000159998,-1.3465715903320066,0.0,0.0,2.2046148182836324e-05,2.2046148182836324e-05,0,1,0.985937556249775,ok
1000.0,0.5,2.0,1.0,128.0,0.9,0.00703125,theorem_safe,270,2.0,2.042789106909487,2.0,-0.9999960000159998,-1.3465715903320066,0.0,0.0,2.1964797082530657e-05,2.1964797082530657e-05,0,1,0.985937556249775,ok
1000.0,0.5,2.0,1.0,128.0,0.9,0.00703125,theorem_safe,271,2.0,2.042789106909487,2.0,-0.9999960000159998,-1.3465715903320066,0.0,0.0,2.1884044152080174e-05,2.1884044152080174e-05,0,1,0.985937556249775,ok
1000.0,0.5,2.0,1.0,128.0,0.9,0.00703125,theorem_safe,272,2.0,2.042789106909487,2.0,-0.9999960000159998,-1.3465715903320066,0.0,0.0,2.180388281818977e-05,2.180388281818977e-05,0,1,0.985937556249775,ok
1000.0,0.5,2.0,1.0,128.0,0.9,0.00703125,theorem_safe,273,2.0,2.042789106909487,2.0,-0.9999960000159998,-1.3465715903320066,0.0,0.0,2.1724306603524844e-05,2.1724306603524844e-05,0,1,0.985937556249775,ok
1000.0,0.5,2.0,1.0,128.0,0.9,0.00703125,theorem_safe,274,2.0,2.042789106909487,2.0,-0.9999960000159998,-1.3465715903320066,0.0,0.0,2.164530912496657e-05,2.164530912496657e-05,0,1,0.985937556249775,ok
1000.0,0.5,2.0,1.0,128.0,0.9,0.00703125,theorem_safe,275,2.0,2.042789106909487,2.0,-0.9999960000159998,-1.3465715903320066,0.0,0.0,2.1566884091905102e-05,2.1566884091905102e-05,0,1,0.985937556249775,ok
1000.0,0.5,2.0,1.0,128.0,0.9,0.00703125,theorem_safe,276,2.0,2.042789106909487,2.0,-0.9999960000159998,-1.3465715903320066,0.0,0.0,2.1489025304569702e-05,2.1489025304569702e-05,0,1,0.985937556249775,ok
1000.0,0.5,2.0,1.0,128.0,0.9,0.00703125,theorem_safe,277,2.0,2.042789106909487,2.0,-0.9999960000159998,-1.3465715903320066,0.0,0.0,2.141172665239499e-05,2.141172665239499e-05,0,1,0.985937556249775,ok
1000.0,0.5,2.0,1.0,128.0,0.9,0.00703125,theorem_safe,278,2.0,2.042789106909487,2.0,-0.9999960000159998,-1.3465715903320066,0.0,0.0,2.133498211242225e-05,2.133498211242225e-05,0,1,0.985937556249775,ok
1000.0,0.5,2.0,1.0,128.0,0.9,0.00703125,theorem_safe,279,2.0,2.042789106909487,2.0,-0.9999960000159998,-1.3465715903320066,0.0,0.0,2.1258785747735027e-05,2.1258785747735027e-05,0,1,0.985937556249775,ok
1000.0,0.5,2.0,1.0,128.0,0.9,0.00703125,theorem_safe,280,2.0,2.042789106909487,2.0,-0.9999960000159998,-1.3465715903320066,0.0,0.0,2.118313170592814e-05,2.118313170592814e-05,0,1,0.985937556249775,ok
1000.0,0.5,2.0,1.0,128.0,0.9,0.00703125,theorem_safe,281,2.0,2.042789106909487,2.0,-0.9999960000159998,-1.3465715903320066,0.0,0.0,2.110801421760925e-05,2.110801421760925e-05,0,1,0.985937556249775,ok
1000.0,0.5,2.0,1.0,128.0,0.9,0.00703125,theorem_safe,282,2.0,2.042789106909487,2.0,-0.9999960000159998,-1.3465715903320066,0.0,0.0,2.1033427594932183e-05,2.1033427594932183e-05,0,1,0.985937556249775,ok
1000.0,0.5,2.0,1.0,128.0,0.9,0.00703125,theorem_safe,283,2.0,2.042789106909487,2.0,-0.9999960000159998,-1.3465715903320066,0.0,0.0,2.0959366230161296e-05,2.0959366230161296e-05,0,1,0.985937556249775,ok
1000.0,0.5,2.0,1.0,128.0,0.9,0.00703125,theorem_safe,284,2.0,2.042789106909487,2.0,-0.9999960000159998,-1.3465715903320066,0.0,0.0,2.088582459426599e-05,2.088582459426599e-05,0,1,0.985937556249775,ok
1000.0,0.5,2.0,1.0,128.0,0.9,0.00703125,theorem_safe,285,2.0,2.042789106909487,2.0,-0.9999960000159998,-1.3465715903320066,0.0,0.0,2.0812797235544782e-05,2.0812797235544782e-05,0,1,0.985937556249775,ok
1000.0,0.5,2.0,1.0,128.0,0.9,0.00703125,theorem_safe,286,2.0,2.042789106909487,2.0,-0.9999960000159998,-1.3465715903320066,0.0,0.0,2.0740278778278075e-05,2.0740278778278075e-05,0,1,0.985937556249775,ok
1000.0,0.5,2.0,1.0,128.0,0.9,0.00703125,theorem_safe,287,2.0,2.042789106909487,2.0,-0.9999960000159998,-1.3465715903320066,0.0,0.0,2.0668263921409056e-05,2.0668263921409056e-05,0,1,0.985937556249775,ok
1000.0,0.5,2.0,1.0,128.0,0.9,0.00703125,theorem_safe,288,2.0,2.042789106909487,2.0,-0.9999960000159998,-1.3465715903320066,0.0,0.0,2.059674743725193e-05,2.059674743725193e-05,0,1,0.985937556249775,ok
1000.0,0.5,2.0,1.0,128.0,0.9,0.00703125,theorem_safe,289,2.0,2.042789106909487,2.0,-0.9999960000159998,-1.3465715903320066,0.0,0.0,2.0525724170226922e-05,2.0525724170226922e-05,0,1,0.985937556249775,ok
1000.0,0.5,2.0,1.0,128.0,0.9,0.00703125,theorem_safe,290,2.0,2.042789106909487,2.0,-0.9999960000159998,-1.3465715903320066,0.0,0.0,2.0455189035621334e-05,2.0455189035621334e-05,0,1,0.985937556249775,ok
1000.0,0.5,2.0,1.0,128.0,0.9,0.00703125,theorem_safe,291,2.0,2.042789106909487,2.0,-0.9999960000159998,-1.3465715903320066,0.0,0.0,2.038513701837605e-05,2.038513701837605e-05,0,1,0.985937556249775,ok
1000.0,0.5,2.0,1.0,128.0,0.9,0.00703125,theorem_safe,292,2.0,2.042789106909487,2.0,-0.9999960000159998,-1.3465715903320066,0.0,0.0,2.0315563171896956e-05,2.0315563171896956e-05,0,1,0.985937556249775,ok
1000.0,0.5,2.0,1.0,128.0,0.9,0.00703125,theorem_safe,293,2.0,2.042789106909487,2.0,-0.9999960000159998,-1.3465715903320066,0.0,0.0,2.0246462616890503e-05,2.0246462616890503e-05,0,1,0.985937556249775,ok
1000.0,0.5,2.0,1.0,128.0,0.9,0.00703125,theorem_safe,294,2.0,2.042789106909487,2.0,-0.9999960000159998,-1.3465715903320066,0.0,0.0,2.0177830540223076e-05,2.0177830540223076e-05,0,1,0.985937556249775,ok
1000.0,0.5,2.0,1.0,128.0,0.9,0.00703125,theorem_safe,295,2.0,2.042789106909487,2.0,-0.9999960000159998,-1.3465715903320066,0.0,0.0,2.0109662193803406e-05,2.0109662193803406e-05,0,1,0.985937556249775,ok
1000.0,0.5,2.0,1.0,128.0,0.9,0.00703125,theorem_safe,296,2.0,2.042789106909487,2.0,-0.9999960000159998,-1.3465715903320066,0.0,0.0,2.004195289348757e-05,2.004195289348757e-05,0,1,0.985937556249775,ok
1000.0,0.5,2.0,1.0,128.0,0.9,0.00703125,theorem_safe,297,2.0,2.042789106909487,2.0,-0.9999960000159998,-1.3465715903320066,0.0,0.0,1.9974698018006065e-05,1.9974698018006065e-05,0,1,0.985937556249775,ok
1000.0,0.5,2.0,1.0,128.0,0.9,0.00703125,theorem_safe,298,2.0,2.042789106909487,2.0,-0.9999960000159998,-1.3465715903320066,0.0,0.0,1.99078930079124e-05,1.99078930079124e-05,0,1,0.985937556249775,ok
1000.0,0.5,2.0,1.0,128.0,0.9,0.00703125,theorem_safe,299,2.0,2.042789106909487,2.0,-0.9999960000159998,-1.3465715903320066,0.0,0.0,1.984153336455269e-05,1.984153336455269e-05,0,1,0.985937556249775,ok
1000.0,0.5,2.0,1.0,128.0,0.9,0.5,riemannian_scale,0,1.0,2.9999940000239986,2.0,-0.9999980000039997,-0.49999950011109173,0.09657359027997264,0.09657359027997264,0.4232860451104574,0.3267124548304848,0,1,0.5000009999980002,ok
1000.0,0.5,2.0,1.0,128.0,0.9,0.5,riemannian_scale,1,2.0,750002.9999657011,2.0,-0.9999960000159998,-1.3465715903320066,0.0,0.0,0.2116430225552287,0.2116430225552287,0,1,3.9999840002469256e-06,ok
1000.0,0.5,2.0,1.0,128.0,0.9,0.5,riemannian_scale,2,2.0,750002.9999657011,2.0,-0.9999960000159998,-1.3465715903320066,0.0,0.0,0.14109534837015247,0.14109534837015247,0,1,3.9999840002469256e-06,ok
1000.0,0.5,2.0,1.0,128.0,0.9,0.5,riemannian_scale,3,2.0,750002.9999657011,2.0,-0.9999960000159998,-1.3465715903320066,0.0,0.0,0.10582151127761436,0.10582151127761436,0,1,3.9999840002469256e-06,ok
1000.0,0.5,2.0,1.0,128.0,0.9,0.5,riemannian_scale,4,2.0,750002.9999657011,2.0,-0.9999960000159998,-1.3465715903320066,0.0,0.0,0.08465720902209149,0.08465720902209149,0,1,3.9999840002469256e-06,ok
1000.0,0.5,2.0,1.0,128.0,0.9,0.5,riemannian_scale,5,2.0,750002.9999657011,2.0,-0.9999960000159998,-1.3465715903320066,0.0,0.0,0.07054767418507624,0.07054767418507624,0,1,3.9999840002469256e-06,ok
1000.0,0.5,2.0,1.0,128.0,0.9,0.5,riemannian_scale,6,2.0,750002.9999657011,2.0,-0.9999960000159998,-1.3465715903320066,0.0,0.0,0.06046943501577963,0.06046943501577963,0,1,3.9999840002469256e-06,ok
1000.0,0.5,2.0,1.0,128.0,0.9,0.5,riemannian_scale,7,2.0,750002.9999657011,2.0,-0.9999960000159998,-1.3465715903320066,0.0,0.0,0.05291075563880718,0.05291075563880718,0,1,3.9999840002469256e-06,ok
1000.0,0.5,2.0,1.0,128.0,0.9,0.5,riemannian_scale,8,2.0,750002.9999657011,2.0,-0.9999960000159998,-1.3465715903320066,0.0,0.0,0.047031782790050825,0.047031782790050825,0,1,3.9999840002469256e-06,ok
1000.0,0.5,2.0,1.0,128.0,0.9,0.5,riemannian_scale,9,2.0,750002.9999657011,2.0,-0.9999960000159998,-1.3465715903320066,0.0,0.0,0.042328604511045746,0.042328604511045746,0,1,3.9999840002469256e-06,ok
1000.0,0.5,2.0,1.0,128.0,0.9,0.5,riemannian_scale,10,2.0,750002.9999657011,2.0,-0.9999960000159998,-1.3465715903320066,0.0,0.0,0.03848054955549613,0.03848054955549613,0,1,3.9999840002469256e-06,ok
1000.0,0.5,2.0,1.0,128.0,0.9,0.5,riemannian_scale,11,2.0,750002.9999657011,2.0,-0.9999960000159998,-1.3465715903320066,0.0,0.0,0.03527383709253812,0.03527383709253812,0,1,3.9999840002469256e-06,ok
1000.0,0.5,2.0,1.0,128.0,0.9,0.5,riemannian_scale,12,2.0,750002.9999657011,2.0,-0.9999960000159998,-1.3465715903320066,0.0,0.0,0.03256046500849673,0.03256046500849673,0,1,3.9999840002469256e-06,ok
1000.0,0.5,2.0,1.0,128.0,0.9,0.5,riemannian_scale,13,2.0,750002.9999657011,2.0,-0.9999960000159998,-1.3465715903320066,0.0,0.0,0.030234717507889815,0.030234717507889815,0,1,3.9999840002469256e-06,ok
1000.0,0.5,2.0,1.0,128.0,0.9,0.5,riemannian_scale,14,2.0,750002.9999657011,2.0,-0.9999960000159998,-1.3465715903320066,0.0,0.0,0.028219069674030494,0.028219069674030494,0,1,3.9999840002469256e-06,ok
1000.0,0.5,2.0,1.0,128.0,0.9,0.5,riemannian_scale,15,2.0,750002.9999657011,2.0,-0.9999960000159998,-1.3465715903320066,0.0,0.0,0.02645537781940359,0.02645537781940359,0,1,3.9999840002469256e-06,ok
1000.0,0.5,2.0,1.0,128.0,0.9,0.5,riemannian_scale,16,2.0,750002.9999657011,2.0,-0.9999960000159998,-1.3465715903320066,0.0,0.0,0.024899179124144553,0.024899179124144553,0,1,3.9999840002469256e-06,ok
1000.0,0.5,2.0,1.0,128.0,0.9,0.5,riemannian_scale,17,2.0,750002.9999657011,2.0,-0.9999960000159998,-1.3465715903320066,0.0,0.0,0.023515891395025412,0.023515891395025412,0,1,3.9999840002469256e-06,ok
1000.0,0.5,2.0,1.0,128.0,0.9,0.5,riemannian_scale,18,2.0,750002.9999657011,2.0,-0.9999960000159998,-1.3465715903320066,0.0,0.0,0.02227821290055039,0.02227821290055039,0,1,3.9999840002469256e-06,ok
1000.0,0.5,2.0,1.0,128.0,0.9,0.5,riemannian_scale,19,2.0,750002.9999657011,2.0,-0.9999960000159998,-1.3465715903320066,0.0,0.0,0.021164302255522873,0.021164302255522873,0,1,3.9999840002469256e-06,ok
1000.0,0.5,2.0,1.0,128.0,0.9,0.5,riemannian_scale,20,2.0,750002.9999657011,2.0,-0.9999960000159998,-1.3465715903320066,0.0,0.0,0.02015647833859321,0.02015647833859321,0,1,3.9999840002469256e-06,ok
1000.0,0.5,2.0,1.0,128.0,0.9,0.5,riemannian_scale,21,2.0,750002.9999657011,2.0,-0.9999960000159998,-1.3465715903320066,0.0,0.0,0.019240274777748066,0.019240274777748066,0,1,3.9999840002469256e-06,ok
1000.0,0.5,2.0,1.0,128.0,0.9,0.5,riemannian_scale,22,2.0,750002.9999657011,2.0,-0.9999960000159998,-1.3465715903320066,0.0,0.0,0.01840374109175902,0.01840374109175902,0,1,3.9999840002469256e-06,ok
1000.0,0.5,2.0,1.0,128.0,0.9,0.5,riemannian_scale,23,2.0,750002.9999657011,2.0,-0.9999960000159998,-1.3465715903320066,0.0,0.0,0.01763691854626906,0.01763691854626906,0,1,3.9999840002469256e-06,ok
1000.0,0.5,2.0,1.0,128.0,0.9,0.5,riemannian_scale,24,2.0,750002.9999657011,2.0,-0.9999960000159998,-1.3465715903320066,0.0,0.0,0.016931441804418298,0.016931441804418298,0,1,3.9999840002469256e-06,ok
1000.0,0.5,2.0,1.0,128.0,0.9,0.5,riemannian_scale,25,2.0,750002.9999657011,2.0,-0.9999960000159998,-1.3465715903320066,0.0,0.0,0.016280232504248364,0.016280232504248364,0,1,3.9999840002469256e-06,ok
1000.0,0.5,2.0,1.0,128.0,0.9,0.5,riemannian_scale,26,2.0,750002.9999657011,2.0,-0.9999960000159998,-1.3465715903320066,0.0,0.0,0.01567726093001694,0.01567726093001694,0,1,3.9999840002469256e-06,ok
1000.0,0.5,2.0,1.0,128.0,0.9,0.5,riemannian_scale,27,2.0,750002.9999657011,2.0,-0.9999960000159998,-1.3465715903320066,0.0,0.0,0.015117358753944907,0.015117358753944907,0,1,3.9999840002469256e-06,ok
1000.0,0.5,2.0,1.0,128.0,0.9,0.5,riemannian_scale,28,2.0,750002.9999657011,2.0,-0.9999960000159998,-1.3465715903320066,0.0,0.0,0.014596070521050256,0.014596070521050256,0,1,3.9999840002469256e-06,ok
1000.0,0.5,2.0,1.0,128.0,0.9,0.5,riemannian_scale,29,2.0,750002.9999657011,2.0,-0.9999960000159998,-1.3465715903320066,0.0,0.0,0.014109534837015247,0.014109534837015247,0,1,3.9999840002469256e-06,ok
1000.0,0.5,2.0,1.0,128.0,0.9,0.5,riemannian_scale,30,2.0,750002.9999657011,2.0,-0.9999960000159998,-1.3465715903320066,0.0,0.0,0.013654388551950239,0.013654388551950239,0,1,3.9999840002469256e-06,ok
1000.0,0.5,2.0,1.0,128.0,0.9,0.5,riemannian_scale,31,2.0,750002.9999657011,2.0,-0.9999960000159998,-1.3465715903320066,0.0,0.0,0.013227688909701794,0.013227688909701794,0,1,3.9999840002469256e-06,ok
1000.0,0.5,2.0,1.0,128.0,0.9,0.5,riemannian_scale,32,2.0,750002.9999657011,2.0,-0.9999960000159998,-1.3465715903320066,0.0,0.0,0.012826849851832044,0.012826849851832044,0,1,3.9999840002469256e-06,ok
1000.0,0.5,2.0,1.0,128.0,0.9,0.5,riemannian_scale,33,2.0,750002.9999657011,2.0,-0.9999960000159998,-1.3465715903320066,0.0,0.0,0.012449589562072276,0.012449589562072276,0,1,3.9999840002469256e-06,ok
1000.0,0.5,2.0,1.0,128.0,0.9,0.5,riemannian_scale,34,2.0,750002.9999657011,2.0,-0.9999960000159998,-1.3465715903320066,0.0,0.0,0.012093887003155926,0.012093887003155926,0,1,3.9999840002469256e-06,ok
1000.0,0.5,2.0,1.0,128.0,0.9,0.5,riemannian_scale,35,2.0,750002.9999657011,2.0,-0.9999960000159998,-1.3465715903320066,0.0,0.0,0.011757945697512706,0.011757945697512706,0,1,3.9999840002469256e-06,ok
1000.0,0.5,2.0,1.0,128.0,0.9,0.5,riemannian_scale,36,2.0,750002.9999657011,2.0,-0.9999960000159998,-1.3465715903320066,0.0,0.0,0.011440163381363715,0.011440163381363715,0,1,3.9999840002469256e-06,ok
1000.0,0.5,2.0,1.0,128.0,0.9,0.5,riemannian_scale,37,2.0,750002.9999657011,2.0,-0.9999960000159998,-1.3465715903320066,0.0,0.0,0.011139106450275195,0.011139106450275195,0,1,3.9999840002469256e-06,ok
1000.0,0.5,2.0,1.0,128.0,0.9,0.5,riemannian_scale,38,2.0,750002.9999657011,2.0,-0.9999960000159998,-1.3465715903320066,0.0,0.0,0.010853488336165574,0.010853488336165574,0,1,3.9999840002469256e-06,ok
1000.0,0.5,2.0,1.0,128.0,0.9,0.5,riemannian_scale,39,2.0,750002.9999657011,2.0,-0.9999960000159998,-1.3465715903320066,0.0,0.0,0.010582151127761437,0.010582151127761437,0,1,3.9999840002469256e-06,ok
1000.0,0.5,2.0,1.0,128.0,0.9,0.5,riemannian_scale,40,2.0,750002.9999657011,2.0,-0.9999960000159998,-1.3465715903320066,0.0,0.0,0.010324049880742864,0.010324049880742864,0,1,3.9999840002469256e-06,ok
1000.0,0.5,2.0,1.0,128.0,0.9,0.5,riemannian_scale,41,2.0,750002.9999657011,2.0,-0.9999960000159998,-1.3465715903320066,0.0,0.0,0.010078239169296606,0.010078239169296606,0,1,3.9999840002469256e-06,ok
1000.0,0.5,2.0,1.0,128.0,0.9,0.5,riemannian_scale,42,2.0,750002.9999657011,2.0,-0.9999960000159998,-1.3465715903320066,0.0,0.0,0.009843861514196684,0.009843861514196684,0,1,3.9999840002469256e-06,ok
1000.0,0.5,2.0,1.0,128.0,0.9,0.5,riemannian_scale,43,2.0,750002.9999657011,2.0,-0.9999960000159998,-1.3465715903320066,0.0,0.0,0.009620137388874033,0.009620137388874033,0,1,3.9999840002469256e-06,ok
1000.0,0.5,2.0,1.0,128.0,0.9,0.5,riemannian_scale,44,2.0,750002.9999657011,2.0,-0.9999960000159998,-1.3465715903320066,0.0,0.0,0.009406356558010165,0.009406356558010165,0,1,3.9999840002469256e-06,ok
1000.0,0.5,2.0,1.0,128.0,0.9,0.5,riemannian_scale,45,2.0,750002.9999657011,2.0,-0.9999960000159998,-1.3465715903320066,0.0,0.0,0.00920187054587951,0.00920187054587951,0,1,3.9999840002469256e-06,ok
1000.0,0.5,2.0,1.0,128.0,0.9,0.5,riemannian_scale,46,2.0,750002.9999657011,2.0,-0.9999960000159998,-1.3465715903320066,0.0,0.0,0.009006086066179945,0.009006086066179945,0,1,3.9999840002469256e-06,ok
1000.0,0.5,2.0,1.0,128.0,0.9,0.5,riemannian_scale,47,2.0,750002.9999657011,2.0,-0.9999960000159998,-1.3465715903320066,0.0,0.0,0.00881845927313453,0.00881845927313453,0,1,3.9999840002469256e-06,ok
1000.0,0.5,2.0,1.0,128.0,0.9,0.5,riemannian_scale,48,2.0,750002.9999657011,2.0,-0.9999960000159998,-1.3465715903320066,0.0,0.0,0.008638490716539946,0.008638490716539946,0,1,3.9999840002469256e-06,ok
1000.0,0.5,2.0,1.0,128.0,0.9,0.5,riemannian_scale,49,2.0,750002.9999657011,2.0,-0.9999960000159998,-1.3465715903320066,0.0,0.0,0.008465720902209149,0.008465720902209149,0,1,3.9999840002469256e-06,ok
1000.0,0.5,2.0,1.0,128.0,0.9,0.5,riemannian_scale,50,2.0,750002.9999657011,2.0,-0.9999960000159998,-1.3465715903320066,0.0,0.0,0.008299726374714851,0.008299726374714851,0,1,3.9999840002469256e-06,ok
1000.0,0.5,2.0,1.0,128.0,0.9,0.5,riemannian_scale,51,2.0,750002.9999657011,2.0,-0.9999960000159998,-1.3465715903320066,0.0,0.0,0.008140116252124182,0.008140116252124182,0,1,3.9999840002469256e-06,ok
1000.0,0.5,2.0,1.0,128.0,0.9,0.5,riemannian_scale,52,2.0,750002.9999657011,2.0,-0.9999960000159998,-1.3465715903320066,0.0,0.0,0.007986529153027498,0.007986529153027498,0,1,3.9999840002469256e-06,ok
1000.0,0.5,2.0,1.0,128.0,0.9,0.5,riemannian_scale,53,2.0,750002.9999657011,2.0,-0.9999960000159998,-1.3465715903320066,0.0,0.0,0.00783863046500847,0.00783863046500847,0,1,3.9999840002469256e-06,ok
1000.0,0.5,2.0,1.0,128.0,0.9,0.5,riemannian_scale,54,2.0,750002.9999657011,2.0,-0.9999960000159998,-1.3465715903320066,0.0,0.0,0.007696109911099225,0.007696109911099225,0,1,3.9999840002469256e-06,ok
1000.0,0.5,2.0,1.0,128.0,0.9,0.5,riemannian_scale,55,2.0,750002.9999657011,2.0,-0.9999960000159998,-1.3465715903320066,0.0,0.0,0.007558679376972454,0.007558679376972454,0,1,3.9999840002469256e-06,ok
1000.0,0.5,2.0,1.0,128.0,0.9,0.5,riemannian_scale,56,2.0,750002.9999657011,2.0,-0.9999960000159998,-1.3465715903320066,0.0,0.0,0.007426070966850129,0.007426070966850129,0,1,3.9999840002469256e-06,ok
1000.0,0.5,2.0,1.0,128.0,0.9,0.5,riemannian_scale,57,2.0,750002.9999657011,2.0,-0.9999960000159998,-1.3465715903320066,0.0,0.0,0.007298035260525128,0.007298035260525128,0,1,3.9999840002469256e-06,ok
1000.0,0.5,2.0,1.0,128.0,0.9,0.5,riemannian_scale,58,2.0,750002.9999657011,2.0,-0.9999960000159998,-1.3465715903320066,0.0,0.0,0.007174339747634872,0.007174339747634872,0,1,3.9999840002469256e-06,ok
1000.0,0.5,2.0,1.0,128.0,0.9,0.5,riemannian_scale,59,2.0,750002.9999657011,2.0,-0.9999960000159998,-1.3465715903320066,0.0,0.0,0.0070547674185076235,0.0070547674185076235,0,1,3.9999840002469256e-06,ok
1000.0,0.5,2.0,1.0,128.0,0.9,0.5,riemannian_scale,60,2.0,750002.9999657011,2.0,-0.9999960000159998,-1.3465715903320066,0.0,0.0,0.006939115493614057,0.006939115493614057,0,1,3.9999840002469256e-06,ok
1000.0,0.5,2.0,1.0,128.0,0.9,0.5,riemannian_scale,61,2.0,750002.9999657011,2.0,-0.9999960000159998,-1.3465715903320066,0.0,0.0,0.0068271942759751195,0.0068271942759751195,0,1,3.9999840002469256e-06,ok
1000.0,0.5,2.0,1.0,128.0,0.9,0.5,riemannian_scale,62,2.0,750002.9999657011,2.0,-0.9999960000159998,-1.3465715903320066,0.0,0.0,0.006718826112864403,0.006718826112864403,0,1,3.9999840002469256e-06,ok
1000.0,0.5,2.0,1.0,128.0,0.9,0.5,riemannian_scale,63,2.0,750002.9999657011,2.0,-0.9999960000159998,-1.3465715903320066,0.0,0.0,0.006613844454850897,0.006613844454850897,0,1,3.9999840002469256e-06,ok
1000.0,0.5,2.0,1.0,128.0,0.9,0.5,riemannian_scale,64,2.0,750002.9999657011,2.0,-0.9999960000159998,-1.3465715903320066,0.0,0.0,0.006512093001699346,0.006512093001699346,0,1,3.9999840002469256e-06,ok
1000.0,0.5,2.0,1.0,128.0,0.9,0.5,riemannian_scale,65,2.0,750002.9999657011,2.0,-0.9999960000159998,-1.3465715903320066,0.0,0.0,0.006413424925916022,0.006413424925916022,0,1,3.9999840002469256e-06,ok
1000.0,0.5,2.0,1.0,128.0,0.9,0.5,riemannian_scale,66,2.0,750002.9999657011,2.0,-0.9999960000159998,-1.3465715903320066,0.0,0.0,0.006317702165827723,0.006317702165827723,0,1,3.9999840002469256e-06,ok
1000.0,0.5,2.0,1.0,128.0,0.9,0.5,riemannian_scale,67,2.0,750002.9999657011,2.0,-0.9999960000159998,-1.3465715903320066,0.0,0.0,0.006224794781036138,0.006224794781036138,0,1,3.9999840002469256e-06,ok
1000.0,0.5,2.0,1.0,128.0,0.9,0.5,riemannian_scale,68,2.0,750002.9999657011,2.0,-0.9999960000159998,-1.3465715903320066,0.0,0.0,0.006134580363919673,0.006134580363919673,0,1,3.9999840002469256e-06,ok
1000.0,0.5,2.0,1.0,128.0,0.9,0.5,riemannian_scale,69,2.0,750002.9999657011,2.0,-0.9999960000159998,-1.3465715903320066,0.0,0.0,0.006046943501577963,0.006046943501577963,0,1,3.9999840002469256e-06,ok
1000.0,0.5,2.0,1.0,128.0,0.9,0.5,riemannian_scale,70,2.0,750002.9999657011,2.0,-0.9999960000159998,-1.3465715903320066,0.0,0.0,0.005961775283245879,0.005961775283245879,0,1,3.9999840002469256e-06,ok
1000.0,0.5,2.0,1.0,128.0,0.9,0.5,riemannian_scale,71,2.0,750002.9999657011,2.0,-0.9999960000159998,-1.3465715903320066,0.0,0.0,0.005878972848756353,0.005878972848756353,0,1,3.9999840002469256e-06,ok
1000.0,0.5,2.0,1.0,128.0,0.9,0.5,riemannian_scale,72,2.0,750002.9999657011,2.0,-0.9999960000159998,-1.3465715903320066,0.0,0.0,0.005798438974115854,0.005798438974115854,0,1,3.9999840002469256e-06,ok
1000.0,0.5,2.0,1.0,128.0,0.9,0.5,riemannian_scale,73,2.0,750002.9999657011,2.0,-0.9999960000159998,-1.3465715903320066,0.0,0.0,0.005720081690681857,0.005720081690681857,0,1,3.9999840002469256e-06,ok
1000.0,0.5,2.0,1.0,128.0,0.9,0.5,riemannian_scale,74,2.0,750002.9999657011,2.0,-0.9999960000159998,-1.3465715903320066,0.0,0.0,0.005643813934806099,0.005643813934806099,0,1,3.9999840002469256e-06,ok
1000.0,0.5,2.0,1.0,128.0,0.9,0.5,riemannian_scale,75,2.0,750002.9999657011,2.0,-0.9999960000159998,-1.3465715903320066,0.0,0.0,0.0055695532251375975,0.0055695532251375975,0,1,3.9999840002469256e-06,ok
1000.0,0.5,2.0,1.0,128.0,0.9,0.5,riemannian_scale,76,2.0,750002.9999657011,2.0,-0.9999960000159998,-1.3465715903320066,0.0,0.0,0.005497221365070876,0.005497221365070876,0,1,3.9999840002469256e-06,ok
1000.0,0.5,2.0,1.0,128.0,0.9,0.5,riemannian_scale,77,2.0,750002.9999657011,2.0,-0.9999960000159998,-1.3465715903320066,0.0,0.0,0.005426744168082787,0.005426744168082787,0,1,3.9999840002469256e-06,ok
1000.0,0.5,2.0,1.0,128.0,0.9,0.5,riemannian_scale,78,2.0,750002.9999657011,2.0,-0.9999960000159998,-1.3465715903320066,0.0,0.0,0.005358051203929841,0.005358051203929841,0,1,3.9999840002469256e-06,ok
1000.0,0.5,2.0,1.0,128.0,0.9,0.5,riemannian_scale,79,2.0,750002.9999657011,2.0,-0.9999960000159998,-1.3465715903320066,0.0,0.0,0.005291075563880718,0.005291075563880718,0,1,3.9999840002469256e-06,ok
1000.0,0.5,2.0,1.0,128.0,0.9,0.5,riemannian_scale,80,2.0,750002.9999657011,2.0,-0.9999960000159998,-1.3465715903320066,0.0,0.0,0.00522575364333898,0.00522575364333898,0,1,3.9999840002469256e-06,ok
1000.0,0.5,2.0,1.0,128.0,0.9,0.5,riemannian_scale,81,2.0,750002.9999657011,2.0,-0.9999960000159998,-1.3465715903320066,0.0,0.0,0.005162024940371432,0.005162024940371432,0,1,3.9999840002469256e-06,ok
1000.0,0.5,2.0,1.0,128.0,0.9,0.5,riemannian_scale,82,2.0,750002.9999657011,2.0,-0.9999960000159998,-1.3465715903320066,0.0,0.0,0.005099831868800692,0.005099831868800692,0,1,3.9999840002469256e-06,ok
1000.0,0.5,2.0,1.0,128.0,0.9,0.5,riemannian_scale,83,2.0,750002.9999657011,2.0,-0.9999960000159998,-1.3465715903320066,0.0,0.0,0.005039119584648303,0.005039119584648303,0,1,3.9999840002469256e-06,ok
1000.0,0.5,2.0,1.0,128.0,0.9,0.5,riemannian_scale,84,2.0,750002.9999657011,2.0,-0.9999960000159998,-1.3465715903320066,0.0,0.0,0.004979835824828911,0.004979835824828911,0,1,3.9999840002469256e-06,ok
1000.0,0.5,2.0,1.0,128.0,0.9,0.5,riemannian_scale,85,2.0,750002.9999657011,2.0,-0.9999960000159998,-1.3465715903320066,0.0,0.0,0.004921930757098342,0.004921930757098342,0,1,3.9999840002469256e-06,ok
1000.0,0.5,2.0,1.0,128.0,0.9,0.5,riemannian_scale,86,2.0,750002.9999657011,2.0,-0.9999960000159998,-1.3465715903320066,0.0,0.0,0.004865356840350085,0.004865356840350085,0,1,3.9999840002469256e-06,ok
1000.0,0.5,2.0,1.0,128.0,0.9,0.5,riemannian_scale,87,2.0,750002.9999657011,2.0,-0.9999960000159998,-1.3465715903320066,0.0,0.0,0.004810068694437016,0.004810068694437016,0,1,3.9999840002469256e-06,ok
1000.0,0.5,2.0,1.0,128.0,0.9,0.5,riemannian_scale,88,2.0,750002.9999657011,2.0,-0.9999960000159998,-1.3465715903320066,0.0,0.0,0.004756022978769184,0.004756022978769184,0,1,3.9999840002469256e-06,ok
1000.0,0.5,2.0,1.0,128.0,0.9,0.5,riemannian_scale,89,2.0,750002.9999657011,2.0,-0.9999960000159998,-1.3465715903320066,0.0,0.0,0.004703178279005083,0.004703178279005083,0,1,3.9999840002469256e-06,ok
1000.0,0.5,2.0,1.0,128.0,0.9,0.5,riemannian_scale,90,2.0,750002.9999657011,2.0,-0.9999960000159998,-1.3465715903320066,0.0,0.0,0.004651495001213818,0.004651495001213818,0,1,3.9999840002469256e-06,ok
1000.0,0.5,2.0,1.0,128.0,0.9,0.5,riemannian_scale,91,2.0,750002.9999657011,2.0,-0.9999960000159998,-1.3465715903320066,0.0,0.0,0.004600935272939755,0.004600935272939755,0,1,3.9999840002469256e-06,ok
1000.0,0.5,2.0,1.0,128.0,0.9,0.5,riemannian_scale,92,2.0,750002.9999657011,2.0,-0.9999960000159998,-1.3465715903320066,0.0,0.0,0.00455146285065008,0.00455146285065008,0,1,3.9999840002469256e-06,ok
1000.0,0.5,2.0,1.0,128.0,0.9,0.5,riemannian_scale,93,2.0,750002.9999657011,2.0,-0.9999960000159998,-1.3465715903320066,0.0,0.0,0.004503043033089973,0.004503043033089973,0,1,3.9999840002469256e-06,ok
1000.0,0.5,2.0,1.0,128.0,0.9,0.5,riemannian_scale,94,2.0,750002.9999657011,2.0,-0.9999960000159998,-1.3465715903320066,0.0,0.0,0.004455642580110078,0.004455642580110078,0,1,3.9999840002469256e-06,ok
1000.0,0.5,2.0,1.0,128.0,0.9,0.5,riemannian_scale,95,2.0,750002.9999657011,2.0,-0.9999960000159998,-1.3465715903320066,0.0,0.0,0.004409229636567265,0.004409229636567265,0,1,3.9999840002469256e-06,ok
1000.0,0.5,2.0,1.0,128.0,0.9,0.5,riemannian_scale,96,2.0,750002.9999657011,2.0,-0.9999960000159998,-1.3465715903320066,0.0,0.0,0.0043637736609325505,0.0043637736609325505,0,1,3.9999840002469256e-06,ok
1000.0,0.5,2.0,1.0,128.0,0.9,0.5,riemannian_scale,97,2.0,750002.9999657011,2.0,-0.9999960000159998,-1.3465715903320066,0.0,0.0,0.004319245358269973,0.004319245358269973,0,1,3.9999840002469256e-06,ok
1000.0,0.5,2.0,1.0,128.0,0.9,0.5,riemannian_scale,98,2.0,750002.9999657011,2.0,-0.9999960000159998,-1.3465715903320066,0.0,0.0,0.0042756166172773485,0.0042756166172773485,0,1,3.9999840002469256e-06,ok
1000.0,0.5,2.0,1.0,128.0,0.9,0.5,riemannian_scale,99,2.0,750002.9999657011,2.0,-0.9999960000159998,-1.3465715903320066,0.0,0.0,0.0042328604511045744,0.0042328604511045744,0,1,3.9999840002469256e-06,ok
1000.0,0.5,2.0,1.0,128.0,0.9,0.5,riemannian_scale,100,2.0,750002.9999657011,2.0,-0.9999960000159998,-1.3465715903320066,0.0,0.0,0.004190950941687697,0.004190950941687697,0,1,3.9999840002469256e-06,ok
1000.0,0.5,2.0,1.0,128.0,0.9,0.5,riemannian_scale,101,2.0,750002.9999657011,2.0,-0.9999960000159998,-1.3465715903320066,0.0,0.0,0.004149863187357426,0.004149863187357426,0,1,3.9999840002469256e-06,ok
1000.0,0.5,2.0,1.0,128.0,0.9,0.5,riemannian_scale,102,2.0,750002.9999657011,2.0,-0.9999960000159998,-1.3465715903320066,0.0,0.0,0.004109573253499586,0.004109573253499586,0,1,3.9999840002469256e-06,ok
1000.0,0.5,2.0,1.0,128.0,0.9,0.5,riemannian_scale,103,2.0,750002.9999657011,2.0,-0.9999960000159998,-1.3465715903320066,0.0,0.0,0.004070058126062091,0.004070058126062091,0,1,3.9999840002469256e-06,ok
1000.0,0.5,2.0,1.0,128.0,0.9,0.5,riemannian_scale,104,2.0,750002.9999657011,2.0,-0.9999960000159998,-1.3465715903320066,0.0,0.0,0.004031295667718642,0.004031295667718642,0,1,3.9999840002469256e-06,ok
1000.0,0.5,2.0,1.0,128.0,0.9,0.5,riemannian_scale,105,2.0,750002.9999657011,2.0,-0.9999960000159998,-1.3465715903320066,0.0,0.0,0.003993264576513749,0.003993264576513749,0,1,3.9999840002469256e-06,ok
1000.0,0.5,2.0,1.0,128.0,0.9,0.5,riemannian_scale,106,2.0,750002.9999657011,2.0,-0.9999960000159998,-1.3465715903320066,0.0,0.0,0.003955944346826705,0.003955944346826705,0,1,3.9999840002469256e-06,ok
1000.0,0.5,2.0,1.0,128.0,0.9,0.5,riemannian_scale,107,2.0,750002.9999657011,2.0,-0.9999960000159998,-1.3465715903320066,0.0,0.0,0.003919315232504235,0.003919315232504235,0,1,3.9999840002469256e-06,ok
1000.0,0.5,2.0,1.0,128.0,0.9,0.5,riemannian_scale,108,2.0,750002.9999657011,2.0,-0.9999960000159998,-1.3465715903320066,0.0,0.0,0.0038833582120225453,0.0038833582120225453,0,1,3.9999840002469256e-06,ok
1000.0,0.5,2.0,1.0,128.0,0.9,0.5,riemannian_scale,109,2.0,750002.9999657011,2.0,-0.9999960000159998,-1.3465715903320066,0.0,0.0,0.0038480549555496126,0.0038480549555496126,0,1,3.9999840002469256e-06,ok
1000.0,0.5,2.0,1.0,128.0,0.9,0.5,riemannian_scale,110,2.0,750002.9999657011,2.0,-0.9999960000159998,-1.3465715903320066,0.0,0.0,0.0038133877937879044,0.0038133877937879044,0,1,3.9999840002469256e-06,ok
1000.0,0.5,2.0,1.0,128.0,0.9,0.5,riemannian_scale,111,2.0,750002.9999657011,2.0,-0.9999960000159998,-1.3465715903320066,0.0,0.0,0.003779339688486227,0.003779339688486227,0,1,3.9999840002469256e-06,ok
1000.0,0.5,2.0,1.0,128.0,0.9,0.5,riemannian_scale,112,2.0,750002.9999657011,2.0,-0.9999960000159998,-1.3465715903320066,0.0,0.0,0.0037458942045173224,0.0037458942045173224,0,1,3.9999840002469256e-06,ok
1000.0,0.5,2.0,1.0,128.0,0.9,0.5,riemannian_scale,113,2.0,750002.9999657011,2.0,-0.9999960000159998,-1.3465715903320066,0.0,0.0,0.0037130354834250647,0.0037130354834250647,0,1,3.9999840002469256e-06,ok
1000.0,0.5,2.0,1.0,128.0,0.9,0.5,riemannian_scale,114,2.0,750002.9999657011,2.0,-0.9999960000159998,-1.3465715903320066,0.0,0.0,0.003680748218351804,0.003680748218351804,0,1,3.9999840002469256e-06,ok
1000.0,0.5,2.0,1.0,128.0,0.9,0.5,riemannian_scale,115,2.0,750002.9999657011,2.0,-0.9999960000159998,-1.3465715903320066,0.0,0.0,0.003649017630262564,0.003649017630262564,0,1,3.9999840002469256e-06,ok
1000.0,0.5,2.0,1.0,128.0,0.9,0.5,riemannian_scale,116,2.0,750002.9999657011,2.0,-0.9999960000159998,-1.3465715903320066,0.0,0.0,0.0036178294453885255,0.0036178294453885255,0,1,3.9999840002469256e-06,ok
1000.0,0.5,2.0,1.0,128.0,0.9,0.5,riemannian_scale,117,2.0,750002.9999657011,2.0,-0.9999960000159998,-1.3465715903320066,0.0,0.0,0.003587169873817436,0.003587169873817436,0,1,3.9999840002469256e-06,ok
1000.0,0.5,2.0,1.0,128.0,0.9,0.5,riemannian_scale,118,2.0,750002.9999657011,2.0,-0.9999960000159998,-1.3465715903320066,0.0,0.0,0.0035570255891635076,0.0035570255891635076,0,1,3.9999840002469256e-06,ok
1000.0,0.5,2.0,1.0,128.0,0.9,0.5,riemannian_scale,119,2.0,750002.9999657011,2.0,-0.9999960000159998,-1.3465715903320066,0.0,0.0,0.0035273837092538118,0.0035273837092538118,0,1,3.9999840002469256e-06,ok
1000.0,0.5,2.0,1.0,128.0,0.9,0.5,riemannian_scale,120,2.0,750002.9999657011,2.0,-0.9999960000159998,-1.3465715903320066,0.0,0.0,0.0034982317777723757,0.0034982317777723757,0,1,3.9999840002469256e-06,ok
1000.0,0.5,2.0,1.0,128.0,0.9,0.5,riemannian_scale,121,2.0,750002.9999657011,2.0,-0.9999960000159998,-1.3465715903320066,0.0,0.0,0.0034695577468070284,0.0034695577468070284,0,1,3.9999840002469256e-06,ok
1000.0,0.5,2.0,1.0,128.0,0.9,0.5,riemannian_scale,122,2.0,750002.9999657011,2.0,-0.9999960000159998,-1.3465715903320066,0.0,0.0,0.0034413499602476217,0.0034413499602476217,0,1,3.9999840002469256e-06,ok
1000.0,0.5,2.0,1.0,128.0,0.9,0.5,riemannian_scale,123,2.0,750002.9999657011,2.0,-0.9999960000159998,-1.3465715903320066,0.0,0.0,0.0034135971379875597,0.0034135971379875597,0,1,3.9999840002469256e-06,ok
1000.0,0.5,2.0,1.0,128.0,0.9,0.5,riemannian_scale,124,2.0,750002.9999657011,2.0,-0.9999960000159998,-1.3465715903320066,0.0,0.0,0.0033862883608836596,0.0033862883608836596,0,1,3.9999840002469256e-06,ok
1000.0,0.5,2.0,1.0,128.0,0.9,0.5,riemannian_scale,125,2.0,750002.9999657011,2.0,-0.9999960000159998,-1.3465715903320066,0.0,0.0,0.0033594130564322017,0.0033594130564322017,0,1,3.9999840002469256e-06,ok
1000.0,0.5,2.0,1.0,128.0,0.9,0.5,riemannian_scale,126,2.0,750002.9999657011,2.0,-0.9999960000159998,-1.3465715903320066,0.0,0.0,0.003332960985121712,0.003332960985121712,0,1,3.9999840002469256e-06,ok
1000.0,0.5,2.0,1.0,128.0,0.9,0.5,riemannian_scale,127,2.0,750002.9999657011,2.0,-0.9999960000159998,-1.3465715903320066,0.0,0.0,0.0033069222274254486,0.0033069222274254486,0,1,3.9999840002469256e-06,ok
1000.0,0.5,2.0,1.0,128.0,0.9,0.5,riemannian_scale,128,2.0,750002.9999657011,2.0,-0.9999960000159998,-1.3465715903320066,0.0,0.0,0.0032812871713988946,0.0032812871713988946,0,1,3.9999840002469256e-06,ok
1000.0,0.5,2.0,1.0,128.0,0.9,0.5,riemannian_scale,129,2.0,750002.9999657011,2.0,-0.9999960000159998,-1.3465715903320066,0.0,0.0,0.003256046500849673,0.003256046500849673,0,1,3.9999840002469256e-06,ok
1000.0,0.5,2.0,1.0,128.0,0.9,0.5,riemannian_scale,130,2.0,750002.9999657011,2.0,-0.9999960000159998,-1.3465715903320066,0.0,0.0,0.003231191184049293,0.003231191184049293,0,1,3.9999840002469256e-06,ok
1000.0,0.5,2.0,1.0,128.0,0.9,0.5,riemannian_scale,131,2.0,750002.9999657011,2.0,-0.9999960000159998,-1.3465715903320066,0.0,0.0,0.003206712462958011,0.003206712462958011,0,1,3.9999840002469256e-06,ok
1000.0,0.5,2.0,1.0,128.0,0.9,0.5,riemannian_scale,132,2.0,750002.9999657011,2.0,-0.9999960000159998,-1.3465715903320066,0.0,0.0,0.00318260184293577,0.00318260184293577,0,1,3.9999840002469256e-06,ok
1000.0,0.5,2.0,1.0,128.0,0.9,0.5,riemannian_scale,133,2.0,750002.9999657011,2.0,-0.9999960000159998,-1.3465715903320066,0.0,0.0,0.0031588510829138614,0.0031588510829138614,0,1,3.9999840002469256e-06,ok
1000.0,0.5,2.0,1.0,128.0,0.9,0.5,riemannian_scale,134,2.0,750002.9999657011,2.0,-0.9999960000159998,-1.3465715903320066,0.0,0.0,0.0031354521860033884,0.0031354521860033884,0,1,3.9999840002469256e-06,ok
1000.0,0.5,2.0,1.0,128.0,0.9,0.5,riemannian_scale,135,2.0,750002.9999657011,2.0,-0.9999960000159998,-1.3465715903320066,0.0,0.0,0.003112397390518069,0.003112397390518069,0,1,3.9999840002469256e-06,ok
1000.0,0.5,2.0,1.0,128.0,0.9,0.5,riemannian_scale,136,2.0,750002.9999657011,2.0,-0.9999960000159998,-1.3465715903320066,0.0,0.0,0.0030896791613902,0.0030896791613902,0,1,3.9999840002469256e-06,ok
1000.0,0.5,2.0,1.0,128.0,0.9,0.5,riemannian_scale,137,2.0,750002.9999657011,2.0,-0.9999960000159998,-1.3465715903320066,0.0,0.0,0.0030672901819598364,0.0030672901819598364,0,1,3.9999840002469256e-06,ok
1000.0,0.5,2.0,1.0,128.0,0.9,0.5,riemannian_scale,138,2.0,750002.9999657011,2.0,-0.9999960000159998,-1.3465715903320066,0.0,0.0,0.003045223346118399,0.003045223346118399,0,1,3.9999840002469256e-06,ok
1000.0,0.5,2.0,1.0,128.0,0.9,0.5,riemannian_scale,139,2.0,750002.9999657011,2.0,-0.9999960000159998,-1.3465715903320066,0.0,0.0,0.0030234717507889816,0.0030234717507889816,0,1,3.9999840002469256e-06,ok
1000.0,0.5,2.0,1.0,128.0,0.9,0.5,riemannian_scale,140,2.0,750002.9999657011,2.0,-0.9999960000159998,-1.3465715903320066,0.0,0.0,0.003002028688726648,0.003002028688726648,0,1,3.9999840002469256e-06,ok
1000.0,0.5,2.0,1.0,128.0,0.9,0.5,riemannian_scale,141,2.0,750002.9999657011,2.0,-0.9999960000159998,-1.3465715903320066,0.0,0.0,0.0029808876416229394,0.0029808876416229394,0,1,3.9999840002469256e-06,ok
1000.0,0.5,2.0,1.0,128.0,0.9,0.5,riemannian_scale,142,2.0,750002.9999657011,2.0,-0.9999960000159998,-1.3465715903320066,0.0,0.0,0.0029600422734997025,0.0029600422734997025,0,1,3.9999840002469256e-06,ok
1000.0,0.5,2.0,1.0,128.0,0.9,0.5,riemannian_scale,143,2.0,750002.9999657011,2.0,-0.9999960000159998,-1.3465715903320066,0.0,0.0,0.0029394864243781765,0.0029394864243781765,0,1,3.9999840002469256e-06,ok
1000.0,0.5,2.0,1.0,128.0,0.9,0.5,riemannian_scale,144,2.0,750002.9999657011,2.0,-0.9999960000159998,-1.3465715903320066,0.0,0.0,0.002919214104210051,0.002919214104210051,0,1,3.9999840002469256e-06,ok
1000.0,0.5,2.0,1.0,128.0,0.9,0.5,riemannian_scale,145,2.0,750002.9999657011,2.0,-0.9999960000159998,-1.3465715903320066,0.0,0.0,0.002899219487057927,0.002899219487057927,0,1,3.9999840002469256e-06,ok
1000.0,0.5,2.0,1.0,128.0,0.9,0.5,riemannian_scale,146,2.0,750002.9999657011,2.0,-0.9999960000159998,-1.3465715903320066,0.0,0.0,0.002879496905513316,0.002879496905513316,0,1,3.9999840002469256e-06,ok
1000.0,0.5,2.0,1.0,128.0,0.9,0.5,riemannian_scale,147,2.0,750002.9999657011,2.0,-0.9999960000159998,-1.3465715903320066,0.0,0.0,0.0028600408453409287,0.0028600408453409287,0,1,3.9999840002469256e-06,ok
1000.0,0.5,2.0,1.0,128.0,0.9,0.5,riemannian_scale,148,2.0,750002.9999657011,2.0,-0.9999960000159998,-1.3465715903320066,0.0,0.0,0.0028408459403386405,0.0028408459403386405,0,1,3.9999840002469256e-06,ok
1000.0,0.5,2.0,1.0,128.0,0.9,0.5,riemannian_scale,149,2.0,750002.9999657011,2.0,-0.9999960000159998,-1.3465715903320066,0.0,0.0,0.0028219069674030495,0.0028219069674030495,0,1,3.9999840002469256e-06,ok
1000.0,0.5,2.0,1.0,128.0,0.9,0.5,riemannian_scale,150,2.0,750002.9999657011,2.0,-0.9999960000159998,-1.3465715903320066,0.0,0.0,0.0028032188417911087,0.0028032188417911087,0,1,3.9999840002469256e-06,ok
1000.0,0.5,2.0,1.0,128.0,0.9,0.5,riemannian_scale,151,2.0,750002.9999657011,2.0,-0.9999960000159998,-1.3465715903320066,0.0,0.0,0.0027847766125687987,0.0027847766125687987,0,1,3.9999840002469256e-06,ok
1000.0,0.5,2.0,1.0,128.0,0.9,0.5,riemannian_scale,152,2.0,750002.9999657011,2.0,-0.9999960000159998,-1.3465715903320066,0.0,0.0,0.002766575458238284,0.002766575458238284,0,1,3.9999840002469256e-06,ok
1000.0,0.5,2.0,1.0,128.0,0.9,0.5,riemannian_scale,153,2.0,750002.9999657011,2.0,-0.9999960000159998,-1.3465715903320066,0.0,0.0,0.002748610682535438,0.002748610682535438,0,1,3.9999840002469256e-06,ok
1000.0,0.5,2.0,1.0,128.0,0.9,0.5,riemannian_scale,154,2.0,750002.9999657011,2.0,-0.9999960000159998,-1.3465715903320066,0.0,0.0,0.002730877710390048,0.002730877710390048,0,1,3.9999840002469256e-06,ok
1000.0,0.5,2.0,1.0,128.0,0.9,0.5,riemannian_scale,155,2.0,750002.9999657011,2.0,-0.9999960000159998,-1.3465715903320066,0.0,0.0,0.0027133720840413936,0.0027133720840413936,0,1,3.9999840002469256e-06,ok
1000.0,0.5,2.0,1.0,128.0,0.9,0.5,riemannian_scale,156,2.0,750002.9999657011,2.0,-0.9999960000159998,-1.3465715903320066,0.0,0.0,0.002696089459302277,0.002696089459302277,0,1,3.9999840002469256e-06,ok
1000.0,0.5,2.0,1.0,128.0,0.9,0.5,riemannian_scale,157,2.0,750002.9999657011,2.0,-0.9999960000159998,-1.3465715903320066,0.0,0.0,0.0026790256019649204,0.0026790256019649204,0,1,3.9999840002469256e-06,ok
1000.0,0.5,2.0,1.0,128.0,0.9,0.5,riemannian_scale,158,2.0,750002.9999657011,2.0,-0.9999960000159998,-1.3465715903320066,0.0,0.0,0.0026621763843424997,0.0026621763843424997,0,1,3.9999840002469256e-06,ok
1000.0,0.5,2.0,1.0,128.0,0.9,0.5,riemannian_scale,159,2.0,750002.9999657011,2.0,-0.9999960000159998,-1.3465715903320066,0.0,0.0,0.002645537781940359,0.002645537781940359,0,1,3.9999840002469256e-06,ok
1000.0,0.5,2.0,1.0,128.0,0.9,0.5,riemannian_scale,160,2.0,750002.9999657011,2.0,-0.9999960000159998,-1.3465715903320066,0.0,0.0,0.002629105870251288,0.002629105870251288,0,1,3.9999840002469256e-06,ok
1000.0,0.5,2.0,1.0,128.0,0.9,0.5,riemannian_scale,161,2.0,750002.9999657011,2.0,-0.9999960000159998,-1.3465715903320066,0.0,0.0,0.00261287682166949,0.00261287682166949,0,1,3.9999840002469256e-06,ok
1000.0,0.5,2.0,1.0,128.0,0.9,0.5,riemannian_scale,162,2.0,750002.9999657011,2.0,-0.9999960000159998,-1.3465715903320066,0.0,0.0,0.002596846902518144,0.002596846902518144,0,1,3.9999840002469256e-06,ok
1000.0,0.5,2.0,1.0,128.0,0.9,0.5,riemannian_scale,163,2.0,750002.9999657011,2.0,-0.9999960000159998,-1.3465715903320066,0.0,0.0,0.002581012470185716,0.002581012470185716,0,1,3.9999840002469256e-06,ok
1000.0,0.5,2.0,1.0,128.0,0.9,0.5,riemannian_scale,164,2.0,750002.9999657011,2.0,-0.9999960000159998,-1.3465715903320066,0.0,0.0,0.002565369970366409,0.002565369970366409,0,1,3.9999840002469256e-06,ok
1000.0,0.5,2.0,1.0,128.0,0.9,0.5,riemannian_scale,165,2.0,750002.9999657011,2.0,-0.9999960000159998,-1.3465715903320066,0.0,0.0,0.002549915934400346,0.002549915934400346,0,1,3.9999840002469256e-06,ok
1000.0,0.5,2.0,1.0,128.0,0.9,0.5,riemannian_scale,166,2.0,750002.9999657011,2.0,-0.9999960000159998,-1.3465715903320066,0.0,0.0,0.002534646976709326,0.002534646976709326,0,1,3.9999840002469256e-06,ok
1000.0,0.5,2.0,1.0,128.0,0.9,0.5,riemannian_scale,167,2.0,750002.9999657011,2.0,-0.9999960000159998,-1.3465715903320066,0.0,0.0,0.0025195597923241514,0.0025195597923241514,0,1,3.9999840002469256e-06,ok
1000.0,0.5,2.0,1.0,128.0,0.9,0.5,riemannian_scale,168,2.0,750002.9999657011,2.0,-0.9999960000159998,-1.3465715903320066,0.0,0.0,0.002504651154499748,0.002504651154499748,0,1,3.9999840002469256e-06,ok
1000.0,0.5,2.0,1.0,128.0,0.9,0.5,riemannian_scale,169,2.0,750002.9999657011,2.0,-0.9999960000159998,-1.3465715903320066,0.0,0.0,0.0024899179124144555,0.0024899179124144555,0,1,3.9999840002469256e-06,ok
1000.0,0.5,2.0,1.0,128.0,0.9,0.5,riemannian_scale,170,2.0,750002.9999657011,2.0,-0.9999960000159998,-1.3465715903320066,0.0,0.0,0.002475356988950043,0.002475356988950043,0,1,3.9999840002469256e-06,ok
1000.0,0.5,2.0,1.0,128.0,0.9,0.5,riemannian_scale,171,2.0,750002.9999657011,2.0,-0.9999960000159998,-1.3465715903320066,0.0,0.0,0.002460965378549171,0.002460965378549171,0,1,3.9999840002469256e-06,ok
1000.0,0.5,2.0,1.0,128.0,0.9,0.5,riemannian_scale,172,2.0,750002.9999657011,2.0,-0.9999960000159998,-1.3465715903320066,0.0,0.0,0.0024467401451471527,0.0024467401451471527,0,1,3.9999840002469256e-06,ok
1000.0,0.5,2.0,1.0,128.0,0.9,0.5,riemannian_scale,173,2.0,750002.9999657011,2.0,-0.9999960000159998,-1.3465715903320066,0.0,0.0,0.0024326784201750425,0.0024326784201750425,0,1,3.9999840002469256e-06,ok
1000.0,0.5,2.0,1.0,128.0,0.9,0.5,riemannian_scale,174,2.0,750002.9999657011,2.0,-0.9999960000159998,-1.3465715903320066,0.0,0.0,0.0024187774006311853,0.0024187774006311853,0,1,3.9999840002469256e-06,ok
1000.0,0.5,2.0,1.0,128.0,0.9,0.5,riemannian_scale,175,2.0,750002.9999657011,2.0,-0.9999960000159998,-1.3465715903320066,0.0,0.0,0.002405034347218508,0.002405034347218508,0,1,3.9999840002469256e-06,ok
1000.0,0.5,2.0,1.0,128.0,0.9,0.5,riemannian_scale,176,2.0,750002.9999657011,2.0,-0.9999960000159998,-1.3465715903320066,0.0,0.0,0.0023914465825449573,0.0023914465825449573,0,1,3.9999840002469256e-06,ok
1000.0,0.5,2.0,1.0,128.0,0.9,0.5,riemannian_scale,177,2.0,750002.9999657011,2.0,-0.9999960000159998,-1.3465715903320066,0.0,0.0,0.002378011489384592,0.002378011489384592,0,1,3.9999840002469256e-06,ok
1000.0,0.5,2.0,1.0,128.0,0.9,0.5,riemannian_scale,178,2.0,750002.9999657011,2.0,-0.9999960000159998,-1.3465715903320066,0.0,0.0,0.002364726508996969,0.002364726508996969,0,1,3.9999840002469256e-06,ok
1000.0,0.5,2.0,1.0,128.0,0.9,0.5,riemannian_scale,179,2.0,750002.9999657011,2.0,-0.9999960000159998,-1.3465715903320066,0.0,0.0,0.0023515891395025413,0.0023515891395025413,0,1,3.9999840002469256e-06,ok
1000.0,0.5,2.0,1.0,128.0,0.9,0.5,riemannian_scale,180,2.0,750002.9999657011,2.0,-0.9999960000159998,-1.3465715903320066,0.0,0.0,0.002338596934311919,0.002338596934311919,0,1,3.9999840002469256e-06,ok
1000.0,0.5,2.0,1.0,128.0,0.9,0.5,riemannian_scale,181,2.0,750002.9999657011,2.0,-0.9999960000159998,-1.3465715903320066,0.0,0.0,0.002325747500606909,0.002325747500606909,0,1,3.9999840002469256e-06,ok
1000.0,0.5,2.0,1.0,128.0,0.9,0.5,riemannian_scale,182,2.0,750002.9999657011,2.0,-0.9999960000159998,-1.3465715903320066,0.0,0.0,0.002313038497871352,0.002313038497871352,0,1,3.9999840002469256e-06,ok
1000.0,0.5,2.0,1.0,128.0,0.9,0.5,riemannian_scale,183,2.0,750002.9999657011,2.0,-0.9999960000159998,-1.3465715903320066,0.0,0.0,0.0023004676364698773,0.0023004676364698773,0,1,3.9999840002469256e-06,ok
1000.0,0.5,2.0,1.0,128.0,0.9,0.5,riemannian_scale,184,2.0,750002.9999657011,2.0,-0.9999960000159998,-1.3465715903320066,0.0,0.0,0.002288032676272743,0.002288032676272743,0,1,3.9999840002469256e-06,ok
1000.0,0.5,2.0,1.0,128.0,0.9,0.5,riemannian_scale,185,2.0,750002.9999657011,2.0,-0.9999960000159998,-1.3465715903320066,0.0,0.0,0.00227573142532504,0.00227573142532504,0,1,3.9999840002469256e-06,ok
1000.0,0.5,2.0,1.0,128.0,0.9,0.5,riemannian_scale,186,2.0,750002.9999657011,2.0,-0.9999960000159998,-1.3465715903320066,0.0,0.0,0.0022635617385585957,0.0022635617385585957,0,1,3.9999840002469256e-06,ok
1000.0,0.5,2.0,1.0,128.0,0.9,0.5,riemannian_scale,187,2.0,750002.9999657011,2.0,-0.9999960000159998,-1.3465715903320066,0.0,0.0,0.0022515215165449863,0.0022515215165449863,0,1,3.9999840002469256e-06,ok
1000.0,0.5,2.0,1.0,128.0,0.9,0.5,riemannian_scale,188,2.0,750002.9999657011,2.0,-0.9999960000159998,-1.3465715903320066,0.0,0.0,0.0022396087042881345,0.0022396087042881345,0,1,3.9999840002469256e-06,ok
1000.0,0.5,2.0,1.0,128.0,0.9,0.5,riemannian_scale,189,2.0,750002.9999657011,2.0,-0.9999960000159998,-1.3465715903320066,0.0,0.0,0.002227821290055039,0.002227821290055039,0,1,3.9999840002469256e-06,ok
1000.0,0.5,2.0,1.0,128.0,0.9,0.5,riemannian_scale,190,2.0,750002.9999657011,2.0,-0.9999960000159998,-1.3465715903320066,0.0,0.0,0.002216157304243233,0.002216157304243233,0,1,3.9999840002469256e-06,ok
1000.0,0.5,2.0,1.0,128.0,0.9,0.5,riemannian_scale,191,2.0,750002.9999657011,2.0,-0.9999960000159998,-1.3465715903320066,0.0,0.0,0.0022046148182836324,0.0022046148182836324,0,1,3.9999840002469256e-06,ok
1000.0,0.5,2.0,1.0,128.0,0.9,0.5,riemannian_scale,192,2.0,750002.9999657011,2.0,-0.9999960000159998,-1.3465715903320066,0.0,0.0,0.0021931919435774997,0.0021931919435774997,0,1,3.9999840002469256e-06,ok
1000.0,0.5,2.0,1.0,128.0,0.9,0.5,riemannian_scale,193,2.0,750002.9999657011,2.0,-0.9999960000159998,-1.3465715903320066,0.0,0.0,0.0021818868304662752,0.0021818868304662752,0,1,3.9999840002469256e-06,ok
1000.0,0.5,2.0,1.0,128.0,0.9,0.5,riemannian_scale,194,2.0,750002.9999657011,2.0,-0.9999960000159998,-1.3465715903320066,0.0,0.0,0.002170697667233115,0.002170697667233115,0,1,3.9999840002469256e-06,ok
1000.0,0.5,2.0,1.0,128.0,0.9,0.5,riemannian_scale,195,2.0,750002.9999657011,2.0,-0.9999960000159998,-1.3465715903320066,0.0,0.0,0.0021596226791349865,0.0021596226791349865,0,1,3.9999840002469256e-06,ok
1000.0,0.5,2.0,1.0,128.0,0.9,0.5,riemannian_scale,196,2.0,750002.9999657011,2.0,-0.9999960000159998,-1.3465715903320066,0.0,0.0,0.0021486601274642507,0.0021486601274642507,0,1,3.9999840002469256e-06,ok
1000.0,0.5,2.0,1.0,128.0,0.9,0.5,riemannian_scale,197,2.0,750002.9999657011,2.0,-0.9999960000159998,-1.3465715903320066,0.0,0.0,0.0021378083086386742,0.0021378083086386742,0,1,3.9999840002469256e-06,ok
1000.0,0.5,2.0,1.0,128.0,0.9,0.5,riemannian_scale,198,2.0,750002.9999657011,2.0,-0.9999960000159998,-1.3465715903320066,0.0,0.0,0.0021270655533188816,0.0021270655533188816,0,1,3.9999840002469256e-06,ok
1000.0,0.5,2.0,1.0,128.0,0.9,0.5,riemannian_scale,199,2.0,750002.9999657011,2.0,-0.9999960000159998,-1.3465715903320066,0.0,0.0,0.0021164302255522872,0.0021164302255522872,0,1,3.9999840002469256e-06,ok
1000.0,0.5,2.0,1.0,128.0,0.9,0.5,riemannian_scale,200,2.0,750002.9999657011,2.0,-0.9999960000159998,-1.3465715903320066,0.0,0.0,0.0021059007219425743,0.0021059007219425743,0,1,3.9999840002469256e-06,ok
1000.0,0.5,2.0,1.0,128.0,0.9,0.5,riemannian_scale,201,2.0,750002.9999657011,2.0,-0.9999960000159998,-1.3465715903320066,0.0,0.0,0.0020954754708438486,0.0020954754708438486,0,1,3.9999840002469256e-06,ok
1000.0,0.5,2.0,1.0,128.0,0.9,0.5,riemannian_scale,202,2.0,750002.9999657011,2.0,-0.9999960000159998,-1.3465715903320066,0.0,0.0,0.002085152931578608,0.002085152931578608,0,1,3.9999840002469256e-06,ok
1000.0,0.5,2.0,1.0,128.0,0.9,0.5,riemannian_scale,203,2.0,750002.9999657011,2.0,-0.9999960000159998,-1.3465715903320066,0.0,0.0,0.002074931593678713,0.002074931593678713,0,1,3.9999840002469256e-06,ok
1000.0,0.5,2.0,1.0,128.0,0.9,0.5,riemannian_scale,204,2.0,750002.9999657011,2.0,-0.9999960000159998,-1.3465715903320066,0.0,0.0,0.002064809976148573,0.002064809976148573,0,1,3.9999840002469256e-06,ok
1000.0,0.5,2.0,1.0,128.0,0.9,0.5,riemannian_scale,205,2.0,750002.9999657011,2.0,-0.9999960000159998,-1.3465715903320066,0.0,0.0,0.002054786626749793,0.002054786626749793,0,1,3.9999840002469256e-06,ok
1000.0,0.5,2.0,1.0,128.0,0.9,0.5,riemannian_scale,206,2.0,750002.9999657011,2.0,-0.9999960000159998,-1.3465715903320066,0.0,0.0,0.0020448601213065576,0.0020448601213065576,0,1,3.9999840002469256e-06,ok
1000.0,0.5,2.0,1.0,128.0,0.9,0.5,riemannian_scale,207,2.0,750002.9999657011,2.0,-0.9999960000159998,-1.3465715903320066,0.0,0.0,0.0020350290630310455,0.0020350290630310455,0,1,3.9999840002469256e-06,ok
1000.0,0.5,2.0,1.0,128.0,0.9,0.5,riemannian_scale,208,2.0,750002.9999657011,2.0,-0.9999960000159998,-1.3465715903320066,0.0,0.0,0.0020252920818682172,0.0020252920818682172,0,1,3.9999840002469256e-06,ok
1000.0,0.5,2.0,1.0,128.0,0.9,0.5,riemannian_scale,209,2.0,750002.9999657011,2.0,-0.9999960000159998,-1.3465715903320066,0.0,0.0,0.002015647833859321,0.002015647833859321,0,1,3.9999840002469256e-06,ok
1000.0,0.5,2.0,1.0,128.0,0.9,0.5,riemannian_scale,210,2.0,750002.9999657011,2.0,-0.9999960000159998,-1.3465715903320066,0.0,0.0,0.002006095000523495,0.002006095000523495,0,1,3.9999840002469256e-06,ok
1000.0,0.5,2.0,1.0,128.0,0.9,0.5,riemannian_scale,211,2.0,750002.9999657011,2.0,-0.9999960000159998,-1.3465715903320066,0.0,0.0,0.0019966322882568745,0.0019966322882568745,0,1,3.9999840002469256e-06,ok
1000.0,0.5,2.0,1.0,128.0,0.9,0.5,riemannian_scale,212,2.0,750002.9999657011,2.0,-0.9999960000159998,-1.3465715903320066,0.0,0.0,0.0019872584277486264,0.0019872584277486264,0,1,3.9999840002469256e-06,ok
1000.0,0.5,2.0,1.0,128.0,0.9,0.5,riemannian_scale,213,2.0,750002.9999657011,2.0,-0.9999960000159998,-1.3465715903320066,0.0,0.0,0.0019779721734133524,0.0019779721734133524,0,1,3.9999840002469256e-06,ok
1000.0,0.5,2.0,1.0,128.0,0.9,0.5,riemannian_scale,214,2.0,750002.9999657011,2.0,-0.9999960000159998,-1.3465715903320066,0.0,0.0,0.0019687723028393367,0.0019687723028393367,0,1,3.9999840002469256e-06,ok
1000.0,0.5,2.0,1.0,128.0,0.9,0.5,riemannian_scale,215,2.0,750002.9999657011,2.0,-0.9999960000159998,-1.3465715903320066,0.0,0.0,0.0019596576162521175,0.0019596576162521175,0,1,3.9999840002469256e-06,ok
1000.0,0.5,2.0,1.0,128.0,0.9,0.5,riemannian_scale,216,2.0,750002.9999657011,2.0,-0.9999960000159998,-1.3465715903320066,0.0,0.0,0.0019506269359928913,0.0019506269359928913,0,1,3.9999840002469256e-06,ok
1000.0,0.5,2.0,1.0,128.0,0.9,0.5,riemannian_scale,217,2.0,750002.9999657011,2.0,-0.9999960000159998,-1.3465715903320066,0.0,0.0,0.0019416791060112727,0.0019416791060112727,0,1,3.9999840002469256e-06,ok
1000.0,0.5,2.0,1.0,128.0,0.9,0.5,riemannian_scale,218,2.0,750002.9999657011,2.0,-0.9999960000159998,-1.3465715903320066,0.0,0.0,0.0019328129913719517,0.0019328129913719517,0,1,3.9999840002469256e-06,ok
1000.0,0.5,2.0,1.0,128.0,0.9,0.5,riemannian_scale,219,2.0,750002.9999657011,2.0,-0.9999960000159998,-1.3465715903320066,0.0,0.0,0.0019240274777748063,0.0019240274777748063,0,1,3.9999840002469256e-06,ok
1000.0,0.5,2.0,1.0,128.0,0.9,0.5,riemannian_scale,220,2.0,750002.9999657011,2.0,-0.9999960000159998,-1.3465715903320066,0.0,0.0,0.0019153214710880427,0.0019153214710880427,0,1,3.9999840002469256e-06,ok
1000.0,0.5,2.0,1.0,128.0,0.9,0.5,riemannian_scale,221,2.0,750002.9999657011,2.0,-0.9999960000159998,-1.3465715903320066,0.0,0.0,0.0019066938968939522,0.0019066938968939522,0,1,3.9999840002469256e-06,ok
1000.0,0.5,2.0,1.0,128.0,0.9,0.5,riemannian_scale,222,2.0,750002.9999657011,2.0,-0.9999960000159998,-1.3465715903320066,0.0,0.0,0.0018981437000468943,0.0018981437000468943,0,1,3.9999840002469256e-06,ok
1000.0,0.5,2.0,1.0,128.0,0.9,0.5,riemannian_scale,223,2.0,750002.9999657011,2.0,-0.9999960000159998,-1.3465715903320066,0.0,0.0,0.0018896698442431134,0.0018896698442431134,0,1,3.9999840002469256e-06,ok
1000.0,0.5,2.0,1.0,128.0,0.9,0.5,riemannian_scale,224,2.0,750002.9999657011,2.0,-0.9999960000159998,-1.3465715903320066,0.0,0.0,0.001881271311602033,0.001881271311602033,0,1,3.9999840002469256e-06,ok
1000.0,0.5,2.0,1.0,128.0,0.9,0.5,riemannian_scale,225,2.0,750002.9999657011,2.0,-0.9999960000159998,-1.3465715903320066,0.0,0.0,0.0018729471022586612,0.0018729471022586612,0,1,3.9999840002469256e-06,ok
1000.0,0.5,2.0,1.0,128.0,0.9,0.5,riemannian_scale,226,2.0,750002.9999657011,2.0,-0.9999960000159998,-1.3465715903320066,0.0,0.0,0.001864696233966773,0.001864696233966773,0,1,3.9999840002469256e-06,ok
1000.0,0.5,2.0,1.0,128.0,0.9,0.5,riemannian_scale,227,2.0,750002.9999657011,2.0,-0.9999960000159998,-1.3465715903320066,0.0,0.0,0.0018565177417125323,0.0018565177417125323,0,1,3.9999840002469256e-06,ok
1000.0,0.5,2.0,1.0,128.0,0.9,0.5,riemannian_scale,228,2.0,750002.9999657011,2.0,-0.9999960000159998,-1.3465715903320066,0.0,0.0,0.001848410677338242,0.001848410677338242,0,1,3.9999840002469256e-06,ok
1000.0,0.5,2.0,1.0,128.0,0.9,0.5,riemannian_scale,229,2.0,750002.9999657011,2.0,-0.9999960000159998,-1.3465715903320066,0.0,0.0,0.001840374109175902,0.001840374109175902,0,1,3.9999840002469256e-06,ok
1000.0,0.5,2.0,1.0,128.0,0.9,0.5,riemannian_scale,230,2.0,750002.9999657011,2.0,-0.9999960000159998,-1.3465715903320066,0.0,0.0,0.0018324071216902918,0.0018324071216902918,0,1,3.9999840002469256e-06,ok
1000.0,0.5,2.0,1.0,128.0,0.9,0.5,riemannian_scale,231,2.0,750002.9999657011,2.0,-0.9999960000159998,-1.3465715903320066,0.0,0.0,0.001824508815131282,0.001824508815131282,0,1,3.9999840002469256e-06,ok
1000.0,0.5,2.0,1.0,128.0,0.9,0.5,riemannian_scale,232,2.0,750002.9999657011,2.0,-0.9999960000159998,-1.3465715903320066,0.0,0.0,0.0018166783051950961,0.0018166783051950961,0,1,3.9999840002469256e-06,ok
1000.0,0.5,2.0,1.0,128.0,0.9,0.5,riemannian_scale,233,2.0,750002.9999657011,2.0,-0.9999960000159998,-1.3465715903320066,0.0,0.0,0.0018089147226942627,0.0018089147226942627,0,1,3.9999840002469256e-06,ok
1000.0,0.5,2.0,1.0,128.0,0.9,0.5,riemannian_scale,234,2.0,750002.9999657011,2.0,-0.9999960000159998,-1.3465715903320066,0.0,0.0,0.0018012172132359891,0.0018012172132359891,0,1,3.9999840002469256e-06,ok
1000.0,0.5,2.0,1.0,128.0,0.9,0.5,riemannian_scale,235,2.0,750002.9999657011,2.0,-0.9999960000159998,-1.3465715903320066,0.0,0.0,0.001793584936908718,0.001793584936908718,0,1,3.9999840002469256e-06,ok
1000.0,0.5,2.0,1.0,128.0,0.9,0.5,riemannian_scale,236,2.0,750002.9999657011,2.0,-0.9999960000159998,-1.3465715903320066,0.0,0.0,0.0017860170679766135,0.0017860170679766135,0,1,3.9999840002469256e-06,ok
1000.0,0.5,2.0,1.0,128.0,0.9,0.5,riemannian_scale,237,2.0,750002.9999657011,2.0,-0.9999960000159998,-1.3465715903320066,0.0,0.0,0.0017785127945817538,0.0017785127945817538,0,1,3.9999840002469256e-06,ok
1000.0,0.5,2.0,1.0,128.0,0.9,0.5,riemannian_scale,238,2.0,750002.9999657011,2.0,-0.9999960000159998,-1.3465715903320066,0.0,0.0,0.0017710713184537967,0.0017710713184537967,0,1,3.9999840002469256e-06,ok
1000.0,0.5,2.0,1.0,128.0,0.9,0.5,riemannian_scale,239,2.0,750002.9999657011,2.0,-0.9999960000159998,-1.3465715903320066,0.0,0.0,0.0017636918546269059,0.0017636918546269059,0,1,3.9999840002469256e-06,ok
1000.0,0.5,2.0,1.0,128.0,0.9,0.5,riemannian_scale,240,2.0,750002.9999657011,2.0,-0.9999960000159998,-1.3465715903320066,0.0,0.0,0.0017563736311637238,0.0017563736311637238,0,1,3.9999840002469256e-06,ok
1000.0,0.5,2.0,1.0,128.0,0.9,0.5,riemannian_scale,241,2.0,750002.9999657011,2.0,-0.9999960000159998,-1.3465715903320066,0.0,0.0,0.0017491158888861878,0.0017491158888861878,0,1,3.9999840002469256e-06,ok
1000.0,0.5,2.0,1.0,128.0,0.9,0.5,riemannian_scale,242,2.0,750002.9999657011,2.0,-0.9999960000159998,-1.3465715903320066,0.0,0.0,0.0017419178811129937,0.0017419178811129937,0,1,3.9999840002469256e-06,ok
1000.0,0.5,2.0,1.0,128.0,0.9,0.5,riemannian_scale,243,2.0,750002.9999657011,2.0,-0.9999960000159998,-1.3465715903320066,0.0,0.0,0.0017347788734035142,0.0017347788734035142,0,1,3.9999840002469256e-06,ok
1000.0,0.5,2.0,1.0,128.0,0.9,0.5,riemannian_scale,244,2.0,750002.9999657011,2.0,-0.9999960000159998,-1.3465715903320066,0.0,0.0,0.0017276981433079896,0.0017276981433079896,0,1,3.9999840002469256e-06,ok
1000.0,0.5,2.0,1.0,128.0,0.9,0.5,riemannian_scale,245,2.0,750002.9999657011,2.0,-0.9999960000159998,-1.3465715903320066,0.0,0.0,0.0017206749801238108,0.0017206749801238108,0,1,3.9999840002469256e-06,ok
1000.0,0.5,2.0,1.0,128.0,0.9,0.5,riemannian_scale,246,2.0,750002.9999657011,2.0,-0.9999960000159998,-1.3465715903320066,0.0,0.0,0.0017137086846577224,0.0017137086846577224,0,1,3.9999840002469256e-06,ok
1000.0,0.5,2.0,1.0,128.0,0.9,0.5,riemannian_scale,247,2.0,750002.9999657011,2.0,-0.9999960000159998,-1.3465715903320066,0.0,0.0,0.0017067985689937799,0.0017067985689937799,0,1,3.9999840002469256e-06,ok
1000.0,0.5,2.0,1.0,128.0,0.9,0.5,riemannian_scale,248,2.0,750002.9999657011,2.0,-0.9999960000159998,-1.3465715903320066,0.0,0.0,0.001699943956266897,0.001699943956266897,0,1,3.9999840002469256e-06,ok
1000.0,0.5,2.0,1.0,128.0,0.9,0.5,riemannian_scale,249,2.0,750002.9999657011,2.0,-0.9999960000159998,-1.3465715903320066,0.0,0.0,0.0016931441804418298,0.0016931441804418298,0,1,3.9999840002469256e-06,ok
1000.0,0.5,2.0,1.0,128.0,0.9,0.5,riemannian_scale,250,2.0,750002.9999657011,2.0,-0.9999960000159998,-1.3465715903320066,0.0,0.0,0.0016863985860974399,0.0016863985860974399,0,1,3.9999840002469256e-06,ok
1000.0,0.5,2.0,1.0,128.0,0.9,0.5,riemannian_scale,251,2.0,750002.9999657011,2.0,-0.9999960000159998,-1.3465715903320066,0.0,0.0,0.0016797065282161008,0.0016797065282161008,0,1,3.9999840002469256e-06,ok
1000.0,0.5,2.0,1.0,128.0,0.9,0.5,riemannian_scale,252,2.0,750002.9999657011,2.0,-0.9999960000159998,-1.3465715903320066,0.0,0.0,0.0016730673719780925,0.0016730673719780925,0,1,3.9999840002469256e-06,ok
1000.0,0.5,2.0,1.0,128.0,0.9,0.5,riemannian_scale,253,2.0,750002.9999657011,2.0,-0.9999960000159998,-1.3465715903320066,0.0,0.0,0.001666480492560856,0.001666480492560856,0,1,3.9999840002469256e-06,ok
1000.0,0.5,2.0,1.0,128.0,0.9,0.5,riemannian_scale,254,2.0,750002.9999657011,2.0,-0.9999960000159998,-1.3465715903320066,0.0,0.0,0.0016599452749429702,0.0016599452749429702,0,1,3.9999840002469256e-06,ok
1000.0,0.5,2.0,1.0,128.0,0.9,0.5,riemannian_scale,255,2.0,750002.9999657011,2.0,-0.9999960000159998,-1.3465715903320066,0.0,0.0,0.0016534611137127243,0.0016534611137127243,0,1,3.9999840002469256e-06,ok
1000.0,0.5,2.0,1.0,128.0,0.9,0.5,riemannian_scale,256,2.0,750002.9999657011,2.0,-0.9999960000159998,-1.3465715903320066,0.0,0.0,0.0016470274128811573,0.0016470274128811573,0,1,3.9999840002469256e-06,ok
1000.0,0.5,2.0,1.0,128.0,0.9,0.5,riemannian_scale,257,2.0,750002.9999657011,2.0,-0.9999960000159998,-1.3465715903320066,0.0,0.0,0.0016406435856994473,0.0016406435856994473,0,1,3.9999840002469256e-06,ok
1000.0,0.5,2.0,1.0,128.0,0.9,0.5,riemannian_scale,258,2.0,750002.9999657011,2.0,-0.9999960000159998,-1.3465715903320066,0.0,0.0,0.0016343090544805306,0.0016343090544805306,0,1,3.9999840002469256e-06,ok
1000.0,0.5,2.0,1.0,128.0,0.9,0.5,riemannian_scale,259,2.0,750002.9999657011,2.0,-0.9999960000159998,-1.3465715903320066,0.0,0.0,0.0016280232504248364,0.0016280232504248364,0,1,3.9999840002469256e-06,ok
1000.0,0.5,2.0,1.0,128.0,0.9,0.5,riemannian_scale,260,2.0,750002.9999657011,2.0,-0.9999960000159998,-1.3465715903320066,0.0,0.0,0.0016217856134500283,0.0016217856134500283,0,1,3.9999840002469256e-06,ok
1000.0,0.5,2.0,1.0,128.0,0.9,0.5,riemannian_scale,261,2.0,750002.9999657011,2.0,-0.9999960000159998,-1.3465715903320066,0.0,0.0,0.0016155955920246466,0.0016155955920246466,0,1,3.9999840002469256e-06,ok
1000.0,0.5,2.0,1.0,128.0,0.9,0.5,riemannian_scale,262,2.0,750002.9999657011,2.0,-0.9999960000159998,-1.3465715903320066,0.0,0.0,0.0016094526430055415,0.0016094526430055415,0,1,3.9999840002469256e-06,ok
1000.0,0.5,2.0,1.0,128.0,0.9,0.5,riemannian_scale,263,2.0,750002.9999657011,2.0,-0.9999960000159998,-1.3465715903320066,0.0,0.0,0.0016033562314790055,0.0016033562314790055,0,1,3.9999840002469256e-06,ok
1000.0,0.5,2.0,1.0,128.0,0.9,0.5,riemannian_scale,264,2.0,750002.9999657011,2.0,-0.9999960000159998,-1.3465715903320066,0.0,0.0,0.0015973058306054998,0.0015973058306054998,0,1,3.9999840002469256e-06,ok
1000.0,0.5,2.0,1.0,128.0,0.9,0.5,riemannian_scale,265,2.0,750002.9999657011,2.0,-0.9999960000159998,-1.3465715903320066,0.0,0.0,0.001591300921467885,0.001591300921467885,0,1,3.9999840002469256e-06,ok
1000.0,0.5,2.0,1.0,128.0,0.9,0.5,riemannian_scale,266,2.0,750002.9999657011,2.0,-0.9999960000159998,-1.3465715903320066,0.0,0.0,0.0015853409929230614,0.0015853409929230614,0,1,3.9999840002469256e-06,ok
1000.0,0.5,2.0,1.0,128.0,0.9,0.5,riemannian_scale,267,2.0,750002.9999657011,2.0,-0.9999960000159998,-1.3465715903320066,0.0,0.0,0.0015794255414569307,0.0015794255414569307,0,1,3.9999840002469256e-06,ok
1000.0,0.5,2.0,1.0,128.0,0.9,0.5,riemannian_scale,268,2.0,750002.9999657011,2.0,-0.9999960000159998,-1.3465715903320066,0.0,0.0,0.0015735540710425926,0.0015735540710425926,0,1,3.9999840002469256e-06,ok
1000.0,0.5,2.0,1.0,128.0,0.9,0.5,riemannian_scale,269,2.0,750002.9999657011,2.0,-0.9999960000159998,-1.3465715903320066,0.0,0.0,0.0015677260930016942,0.0015677260930016942,0,1,3.9999840002469256e-06,ok
1000.0,0.5,2.0,1.0,128.0,0.9,0.5,riemannian_scale,270,2.0,750002.9999657011,2.0,-0.9999960000159998,-1.3465715903320066,0.0,0.0,0.0015619411258688464,0.0015619411258688464,0,1,3.9999840002469256e-06,ok
1000.0,0.5,2.0,1.0,128.0,0.9,0.5,riemannian_scale,271,2.0,750002.9999657011,2.0,-0.9999960000159998,-1.3465715903320066,0.0,0.0,0.0015561986952590345,0.0015561986952590345,0,1,3.9999840002469256e-06,ok
1000.0,0.5,2.0,1.0,128.0,0.9,0.5,riemannian_scale,272,2.0,750002.9999657011,2.0,-0.9999960000159998,-1.3465715903320066,0.0,0.0,0.0015504983337379392,0.0015504983337379392,0,1,3.9999840002469256e-06,ok
1000.0,0.5,2.0,1.0,128.0,0.9,0.5,riemannian_scale,273,2.0,750002.9999657011,2.0,-0.9999960000159998,-1.3465715903320066,0.0,0.0,0.0015448395806951,0.0015448395806951,0,1,3.9999840002469256e-06,ok
1000.0,0.5,2.0,1.0,128.0,0.9,0.5,riemannian_scale,274,2.0,750002.9999657011,2.0,-0.9999960000159998,-1.3465715903320066,0.0,0.0,0.001539221982219845,0.001539221982219845,0,1,3.9999840002469256e-06,ok
1000.0,0.5,2.0,1.0,128.0,0.9,0.5,riemannian_scale,275,2.0,750002.9999657011,2.0,-0.9999960000159998,-1.3465715903320066,0.0,0.0,0.0015336450909799182,0.0015336450909799182,0,1,3.9999840002469256e-06,ok
1000.0,0.5,2.0,1.0,128.0,0.9,0.5,riemannian_scale,276,2.0,750002.9999657011,2.0,-0.9999960000159998,-1.3465715903320066,0.0,0.0,0.0015281084661027343,0.0015281084661027343,0,1,3.9999840002469256e-06,ok
1000.0,0.5,2.0,1.0,128.0,0.9,0.5,riemannian_scale,277,2.0,750002.9999657011,2.0,-0.9999960000159998,-1.3465715903320066,0.0,0.0,0.0015226116730591994,0.0015226116730591994,0,1,3.9999840002469256e-06,ok
1000.0,0.5,2.0,1.0,128.0,0.9,0.5,riemannian_scale,278,2.0,750002.9999657011,2.0,-0.9999960000159998,-1.3465715903320066,0.0,0.0,0.0015171542835500265,0.0015171542835500265,0,1,3.9999840002469256e-06,ok
1000.0,0.5,2.0,1.0,128.0,0.9,0.5,riemannian_scale,279,2.0,750002.9999657011,2.0,-0.9999960000159998,-1.3465715903320066,0.0,0.0,0.0015117358753944908,0.0015117358753944908,0,1,3.9999840002469256e-06,ok
1000.0,0.5,2.0,1.0,128.0,0.9,0.5,riemannian_scale,280,2.0,750002.9999657011,2.0,-0.9999960000159998,-1.3465715903320066,0.0,0.0,0.0015063560324215567,0.0015063560324215567,0,1,3.9999840002469256e-06,ok
1000.0,0.5,2.0,1.0,128.0,0.9,0.5,riemannian_scale,281,2.0,750002.9999657011,2.0,-0.9999960000159998,-1.3465715903320066,0.0,0.0,0.001501014344363324,0.001501014344363324,0,1,3.9999840002469256e-06,ok
1000.0,0.5,2.0,1.0,128.0,0.9,0.5,riemannian_scale,282,2.0,750002.9999657011,2.0,-0.9999960000159998,-1.3465715903320066,0.0,0.0,0.0014957104067507328,0.0014957104067507328,0,1,3.9999840002469256e-06,ok
1000.0,0.5,2.0,1.0,128.0,0.9,0.5,riemannian_scale,283,2.0,750002.9999657011,2.0,-0.9999960000159998,-1.3465715903320066,0.0,0.0,0.0014904438208114697,0.0014904438208114697,0,1,3.9999840002469256e-06,ok
1000.0,0.5,2.0,1.0,128.0,0.9,0.5,riemannian_scale,284,2.0,750002.9999657011,2.0,-0.9999960000159998,-1.3465715903320066,0.0,0.0,0.001485214193370026,0.001485214193370026,0,1,3.9999840002469256e-06,ok
1000.0,0.5,2.0,1.0,128.0,0.9,0.5,riemannian_scale,285,2.0,750002.9999657011,2.0,-0.9999960000159998,-1.3465715903320066,0.0,0.0,0.0014800211367498512,0.0014800211367498512,0,1,3.9999840002469256e-06,ok
1000.0,0.5,2.0,1.0,128.0,0.9,0.5,riemannian_scale,286,2.0,750002.9999657011,2.0,-0.9999960000159998,-1.3465715903320066,0.0,0.0,0.001474864268677552,0.001474864268677552,0,1,3.9999840002469256e-06,ok
1000.0,0.5,2.0,1.0,128.0,0.9,0.5,riemannian_scale,287,2.0,750002.9999657011,2.0,-0.9999960000159998,-1.3465715903320066,0.0,0.0,0.0014697432121890883,0.0014697432121890883,0,1,3.9999840002469256e-06,ok
1000.0,0.5,2.0,1.0,128.0,0.9,0.5,riemannian_scale,288,2.0,750002.9999657011,2.0,-0.9999960000159998,-1.3465715903320066,0.0,0.0,0.001464657595537915,0.001464657595537915,0,1,3.9999840002469256e-06,ok
1000.0,0.5,2.0,1.0,128.0,0.9,0.5,riemannian_scale,289,2.0,750002.9999657011,2.0,-0.9999960000159998,-1.3465715903320066,0.0,0.0,0.0014596070521050255,0.0014596070521050255,0,1,3.9999840002469256e-06,ok
1000.0,0.5,2.0,1.0,128.0,0.9,0.5,riemannian_scale,290,2.0,750002.9999657011,2.0,-0.9999960000159998,-1.3465715903320066,0.0,0.0,0.0014545912203108502,0.0014545912203108502,0,1,3.9999840002469256e-06,ok
1000.0,0.5,2.0,1.0,128.0,0.9,0.5,riemannian_scale,291,2.0,750002.9999657011,2.0,-0.9999960000159998,-1.3465715903320066,0.0,0.0,0.0014496097435289636,0.0014496097435289636,0,1,3.9999840002469256e-06,ok
1000.0,0.5,2.0,1.0,128.0,0.9,0.5,riemannian_scale,292,2.0,750002.9999657011,2.0,-0.9999960000159998,-1.3465715903320066,0.0,0.0,0.0014446622700015612,0.0014446622700015612,0,1,3.9999840002469256e-06,ok
1000.0,0.5,2.0,1.0,128.0,0.9,0.5,riemannian_scale,293,2.0,750002.9999657011,2.0,-0.9999960000159998,-1.3465715903320066,0.0,0.0,0.001439748452756658,0.001439748452756658,0,1,3.9999840002469256e-06,ok
1000.0,0.5,2.0,1.0,128.0,0.9,0.5,riemannian_scale,294,2.0,750002.9999657011,2.0,-0.9999960000159998,-1.3465715903320066,0.0,0.0,0.0014348679495269742,0.0014348679495269742,0,1,3.9999840002469256e-06,ok
1000.0,0.5,2.0,1.0,128.0,0.9,0.5,riemannian_scale,295,2.0,750002.9999657011,2.0,-0.9999960000159998,-1.3465715903320066,0.0,0.0,0.0014300204226704643,0.0014300204226704643,0,1,3.9999840002469256e-06,ok
1000.0,0.5,2.0,1.0,128.0,0.9,0.5,riemannian_scale,296,2.0,750002.9999657011,2.0,-0.9999960000159998,-1.3465715903320066,0.0,0.0,0.0014252055390924492,0.0014252055390924492,0,1,3.9999840002469256e-06,ok
1000.0,0.5,2.0,1.0,128.0,0.9,0.5,riemannian_scale,297,2.0,750002.9999657011,2.0,-0.9999960000159998,-1.3465715903320066,0.0,0.0,0.0014204229701693203,0.0014204229701693203,0,1,3.9999840002469256e-06,ok
1000.0,0.5,2.0,1.0,128.0,0.9,0.5,riemannian_scale,298,2.0,750002.9999657011,2.0,-0.9999960000159998,-1.3465715903320066,0.0,0.0,0.0014156723916737707,0.0014156723916737707,0,1,3.9999840002469256e-06,ok
1000.0,0.5,2.0,1.0,128.0,0.9,0.5,riemannian_scale,299,2.0,750002.9999657011,2.0,-0.9999960000159998,-1.3465715903320066,0.0,0.0,0.0014109534837015247,0.0014109534837015247,0,1,3.9999840002469256e-06,ok
