method,variant,progress,elapsed_time,error,phase
continuous,continuous,0.0,0.0,13107200.000000017,global
continuous,continuous,0.052305094388765294,0.052305094388765294,13063098.569840318,global
continuous,continuous,0.10461018877753059,0.10461018877753059,13016952.891693316,global
continuous,continuous,0.15691528316629588,0.15691528316629588,12968684.612564985,global
continuous,continuous,0.20922037755506118,0.20922037755506118,12918216.443839747,global
continuous,continuous,0.26152547194382647,0.26152547194382647,12865468.335622568,global
continuous,continuous,0.31383056633259176,0.31383056633259176,12810358.904423987,global
continuous,continuous,0.36613566072135706,0.36613566072135706,12752806.472984754,global
continuous,continuous,0.41844075511012235,0.41844075511012235,12692729.378211228,global
continuous,continuous,0.47074584949888765,0.47074584949888765,12630046.392154234,global
continuous,continuous,0.5230509438876529,0.5230509438876529,12564674.59797267,global
continuous,continuous,0.5753560382764182,0.5753560382764182,12496531.684757736,global
continuous,continuous,0.6276611326651835,0.6276611326651835,12425537.056072969,global
continuous,continuous,0.6799662270539488,0.6799662270539488,12351613.007588217,global
continuous,continuous,0.7322713214427141,0.7322713214427141,12274682.05877259,global
continuous,continuous,0.7845764158314794,0.7845764158314794,12194667.622644389,global
continuous,continuous,0.8368815102202447,0.8368815102202447,12111499.275403151,global
continuous,continuous,0.88918660460901,0.88918660460901,12025104.72736684,global
continuous,continuous,0.9414916989977753,0.9414916989977753,11935420.300778698,global
continuous,continuous,0.9937967933865406,0.9937967933865406,11842382.932805806,global
continuous,continuous,1.0461018877753059,1.0461018877753059,11745936.478523483,global
continuous,continuous,1.0984069821640712,1.0984069821640712,11646031.382188262,global
continuous,continuous,1.1507120765528365,1.1507120765528365,11542622.287455427,global
continuous,continuous,1.2030171709416018,1.2030171709416018,11435667.15162929,global
continuous,continuous,1.255322265330367,1.255322265330367,11325147.3224886,global
continuous,continuous,1.3076273597191324,1.3076273597191324,11211019.564021224,global
continuous,continuous,1.3599324541078976,1.3599324541078976,11093229.279091235,global
continuous,continuous,1.412237548496663,1.412237548496663,10971762.760507058,global
continuous,continuous,1.4645426428854282,1.4645426428854282,10846619.11598925,global
continuous,continuous,1.5168477372741935,1.5168477372741935,10717807.755551038,global
continuous,continuous,1.5691528316629588,1.5691528316629588,10585348.969346767,global
continuous,continuous,1.6214579260517241,1.6214579260517241,10449274.465749891,global
continuous,continuous,1.6737630204404894,1.6737630204404894,10309627.86081876,global
continuous,continuous,1.7260681148292547,1.7260681148292547,10166465.11039348,global
continuous,continuous,1.77837320921802,1.77837320921802,10019854.875530627,global
continuous,continuous,1.8306783036067853,1.8306783036067853,9869878.812465852,global
continuous,continuous,1.8829833979955506,1.8829833979955506,9716631.778909823,global
continuous,continuous,1.9352884923843159,1.9352884923843159,9560221.948524037,global
continuous,continuous,1.9875935867730812,1.9875935867730812,9400770.826569434,global
continuous,continuous,2.0398986811618465,2.0398986811618465,9238413.160627937,global
continuous,continuous,2.0922037755506118,2.0922037755506118,9073296.741220143,global
continuous,continuous,2.144508869939377,2.144508869939377,8905582.088792888,global
continuous,continuous,2.1968139643281424,2.1968139643281424,8735442.024950286,global
continuous,continuous,2.2491190587169076,2.2491190587169076,8563061.127157602,global
continuous,continuous,2.301424153105673,2.301424153105673,8388635.068269681,global
continuous,continuous,2.3537292474944382,2.3537292474944382,8212369.844208535,global
continuous,continuous,2.4060343418832035,2.4060343418832035,8034480.894154246,global
continuous,continuous,2.458339436271969,2.458339436271969,7855192.120116598,global
continuous,continuous,2.510644530660734,2.510644530660734,7674734.815050134,global
continuous,continuous,2.5629496250494994,2.5629496250494994,7493346.508800427,global
continuous,continuous,2.6152547194382647,2.6152547194382647,7311269.743879248,global
continuous,continuous,2.66755981382703,2.66755981382703,7128750.794770757,global
continuous,continuous,2.7198649082157953,2.7198649082157953,6946038.344171345,global
continuous,continuous,2.7721700026045606,2.7721700026045606,6763382.1311948085,global
continuous,continuous,2.824475096993326,2.824475096993326,6581031.587694764,global
continuous,continuous,2.876780191382091,2.876780191382091,6399234.478198162,global
continuous,continuous,2.9290852857708565,2.9290852857708565,6218235.558744153,global
continuous,continuous,2.9813903801596218,2.9813903801596218,6038275.270514067,global
continuous,continuous,3.033695474548387,3.033695474548387,5859588.48311311,global
continuous,continuous,3.0860005689371524,3.0860005689371524,5682403.300384824,global
continuous,continuous,3.1383056633259176,3.1383056633259176,5506939.941744033,global
continuous,continuous,3.190610757714683,3.190610757714683,5333409.710524319,global
continuous,continuous,3.2429158521034482,3.2429158521034482,5162014.057898839,global
continuous,continuous,3.2952209464922135,3.2952209464922135,4992943.75058272,global
continuous,continuous,3.347526040880979,3.347526040880979,4826378.148469993,global
continuous,continuous,3.399831135269744,3.399831135269744,4662484.595783808,global
continuous,continuous,3.4521362296585094,3.4521362296585094,4501417.928121859,global
continuous,continuous,3.5044413240472747,3.5044413240472747,4343320.09597833,global
continuous,continuous,3.55674641843604,3.55674641843604,4188319.9032900883,global
continuous,continuous,3.6090515128248053,3.6090515128248053,4036532.8581317984,global
continuous,continuous,3.6613566072135706,3.6613566072135706,3888061.131370109,global
continuous,continuous,3.713661701602336,3.713661701602336,3742993.61763317,global
continuous,continuous,3.765966795991101,3.765966795991101,3601406.0920398375,global
continuous,continuous,3.8182718903798665,3.8182718903798665,3463361.4552212474,global
continuous,continuous,3.8705769847686318,3.8705769847686318,3328910.05827905,global
continuous,continuous,3.922882079157397,3.922882079157397,3198090.099340757,global
continuous,continuous,3.9751871735461624,3.9751871735461624,3070928.082665289,global
continuous,continuous,4.027492267934928,4.027492267934928,2947439.331043717,global
continuous,continuous,4.079797362323693,4.079797362323693,2827628.5428632814,global
continuous,continuous,4.132102456712458,4.132102456712458,2711490.3849617243,global
continuous,continuous,4.1844075511012235,4.1844075511012235,2599010.112550804,global
continuous,continuous,4.236712645489989,4.236712645489989,2490164.2083898894,global
continuous,continuous,4.289017739878754,4.289017739878754,2384921.0338081024,global
continuous,continuous,4.341322834267519,4.341322834267519,2283241.484296647,global
continuous,continuous,4.393627928656285,4.393627928656285,2185079.643365509,global
continuous,continuous,4.4459330230450504,4.4459330230450504,2090383.4293666314,global
continuous,continuous,4.498238117433815,4.498238117433815,1999095.2298540375,global
continuous,continuous,4.55054321182258,4.55054321182258,1911152.5190240506,global
continuous,continuous,4.602848306211346,4.602848306211346,1826488.4550696854,global
continuous,continuous,4.655153400600112,4.655153400600112,1745032.4538832465,global
continuous,continuous,4.7074584949888765,4.7074584949888765,1666710.7365575044,global
continuous,continuous,4.759763589377641,4.759763589377641,1591446.8491745498,global
continuous,continuous,4.812068683766407,4.812068683766407,1519162.153170885,global
continuous,continuous,4.864373778155173,4.864373778155173,1449776.2851891743,global
continuous,continuous,4.916678872543938,4.916678872543938,1383207.586184654,global
continuous,continuous,4.9689839669327025,4.9689839669327025,1319373.4995835458,global
continuous,continuous,5.021289061321468,5.021289061321468,1258190.9384151108,global
continuous,continuous,5.073594155710234,5.073594155710234,1199576.622088781,global
continuous,continuous,5.125899250098999,5.125899250098999,1143447.3836538803,global
continuous,continuous,5.178204344487764,5.178204344487764,1089720.4480958215,global
continuous,continuous,5.230509438876529,5.230509438876529,1038313.6829101132,global
continuous,continuous,5.282814533265295,5.282814533265295,989145.8223679552,global
continuous,continuous,5.33511962765406,5.33511962765406,942136.6663933329,global
continuous,continuous,5.387424722042825,5.387424722042825,897207.2555678564,global
continuous,continuous,5.439729816431591,5.439729816431591,854280.023865455,global
continuous,continuous,5.492034910820356,5.492034910820356,813278.9302859128,global
continuous,continuous,5.544340005209121,5.544340005209121,774129.5708552921,global
continuous,continuous,5.596645099597886,5.596645099597886,736759.2726162577,global
continuous,continuous,5.648950193986652,5.648950193986652,701097.1708641407,global
continuous,continuous,5.7012552883754175,5.7012552883754175,667074.2708901938,global
continuous,continuous,5.753560382764182,5.753560382764182,634623.4957670084,global
continuous,continuous,5.805865477152947,5.805865477152947,603679.721387478,global
continuous,continuous,5.858170571541713,5.858170571541713,574179.7997698708,global
continuous,continuous,5.910475665930479,5.910475665930479,546062.5719967528,global
continuous,continuous,5.9627807603192435,5.9627807603192435,519268.8718680781,global
continuous,continuous,6.015085854708008,6.015085854708008,493741.5210716373,global
continuous,continuous,6.067390949096774,6.067390949096774,469425.31699271954,global
continuous,continuous,6.11969604348554,6.11969604348554,446267.0140928642,global
continuous,continuous,6.172001137874305,6.172001137874305,424215.29950230167,global
continuous,continuous,6.22430623226307,6.22430623226307,403220.7636555128,global
continuous,continuous,6.276611326651835,6.276611326651835,383235.8667711893,global
continuous,continuous,6.328916421040601,6.328916421040601,364214.90168599115,global
continuous,continuous,6.381221515429366,6.381221515429366,346113.9535979754,global
continuous,continuous,6.433526609818131,6.433526609818131,328890.8574020419,global
continuous,continuous,6.4858317042068965,6.4858317042068965,312505.1530110535,global
continuous,continuous,6.538136798595662,6.538136798595662,296918.0390030146,global
continuous,continuous,6.590441892984427,6.590441892984427,282092.3251497581,global
continuous,continuous,6.642746987373192,6.642746987373192,267992.3841250479,global
continuous,continuous,6.695052081761958,6.695052081761958,254584.1025962955,global
continuous,continuous,6.747357176150723,6.747357176150723,241834.8320991174,global
continuous,continuous,6.799662270539488,6.799662270539488,229713.3399393141,global
continuous,continuous,6.851967364928253,6.851967364928253,218189.76023644838,global
continuous,continuous,6.904272459317019,6.904272459317019,207235.54535425326,global
continuous,continuous,6.956577553705785,6.956577553705785,196823.41793335186,global
continuous,continuous,7.008882648094549,7.008882648094549,186927.3235818216,global
continuous,continuous,7.061187742483314,7.061187742483314,177522.38433926014,global
continuous,continuous,7.11349283687208,7.11349283687208,168584.8531056198,global
continuous,continuous,7.165797931260846,7.165797931260846,160092.06905415715,global
continuous,continuous,7.218103025649611,7.218103025649611,152022.41405334117,global
continuous,continuous,7.270408120038375,7.270408120038375,144355.27025351985,global
continuous,continuous,7.322713214427141,7.322713214427141,137070.97883845848,global
continuous,continuous,7.375018308815907,7.375018308815907,130150.79992111555,global
continuous,continuous,7.427323403204672,7.427323403204672,123576.87367957942,global
continuous,continuous,7.479628497593437,7.479628497593437,117332.1827405428,global
continuous,continuous,7.531933591982202,7.531933591982202,111400.5157634227,global
continuous,continuous,7.584238686370968,7.584238686370968,105766.43226146526,global
continuous,continuous,7.636543780759733,7.636543780759733,100415.22868151175,global
continuous,continuous,7.688848875148498,7.688848875148498,95332.90568406678,global
continuous,continuous,7.7411539695372635,7.7411539695372635,90506.13661063975,global
continuous,continuous,7.793459063926029,7.793459063926029,85922.23717037024,global
continuous,continuous,7.845764158314794,7.845764158314794,81569.136286196,global
continuous,continuous,7.898069252703559,7.898069252703559,77435.34805593225,global
continuous,continuous,7.950374347092325,7.950374347092325,73509.9448583777,global
continuous,continuous,8.00267944148109,8.00267944148109,69782.53155040408,global
continuous,continuous,8.054984535869856,8.054984535869856,66243.22069998556,global
continuous,continuous,8.10728963025862,8.10728963025862,62882.60886546932,global
continuous,continuous,8.159594724647386,8.159594724647386,59691.75388507761,global
continuous,continuous,8.211899819036152,8.211899819036152,56662.15311753721,global
continuous,continuous,8.264204913424916,8.264204913424916,53785.72262246498,global
continuous,continuous,8.316510007813681,8.316510007813681,51054.777262801384,global
continuous,continuous,8.368815102202447,8.368815102202447,48462.011671948625,global
continuous,continuous,8.421120196591213,8.421120196591213,46000.48205591424,global
continuous,continuous,8.473425290979979,8.473425290979979,43663.588826079605,global
continuous,continuous,8.525730385368743,8.525730385368743,41445.06001084165,global
continuous,continuous,8.578035479757508,8.578035479757508,39338.93540579541,global
continuous,continuous,8.630340574146274,8.630340574146274,37339.551462638614,global
continuous,continuous,8.682645668535038,8.682645668535038,35441.52687322463,global
continuous,continuous,8.734950762923804,8.734950762923804,33639.74880749018,global
continuous,continuous,8.78725585731257,8.78725585731257,31929.359798966976,global
continuous,continuous,8.839560951701335,8.839560951701335,30305.74524801804,global
continuous,continuous,8.891866046090101,8.891866046090101,28764.52150251886,global
continuous,continuous,8.944171140478865,8.944171140478865,27301.524501483847,global
continuous,continuous,8.99647623486763,8.99647623486763,25912.798964434263,global
continuous,continuous,9.048781329256396,9.048781329256396,24594.58808951573,global
continuous,continuous,9.10108642364516,9.10108642364516,23343.323738677944,global
continuous,continuous,9.153391518033926,9.153391518033926,22155.61710187144,global
continuous,continuous,9.205696612422692,9.205696612422692,21028.249808013512,global
continuous,continuous,9.258001706811458,9.258001706811458,19958.16545729262,global
continuous,continuous,9.310306801200223,9.310306801200223,18942.461570674517,global
continuous,continuous,9.362611895588987,9.362611895588987,17978.381930070478,global
continuous,continuous,9.414916989977753,9.414916989977753,17063.309284539067,global
continuous,continuous,9.467222084366519,9.467222084366519,16194.75841613081,global
continuous,continuous,9.519527178755283,9.519527178755283,15370.369547094135,global
continuous,continuous,9.571832273144048,9.571832273144048,14587.902065201593,global
continuous,continuous,9.624137367532814,9.624137367532814,13845.22855743762,global
continuous,continuous,9.67644246192158,9.67644246192158,13140.329141120545,global
continuous,continuous,9.728747556310346,9.728747556310346,12471.286071566901,global
continuous,continuous,9.78105265069911,9.78105265069911,11836.278613491795,global
continuous,continuous,9.833357745087875,9.833357745087875,11233.578170514356,global
continuous,continuous,9.885662839476641,9.885662839476641,10661.543654814397,global
continuous,continuous,9.937967933865405,9.937967933865405,10118.61708270423,global
continuous,continuous,9.99027302825417,9.99027302825417,9603.319392886442,global
continuous,continuous,10.042578122642936,10.042578122642936,9114.246472772547,global
continuous,continuous,10.094883217031702,10.094883217031702,8650.065379388217,global
continuous,continuous,10.147188311420468,10.147188311420468,8209.510750763677,global
continuous,continuous,10.199493405809232,10.199493405809232,7791.38139772695,global
continuous,continuous,10.251798500197998,10.251798500197998,7394.537063570308,global
continuous,continuous,10.304103594586763,10.304103594586763,7017.8953459945205,global
continuous,continuous,10.356408688975527,10.356408688975527,6660.428775224777,global
continuous,continuous,10.408713783364293,10.408713783364293,6321.1620371460285,global
continuous,continuous,10.461018877753059,10.461018877753059,5999.169334479117,global
continuous,continuous,10.513323972141825,10.513323972141825,5693.571882744771,global
continuous,continuous,10.56562906653059,10.56562906653059,5403.535531496262,global
continuous,continuous,10.617934160919354,10.617934160919354,5128.268503247904,global
continuous,continuous,10.67023925530812,10.67023925530812,4867.0192481661115,global
continuous,continuous,10.722544349696886,10.722544349696886,4619.074406810636,global
continuous,continuous,10.77484944408565,10.77484944408565,4383.756873835798,global
continuous,continuous,10.827154538474415,10.827154538474415,4160.423960342774,global
continuous,continuous,10.879459632863181,10.879459632863181,3948.465649569042,global
continuous,continuous,10.931764727251947,10.931764727251947,3747.302939368176,global
continuous,continuous,10.984069821640713,10.984069821640713,3556.386268468989,global
continuous,continuous,11.036374916029477,11.036374916029477,3375.1940232793086,global
continuous,continuous,11.088680010418242,11.088680010418242,3203.23111943616,global
continuous,continuous,11.140985104807008,11.140985104807008,3040.027654433404,global
continuous,continuous,11.193290199195772,11.193290199195772,2885.1376295795003,global
continuous,continuous,11.245595293584538,11.245595293584538,2738.137736353429,global
continuous,continuous,11.297900387973304,11.297900387973304,2598.6262032256227,global
continuous,continuous,11.35020548236207,11.35020548236207,2466.221701887453,global
continuous,continuous,11.402510576750835,11.402510576750835,2340.562308906275,global
continuous,continuous,11.454815671139599,11.454815671139599,2221.3045191441606,global
continuous,continuous,11.507120765528365,11.507120765528365,2108.122309707965,global
continuous,continuous,11.55942585991713,11.55942585991713,2000.706251689435,global
continuous,continuous,11.611730954305894,11.611730954305894,1898.7626663260958,global
continuous,continuous,11.66403604869466,11.66403604869466,1802.0128240086165,global
continuous,continuous,11.716341143083426,11.716341143083426,1710.1921844630156,global
continuous,continuous,11.768646237472192,11.768646237472192,1623.049675131679,global
continuous,continuous,11.820951331860957,11.820951331860957,1540.3470058569537,global
continuous,continuous,11.873256426249721,11.873256426249721,1461.8580189588738,global
continuous,continuous,11.925561520638487,11.925561520638487,1387.3680721803596,global
continuous,continuous,11.977866615027253,11.977866615027253,1316.6734524808937,global
continuous,continuous,12.030171709416017,12.030171709416017,1249.5808201235739,global
continuous,continuous,12.082476803804783,12.082476803804783,1185.9066810196189,global
continuous,continuous,12.134781898193548,12.134781898193548,1125.4768854563351,global
continuous,continuous,12.187086992582314,12.187086992582314,1068.1261525667137,global
continuous,continuous,12.23939208697108,12.23939208697108,1013.6976191412647,global
continuous,continuous,12.291697181359844,12.291697181359844,962.0424110611464,global
continuous,continuous,12.34400227574861,12.34400227574861,913.0192365407413,global
continuous,continuous,12.396307370137375,12.396307370137375,866.4940003261631,global
continuous,continuous,12.44861246452614,12.44861246452614,822.3394373319721,global
continuous,continuous,12.500917558914905,12.500917558914905,780.4347647442715,global
continuous,continuous,12.55322265330367,12.55322265330367,740.6653521251648,global
continuous,continuous,12.605527747692436,12.605527747692436,702.9224082314536,global
continuous,continuous,12.657832842081202,12.657832842081202,667.102683517157,global
continuous,continuous,12.710137936469966,12.710137936469966,633.108188033536,global
continuous,continuous,12.762443030858732,12.762443030858732,600.8459236912627,global
continuous,continuous,12.814748125247498,12.814748125247498,570.2276299300983,global
continuous,continuous,12.867053219636261,12.867053219636261,541.1695424657232,global
continuous,continuous,12.919358314025027,12.919358314025027,513.5921644030948,global
continuous,continuous,12.971663408413793,12.971663408413793,487.42004884061345,global
continuous,continuous,13.023968502802559,13.023968502802559,462.5815925492806,global
continuous,continuous,13.076273597191324,13.076273597191324,439.0088402936603,global
continuous,continuous,13.128578691580088,13.128578691580088,416.6372990231352,global
continuous,continuous,13.180883785968854,13.180883785968854,395.40576143746296,global
continuous,continuous,13.23318888035762,13.23318888035762,375.2561386904233,global
continuous,continuous,13.285493974746384,13.285493974746384,356.13330157773663,global
continuous,continuous,13.33779906913515,13.33779906913515,337.9849296849022,global
continuous,continuous,13.390104163523915,13.390104163523915,320.7613683485889,global
continuous,continuous,13.442409257912681,13.442409257912681,304.4154929064179,global
continuous,continuous,13.494714352301447,13.494714352301447,288.90257974994984,global
continuous,continuous,13.54701944669021,13.54701944669021,274.1801840118311,global
continuous,continuous,13.599324541078976,13.599324541078976,260.20802352718914,global
continuous,continuous,13.651629635467742,13.651629635467742,246.9478686245008,global
continuous,continuous,13.703934729856506,13.703934729856506,234.36343753368558,global
continuous,continuous,13.756239824245272,13.756239824245272,222.4202971922336,global
continuous,continuous,13.808544918634038,13.808544918634038,211.08576905781428,global
continuous,continuous,13.860850013022803,13.860850013022803,200.32883967476462,global
continuous,continuous,13.91315510741157,13.91315510741157,190.1200758749291,global
continuous,continuous,13.965460201800333,13.965460201800333,180.43154428121107,global
continuous,continuous,14.017765296189099,14.017765296189099,171.23673484740158,global
continuous,continuous,14.070070390577865,14.070070390577865,162.5104883597857,global
continuous,continuous,14.122375484966629,14.122375484966629,154.22892763451034,global
continuous,continuous,14.174680579355394,14.174680579355394,146.36939216440285,global
continuous,continuous,14.22698567374416,14.22698567374416,138.91037612899098,global
continuous,continuous,14.279290768132926,14.279290768132926,131.83146958568474,global
continuous,continuous,14.331595862521691,14.331595862521691,125.11330261643587,global
continuous,continuous,14.383900956910455,14.383900956910455,118.73749232172416,global
continuous,continuous,14.436206051299221,14.436206051299221,112.68659255112928,global
continuous,continuous,14.488511145687987,14.488511145687987,106.94404617193177,global
continuous,continuous,14.54081624007675,14.54081624007675,101.4941397472367,global
continuous,continuous,14.593121334465517,14.593121334465517,96.32196056325326,global
continuous,continuous,14.645426428854282,14.645426428854282,91.4133558376324,global
continuous,continuous,14.697731523243048,14.697731523243048,86.75489397358456,global
continuous,continuous,14.750036617631814,14.750036617631814,82.33382782193861,global
continuous,continuous,14.802341712020578,14.802341712020578,78.1380598164866,global
continuous,continuous,14.854646806409344,14.854646806409344,74.15610885764555,global
continuous,continuous,14.90695190079811,14.90695190079811,70.377078900492,global
continuous,continuous,14.959256995186873,14.959256995186873,66.7906291551615,global
continuous,continuous,15.011562089575639,15.011562089575639,63.38694578515331,global
continuous,continuous,15.063867183964405,15.063867183964405,60.1567150484794,global
continuous,continuous,15.11617227835317,15.11617227835317,57.0910978257527,global
continuous,continuous,15.168477372741936,15.168477372741936,54.181705434567874,global
continuous,continuous,15.2207824671307,15.2207824671307,51.42057666483701,global
continuous,continuous,15.273087561519466,15.273087561519466,48.800156004621165,global
continuous,continuous,15.325392655908232,15.325392655908232,46.31327297128503,global
continuous,continuous,15.377697750296996,15.377697750296996,43.953122479317976,global
continuous,continuous,15.430002844685761,15.430002844685761,41.7132462256217,global
continuous,continuous,15.482307939074527,15.482307939074527,39.587515024127725,global
continuous,continuous,15.534613033463293,15.534613033463293,37.57011202635876,global
continuous,continuous,15.586918127852059,15.586918127852059,35.655516805559955,global
continuous,continuous,15.639223222240823,15.639223222240823,33.838490257914934,global
continuous,continuous,15.691528316629588,15.691528316629588,32.11406026280948,global
continuous,continuous,15.743833411018354,15.743833411018354,30.477508074123172,global
continuous,continuous,15.796138505407118,15.796138505407118,28.924355414338542,global
continuous,continuous,15.848443599795884,15.848443599795884,27.450352220461614,global
continuous,continuous,15.90074869418465,15.90074869418465,26.05146500854284,global
continuous,continuous,15.953053788573415,15.953053788573415,24.72386584143754,global
continuous,continuous,16.00535888296218,16.00535888296218,23.463921856657862,global
continuous,continuous,16.057663977350945,16.057663977350945,22.26818531947948,global
continuous,continuous,16.109969071739712,16.109969071739712,21.13338419156474,global
continuous,continuous,16.162274166128476,16.162274166128476,20.05641318063145,global
continuous,continuous,16.21457926051724,16.21457926051724,19.03432523902107,global
continuous,continuous,16.266884354906008,16.266884354906008,18.064323499780627,global
continuous,continuous,16.319189449294772,16.319189449294772,17.14375362677523,global
continuous,continuous,16.371494543683536,16.371494543683536,16.27009654940789,global
continuous,continuous,16.423799638072303,16.423799638072303,15.440961567691124,global
continuous,continuous,16.476104732461067,16.476104732461067,14.654079813438162,global
continuous,continuous,16.52840982684983,16.52840982684983,13.907298041726827,global
continuous,continuous,16.5807149212386,16.5807149212386,13.198572735758106,global
continuous,continuous,16.633020015627363,16.633020015627363,12.525964517364844,global
continuous,continuous,16.68532511001613,16.68532511001613,11.887632841313412,global
continuous,continuous,16.737630204404894,16.737630204404894,11.281830955724928,global
continuous,continuous,16.789935298793658,16.789935298793658,10.706901123676856,global
continuous,continuous,16.842240393182426,16.842240393182426,10.161270088548015,global
continuous,continuous,16.89454548757119,16.89454548757119,9.64344476680632,global
continuous,continuous,16.946850581959957,16.946850581959957,9.152008162444243,global
continuous,continuous,16.99915567634872,16.99915567634872,8.685615491202062,global
continuous,continuous,17.051460770737485,17.051460770737485,8.242990499662245,global
continuous,continuous,17.103765865126253,17.103765865126253,7.822921971963066,global
continuous,continuous,17.156070959515016,17.156070959515016,7.424260416952076,global
continuous,continuous,17.20837605390378,17.20837605390378,7.045914922682969,global
continuous,continuous,17.260681148292548,17.260681148292548,6.686850169678538,global
continuous,continuous,17.312986242681312,17.312986242681312,6.346083599055719,global
continuous,continuous,17.365291337070076,17.365291337070076,6.022682724441649,global
continuous,continuous,17.417596431458843,17.417596431458843,5.715762578714546,global
continuous,continuous,17.469901525847607,17.469901525847607,5.424483293065334,global
continuous,continuous,17.522206620236375,17.522206620236375,5.14804779955925,global
continuous,continuous,17.57451171462514,17.57451171462514,4.885699648932438,global
continuous,continuous,17.626816809013903,17.626816809013903,4.6367209406745715,global
continuous,continuous,17.67912190340267,17.67912190340267,4.400430359407425,global
continuous,continuous,17.731426997791434,17.731426997791434,4.176181309998157,global
continuous,continuous,17.783732092180202,17.783732092180202,3.963360147717728,global
continuous,continuous,17.836037186568966,17.836037186568966,3.761384499823696,global
continuous,continuous,17.88834228095773,17.88834228095773,3.5697016719313015,global
continuous,continuous,17.940647375346497,17.940647375346497,3.387787134814304,global
continuous,continuous,17.99295246973526,17.99295246973526,3.215143089667646,global
continuous,continuous,18.045257564124025,18.045257564124025,3.051297106224369,global
continuous,continuous,18.097562658512793,18.097562658512793,2.895800829178269,global
continuous,continuous,18.149867752901557,18.149867752901557,2.7482287516425536,global
continuous,continuous,18.20217284729032,18.20217284729032,2.6081770511828806,global
continuous,continuous,18.254477941679088,18.254477941679088,2.475262484233843,global
continuous,continuous,18.306783036067852,18.306783036067852,2.349121337398713,global
continuous,continuous,18.35908813045662,18.35908813045662,2.229408432606775,global
continuous,continuous,18.411393224845384,18.411393224845384,2.1157961822957567,global
continuous,continuous,18.463698319234148,18.463698319234148,2.0079736927423295,global
continuous,continuous,18.516003413622915,18.516003413622915,1.9056459137144486,global
continuous,continuous,18.56830850801168,18.56830850801168,1.808532831083357,global
continuous,continuous,18.620613602400446,18.620613602400446,1.7163687001802168,global
continuous,continuous,18.67291869678921,18.67291869678921,1.6289013189056727,global
continuous,continuous,18.725223791177974,18.725223791177974,1.5458913377519616,global
continuous,continuous,18.777528885566742,18.777528885566742,1.4671116044302663,global
continuous,continuous,18.829833979955506,18.829833979955506,1.3923465424593884,global
continuous,continuous,18.88213907434427,18.88213907434427,1.3213915614591207,global
continuous,continuous,18.934444168733037,18.934444168733037,1.2540524970232492,global
continuous,continuous,18.9867492631218,18.9867492631218,1.1901450794089297,global
continuous,continuous,19.039054357510565,19.039054357510565,1.1294944295143525,global
continuous,continuous,19.091359451899333,19.091359451899333,1.0719345802019724,global
continuous,continuous,19.143664546288097,19.143664546288097,1.0173080220126054,global
continuous,continuous,19.195969640676864,19.195969640676864,0.9654652723491493,global
continuous,continuous,19.24827473506563,19.24827473506563,0.9162644664265718,global
continuous,continuous,19.300579829454392,19.300579829454392,0.8695709688625488,global
continuous,continuous,19.35288492384316,19.35288492384316,0.8252570054088852,global
continuous,continuous,19.405190018231924,19.405190018231924,0.7832013133851448,global
continuous,continuous,19.45749511262069,19.45749511262069,0.7432888096439707,global
continuous,continuous,19.509800207009455,19.509800207009455,0.7054102757416233,global
continuous,continuous,19.56210530139822,19.56210530139822,0.6694620591723398,global
continuous,continuous,19.614410395786987,19.614410395786987,0.6353457895889991,global
continuous,continuous,19.66671549017575,19.66671549017575,0.6029681096217641,global
continuous,continuous,19.719020584564515,19.719020584564515,0.5722404195229723,global
continuous,continuous,19.771325678953282,19.771325678953282,0.5430786346535157,global
continuous,continuous,19.823630773342046,19.823630773342046,0.5154029553250874,global
continuous,continuous,19.87593586773081,19.87593586773081,0.48913764853366337,global
continuous,continuous,19.928240962119578,19.928240962119578,0.4642108407211778,global
continuous,continuous,19.98054605650834,19.98054605650834,0.44055432099347497,global
continuous,continuous,20.03285115089711,20.03285115089711,0.41810335454251774,global
continuous,continuous,20.085156245285873,20.085156245285873,0.3967965055442848,global
continuous,continuous,20.137461339674637,20.137461339674637,0.3765754689385802,global
continuous,continuous,20.189766434063404,20.189766434063404,0.3573849109251602,global
continuous,continuous,20.24207152845217,20.24207152845217,0.33917231759893635,global
continuous,continuous,20.294376622840936,20.294376622840936,0.3218878511778413,global
continuous,continuous,20.3466817172297,20.3466817172297,0.3054842136258367,global
continuous,continuous,20.398986811618464,20.398986811618464,0.289916517281293,global
continuous,continuous,20.45129190600723,20.45129190600723,0.2751421619915824,global
continuous,continuous,20.503597000395995,20.503597000395995,0.26112071850687224,global
continuous,continuous,20.55590209478476,20.55590209478476,0.24781381789877654,global
continuous,continuous,20.608207189173527,20.608207189173527,0.2351850465666017,global
continuous,continuous,20.66051228356229,20.66051228356229,0.2231998465405846,global
continuous,continuous,20.712817377951055,20.712817377951055,0.21182542095509121,global
continuous,continuous,20.765122472339822,20.765122472339822,0.20103064432275808,global
continuous,continuous,20.817427566728586,20.817427566728586,0.19078597730840832,global
continuous,continuous,20.869732661117354,20.869732661117354,0.1810633859187112,global
continuous,continuous,20.922037755506118,20.922037755506118,0.17183626481567654,global
continuous,continuous,20.97434284989488,20.97434284989488,0.163079364476904,global
continuous,continuous,21.02664794428365,21.02664794428365,0.15476872210209594,global
continuous,continuous,21.078953038672413,21.078953038672413,0.14688159606900583,global
continuous,continuous,21.13125813306118,21.13125813306118,0.13939640368578285,global
continuous,continuous,21.183563227449945,21.183563227449945,0.13229266211409021,global
continuous,continuous,21.23586832183871,21.23586832183871,0.12555093234479556,global
continuous,continuous,21.288173416227476,21.288173416227476,0.11915276600469583,global
continuous,continuous,21.34047851061624,21.34047851061624,0.11308065484661825,global
continuous,continuous,21.392783605005004,21.392783605005004,0.10731798285886546,global
continuous,continuous,21.44508869939377,21.44508869939377,0.10184898080710214,global
continuous,continuous,21.497393793782535,21.497393793782535,0.09665868305592312,local
continuous,continuous,21.5496988881713,21.5496988881713,0.09173288662747066,local
continuous,continuous,21.602003982560067,21.602003982560067,0.08705811234947188,local
continuous,continuous,21.65430907694883,21.65430907694883,0.0826215679522068,local
continuous,continuous,21.7066141713376,21.7066141713376,0.07841111306326888,local
continuous,continuous,21.758919265726362,21.758919265726362,0.07441522600072928,local
continuous,continuous,21.811224360115126,21.811224360115126,0.07062297223643639,local
continuous,continuous,21.863529454503894,21.863529454503894,0.06702397446555357,local
continuous,continuous,21.915834548892658,21.915834548892658,0.06360838422272659,local
continuous,continuous,21.968139643281425,21.968139643281425,0.060366854932629374,local
continuous,continuous,22.02044473767019,22.02044473767019,0.05729051631987132,local
continuous,continuous,22.072749832058953,22.072749832058953,0.054370950145984795,local
continuous,continuous,22.12505492644772,22.12505492644772,0.05160016717883079,local
continuous,continuous,22.177360020836485,22.177360020836485,0.04897058531694053,local
continuous,continuous,22.22966511522525,22.22966511522525,0.04647500884716176,local
continuous,continuous,22.281970209614016,22.281970209614016,0.04410660876095086,local
continuous,continuous,22.33427530400278,22.33427530400278,0.0418589040580743,local
continuous,continuous,22.386580398391544,22.386580398391544,0.039725744011701765,local
continuous,continuous,22.43888549278031,22.43888549278031,0.03770129134469887,local
continuous,continuous,22.491190587169076,22.491190587169076,0.035780006252105055,local
continuous,continuous,22.543495681557843,22.543495681557843,0.03395663123729087,local
continuous,continuous,22.595800775946607,22.595800775946607,0.03222617673173752,local
continuous,continuous,22.64810587033537,22.64810587033537,0.030583907441563474,local
continuous,continuous,22.70041096472414,22.70041096472414,0.029025329382682746,local
continuous,continuous,22.752716059112903,22.752716059112903,0.02754617758832509,local
continuous,continuous,22.80502115350167,22.80502115350167,0.02614240444096913,local
continuous,continuous,22.857326247890434,22.857326247890434,0.02481016858939341,local
continuous,continuous,22.909631342279198,22.909631342279198,0.023545824439866032,local
continuous,continuous,22.961936436667965,22.961936436667965,0.022345912183718283,local
continuous,continuous,23.01424153105673,23.01424153105673,0.021207148325180992,local
continuous,continuous,23.066546625445493,23.066546625445493,0.020126416696246527,local
continuous,continuous,23.11885171983426,23.11885171983426,0.019100759933209747,local
continuous,continuous,23.171156814223025,23.171156814223025,0.018127371381933283,local
continuous,continuous,23.22346190861179,23.22346190861179,0.017203587415303687,local
continuous,continuous,23.275767003000556,23.275767003000556,0.0163268801477194,local
continuous,continuous,23.32807209738932,23.32807209738932,0.015494850517796185,local
continuous,continuous,23.380377191778088,23.380377191778088,0.014705221719922033,local
continuous,continuous,23.432682286166852,23.432682286166852,0.013955832976462407,local
continuous,continuous,23.484987380555616,23.484987380555616,0.01324463362632917,local
continuous,continuous,23.537292474944383,23.537292474944383,0.012569677509983423,local
continuous,continuous,23.589597569333147,23.589597569333147,0.011929117645300859,local
continuous,continuous,23.641902663721915,23.641902663721915,0.011321201175205905,local
continuous,continuous,23.69420775811068,23.69420775811068,0.0107442645687605,local
continuous,continuous,23.746512852499443,23.746512852499443,0.010196729068971956,local
continuous,continuous,23.79881794688821,23.79881794688821,0.009677096374520413,local
continuous,continuous,23.851123041276974,23.851123041276974,0.009183944538701892,local
continuous,continuous,23.903428135665738,23.903428135665738,0.0087159240771775,local
continuous,continuous,23.955733230054506,23.955733230054506,0.008271754276883791,local
continuous,continuous,24.00803832444327,24.00803832444327,0.007850219691505636,local
continuous,continuous,24.060343418832034,24.060343418832034,0.007450166813671255,local
continuous,continuous,24.1126485132208,24.1126485132208,0.007070500919736063,local
continuous,continuous,24.164953607609565,24.164953607609565,0.006710183074855169,local
continuous,continuous,24.217258701998333,24.217258701998333,0.006368227288235735,local
continuous,continuous,24.269563796387096,24.269563796387096,0.0060436978157421,local
continuous,continuous,24.32186889077586,24.32186889077586,0.005735706600197949,local
continuous,continuous,24.374173985164628,24.374173985164628,0.0054434108400991015,local
continuous,continuous,24.426479079553392,24.426479079553392,0.005166010683310475,local
continuous,continuous,24.47878417394216,24.47878417394216,0.004902747039283009,local
continuous,continuous,24.531089268330923,24.531089268330923,0.004652899501324447,local
continuous,continuous,24.583394362719687,24.583394362719687,0.00441578437464621,local
continuous,continuous,24.635699457108455,24.635699457108455,0.004190752806331122,local
continuous,continuous,24.68800455149722,24.68800455149722,0.0039771890098256515,local
continuous,continuous,24.740309645885983,24.740309645885983,0.003774508578957043,local
continuous,continuous,24.79261474027475,24.79261474027475,0.003582156889391801,local
continuous,continuous,24.844919834663514,24.844919834663514,0.00339960758130571,local
continuous,continuous,24.89722492905228,24.89722492905228,0.0032263611181385715,local
continuous,continuous,24.949530023441046,24.949530023441046,0.0030619434199984415,local
continuous,continuous,25.00183511782981,25.00183511782981,0.002905904566833075,local
continuous,continuous,25.054140212218577,25.054140212218577,0.0027578175666593267,local
continuous,continuous,25.10644530660734,25.10644530660734,0.0026172771871076734,local
continuous,continuous,25.158750400996105,25.158750400996105,0.0024838988470173256,local
continuous,continuous,25.211055495384873,25.211055495384873,0.0023573175637907444,local
continuous,continuous,25.263360589773637,25.263360589773637,0.002237186954331959,local
continuous,continuous,25.315665684162404,25.315665684162404,0.0021231782876241427,local
continuous,continuous,25.367970778551168,25.367970778551168,0.0020149795851995074,local
continuous,continuous,25.420275872939932,25.420275872939932,0.0019122947669611926,local
continuous,continuous,25.4725809673287,25.4725809673287,0.001814842841306897,local
continuous,continuous,25.524886061717464,25.524886061717464,0.0017223571363989792,local
continuous,continuous,25.577191156106228,25.577191156106228,0.001634584569980938,local
continuous,continuous,25.629496250494995,25.629496250494995,0.0015512849570116344,local
continuous,continuous,25.68180134488376,25.68180134488376,0.0014722303526484902,local
continuous,continuous,25.734106439272523,25.734106439272523,0.0013972044281917988,local
continuous,continuous,25.78641153366129,25.78641153366129,0.0013260018791033915,local
continuous,continuous,25.838716628050054,25.838716628050054,0.0012584278634513019,local
continuous,continuous,25.891021722438822,25.891021722438822,0.001194297468605157,local
continuous,continuous,25.943326816827586,25.943326816827586,0.0011334352050759177,local
continuous,continuous,25.99563191121635,25.99563191121635,0.0010756745265192793,local
continuous,continuous,26.047937005605117,26.047937005605117,0.001020857374004339,local
continuous,continuous,26.10024209999388,26.10024209999388,0.0009688337432570383,local
continuous,continuous,26.15254719438265,26.15254719438265,0.0009194612743487684,local
continuous,continuous,26.204852288771413,26.204852288771413,0.0008726048622322089,local
continuous,continuous,26.257157383160177,26.257157383160177,0.0008281362868057197,local
continuous,continuous,26.309462477548944,26.309462477548944,0.0007859338621363138,local
continuous,continuous,26.36176757193771,26.36176757193771,0.0007458821035929438,local
continuous,continuous,26.414072666326472,26.414072666326472,0.0007078714116792583,local
continuous,continuous,26.46637776071524,26.46637776071524,0.0006717977721147045,local
continuous,continuous,26.518682855104004,26.518682855104004,0.0006375624713316108,local
continuous,continuous,26.570987949492768,26.570987949492768,0.0006050718262856621,local
continuous,continuous,26.623293043881535,26.623293043881535,0.0005742369280170647,local
continuous,continuous,26.6755981382703,26.6755981382703,0.000544973398467854,local
continuous,continuous,26.727903232659067,26.727903232659067,0.0005172011595935245,local
continuous,continuous,26.78020832704783,26.78020832704783,0.0004908442141133738,local
continuous,continuous,26.832513421436595,26.832513421436595,0.00046583043763258076,local
continuous,continuous,26.884818515825362,26.884818515825362,0.00044209138132666114,local
continuous,continuous,26.937123610214126,26.937123610214126,0.00041956208451964227,local
continuous,continuous,26.989428704602894,26.989428704602894,0.00039818089696797265,local
continuous,continuous,27.041733798991658,27.041733798991658,0.00037788931021910747,local
continuous,continuous,27.09403889338042,27.09403889338042,0.00035863179743072387,local
continuous,continuous,27.14634398776919,27.14634398776919,0.000340355661421101,local
continuous,continuous,27.198649082157953,27.198649082157953,0.00032301089053030926,local
continuous,continuous,27.250954176546717,27.250954176546717,0.000306550021733395,local
continuous,continuous,27.303259270935484,27.303259270935484,0.00029092801071930584,local
continuous,continuous,27.35556436532425,27.35556436532425,0.00027610210868623305,local
continuous,continuous,27.407869459713012,27.407869459713012,0.0002620317453660238,local
continuous,continuous,27.46017455410178,27.46017455410178,0.0002486784179446062,local
continuous,continuous,27.512479648490544,27.512479648490544,0.00023600558574386928,local
continuous,continuous,27.56478474287931,27.56478474287931,0.0002239785702550153,local
continuous,continuous,27.617089837268075,27.617089837268075,0.00021256446018434996,local
continuous,continuous,27.66939493165684,27.66939493165684,0.00020173202141601353,local
continuous,continuous,27.721700026045607,27.721700026045607,0.0001914516115725896,local
continuous,continuous,27.77400512043437,27.77400512043437,0.00018169509886223378,local
continuous,continuous,27.82631021482314,27.82631021482314,0.0001724357850955564,local
continuous,continuous,27.878615309211902,27.878615309211902,0.00016364833266003492,local
continuous,continuous,27.930920403600666,27.930920403600666,0.00015530869516868252,local
continuous,continuous,27.983225497989434,27.983225497989434,0.0001473940516373995,local
continuous,continuous,28.035530592378198,28.035530592378198,0.00013988274406527679,local
continuous,continuous,28.08783568676696,28.08783568676696,0.00013275421817094912,local
continuous,continuous,28.14014078115573,28.14014078115573,0.0001259889671157888,local
continuous,continuous,28.192445875544493,28.192445875544493,0.00011956847814609153,local
continuous,continuous,28.244750969933257,28.244750969933257,0.0001134751819466634,local
continuous,continuous,28.297056064322025,28.297056064322025,0.00010769240453379863,local
continuous,continuous,28.34936115871079,28.34936115871079,0.0001022043216392187,local
continuous,continuous,28.401666253099556,28.401666253099556,9.699591542360996e-05,local
continuous,continuous,28.45397134748832,28.45397134748832,9.205293336189835e-05,local
continuous,continuous,28.506276441877084,28.506276441877084,8.736184924085732e-05,local
continuous,continuous,28.55858153626585,28.55858153626585,8.290982616186489e-05,local
continuous,continuous,28.610886630654615,28.610886630654615,7.868468140526168e-05,local
continuous,continuous,28.663191725043383,28.663191725043383,7.467485308225587e-05,local
continuous,continuous,28.715496819432147,28.715496819432147,7.086936851095607e-05,local
continuous,continuous,28.76780191382091,28.76780191382091,6.725781419149048e-05,local
continuous,continuous,28.82010700820968,28.82010700820968,6.383030729417573e-05,local
continuous,continuous,28.872412102598442,28.872412102598442,6.0577468626651224e-05,local
continuous,continuous,28.924717196987206,28.924717196987206,5.749039697466351e-05,local
continuous,continuous,28.977022291375974,28.977022291375974,5.456064472946522e-05,local
continuous,continuous,29.029327385764738,29.029327385764738,5.178019477708646e-05,local
continuous,continuous,29.0816324801535,29.0816324801535,4.914143856796925e-05,local
continuous,continuous,29.13393757454227,29.13393757454227,4.6637155286883654e-05,local
continuous,continuous,29.186242668931033,29.186242668931033,4.426049209292883e-05,local
continuous,continuous,29.2385477633198,29.2385477633198,4.2004945375470046e-05,local
continuous,continuous,29.290852857708565,29.290852857708565,3.986434295328282e-05,local
continuous,continuous,29.34315795209733,29.34315795209733,3.7832827179218736e-05,local
continuous,continuous,29.395463046486096,29.395463046486096,3.5904838918417766e-05,local
continuous,continuous,29.44776814087486,29.44776814087486,3.407510233672105e-05,local
continuous,continuous,29.500073235263628,29.500073235263628,3.2338610455596664e-05,local
continuous,continuous,29.55237832965239,29.55237832965239,3.0690611456323006e-05,local
continuous,continuous,29.604683424041156,29.604683424041156,2.912659568020569e-05,local
continuous,continuous,29.656988518429923,29.656988518429923,2.7642283280575122e-05,local
continuous,continuous,29.709293612818687,29.709293612818687,2.623361251408781e-05,local
continuous,continuous,29.76159870720745,29.76159870720745,2.4896728630056677e-05,local
continuous,continuous,29.81390380159622,29.81390380159622,2.3627973317250252e-05,local
continuous,continuous,29.866208895984983,29.866208895984983,2.242387469276782e-05,local
continuous,continuous,29.918513990373746,29.918513990373746,2.128113780565976e-05,local
continuous,continuous,29.970819084762514,29.970819084762514,2.0196635618438716e-05,local
continuous,continuous,30.023124179151278,30.023124179151278,1.9167400447299748e-05,local
continuous,continuous,30.075429273540045,30.075429273540045,1.819061584493409e-05,local
continuous,continuous,30.12773436792881,30.12773436792881,1.72636088938439e-05,local
continuous,continuous,30.180039462317573,30.180039462317573,1.638384288795174e-05,local
continuous,continuous,30.23234455670634,30.23234455670634,1.5548910393846346e-05,local
continuous,continuous,30.284649651095105,30.284649651095105,1.4756526664636795e-05,local
continuous,continuous,30.336954745483872,30.336954745483872,1.4004523384052511e-05,local
continuous,continuous,30.389259839872636,30.389259839872636,1.3290842734395246e-05,local
continuous,continuous,30.4415649342614,30.4415649342614,1.2613531767508517e-05,local
continuous,continuous,30.493870028650168,30.493870028650168,1.197073705816904e-05,local
continuous,continuous,30.546175123038932,30.546175123038932,1.1360699632095628e-05,local
continuous,continuous,30.598480217427696,30.598480217427696,1.0781750154768761e-05,local
continuous,continuous,30.650785311816463,30.650785311816463,1.0232304362363496e-05,local
continuous,continuous,30.703090406205227,30.703090406205227,9.71085872505683e-06,local
continuous,continuous,30.75539550059399,30.75539550059399,9.215986334590638e-06,local
continuous,continuous,30.80770059498276,30.80770059498276,8.746332999807258e-06,local
continuous,continuous,30.860005689371523,30.860005689371523,8.300613538905074e-06,local
continuous,continuous,30.91231078376029,30.91231078376029,7.877608264011217e-06,local
continuous,continuous,30.964615878149054,30.964615878149054,7.476159644434483e-06,local
continuous,continuous,31.016920972537818,31.016920972537818,7.0951691372123414e-06,local
continuous,continuous,31.069226066926586,31.069226066926586,6.733594181721657e-06,local
continuous,continuous,31.12153116131535,31.12153116131535,6.3904453478220185e-06,local
continuous,continuous,31.173836255704117,31.173836255704117,6.06478362709191e-06,local
continuous,continuous,31.22614135009288,31.22614135009288,5.755717863172879e-06,local
continuous,continuous,31.278446444481645,31.278446444481645,5.462402314266611e-06,local
continuous,continuous,31.330751538870413,31.330751538870413,5.184034338294848e-06,local
continuous,continuous,31.383056633259176,31.383056633259176,4.919852195775623e-06,local
continuous,continuous,31.43536172764794,31.43536172764794,4.669132966321379e-06,local
continuous,continuous,31.487666822036708,31.487666822036708,4.4311905705141925e-06,local
continuous,continuous,31.539971916425472,31.539971916425472,4.205373891423479e-06,local
continuous,continuous,31.592277010814236,31.592277010814236,3.991064993578614e-06,local
continuous,continuous,31.644582105203003,31.644582105203003,3.7876774324537878e-06,local
continuous,continuous,31.696887199591767,31.696887199591767,3.594654648724345e-06,local
continuous,continuous,31.749192293980535,31.749192293980535,3.411468445621676e-06,local
continuous,continuous,31.8014973883693,31.8014973883693,3.237617544096374e-06,local
continuous,continuous,31.853802482758063,31.853802482758063,3.0726262104555814e-06,local
continuous,continuous,31.90610757714683,31.90610757714683,2.9160429545058734e-06,local
continuous,continuous,31.958412671535594,31.958412671535594,2.767439294602639e-06,local
continuous,continuous,32.01071776592436,32.01071776592436,2.6264085849000777e-06,local
continuous,continuous,32.063022860313126,32.063022860313126,2.492564902198075e-06,local
continuous,continuous,32.11532795470189,32.11532795470189,2.3655419903768218e-06,local
continuous,continuous,32.167633049090654,32.167633049090654,2.244992258203825e-06,local
continuous,continuous,32.219938143479425,32.219938143479425,2.1305858276369797e-06,local
continuous,continuous,32.27224323786819,32.27224323786819,2.022009631491969e-06,local
continuous,continuous,32.32454833225695,32.32454833225695,1.9189665569800137e-06,local
continuous,continuous,32.37685342664572,32.37685342664572,1.8211746321599714e-06,local
continuous,continuous,32.42915852103448,32.42915852103448,1.728366254540355e-06,local
continuous,continuous,32.481463615423245,32.481463615423245,1.6402874590546367e-06,local
continuous,continuous,32.533768709812016,32.533768709812016,1.5566972227990129e-06,local
continuous,continuous,32.58607380420078,32.58607380420078,1.4773668054376217e-06,local
continuous,continuous,32.638378898589544,32.638378898589544,1.4020791235591263e-06,local
continuous,continuous,32.69068399297831,32.69068399297831,1.3306281565078328e-06,local
continuous,continuous,32.74298908736707,32.74298908736707,1.2628183824324317e-06,local
continuous,continuous,32.79529418175584,32.79529418175584,1.1984642434902201e-06,local
continuous,continuous,32.84759927614461,32.84759927614461,1.137389638110541e-06,local
continuous,continuous,32.89990437053337,32.89990437053337,1.0794274388272543e-06,local
continuous,continuous,32.952209464922134,32.952209464922134,1.024419035127846e-06,local
continuous,continuous,33.0045145593109,33.0045145593109,9.722138995400776e-07,local
continuous,continuous,33.05681965369966,33.05681965369966,9.226691754692222e-07,local
continuous,continuous,33.10912474808843,33.10912474808843,8.756492863583149e-07,local
continuous,continuous,33.1614298424772,33.1614298424772,8.310255648496793e-07,local
continuous,continuous,33.21373493686596,33.21373493686596,7.8867590051606e-07,local
continuous,continuous,33.266040031254725,33.266040031254725,7.48484405706212e-07,local
continuous,continuous,33.31834512564349,33.31834512564349,7.103410985606207e-07,local
continuous,continuous,33.37065022003226,33.37065022003226,6.741416019885839e-07,local
continuous,continuous,33.422955314421024,33.422955314421024,6.397868579499476e-07,local
continuous,continuous,33.47526040880979,33.47526040880979,6.07182856518651e-07,local
continuous,continuous,33.52756550319855,33.52756550319855,5.762403786298914e-07,local
continuous,continuous,33.579870597587316,33.579870597587316,5.46874751810308e-07,local
continuous,continuous,33.63217569197609,33.63217569197609,5.190056185662546e-07,local
continuous,continuous,33.68448078636485,33.68448078636485,4.925567165445952e-07,local
continuous,continuous,33.736785880753615,33.736785880753615,4.6745566972315336e-07,local
continuous,continuous,33.78909097514238,33.78909097514238,4.4363379039931504e-07,local
continuous,continuous,33.84139606953114,33.84139606953114,4.210258912977959e-07,local
continuous,continuous,33.893701163919914,33.893701163919914,3.9957010711399734e-07,local
continuous,continuous,33.94600625830868,33.94600625830868,3.792077252079633e-07,local
continuous,continuous,33.99831135269744,33.99831135269744,3.5988302502104716e-07,local
continuous,continuous,34.050616447086206,34.050616447086206,3.415431255598517e-07,local
continuous,continuous,34.10292154147497,34.10292154147497,3.241378406426997e-07,local
continuous,continuous,34.155226635863734,34.155226635863734,3.07619541633832e-07,local
continuous,continuous,34.207531730252505,34.207531730252505,2.919430271166126e-07,local
continuous,continuous,34.25983682464127,34.25983682464127,2.7706539912689725e-07,local
continuous,continuous,34.31214191903003,34.31214191903003,2.6294594581435687e-07,local
continuous,continuous,34.3644470134188,34.3644470134188,2.4954603007305157e-07,local
continuous,continuous,34.41675210780756,34.41675210780756,2.3682898374312689e-07,local
continuous,continuous,34.46905720219633,34.46905720219633,2.2476000728841274e-07,local
continuous,continuous,34.521362296585096,34.521362296585096,2.1330607461464932e-07,local
continuous,continuous,34.57366739097386,34.57366739097386,2.0243584264694413e-07,local
continuous,continuous,34.625972485362624,34.625972485362624,1.921195655619111e-07,local
continuous,continuous,34.67827757975139,34.67827757975139,1.8232901342260188e-07,local
continuous,continuous,34.73058267414015,34.73058267414015,1.7303739491799077e-07,local
continuous,continuous,34.78288776852892,34.78288776852892,1.6421928401567235e-07,local
continuous,continuous,34.83519286291769,34.83519286291769,1.5585055042119374e-07,local
continuous,continuous,34.88749795730645,34.88749795730645,1.479082935548978e-07,local
continuous,continuous,34.939803051695215,34.939803051695215,1.4037077984780782e-07,local
continuous,continuous,34.99210814608398,34.99210814608398,1.3321738328982858e-07,local
continuous,continuous,35.04441324047275,35.04441324047275,1.2642852900429608e-07,local
continuous,continuous,35.096718334861514,35.096718334861514,1.1998563964875433e-07,local
continuous,continuous,35.14902342925028,35.14902342925028,1.1387108459310605e-07,local
continuous,continuous,35.20132852363904,35.20132852363904,1.0806813169212335e-07,local
continuous,continuous,35.253633618027806,35.253633618027806,1.0256090147295273e-07,local
continuous,continuous,35.30593871241658,35.30593871241658,9.733432368999762e-08,local
continuous,continuous,35.35824380680534,35.35824380680534,9.23740960926886e-08,local
continuous,continuous,35.410548901194105,35.410548901194105,8.766664528905859e-08,local
continuous,continuous,35.46285399558287,35.46285399558287,8.319908958596198e-08,local
continuous,continuous,35.51515908997163,35.51515908997163,7.89592037498962e-08,local
continuous,continuous,35.567464184360404,35.567464184360404,7.493538556989495e-08,local
continuous,continuous,35.61976927874917,35.61976927874917,7.1116624078813e-08,local
continuous,continuous,35.67207437313793,35.67207437313793,6.74924694344571e-08,local
continuous,continuous,35.724379467526695,35.724379467526695,6.405300433807147e-08,local
continuous,continuous,35.77668456191546,35.77668456191546,6.078881687068752e-08,local
continuous,continuous,35.82898965630422,35.82898965630422,5.7690974757020915e-08,local
continuous,continuous,35.881294750692994,35.881294750692994,5.475100092172463e-08,local
continuous,continuous,35.93359984508176,35.93359984508176,5.19608502830857e-08,local
continuous,continuous,35.98590493947052,35.98590493947052,4.931288773767343e-08,local
continuous,continuous,36.038210033859286,36.038210033859286,4.679986728111732e-08,local
continuous,continuous,36.09051512824805,36.09051512824805,4.4414912169170786e-08,local
continuous,continuous,36.14282022263682,36.14282022263682,4.215149609528927e-08,local
continuous,continuous,36.195125317025585,36.195125317025585,4.000342534012194e-08,local
continuous,continuous,36.24743041141435,36.24743041141435,3.7964821827102456e-08,local
continuous,continuous,36.29973550580311,36.29973550580311,3.6030107026831334e-08,local
continuous,continuous,36.35204060019188,36.35204060019188,3.4193986689447567e-08,local
continuous,continuous,36.40434569458064,36.40434569458064,3.2451436375821865e-08,local
continuous,continuous,36.45665078896941,36.45665078896941,3.0797687687367374e-08,local
continuous,continuous,36.508955883358176,36.508955883358176,2.922821522869282e-08,local
continuous,continuous,36.56126097774694,36.56126097774694,2.773872422428974e-08,local
riemannian,shared_global,0.0,0.0,13107200.000000017,global
riemannian,shared_global,3.0,0.09375,13030092.845094688,global
riemannian,shared_global,6.0,0.1875,12953454.769606985,global
riemannian,shared_global,9.0,0.28125,12877283.030389387,global
riemannian,shared_global,12.0,0.375,12801574.900336131,global
riemannian,shared_global,15.0,0.46875,12726327.668289404,global
riemannian,shared_global,18.0,0.5625,12651538.638946073,global
riemannian,shared_global,21.0,0.65625,12577205.13276497,global
riemannian,shared_global,24.0,0.75,12503324.485874727,global
riemannian,shared_global,27.0,0.84375,12429894.049982123,global
riemannian,shared_global,30.0,0.9375,12356911.192280997,global
riemannian,shared_global,33.0,1.03125,12284373.29536167,global
riemannian,shared_global,36.0,1.125,12212277.757120918,global
riemannian,shared_global,39.0,1.21875,12140621.99067246,global
riemannian,shared_global,42.0,1.3125,12069403.424257962,global
riemannian,shared_global,45.0,1.40625,11998619.501158575,global
riemannian,shared_global,48.0,1.5,11928267.679606983,global
riemannian,shared_global,51.0,1.59375,11858345.432699969,global
riemannian,shared_global,54.0,1.6875,11788850.248311495,global
riemannian,shared_global,57.0,1.78125,11719779.629006272,global
riemannian,shared_global,60.0,1.875,11651131.091953868,global
riemannian,shared_global,63.0,1.96875,11582902.168843284,global
riemannian,shared_global,66.0,2.0625,11515090.405798053,global
riemannian,shared_global,69.0,2.15625,11447693.36329183,global
riemannian,shared_global,72.0,2.25,11380708.616064465,global
riemannian,shared_global,75.0,2.34375,11314133.753038581,global
riemannian,shared_global,78.0,2.4375,11247965.366289597,global
riemannian,shared_global,81.0,2.53125,11178212.478843635,global
riemannian,shared_global,84.0,2.625,11102579.27080867,global
riemannian,shared_global,87.0,2.71875,11020665.695522169,global
riemannian,shared_global,90.0,2.8125,10932062.368129013,global
riemannian,shared_global,93.0,2.90625,10836353.991391491,global
riemannian,shared_global,96.0,3.0,10733123.548171392,global
riemannian,shared_global,99.0,3.09375,10621957.321500437,global
riemannian,shared_global,102.0,3.1875,10502450.788922437,global
riemannian,shared_global,105.0,3.28125,10374215.41718459,global
riemannian,shared_global,108.0,3.375,10236886.355560228,global
riemannian,shared_global,111.0,3.46875,10090130.990541365,global
riemannian,shared_global,114.0,3.5625,9933658.281197917,global
riemannian,shared_global,117.0,3.65625,9767228.7435958,global
riemannian,shared_global,120.0,3.75,9590664.895493694,global
riemannian,shared_global,123.0,3.84375,9403861.91121264,global
riemannian,shared_global,126.0,3.9375,9206798.174238285,global
riemannian,shared_global,129.0,4.03125,8999545.355970025,global
riemannian,shared_global,132.0,4.125,8782277.598226191,global
riemannian,shared_global,135.0,4.21875,8555279.340495653,global
riemannian,shared_global,138.0,4.3125,8318951.316598294,global
riemannian,shared_global,141.0,4.40625,8073814.255129382,global
riemannian,shared_global,144.0,4.5,7820509.858460959,global
riemannian,shared_global,147.0,4.59375,7559798.708883858,global
riemannian,shared_global,150.0,4.6875,7292554.857738812,global
riemannian,shared_global,153.0,4.78125,7019756.9908830635,global
riemannian,shared_global,156.0,4.875,6742476.224830181,global
riemannian,shared_global,159.0,4.96875,6461860.762318034,global
riemannian,shared_global,162.0,5.0625,6179117.811197611,global
riemannian,shared_global,165.0,5.15625,5895493.332220213,global
riemannian,shared_global,168.0,5.25,5612250.315418677,global
riemannian,shared_global,171.0,5.34375,5330646.378958819,global
riemannian,shared_global,174.0,5.4375,5051911.529531257,global
riemannian,shared_global,177.0,5.53125,4777226.915044932,global
riemannian,shared_global,180.0,5.625,4507705.339216356,global
riemannian,shared_global,183.0,5.71875,4244374.199359758,global
riemannian,shared_global,186.0,5.8125,3988161.3633432705,global
riemannian,shared_global,189.0,5.90625,3739884.3323780606,global
riemannian,shared_global,192.0,6.0,3500242.857525525,global
riemannian,shared_global,195.0,6.09375,3269815.003701445,global
riemannian,shared_global,198.0,6.1875,3049056.497872093,global
riemannian,shared_global,201.0,6.28125,2838303.0675096717,global
riemannian,shared_global,204.0,6.375,2637775.377127221,global
riemannian,shared_global,207.0,6.46875,2447586.10717408,global
riemannian,shared_global,210.0,6.5625,2267748.689825099,global
riemannian,shared_global,213.0,6.65625,2098187.2167393356,global
riemannian,shared_global,216.0,6.75,1938747.059433977,global
riemannian,shared_global,219.0,6.84375,1789205.7873353355,global
riemannian,shared_global,222.0,6.9375,1649284.0254849528,global
riemannian,shared_global,225.0,7.03125,1518655.9573804387,global
riemannian,shared_global,228.0,7.125,1396959.24344058,global
riemannian,shared_global,231.0,7.21875,1283804.188083535,global
riemannian,shared_global,234.0,7.3125,1178782.0454961646,global
riemannian,shared_global,237.0,7.40625,1081472.4040118132,global
riemannian,shared_global,240.0,7.5,991449.6306837589,global
riemannian,shared_global,243.0,7.59375,908288.3909628453,global
riemannian,shared_global,246.0,7.6875,831568.2837302044,global
riemannian,shared_global,249.0,7.78125,760877.6500384589,global
riemannian,shared_global,252.0,7.875,695816.6257299759,global
riemannian,shared_global,255.0,7.96875,635999.5146705322,global
riemannian,shared_global,258.0,8.0625,581056.5616993334,global
riemannian,shared_global,261.0,8.15625,530635.2035227503,global
riemannian,shared_global,264.0,8.25,484400.87253449997,global
riemannian,shared_global,267.0,8.34375,442037.4236693857,global
riemannian,shared_global,270.0,8.4375,403247.24850159,global
riemannian,shared_global,273.0,8.53125,367751.1343680393,global
riemannian,shared_global,276.0,8.625,335287.91970587155,global
riemannian,shared_global,279.0,8.71875,305613.9903157662,global
riemannian,shared_global,282.0,8.8125,278502.6550927785,global
riemannian,shared_global,285.0,8.90625,253743.4340294437,global
riemannian,shared_global,288.0,9.0,231141.2860657765,global
riemannian,shared_global,291.0,9.09375,210515.7996707618,global
riemannian,shared_global,294.0,9.1875,191700.36489388903,global
riemannian,shared_global,297.0,9.28125,174541.34200628704,global
riemannian,shared_global,300.0,9.375,158897.23872830332,global
riemannian,shared_global,303.0,9.46875,144637.90537471167,global
riemannian,shared_global,306.0,9.5625,131643.75499654564,global
riemannian,shared_global,309.0,9.65625,119805.01371487531,global
riemannian,shared_global,312.0,9.75,109021.0048824326,global
riemannian,shared_global,315.0,9.84375,99199.46943173766,global
riemannian,shared_global,318.0,9.9375,90255.92373418869,global
riemannian,shared_global,321.0,10.03125,82113.05546785124,global
riemannian,shared_global,324.0,10.125,74700.15734050295,global
riemannian,shared_global,327.0,10.21875,67952.59801061887,global
riemannian,shared_global,330.0,10.3125,61811.329167712305,global
riemannian,shared_global,333.0,10.40625,56222.427453370445,global
riemannian,shared_global,336.0,10.5,51136.66970705324,global
riemannian,shared_global,339.0,10.59375,46509.139890589686,global
riemannian,shared_global,342.0,10.6875,42298.8659690506,global
riemannian,shared_global,345.0,10.78125,38468.48499216764,global
riemannian,shared_global,348.0,10.875,34983.93462041309,global
riemannian,shared_global,351.0,10.96875,31814.169365552032,global
riemannian,shared_global,354.0,11.0625,28930.899860590966,global
riemannian,shared_global,357.0,11.15625,26308.353533391815,global
riemannian,shared_global,360.0,11.25,23923.055127594234,global
riemannian,shared_global,363.0,11.34375,21753.625590512027,global
riemannian,shared_global,366.0,11.4375,19780.597927643914,global
riemannian,shared_global,369.0,11.53125,17986.24870524123,global
riemannian,shared_global,372.0,11.625,16354.443964349692,global
riemannian,shared_global,375.0,11.71875,14870.498390622532,global
riemannian,shared_global,378.0,11.8125,13521.046663035682,global
riemannian,shared_global,381.0,11.90625,12293.925980727507,global
riemannian,shared_global,384.0,12.0,11178.068840046748,global
riemannian,shared_global,387.0,12.09375,10163.40520319982,global
riemannian,shared_global,390.0,12.1875,9240.77326544979,global
riemannian,shared_global,393.0,12.28125,8401.838089544643,global
riemannian,shared_global,396.0,12.375,7639.017433932092,global
riemannian,shared_global,399.0,12.46875,6945.414155402832,global
riemannian,shared_global,402.0,12.5625,6314.75461719004,global
riemannian,shared_global,405.0,12.65625,5741.332580369638,global
riemannian,shared_global,408.0,12.75,5219.958099805366,global
riemannian,shared_global,411.0,12.84375,4745.910986033137,global
riemannian,shared_global,414.0,12.9375,4314.898431556713,global
riemannian,shared_global,417.0,13.03125,3923.016434212397,global
riemannian,shared_global,420.0,13.125,3566.7146817352013,global
riemannian,shared_global,423.0,13.21875,3242.764590601162,global
riemannian,shared_global,426.0,13.3125,2948.230218804355,global
riemannian,shared_global,429.0,13.40625,2680.4417966200845,global
riemannian,shared_global,432.0,13.5,2436.9716417683157,global
riemannian,shared_global,435.0,13.59375,2215.6122458761092,global
riemannian,shared_global,438.0,13.6875,2014.3563378887075,global
riemannian,shared_global,441.0,13.78125,1831.3787472316014,global
riemannian,shared_global,444.0,13.875,1665.0199052074126,global
riemannian,shared_global,447.0,13.96875,1513.7708374403524,global
riemannian,shared_global,450.0,14.0625,1376.2595132678168,global
riemannian,shared_global,453.0,14.15625,1251.2384299258933,global
riemannian,shared_global,456.0,14.25,1137.5733202781544,global
riemannian,shared_global,459.0,14.34375,1034.232882783002,global
riemannian,shared_global,462.0,14.4375,940.279441465035,global
riemannian,shared_global,465.0,14.53125,854.8604519251777,global
riemannian,shared_global,468.0,14.625,777.2007769614283,global
riemannian,shared_global,471.0,14.71875,706.5956622402239,global
riemannian,shared_global,474.0,14.8125,642.4043487156613,global
riemannian,shared_global,477.0,14.90625,584.044264193372,global
riemannian,shared_global,480.0,15.0,530.9857416265324,global
riemannian,shared_global,483.0,15.09375,482.74721645798024,global
riemannian,shared_global,486.0,15.1875,438.89085962559653,global
riemannian,shared_global,489.0,15.28125,399.0186067654011,global
riemannian,shared_global,492.0,15.375,362.7685477123828,global
riemannian,shared_global,495.0,15.46875,329.8116436441726,global
riemannian,shared_global,498.0,15.5625,299.84874216578874,global
riemannian,shared_global,501.0,15.65625,272.6078633208712,global
riemannian,shared_global,504.0,15.75,247.8417319598207,global
riemannian,shared_global,507.0,15.84375,225.32553411974396,global
riemannian,shared_global,510.0,15.9375,204.85487709482575,global
riemannian,shared_global,513.0,16.03125,186.2439347167093,global
riemannian,shared_global,516.0,16.125,169.32376103909152,global
riemannian,shared_global,519.0,16.21875,153.9407571439697,global
riemannian,shared_global,522.0,16.3125,139.95527717244588,global
riemannian,shared_global,525.0,16.40625,127.24036094310517,global
riemannian,shared_global,528.0,16.5,115.68058166703992,global
riemannian,shared_global,531.0,16.59375,105.17099831087599,global
riemannian,shared_global,534.0,16.6875,95.61620310704171,global
riemannian,shared_global,537.0,16.78125,86.92945557252717,global
riemannian,shared_global,540.0,16.875,79.03189518127404,global
riemannian,shared_global,543.0,16.96875,71.85182554817393,global
riemannian,shared_global,546.0,17.0625,65.32406363086695,global
riemannian,shared_global,549.0,17.15625,59.389348044964244,global
riemannian,shared_global,552.0,17.25,53.99380112429609,global
riemannian,shared_global,555.0,17.34375,49.08843984514371,global
riemannian,shared_global,558.0,17.4375,44.628731176559604,global
riemannian,shared_global,561.0,17.53125,40.57418782181737,global
riemannian,shared_global,564.0,17.625,36.88800068240569,global
riemannian,shared_global,567.0,17.71875,33.53670470910457,global
riemannian,shared_global,570.0,17.8125,30.489875107570892,global
riemannian,shared_global,573.0,17.90625,27.71985114125545,global
riemannian,shared_global,576.0,18.0,25.201485024869452,global
riemannian,shared_global,579.0,18.09375,22.911913629282232,global
riemannian,shared_global,582.0,18.1875,20.83035092572589,global
riemannian,shared_global,585.0,18.28125,18.937899285382493,global
riemannian,shared_global,588.0,18.375,17.21737792154065,global
riemannian,shared_global,591.0,18.46875,15.653166917081736,global
riemannian,shared_global,594.0,18.5625,14.23106542150175,global
riemannian,shared_global,597.0,18.65625,12.938162730275602,global
riemannian,shared_global,600.0,18.75,11.762721076292205,global
riemannian,shared_global,603.0,18.84375,10.694069069391588,global
riemannian,shared_global,606.0,18.9375,9.722504816683307,global
riemannian,shared_global,609.0,19.03125,8.839207844195593,global
riemannian,shared_global,612.0,19.125,8.036159020293631,global
riemannian,shared_global,615.0,19.21875,7.306067753938102,global
riemannian,shared_global,618.0,19.3125,6.642305806890646,global
riemannian,shared_global,621.0,19.40625,6.0388471190098905,global
riemannian,shared_global,624.0,19.5,5.490213100365642,global
riemannian,shared_global,627.0,19.59375,4.991422893524173,global
riemannian,shared_global,630.0,19.6875,4.537948154475356,global
riemannian,shared_global,633.0,19.78125,4.125671941691544,global
riemannian,shared_global,636.0,19.875,3.7508513401011703,global
riemannian,shared_global,639.0,19.96875,3.410083480665386,global
riemannian,shared_global,642.0,20.0625,3.1002746470712843,global
riemannian,shared_global,645.0,20.15625,2.81861218908037,global
riemannian,shared_global,648.0,20.25,2.5625389875500395,global
riemannian,shared_global,651.0,20.34375,2.3297302393103876,global
riemannian,shared_global,654.0,20.4375,2.1180723511387898,global
riemannian,shared_global,657.0,20.53125,1.9256437512216624,global
riemannian,shared_global,660.0,20.625,1.7506974439003018,global
riemannian,shared_global,663.0,20.71875,1.5916451493238317,global
riemannian,shared_global,666.0,20.8125,1.4470428840206426,global
riemannian,shared_global,669.0,20.90625,1.3155778514809313,global
riemannian,shared_global,672.0,21.0,1.1960565237357768,global
riemannian,shared_global,675.0,21.09375,1.0873938057305823,global
riemannian,shared_global,678.0,21.1875,0.9886031841208246,global
riemannian,shared_global,681.0,21.28125,0.8987877710551042,global
riemannian,shared_global,684.0,21.375,0.8171321616356467,global
riemannian,shared_global,687.0,21.46875,0.7428950311333754,global
riemannian,shared_global,690.0,21.5625,0.6754024047505702,global
riemannian,shared_global,693.0,21.65625,0.6140415388298812,global
riemannian,shared_global,696.0,21.75,0.5582553579595064,global
riemannian,shared_global,699.0,21.84375,0.5075373974710988,global
riemannian,shared_global,702.0,21.9375,0.4614272054152024,global
riemannian,shared_global,705.0,22.03125,0.4195061622704322,global
riemannian,shared_global,708.0,22.125,0.3813936804350444,global
riemannian,shared_global,711.0,22.21875,0.3467437489974382,global
riemannian,shared_global,714.0,22.3125,0.31524179241678446,global
riemannian,shared_global,717.0,22.40625,0.28660181459484346,global
riemannian,shared_global,720.0,22.5,0.26056380241099586,global
riemannian,shared_global,723.0,22.59375,0.2368913651480777,global
riemannian,shared_global,726.0,22.6875,0.2153695883781786,global
riemannian,shared_global,729.0,22.78125,0.1958030828245644,global
riemannian,shared_global,732.0,22.875,0.1780142104860051,global
riemannian,shared_global,735.0,22.96875,0.16184147191908965,global
riemannian,shared_global,738.0,23.0625,0.14713804003720665,global
riemannian,shared_global,741.0,23.15625,0.13377042711504342,global
riemannian,shared_global,744.0,23.25,0.12161727289678168,global
riemannian,shared_global,747.0,23.34375,0.11056824280562766,global
riemannian,shared_global,750.0,23.4375,0.10052302625188622,global
riemannian,shared_global,751.0,23.46875,0.09738168170739545,global
riemannian,fixed,752.0,23.5,0.09433850417832776,local
riemannian,fixed,753.0,23.53125,0.09139042594554914,local
riemannian,fixed,754.0,23.5625,0.08853447515614248,local
riemannian,fixed,755.0,23.59375,0.08576777282758866,local
riemannian,fixed,756.0,23.625,0.08308752994556703,local
riemannian,fixed,759.0,23.71875,0.07553895892911247,local
riemannian,fixed,763.0,23.84375,0.06653005117639889,local
riemannian,fixed,767.0,23.96875,0.058595561441157955,local
riemannian,fixed,771.0,24.09375,0.05160735276192955,local
riemannian,fixed,775.0,24.21875,0.04545257001387331,local
riemannian,fixed,779.0,24.34375,0.04003181737044626,local
riemannian,fixed,783.0,24.46875,0.035257553124146176,local
riemannian,fixed,787.0,24.59375,0.0310526759437065,local
riemannian,fixed,791.0,24.71875,0.027349279736702918,local
riemannian,fixed,795.0,24.84375,0.0240875570094008,local
riemannian,fixed,799.0,24.96875,0.021214833013806667,local
riemannian,fixed,803.0,25.09375,0.01868471508401639,local
riemannian,fixed,807.0,25.21875,0.016456343424185796,local
riemannian,fixed,811.0,25.34375,0.014493731248827895,local
riemannian,fixed,815.0,25.46875,0.012765183619123687,local
riemannian,fixed,819.0,25.59375,0.011242785589823839,local
riemannian,fixed,823.0,25.71875,0.009901951400640029,local
riemannian,fixed,827.0,25.84375,0.00872102743185436,local
riemannian,fixed,831.0,25.96875,0.007680942512132906,local
riemannian,fixed,835.0,26.09375,0.006764899931237447,local
riemannian,fixed,839.0,26.21875,0.005958106183836724,local
riemannian,fixed,843.0,26.34375,0.0052475320638025865,local
riemannian,fixed,847.0,26.46875,0.00462170225081598,local
riemannian,fixed,851.0,26.59375,0.004070509991240369,local
riemannian,fixed,855.0,26.71875,0.003585053880476655,local
riemannian,fixed,859.0,26.84375,0.003157494110938497,local
riemannian,fixed,863.0,26.96875,0.00278092586414426,local
riemannian,fixed,867.0,27.09375,0.002449267802288469,local
riemannian,fixed,871.0,27.21875,0.002157163858502527,local
riemannian,fixed,875.0,27.34375,0.0018998967397799258,local
riemannian,fixed,879.0,27.46875,0.0016733117456931425,local
riemannian,fixed,883.0,27.59375,0.0014737496726230312,local
riemannian,fixed,887.0,27.71875,0.0012979877199466067,local
riemannian,fixed,891.0,27.84375,0.0011431874438557733,local
riemannian,fixed,895.0,27.96875,0.0010068489182942452,local
riemannian,fixed,899.0,28.09375,0.000886770362740961,local
riemannian,fixed,903.0,28.21875,0.0007810125848543407,local
riemannian,fixed,907.0,28.34375,0.0006878676637486922,local
riemannian,fixed,911.0,28.46875,0.0006058313681576397,local
riemannian,fixed,915.0,28.59375,0.0005335788640553788,local
riemannian,fixed,919.0,28.71875,0.0004699433194293403,local
riemannian,fixed,923.0,28.84375,0.0004138970606849292,local
riemannian,fixed,927.0,28.96875,0.00036453497637024286,local
riemannian,fixed,931.0,29.09375,0.0003210599002014735,local
riemannian,fixed,935.0,29.21875,0.0002827697373341819,local
riemannian,fixed,939.0,29.34375,0.0002490461259778467,local
riemannian,fixed,943.0,29.46875,0.00021934445124603935,local
riemannian,fixed,947.0,29.59375,0.00019318504997219266,local
riemannian,fixed,951.0,29.71875,0.00017014546445438147,local
riemannian,fixed,955.0,29.84375,0.00014985362003196937,local
riemannian,fixed,959.0,29.96875,0.00013198181631637177,local
riemannian,fixed,963.0,30.09375,0.00011624143503806653,local
riemannian,fixed,967.0,30.21875,0.00010237827904502461,local
riemannian,fixed,971.0,30.34375,9.016846718028822e-05,local
riemannian,fixed,975.0,30.46875,7.941481874359341e-05,local
riemannian,fixed,979.0,30.59375,6.994366914840797e-05,local
riemannian,fixed,983.0,30.71875,6.16020653492483e-05,local
riemannian,fixed,987.0,30.84375,5.4255295747220016e-05,local
riemannian,fixed,991.0,30.96875,4.7784714683338967e-05,local
riemannian,fixed,995.0,31.09375,4.208582638653741e-05,local
riemannian,fixed,999.0,31.21875,3.706659743341212e-05,local
riemannian,fixed,1003.0,31.34375,3.264597046691748e-05,local
riemannian,fixed,1007.0,31.46875,2.8752555171572107e-05,local
riemannian,fixed,1011.0,31.59375,2.5323475365271128e-05,local
riemannian,fixed,1015.0,31.71875,2.2303353588881658e-05,local
riemannian,fixed,1019.0,31.84375,1.9643416795502965e-05,local
riemannian,fixed,1023.0,31.96875,1.7300708696748103e-05,local
riemannian,fixed,1027.0,32.09375,1.5237396046002005e-05,local
riemannian,fixed,1031.0,32.21875,1.3420157655528095e-05,local
riemannian,fixed,1035.0,32.34375,1.1819646280473394e-05,local
riemannian,fixed,1039.0,32.46875,1.0410014679517547e-05,local
riemannian,fixed,1043.0,32.59375,9.168498198360778e-06,local
riemannian,fixed,1047.0,32.71875,8.07504713501953e-06,local
riemannian,fixed,1051.0,32.84375,7.1120029498886894e-06,local
riemannian,fixed,1055.0,32.96875,6.263813091551109e-06,local
riemannian,fixed,1059.0,33.09375,5.516779832956651e-06,local
riemannian,fixed,1063.0,33.21875,4.858839061845052e-06,local
riemannian,fixed,1067.0,33.34375,4.2793654529879425e-06,local
riemannian,fixed,1071.0,33.46875,3.769000875960576e-06,local
riemannian,fixed,1075.0,33.59375,3.3195032672547094e-06,local
riemannian,fixed,1079.0,33.71875,2.9236135262294506e-06,local
riemannian,fixed,1083.0,33.84375,2.57493828521576e-06,local
riemannian,fixed,1087.0,33.96875,2.2678466607092736e-06,local
riemannian,fixed,1091.0,34.09375,1.997379318184051e-06,local
riemannian,fixed,1095.0,34.21875,1.7591683819852884e-06,local
riemannian,fixed,1099.0,34.34375,1.549366896914042e-06,local
riemannian,fixed,1103.0,34.46875,1.3645867023526857e-06,local
riemannian,fixed,1107.0,34.59375,1.2018437156120463e-06,local
riemannian,fixed,1111.0,34.71875,1.0585097409100241e-06,local
riemannian,fixed,1113.0,34.78125,9.933865830235323e-07,local
riemannian,two_stage,752.0,23.96875,0.04869084124231245,local
riemannian,two_stage,753.0,24.46875,0.024345420718309908,local
riemannian,two_stage,754.0,24.96875,0.012172710383443369,local
riemannian,two_stage,755.0,25.46875,0.006086355197793791,local
riemannian,two_stage,756.0,25.96875,0.0030431776004149255,local
riemannian,two_stage,757.0,26.46875,0.0015215888005869552,local
riemannian,two_stage,758.0,26.96875,0.0007607944003883183,local
riemannian,two_stage,759.0,27.46875,0.000380397200217869,local
riemannian,two_stage,760.0,27.96875,0.00019019860011484208,local
riemannian,two_stage,761.0,28.46875,9.509930005887544e-05,local
riemannian,two_stage,762.0,28.96875,4.7549650029824165e-05,local
riemannian,two_stage,763.0,29.46875,2.377482501499337e-05,local
riemannian,two_stage,764.0,29.96875,1.1887412507524453e-05,local
riemannian,two_stage,765.0,30.46875,5.943706253761651e-06,local
riemannian,two_stage,766.0,30.96875,2.971853126861456e-06,local
riemannian,two_stage,767.0,31.46875,1.4859265634292104e-06,local
riemannian,two_stage,768.0,31.96875,7.429632817338142e-07,local
kl,shared_global,0.0,0.0,13107200.000000017,global
kl,shared_global,3.0,0.09375,13030092.845094688,global
kl,shared_global,6.0,0.1875,12953454.769606985,global
kl,shared_global,9.0,0.28125,12877283.030389387,global
kl,shared_global,12.0,0.375,12801574.900336131,global
kl,shared_global,15.0,0.46875,12726327.668289404,global
kl,shared_global,18.0,0.5625,12651538.638946073,global
kl,shared_global,21.0,0.65625,12577205.13276497,global
kl,shared_global,24.0,0.75,12503324.485874727,global
kl,shared_global,27.0,0.84375,12429894.049982123,global
kl,shared_global,30.0,0.9375,12356911.192280997,global
kl,shared_global,33.0,1.03125,12284373.29536167,global
kl,shared_global,36.0,1.125,12212277.757120918,global
kl,shared_global,39.0,1.21875,12140621.99067246,global
kl,shared_global,42.0,1.3125,12069403.424257962,global
kl,shared_global,45.0,1.40625,11998619.501158575,global
kl,shared_global,48.0,1.5,11928267.679606983,global
kl,shared_global,51.0,1.59375,11858345.432699969,global
kl,shared_global,54.0,1.6875,11788850.248311495,global
kl,shared_global,57.0,1.78125,11719779.629006272,global
kl,shared_global,60.0,1.875,11651131.091953868,global
kl,shared_global,63.0,1.96875,11582902.168843284,global
kl,shared_global,66.0,2.0625,11515090.405798053,global
kl,shared_global,69.0,2.15625,11447693.36329183,global
kl,shared_global,72.0,2.25,11380708.616064465,global
kl,shared_global,75.0,2.34375,11314133.753038581,global
kl,shared_global,78.0,2.4375,11247965.366289597,global
kl,shared_global,81.0,2.53125,11178279.31353987,global
kl,shared_global,84.0,2.625,11102825.002046054,global
kl,shared_global,87.0,2.71875,11021218.426665239,global
kl,shared_global,90.0,2.8125,10933067.167807894,global
kl,shared_global,93.0,2.90625,10837973.647773702,global
kl,shared_global,96.0,3.0,10735539.092434648,global
kl,shared_global,99.0,3.09375,10625368.251626246,global
kl,shared_global,102.0,3.1875,10507074.918499624,global
kl,shared_global,105.0,3.28125,10380288.26938361,global
kl,shared_global,108.0,3.375,10244660.020730413,global
kl,shared_global,111.0,3.46875,10099872.3680211,global
kl,shared_global,114.0,3.5625,9945646.632991318,global
kl,shared_global,117.0,3.65625,9781752.500605546,global
kl,shared_global,120.0,3.75,9608017.676900975,global
kl,shared_global,123.0,3.84375,9424337.744953679,global
kl,shared_global,126.0,3.9375,9230685.941460622,global
kl,shared_global,129.0,4.03125,9027122.524329387,global
kl,shared_global,132.0,4.125,8813803.356566247,global
kl,shared_global,135.0,4.21875,8590987.298581652,global
kl,shared_global,138.0,4.3125,8359041.984954462,global
kl,shared_global,141.0,4.40625,8118447.567619239,global
kl,shared_global,144.0,4.5,7869798.039408787,global
kl,shared_global,147.0,4.59375,7613799.812417257,global
kl,shared_global,150.0,4.6875,7351267.315111968,global
kl,shared_global,153.0,4.78125,7083115.4882276105,global
kl,shared_global,156.0,4.875,6810349.197035784,global
kl,shared_global,159.0,4.96875,6534049.72859849,global
kl,shared_global,162.0,5.0625,6255358.6967672855,global
kl,shared_global,165.0,5.15625,5975459.823217332,global
kl,shared_global,168.0,5.25,5695559.187688273,global
kl,shared_global,171.0,5.34375,5416864.63391592,global
kl,shared_global,174.0,5.4375,5140565.070968452,global
kl,shared_global,177.0,5.53125,4867810.417828431,global
kl,shared_global,180.0,5.625,4599692.901219807,global
kl,shared_global,183.0,5.71875,4337230.336274634,global
kl,shared_global,186.0,5.8125,4081351.9039173075,global
kl,shared_global,189.0,5.90625,3832886.7979880893,global
kl,shared_global,192.0,6.0,3592555.9609835353,global
kl,shared_global,195.0,6.09375,3360966.972011285,global
kl,shared_global,198.0,6.1875,3138612.0053006844,global
kl,shared_global,201.0,6.28125,2925868.6515064803,global
kl,shared_global,204.0,6.375,2723003.293514743,global
kl,shared_global,207.0,6.46875,2530176.6569666606,global
kl,shared_global,210.0,6.5625,2347451.113865752,global
kl,shared_global,213.0,6.65625,2174799.3036019406,global
kl,shared_global,216.0,6.75,2012113.6458559583,global
kl,shared_global,219.0,6.84375,1859216.3493334658,global
kl,shared_global,222.0,6.9375,1715869.563819466,global
kl,shared_global,225.0,7.03125,1581785.3754059107,global
kl,shared_global,228.0,7.125,1456635.4011844974,global
kl,shared_global,231.0,7.21875,1340059.7962314808,global
kl,shared_global,234.0,7.3125,1231675.539256876,global
kl,shared_global,237.0,7.40625,1131083.9116744583,global
kl,shared_global,240.0,7.5,1037877.1267428583,global
kl,shared_global,243.0,7.59375,951644.1002242349,global
kl,shared_global,246.0,7.6875,871975.3816700614,global
kl,shared_global,249.0,7.78125,798467.2863576426,global
kl,shared_global,252.0,7.875,730725.2827283795,global
kl,shared_global,255.0,7.96875,668366.6997390526,global
kl,shared_global,258.0,8.0625,611022.8237110244,global
kl,shared_global,261.0,8.15625,558340.4559191255,global
kl,shared_global,264.0,8.25,509983.001112575,global
kl,shared_global,267.0,8.34375,465631.15412590455,global
kl,shared_global,270.0,8.4375,424983.24733619706,global
kl,shared_global,273.0,8.53125,387755.31646475237,global
kl,shared_global,276.0,8.625,353680.93651479133,global
kl,shared_global,279.0,8.71875,322510.87379702786,global
kl,shared_global,282.0,8.8125,294012.5942555428,global
kl,shared_global,285.0,8.90625,267969.6628324551,global
kl,shared_global,288.0,9.0,244181.06351047166,global
kl,shared_global,291.0,9.09375,222460.46501213525,global
kl,shared_global,294.0,9.1875,202635.45294400165,global
kl,shared_global,297.0,9.28125,184546.74545819729,global
kl,shared_global,300.0,9.375,168047.40624990436,global
kl,shared_global,303.0,9.46875,153002.06589210697,global
kl,shared_global,306.0,9.5625,139286.16009558886,global
kl,shared_global,309.0,9.65625,126785.1914357384,global
kl,shared_global,312.0,9.75,115394.01936968915,global
kl,shared_global,315.0,9.84375,105016.18193951953,global
kl,shared_global,318.0,9.9375,95563.25138304982,global
kl,shared_global,321.0,10.03125,86954.22491901625,global
kl,shared_global,324.0,10.125,79114.95120673577,global
kl,shared_global,327.0,10.21875,71977.59237356024,global
kl,shared_global,330.0,10.3125,65480.12103133077,global
kl,shared_global,333.0,10.40625,59565.851343578746,global
kl,shared_global,336.0,10.5,54183.00293913816,global
kl,shared_global,339.0,10.59375,49284.296278517635,global
kl,shared_global,342.0,10.6875,44826.57795260457,global
kl,shared_global,345.0,10.78125,40770.474316945285,global
kl,shared_global,348.0,10.875,37080.07182875483,global
kl,shared_global,351.0,10.96875,33722.622449403185,global
kl,shared_global,354.0,11.0625,30668.27249527108,global
kl,shared_global,357.0,11.15625,27889.813358676405,global
kl,shared_global,360.0,11.25,25362.452573196017,global
kl,shared_global,363.0,11.34375,23063.603760201542,global
kl,shared_global,366.0,11.4375,20972.694062595943,global
kl,shared_global,369.0,11.53125,19070.987745021343,global
kl,shared_global,372.0,11.625,17341.424715176265,global
kl,shared_global,375.0,11.71875,15768.472796739794,global
kl,shared_global,378.0,11.8125,14337.992659521948,global
kl,shared_global,381.0,11.90625,13037.114385911498,global
kl,shared_global,384.0,12.0,11854.124723785413,global
kl,shared_global,387.0,12.09375,10778.36414428525,global
kl,shared_global,390.0,12.1875,9800.132887921023,global
kl,shared_global,393.0,12.28125,8910.605244123937,global
kl,shared_global,396.0,12.375,8101.751367527635,global
kl,shared_global,399.0,12.46875,7366.265988882699,global
kl,shared_global,402.0,12.5625,6697.503429630309,global
kl,shared_global,405.0,12.65625,6089.418376853087,global
kl,shared_global,408.0,12.75,5536.511919692319,global
kl,shared_global,411.0,12.84375,5033.782389502968,global
kl,shared_global,414.0,12.9375,4576.680584159465,global
kl,shared_global,417.0,13.03125,4161.068992184478,global
kl,shared_global,420.0,13.125,3783.1846649134086,global
kl,shared_global,423.0,13.21875,3439.6054148944554,global
kl,shared_global,426.0,13.3125,3127.219046321605,global
kl,shared_global,429.0,13.40625,2843.1953486664324,global
kl,shared_global,432.0,13.5,2584.9606079693917,global
kl,shared_global,435.0,13.59375,2350.1744116217374,global
kl,shared_global,438.0,13.6875,2136.7085420574754,global
kl,shared_global,441.0,13.78125,1942.6277727157963,global
kl,shared_global,444.0,13.875,1766.1723960553645,global
kl,shared_global,447.0,13.96875,1605.742328422116,global
kl,shared_global,450.0,14.0625,1459.882650303579,global
kl,shared_global,453.0,14.15625,1327.2704530494157,global
kl,shared_global,456.0,14.25,1206.702874596783,global
kl,shared_global,459.0,14.34375,1097.0862172002517,global
kl,shared_global,462.0,14.4375,997.4260497126005,global
kl,shared_global,465.0,14.53125,906.8182056718675,global
kl,shared_global,468.0,14.625,824.4405963925475,global
kl,shared_global,471.0,14.71875,749.5457655002523,global
kl,shared_global,474.0,14.8125,681.454117949664,global
kl,shared_global,477.0,14.90625,619.5477625805622,global
kl,shared_global,480.0,15.0,563.2649127468778,global
kl,shared_global,483.0,15.09375,512.0947945457136,global
kl,shared_global,486.0,15.1875,465.5730167197706,global
kl,shared_global,489.0,15.28125,423.27736044673225,global
kl,shared_global,492.0,15.375,384.8239509986629,global
kl,shared_global,495.0,15.46875,349.8637766861071,global
kl,shared_global,498.0,15.5625,318.07952362523713,global
kl,shared_global,501.0,15.65625,289.18269770942413,global
kl,shared_global,504.0,15.75,262.9110077539543,global
kl,shared_global,507.0,15.84375,239.02598613706854,global
kl,shared_global,510.0,15.9375,217.31082540284189,global
kl,shared_global,513.0,16.03125,197.56841124062845,global
kl,shared_global,516.0,16.125,179.61953402913844,global
kl,shared_global,519.0,16.21875,163.30126274648268,global
kl,shared_global,522.0,16.3125,148.46546651506236,global
kl,shared_global,525.0,16.40625,134.97747038510428,global
kl,shared_global,528.0,16.5,122.71483317486853,global
kl,shared_global,531.0,16.59375,111.56623628995096,global
kl,shared_global,534.0,16.6875,101.43047344856694,global
kl,shared_global,537.0,16.78125,92.21553215323972,global
kl,shared_global,540.0,16.875,83.83775858013648,global
kl,shared_global,543.0,16.96875,76.22109831286086,global
kl,shared_global,546.0,17.0625,69.29640603462381,global
kl,shared_global,549.0,17.15625,63.000817917557725,global
kl,shared_global,552.0,17.25,57.277181016147374,global
kl,shared_global,555.0,17.34375,52.07353448844279,global
kl,shared_global,558.0,17.4375,47.342637938560635,global
kl,shared_global,561.0,17.53125,43.04154260120909,global
kl,shared_global,564.0,17.625,39.13120147744835,global
kl,shared_global,567.0,17.71875,35.576114884132885,global
kl,shared_global,570.0,17.8125,32.344008200666075,global
kl,shared_global,573.0,17.90625,29.405538888738498,global
kl,shared_global,576.0,18.0,26.734030126257156,global
kl,shared_global,579.0,18.09375,24.305228638110524,global
kl,shared_global,582.0,18.1875,22.09708452593565,global
kl,shared_global,585.0,18.28125,20.089551098648744,global
kl,shared_global,588.0,18.375,18.26440288697557,global
kl,shared_global,591.0,18.46875,16.605070190217408,global
kl,shared_global,594.0,18.5625,15.096488653506833,global
kl,shared_global,597.0,18.65625,13.724962510204461,global
kl,shared_global,600.0,18.75,12.4780402480995,global
kl,shared_global,603.0,18.84375,11.344401570827436,global
kl,shared_global,606.0,18.9375,10.31375462842962,global
kl,shared_global,609.0,19.03125,9.376742584181422,global
kl,shared_global,612.0,19.125,8.524858669553074,global
kl,shared_global,615.0,19.21875,7.7503689562089555,global
kl,shared_global,618.0,19.3125,7.046242143995335,global
kl,shared_global,621.0,19.40625,6.406085727549176,global
kl,shared_global,624.0,19.5,5.824087962058922,global
kl,shared_global,627.0,19.59375,5.294965101347675,global
kl,shared_global,630.0,19.6875,4.813913429307183,global
kl,shared_global,633.0,19.78125,4.376565649222128,global
kl,shared_global,636.0,19.875,3.9789512350827643,global
kl,shared_global,639.0,19.96875,3.6174603849492897,global
kl,shared_global,642.0,20.0625,3.2888112491295693,global
kl,shared_global,645.0,20.15625,2.9900201356598344,global
kl,shared_global,648.0,20.25,2.718374422605494,global
kl,shared_global,651.0,20.34375,2.471407931271463,global
kl,shared_global,654.0,20.4375,2.246878536751562,global
kl,shared_global,657.0,20.53125,2.0427478125571645,global
kl,shared_global,660.0,20.625,1.8571625245309067,global
kl,shared_global,663.0,20.71875,1.6884378060393195,global
kl,shared_global,666.0,20.8125,1.5350418617012682,global
kl,shared_global,669.0,20.90625,1.3955820607854814,global
kl,shared_global,672.0,21.0,1.2687922940262766,global
kl,shared_global,675.0,21.09375,1.153521479076281,global
kl,shared_global,678.0,21.1875,1.0487231102426922,global
kl,shared_global,681.0,21.28125,0.9534457576340069,global
kl,shared_global,684.0,21.375,0.8668244294632936,global
kl,shared_global,687.0,21.46875,0.7880727190901758,global
kl,shared_global,690.0,21.5625,0.7164756655079126,global
kl,shared_global,693.0,21.65625,0.6513832624589535,global
kl,shared_global,696.0,21.75,0.5922045572509063,global
kl,shared_global,699.0,21.84375,0.5384022856984596,global
kl,shared_global,702.0,21.9375,0.48948799448403046,global
kl,shared_global,705.0,22.03125,0.44501760665495593,global
kl,shared_global,708.0,22.125,0.40458738999808314,global
kl,shared_global,711.0,22.21875,0.3678302916901602,global
kl,shared_global,714.0,22.3125,0.33441260594768885,global
kl,shared_global,717.0,22.40625,0.30403094442306355,global
kl,shared_global,720.0,22.5,0.2764094818423276,global
kl,shared_global,723.0,22.59375,0.25129745187868935,global
kl,shared_global,726.0,22.6875,0.2284668705277275,global
kl,shared_global,729.0,22.78125,0.2077104663156169,global
kl,shared_global,732.0,22.875,0.18883979854946314,global
kl,shared_global,735.0,22.96875,0.1716835465259966,global
kl,shared_global,738.0,23.0625,0.1560859541669443,global
kl,shared_global,741.0,23.15625,0.14190541596046047,global
kl,shared_global,744.0,23.25,0.12901319137086054,global
kl,shared_global,747.0,23.34375,0.11729223604522296,global
kl,shared_global,750.0,23.4375,0.10663613920577879,global
kl,shared_global,753.0,23.53125,0.09694815758103319,global
kl,fixed,754.0,23.5625,0.0939185276986446,local
kl,fixed,755.0,23.59375,0.0909835737475341,local
kl,fixed,756.0,23.625,0.08814033710500355,local
kl,fixed,757.0,23.65625,0.0853859516053048,local
kl,fixed,758.0,23.6875,0.08271764065036057,local
kl,fixed,761.0,23.78125,0.07520267441911713,local
kl,fixed,765.0,23.90625,0.06623387258058222,local
kl,fixed,769.0,24.03125,0.058334705650128514,local
kl,fixed,773.0,24.15625,0.051377607110035826,local
kl,fixed,777.0,24.28125,0.045250224246702934,local
kl,fixed,781.0,24.40625,0.039853603726083583,local
kl,fixed,785.0,24.53125,0.03510059356050916,local
kl,fixed,789.0,24.65625,0.03091443565969473,local
kl,fixed,793.0,24.78125,0.02722752623653485,local
kl,fixed,797.0,24.90625,0.02398032404904091,local
kl,fixed,801.0,25.03125,0.0211203888472293,local
kl,fixed,805.0,25.15625,0.018601534496494813,local
kl,fixed,809.0,25.28125,0.016383083100955088,local
kl,fixed,813.0,25.40625,0.014429208081335843,local
kl,fixed,817.0,25.53125,0.012708355598525345,local
kl,fixed,821.0,25.65625,0.01119273497915843,local
kl,fixed,825.0,25.78125,0.009857869913929056,local
kl,fixed,829.0,25.90625,0.008682203180770749,local
kl,fixed,833.0,26.03125,0.007646748509436633,local
kl,fixed,837.0,26.15625,0.006734783965314165,local
kl,fixed,841.0,26.28125,0.0059315819008187035,local
kl,fixed,845.0,26.40625,0.005224171113253134,local
kl,fixed,849.0,26.53125,0.004601127368134489,local
kl,fixed,853.0,26.65625,0.004052388905072843,local
kl,fixed,857.0,26.78125,0.003569093946739873,local
kl,fixed,861.0,26.90625,0.003143437586800412,local
kl,fixed,865.0,27.03125,0.002768545745638237,local
kl,fixed,869.0,27.15625,0.0024383641583412695,local
kl,fixed,873.0,27.28125,0.002147560602172804,local
kl,fixed,877.0,27.40625,0.0018914387845646783,local
kl,fixed,881.0,27.53125,0.0016658625009782165,local
kl,fixed,885.0,27.65625,0.001467188837830666,local
kl,fixed,889.0,27.78125,0.0012922093417569206,local
kl,fixed,893.0,27.90625,0.0011380982051274844,local
kl,fixed,897.0,28.03125,0.0010023666310517575,local
kl,fixed,901.0,28.15625,0.0008828226408904934,local
kl,fixed,905.0,28.28125,0.0007775356751942612,local
kl,fixed,909.0,28.40625,0.00068480541639567,local
kl,fixed,913.0,28.53125,0.0006031343297615459,local
kl,fixed,917.0,28.65625,0.0005312034791590118,local
kl,fixed,921.0,28.78125,0.0004678512270753891,local
kl,fixed,925.0,28.90625,0.00041205447491082255,local
kl,fixed,929.0,29.03125,0.0003629121405862712,local
kl,fixed,933.0,29.15625,0.0003196306066407382,local
kl,fixed,937.0,29.28125,0.00028151090381378657,local
kl,fixed,941.0,29.40625,0.00024793742313629005,local
kl,fixed,945.0,29.53125,0.00021836797423691737,local
kl,fixed,949.0,29.65625,0.00019232502931231343,local
kl,fixed,953.0,29.78125,0.00016938801135660934,local
kl,fixed,957.0,29.90625,0.0001491865021101326,local
kl,fixed,961.0,30.03125,0.00013139426003999017,local
kl,fixed,965.0,30.15625,0.00011572395174668913,local
kl,fixed,969.0,30.28125,0.00010192251171238346,local
kl,fixed,973.0,30.40625,8.976705545362658e-05,local
kl,fixed,977.0,30.53125,7.906128007865018e-05,local
kl,fixed,981.0,30.65625,6.963229412044984e-05,local
kl,fixed,985.0,30.78125,6.132782544947753e-05,local
kl,fixed,989.0,30.90625,5.401376217556252e-05,local
kl,fixed,993.0,31.03125,4.757198682613021e-05,local
kl,fixed,997.0,31.15625,4.189846882409891e-05,local
kl,fixed,1001.0,31.28125,3.690158446020056e-05,local
kl,fixed,1005.0,31.40625,3.250063722829294e-05,local
kl,fixed,1009.0,31.53125,2.8624554628119523e-05,local
kl,fixed,1013.0,31.65625,2.521074038957005e-05,local
kl,fixed,1017.0,31.78125,2.2204063582735254e-05,local
kl,fixed,1021.0,31.90625,1.955596828842378e-05,local
kl,fixed,1025.0,32.03125,1.72236894509352e-05,local
kl,fixed,1029.0,32.15625,1.5169562249586554e-05,local
kl,fixed,1033.0,32.28125,1.3360413835817056e-05,local
kl,fixed,1037.0,32.40625,1.1767027612754501e-05,local
kl,fixed,1041.0,32.53125,1.0363671405758815e-05,local
kl,fixed,1045.0,32.65625,9.127681904145679e-06,local
kl,fixed,1049.0,32.78125,8.039098663138818e-06,local
kl,fixed,1053.0,32.90625,7.0803417553738166e-06,local
kl,fixed,1057.0,33.03125,6.235927866237689e-06,local
kl,fixed,1061.0,33.15625,5.4922202481839005e-06,local
kl,fixed,1065.0,33.28125,4.837208495921105e-06,local
kl,fixed,1069.0,33.40625,4.260314586030886e-06,local
kl,fixed,1073.0,33.53125,3.752222048576723e-06,local
kl,fixed,1077.0,33.65625,3.3047255120498696e-06,local
kl,fixed,1081.0,33.78125,2.9105981918482883e-06,local
kl,fixed,1085.0,33.90625,2.5634751822811655e-06,local
kl,fixed,1089.0,34.03125,2.2577506673933084e-06,local
kl,fixed,1093.0,34.15625,1.9884873906171663e-06,local
kl,fixed,1097.0,34.28125,1.7513369211876492e-06,local
kl,fixed,1101.0,34.40625,1.5424694297698024e-06,local
kl,fixed,1105.0,34.53125,1.3585118391522068e-06,local
kl,fixed,1109.0,34.65625,1.1964933511794279e-06,local
kl,fixed,1113.0,34.78125,1.0537974702564118e-06,local
kl,fixed,1115.0,34.84375,9.88964227457849e-07,local
kl,two_stage,754.0,24.03125,0.048474079462816275,local
kl,two_stage,755.0,24.53125,0.024237039955508154,local
kl,two_stage,756.0,25.03125,0.012118520052454167,local
kl,two_stage,757.0,25.53125,0.006059260051127197,local
kl,two_stage,758.0,26.03125,0.0030296300338637206,local
kl,two_stage,759.0,26.53125,0.0015148150196986337,local
kl,two_stage,760.0,27.03125,0.0007574075107716377,local
kl,two_stage,761.0,27.53125,0.0003787037556932882,local
kl,two_stage,762.0,28.03125,0.00018935187794917396,local
kl,two_stage,763.0,28.53125,9.467593900880304e-05,local
kl,two_stage,764.0,29.03125,4.7337969515846014e-05,local
kl,two_stage,765.0,29.53125,2.3668984761778637e-05,local
kl,two_stage,766.0,30.03125,1.1834492382183617e-05,local
kl,two_stage,767.0,30.53125,5.917246191564631e-06,local
kl,two_stage,768.0,31.03125,2.9586230959521044e-06,local
kl,two_stage,769.0,31.53125,1.4793115480593145e-06,local
kl,two_stage,770.0,32.03125,7.396557740693551e-07,local
