kappa,method,step,time,mean,covariance,gap_ratio
8,riemannian,0,0.0,819200.0,0.125,1.0
8,riemannian,1,0.0625,812765.6547592928,0.125,0.9842830059819502
8,riemannian,2,0.125,806383.3391351739,0.125,0.968819184158129
8,riemannian,3,0.1875,800052.6466462637,0.125,0.9536045249858933
8,riemannian,4,0.25,793773.1739868183,0.125,0.9386350818674469
8,riemannian,5,0.3125,787544.5210019201,0.125,0.9239069701659445
8,riemannian,6,0.375,781366.2906628617,0.125,0.9094163662369452
8,riemannian,7,0.4375,775238.0890427224,0.125,0.8951595064749728
8,riemannian,8,0.5,769159.5252921357,0.125,0.8811326863749464
8,riemannian,9,0.5625,763130.2116152456,0.125,0.867332259608252
8,riemannian,10,0.625,757149.7632458515,0.125,0.8537546371132272
8,riemannian,11,0.6875,751217.7984237386,0.125,0.84039628619983
8,riemannian,12,0.75,745333.9383711936,0.125,0.8272537296682784
8,riemannian,13,0.8125,739497.8072697043,0.125,0.8143235449414338
8,riemannian,14,0.875,733709.0322368407,0.125,0.801602363210725
8,riemannian,15,0.9375,727967.2433033165,0.125,0.789086868595388
8,riemannian,16,1.0,722272.0733902308,0.125,0.7767737973148294
8,riemannian,17,1.0625,716623.1582864863,0.125,0.764659936873897
8,riemannian,18,1.125,711020.136626385,0.125,0.7527421252608609
8,riemannian,19,1.1875,705462.6498673985,0.125,0.7410172501579099
8,kl,0,0.0,819200.0,0.125,1.0
8,kl,1,0.0625,812765.6547592928,0.125,0.9842830059819502
8,kl,2,0.125,806383.3391351739,0.125,0.968819184158129
8,kl,3,0.1875,800052.6466462637,0.125,0.9536045249858933
8,kl,4,0.25,793773.1739868183,0.125,0.9386350818674469
8,kl,5,0.3125,787544.5210019201,0.125,0.9239069701659445
8,kl,6,0.375,781366.2906628617,0.125,0.9094163662369452
8,kl,7,0.4375,775238.0890427224,0.125,0.8951595064749728
8,kl,8,0.5,769159.5252921357,0.125,0.8811326863749464
8,kl,9,0.5625,763130.2116152456,0.125,0.867332259608252
8,kl,10,0.625,757149.7632458515,0.125,0.8537546371132272
8,kl,11,0.6875,751217.7984237386,0.125,0.84039628619983
8,kl,12,0.75,745333.9383711936,0.125,0.8272537296682784
8,kl,13,0.8125,739497.8072697043,0.125,0.8143235449414338
8,kl,14,0.875,733709.0322368407,0.125,0.801602363210725
8,kl,15,0.9375,727967.2433033165,0.125,0.789086868595388
8,kl,16,1.0,722272.0733902308,0.125,0.7767737973148294
8,kl,17,1.0625,716623.1582864863,0.125,0.764659936873897
8,kl,18,1.125,711020.136626385,0.125,0.7527421252608609
8,kl,19,1.1875,705462.6498673985,0.125,0.7410172501579099
12,riemannian,0,0.0,4147200.0,0.08333333333333333,1.0
12,riemannian,1,0.041666666666666664,4132715.9131696206,0.08333333333333333,0.9929927955043785
12,riemannian,2,0.08333333333333333,4118284.0513379853,0.08333333333333333,0.9860360330816775
12,riemannian,3,0.125,4103904.2331682937,0.08333333333333333,0.9791293563211155
12,riemannian,4,0.16666666666666666,4089576.277953386,0.08333333333333333,0.9722724113060444
12,riemannian,5,0.20833333333333331,4075300.0056135575,0.08333333333333333,0.9654648465965795
12,riemannian,6,0.25,4061075.2366943816,0.08333333333333333,0.9587063132123496
12,riemannian,7,0.29166666666666663,4046901.7923645363,0.08333333333333333,0.9519964646153641
12,riemannian,8,0.3333333333333333,4032779.4944136417,0.08333333333333333,0.9453349566930026
12,riemannian,9,0.375,4018708.1652501044,0.08333333333333333,0.9387214477411215
12,riemannian,10,0.41666666666666663,4004687.6278989683,0.08333333333333333,0.9321555984472771
12,riemannian,11,0.4583333333333333,3990717.705999774,0.08333333333333333,0.9256370718740661
12,riemannian,12,0.5,3976798.223804424,0.08333333333333333,0.9191655334425821
12,riemannian,13,0.5416666666666666,3962929.0061750584,0.08333333333333333,0.9127406509159863
12,riemannian,14,0.5833333333333333,3949109.8785819337,0.08333333333333333,0.9063620943831928
12,riemannian,15,0.625,3935340.667101313,0.08333333333333333,0.9000295362426678
12,riemannian,16,0.6666666666666666,3921621.198413361,0.08333333333333333,0.8937426511863399
12,riemannian,17,0.7083333333333333,3907951.2998000477,0.08333333333333333,0.8875011161836243
12,riemannian,18,0.75,3894330.7991430587,0.08333333333333333,0.881304610465556
12,riemannian,19,0.7916666666666666,3880759.524921712,0.08333333333333333,0.8751528155090342
12,riemannian,20,0.8333333333333333,3867237.306210884,0.08333333333333333,0.8690454150211764
12,riemannian,21,0.875,3853763.9726789407,0.08333333333333333,0.8629820949237814
12,riemannian,22,0.9166666666666666,3840339.3545856783,0.08333333333333333,0.8569625433378981
12,riemannian,23,0.9583333333333333,3826963.2827802673,0.08333333333333333,0.8509864505685056
12,riemannian,24,1.0,3813635.5886992086,0.08333333333333333,0.8450535090892956
12,riemannian,25,1.0416666666666665,3800356.1043642927,0.08333333333333333,0.8391634135275637
12,riemannian,26,1.0833333333333333,3787124.6623805678,0.08333333333333333,0.8333158606492027
12,riemannian,27,1.125,3773941.095934314,0.08333333333333333,0.827510549343804
12,riemannian,28,1.1666666666666665,3760805.2387910266,0.08333333333333333,0.8217471806098586
12,riemannian,29,1.2083333333333333,3747716.925293403,0.08333333333333333,0.8160254575400643
12,riemannian,30,1.25,3734675.9903593413,0.08333333333333333,0.8103450853067324
12,riemannian,31,1.2916666666666665,3721682.2694799392,0.08333333333333333,0.8047057711472971
12,riemannian,32,1.3333333333333333,3708735.5987175074,0.08333333333333333,0.7991072243499261
12,riemannian,33,1.375,3695835.814703584,0.08333333333333333,0.7935491562392297
12,riemannian,34,1.4166666666666665,3682982.7546369596,0.08333333333333333,0.7880312801620707
12,riemannian,35,1.4583333333333333,3670176.256281705,0.08333333333333333,0.7825533114734715
12,riemannian,36,1.5,3657416.157965212,0.08333333333333333,0.7771149675226215
12,riemannian,37,1.5416666666666665,3644702.298576235,0.08333333333333333,0.7717159676389783
12,riemannian,38,1.5833333333333333,3632034.5175629416,0.08333333333333333,0.7663560331184687
12,riemannian,39,1.625,3619412.6549309725,0.08333333333333333,0.7610348872097839
12,riemannian,40,1.6666666666666665,3606836.5512415036,0.08333333333333333,0.75575225510077
12,riemannian,41,1.7083333333333333,3594306.0476093176,0.08333333333333333,0.7505078639049146
12,riemannian,42,1.75,3581820.985700882,0.08333333333333333,0.7453014426479248
12,riemannian,43,1.7916666666666665,3569381.2077324344,0.08333333333333333,0.7401327222544009
12,kl,0,0.0,4147200.0,0.08333333333333333,1.0
12,kl,1,0.041666666666666664,4132715.9131696206,0.08333333333333333,0.9929927955043785
12,kl,2,0.08333333333333333,4118284.0513379853,0.08333333333333333,0.9860360330816775
12,kl,3,0.125,4103904.2331682937,0.08333333333333333,0.9791293563211155
12,kl,4,0.16666666666666666,4089576.277953386,0.08333333333333333,0.9722724113060444
12,kl,5,0.20833333333333331,4075300.0056135575,0.08333333333333333,0.9654648465965795
12,kl,6,0.25,4061075.2366943816,0.08333333333333333,0.9587063132123496
12,kl,7,0.29166666666666663,4046901.7923645363,0.08333333333333333,0.9519964646153641
12,kl,8,0.3333333333333333,4032779.4944136417,0.08333333333333333,0.9453349566930026
12,kl,9,0.375,4018708.1652501044,0.08333333333333333,0.9387214477411215
12,kl,10,0.41666666666666663,4004687.6278989683,0.08333333333333333,0.9321555984472771
12,kl,11,0.4583333333333333,3990717.705999774,0.08333333333333333,0.9256370718740661
12,kl,12,0.5,3976798.223804424,0.08333333333333333,0.9191655334425821
12,kl,13,0.5416666666666666,3962929.0061750584,0.08333333333333333,0.9127406509159863
12,kl,14,0.5833333333333333,3949109.8785819337,0.08333333333333333,0.9063620943831928
12,kl,15,0.625,3935340.667101313,0.08333333333333333,0.9000295362426678
12,kl,16,0.6666666666666666,3921621.198413361,0.08333333333333333,0.8937426511863399
12,kl,17,0.7083333333333333,3907951.2998000477,0.08333333333333333,0.8875011161836243
12,kl,18,0.75,3894330.7991430587,0.08333333333333333,0.881304610465556
12,kl,19,0.7916666666666666,3880759.524921712,0.08333333333333333,0.8751528155090342
12,kl,20,0.8333333333333333,3867237.306210884,0.08333333333333333,0.8690454150211764
12,kl,21,0.875,3853763.9726789407,0.08333333333333333,0.8629820949237814
12,kl,22,0.9166666666666666,3840339.3545856783,0.08333333333333333,0.8569625433378981
12,kl,23,0.9583333333333333,3826963.2827802673,0.08333333333333333,0.8509864505685056
12,kl,24,1.0,3813635.5886992086,0.08333333333333333,0.8450535090892956
12,kl,25,1.0416666666666665,3800356.1043642927,0.08333333333333333,0.8391634135275637
12,kl,26,1.0833333333333333,3787124.6623805678,0.08333333333333333,0.8333158606492027
12,kl,27,1.125,3773941.095934314,0.08333333333333333,0.827510549343804
12,kl,28,1.1666666666666665,3760805.2387910266,0.08333333333333333,0.8217471806098586
12,kl,29,1.2083333333333333,3747716.925293403,0.08333333333333333,0.8160254575400643
12,kl,30,1.25,3734675.9903593413,0.08333333333333333,0.8103450853067324
12,kl,31,1.2916666666666665,3721682.2694799392,0.08333333333333333,0.8047057711472971
12,kl,32,1.3333333333333333,3708735.5987175074,0.08333333333333333,0.7991072243499261
12,kl,33,1.375,3695835.814703584,0.08333333333333333,0.7935491562392297
12,kl,34,1.4166666666666665,3682982.7546369596,0.08333333333333333,0.7880312801620707
12,kl,35,1.4583333333333333,3670176.256281705,0.08333333333333333,0.7825533114734715
12,kl,36,1.5,3657416.157965212,0.08333333333333333,0.7771149675226215
12,kl,37,1.5416666666666665,3644702.298576235,0.08333333333333333,0.7717159676389783
12,kl,38,1.5833333333333333,3632034.5175629416,0.08333333333333333,0.7663560331184687
12,kl,39,1.625,3619412.6549309725,0.08333333333333333,0.7610348872097839
12,kl,40,1.6666666666666665,3606836.5512415036,0.08333333333333333,0.75575225510077
12,kl,41,1.7083333333333333,3594306.0476093176,0.08333333333333333,0.7505078639049146
12,kl,42,1.75,3581820.985700882,0.08333333333333333,0.7453014426479248
12,kl,43,1.7916666666666665,3569381.2077324344,0.08333333333333333,0.7401327222544009
16,riemannian,0,0.0,13107200.0,0.0625,1.0
16,riemannian,1,0.03125,13081445.325103173,0.0625,0.9960538286696216
16,riemannian,2,0.0625,13055742.97419983,0.0625,0.9921236756929701
16,riemannian,3,0.09375,13030092.845094671,0.0625,0.9882094773024624
16,riemannian,4,0.125,13004494.835791998,0.0625,0.9843111699818193
16,riemannian,5,0.15625,12978948.844495319,0.0625,0.9804286904650797
16,riemannian,6,0.1875,12953454.769606968,0.0625,0.9765619757356192
16,riemannian,7,0.21875,12928012.50972771,0.0625,0.9727109630251733
16,riemannian,8,0.25,12902621.963656355,0.0625,0.9688755898128609
16,riemannian,9,0.28125,12877283.03038937,0.0625,0.9650557938242178
16,riemannian,10,0.3125,12851995.6091205,0.0625,0.9612515130302266
16,riemannian,11,0.34375,12826759.59924037,0.0625,0.9574626856463571
16,riemannian,12,0.375,12801574.900336115,0.0625,0.953689250131605
16,riemannian,13,0.40625,12776441.412190983,0.0625,0.9499311451875393
16,riemannian,14,0.4375,12751359.034783961,0.0625,0.9461883097573488
16,riemannian,15,0.46875,12726327.668289388,0.0625,0.9424606830248952
16,riemannian,16,0.5,12701347.213076575,0.0625,0.9387482044137703
16,riemannian,17,0.53125,12676417.569709426,0.0625,0.9350508135863542
16,riemannian,18,0.5625,12651538.638946055,0.0625,0.9313684504428796
16,riemannian,19,0.59375,12626710.321738407,0.0625,0.9277010551204995
16,riemannian,20,0.625,12601932.519231882,0.0625,0.9240485679923556
16,riemannian,21,0.65625,12577205.132764954,0.0625,0.9204109296666557
16,riemannian,22,0.6875,12552528.063868795,0.0625,0.9167880809857499
16,riemannian,23,0.71875,12527901.2142669,0.0625,0.9131799630252133
16,riemannian,24,0.75,12503324.48587471,0.0625,0.9095865170929297
16,riemannian,25,0.78125,12478797.780799238,0.0625,0.9060076847281823
16,riemannian,26,0.8125,12454321.001338692,0.0625,0.9024434077007444
16,riemannian,27,0.84375,12429894.049982106,0.0625,0.898893628009977
16,riemannian,28,0.875,12405516.829408964,0.0625,0.8953582878839267
16,riemannian,29,0.90625,12381189.242488831,0.0625,0.8918373297784294
16,riemannian,30,0.9375,12356911.192280978,0.0625,0.8883306963762175
16,riemannian,31,0.96875,12332682.582034012,0.0625,0.8848383305860281
16,riemannian,32,1.0,12308503.315185511,0.0625,0.8813601755417181
16,riemannian,33,1.03125,12284373.295361651,0.0625,0.8778961746013808
16,riemannian,34,1.0625,12260292.426376835,0.0625,0.8744462713464656
16,riemannian,35,1.09375,12236260.61223333,0.0625,0.8710104095809027
16,riemannian,36,1.125,12212277.7571209,0.0625,0.8675885333302296
16,riemannian,37,1.15625,12188343.765416438,0.0625,0.8641805868407227
16,riemannian,38,1.1875,12164458.5416836,0.0625,0.8607865145785308
16,riemannian,39,1.21875,12140621.990672441,0.0625,0.8574062612288128
16,riemannian,40,1.25,12116834.017319053,0.0625,0.8540397716948773
16,riemannian,41,1.28125,12093094.526745196,0.0625,0.8506869910973293
16,riemannian,42,1.3125,12069403.424257943,0.0625,0.8473478647732159
16,riemannian,43,1.34375,12045760.615349311,0.0625,0.8440223382751768
16,riemannian,44,1.375,12022166.005695906,0.0625,0.8407103573706013
16,riemannian,45,1.40625,11998619.501158556,0.0625,0.8374118680407823
16,riemannian,46,1.4375,11975121.007781956,0.0625,0.8341268164800789
16,riemannian,47,1.46875,11951670.43179431,0.0625,0.8308551490950811
16,riemannian,48,1.5,11928267.679606965,0.0625,0.8275968125037758
16,riemannian,49,1.53125,11904912.657814061,0.0625,0.8243517535347183
16,riemannian,50,1.5625,11881605.273192173,0.0625,0.821119919226206
16,riemannian,51,1.59375,11858345.43269995,0.0625,0.8179012568254552
16,riemannian,52,1.625,11835133.043477766,0.0625,0.814695713787782
16,riemannian,53,1.65625,11811968.012847358,0.0625,0.8115032377757855
16,riemannian,54,1.6875,11788850.248311477,0.0625,0.8083237766585343
16,riemannian,55,1.71875,11765779.65755353,0.0625,0.8051572785107565
16,riemannian,56,1.75,11742756.148437232,0.0625,0.8020036916120333
16,riemannian,57,1.78125,11719779.629006254,0.0625,0.7988629644459952
16,riemannian,58,1.8125,11696850.007483866,0.0625,0.7957350456995208
16,riemannian,59,1.84375,11673967.19227259,0.0625,0.7926198842619393
16,riemannian,60,1.875,11651131.09195385,0.0625,0.7895174292242365
16,riemannian,61,1.90625,11628341.61528762,0.0625,0.7864276298782644
16,riemannian,62,1.9375,11605598.67121208,0.0625,0.7833504357159509
16,riemannian,63,1.96875,11582902.168843266,0.0625,0.7802857964285168
16,riemannian,64,2.0,11560252.017474715,0.0625,0.7772336619056927
16,riemannian,65,2.03125,11537648.126577131,0.0625,0.7741939822349404
16,riemannian,66,2.0625,11515090.405798035,0.0625,0.7711667077006773
16,riemannian,67,2.09375,11492578.76496141,0.0625,0.7681517887835024
16,riemannian,68,2.125,11470113.114067372,0.0625,0.7651491761594282
16,riemannian,69,2.15625,11447693.363291811,0.0625,0.7621588206991122
16,riemannian,70,2.1875,11425319.42298606,0.0625,0.7591806734670944
16,riemannian,71,2.21875,11402991.203676546,0.0625,0.7562146857210357
16,riemannian,72,2.25,11380708.616064446,0.0625,0.7532608089109599
16,riemannian,73,2.28125,11358471.571025353,0.0625,0.7503189946785002
16,riemannian,74,2.3125,11336279.979608927,0.0625,0.747389194856145
16,riemannian,75,2.34375,11314133.753038563,0.0625,0.7444713614664913
16,riemannian,76,2.375,11292032.802711045,0.0625,0.7415654467214967
16,kl,0,0.0,13107200.0,0.0625,1.0
16,kl,1,0.03125,13081445.325103173,0.0625,0.9960538286696216
16,kl,2,0.0625,13055742.97419983,0.0625,0.9921236756929701
16,kl,3,0.09375,13030092.845094671,0.0625,0.9882094773024624
16,kl,4,0.125,13004494.835791998,0.0625,0.9843111699818193
16,kl,5,0.15625,12978948.844495319,0.0625,0.9804286904650797
16,kl,6,0.1875,12953454.769606968,0.0625,0.9765619757356192
16,kl,7,0.21875,12928012.50972771,0.0625,0.9727109630251733
16,kl,8,0.25,12902621.963656355,0.0625,0.9688755898128609
16,kl,9,0.28125,12877283.03038937,0.0625,0.9650557938242178
16,kl,10,0.3125,12851995.6091205,0.0625,0.9612515130302266
16,kl,11,0.34375,12826759.59924037,0.0625,0.9574626856463571
16,kl,12,0.375,12801574.900336115,0.0625,0.953689250131605
16,kl,13,0.40625,12776441.412190983,0.0625,0.9499311451875393
16,kl,14,0.4375,12751359.034783961,0.0625,0.9461883097573488
16,kl,15,0.46875,12726327.668289388,0.0625,0.9424606830248952
16,kl,16,0.5,12701347.213076575,0.0625,0.9387482044137703
16,kl,17,0.53125,12676417.569709426,0.0625,0.9350508135863542
16,kl,18,0.5625,12651538.638946055,0.0625,0.9313684504428796
16,kl,19,0.59375,12626710.321738407,0.0625,0.9277010551204995
16,kl,20,0.625,12601932.519231882,0.0625,0.9240485679923556
16,kl,21,0.65625,12577205.132764954,0.0625,0.9204109296666557
16,kl,22,0.6875,12552528.063868795,0.0625,0.9167880809857499
16,kl,23,0.71875,12527901.2142669,0.0625,0.9131799630252133
16,kl,24,0.75,12503324.48587471,0.0625,0.9095865170929297
16,kl,25,0.78125,12478797.780799238,0.0625,0.9060076847281823
16,kl,26,0.8125,12454321.001338692,0.0625,0.9024434077007444
16,kl,27,0.84375,12429894.049982106,0.0625,0.898893628009977
16,kl,28,0.875,12405516.829408964,0.0625,0.8953582878839267
16,kl,29,0.90625,12381189.242488831,0.0625,0.8918373297784294
16,kl,30,0.9375,12356911.192280978,0.0625,0.8883306963762175
16,kl,31,0.96875,12332682.582034012,0.0625,0.8848383305860281
16,kl,32,1.0,12308503.315185511,0.0625,0.8813601755417181
16,kl,33,1.03125,12284373.295361651,0.0625,0.8778961746013808
16,kl,34,1.0625,12260292.426376835,0.0625,0.8744462713464656
16,kl,35,1.09375,12236260.61223333,0.0625,0.8710104095809027
16,kl,36,1.125,12212277.7571209,0.0625,0.8675885333302296
16,kl,37,1.15625,12188343.765416438,0.0625,0.8641805868407227
16,kl,38,1.1875,12164458.5416836,0.0625,0.8607865145785308
16,kl,39,1.21875,12140621.990672441,0.0625,0.8574062612288128
16,kl,40,1.25,12116834.017319053,0.0625,0.8540397716948773
16,kl,41,1.28125,12093094.526745196,0.0625,0.8506869910973293
16,kl,42,1.3125,12069403.424257943,0.0625,0.8473478647732159
16,kl,43,1.34375,12045760.615349311,0.0625,0.8440223382751768
16,kl,44,1.375,12022166.005695906,0.0625,0.8407103573706013
16,kl,45,1.40625,11998619.501158556,0.0625,0.8374118680407823
16,kl,46,1.4375,11975121.007781956,0.0625,0.8341268164800789
16,kl,47,1.46875,11951670.43179431,0.0625,0.8308551490950811
16,kl,48,1.5,11928267.679606965,0.0625,0.8275968125037758
16,kl,49,1.53125,11904912.657814061,0.0625,0.8243517535347183
16,kl,50,1.5625,11881605.273192173,0.0625,0.821119919226206
16,kl,51,1.59375,11858345.43269995,0.0625,0.8179012568254552
16,kl,52,1.625,11835133.043477766,0.0625,0.814695713787782
16,kl,53,1.65625,11811968.012847358,0.0625,0.8115032377757855
16,kl,54,1.6875,11788850.248311477,0.0625,0.8083237766585343
16,kl,55,1.71875,11765779.65755353,0.0625,0.8051572785107565
16,kl,56,1.75,11742756.148437232,0.0625,0.8020036916120333
16,kl,57,1.78125,11719779.629006254,0.0625,0.7988629644459952
16,kl,58,1.8125,11696850.007483866,0.0625,0.7957350456995208
16,kl,59,1.84375,11673967.19227259,0.0625,0.7926198842619393
16,kl,60,1.875,11651131.09195385,0.0625,0.7895174292242365
16,kl,61,1.90625,11628341.61528762,0.0625,0.7864276298782644
16,kl,62,1.9375,11605598.67121208,0.0625,0.7833504357159509
16,kl,63,1.96875,11582902.168843266,0.0625,0.7802857964285168
16,kl,64,2.0,11560252.017474715,0.0625,0.7772336619056927
16,kl,65,2.03125,11537648.126577131,0.0625,0.7741939822349404
16,kl,66,2.0625,11515090.405798035,0.0625,0.7711667077006773
16,kl,67,2.09375,11492578.76496141,0.0625,0.7681517887835024
16,kl,68,2.125,11470113.114067372,0.0625,0.7651491761594282
16,kl,69,2.15625,11447693.363291811,0.0625,0.7621588206991122
16,kl,70,2.1875,11425319.42298606,0.0625,0.7591806734670944
16,kl,71,2.21875,11402991.203676546,0.0625,0.7562146857210357
16,kl,72,2.25,11380708.616064446,0.0625,0.7532608089109599
16,kl,73,2.28125,11358471.571025353,0.0625,0.7503189946785002
16,kl,74,2.3125,11336279.979608927,0.0625,0.747389194856145
16,kl,75,2.34375,11314133.753038563,0.0625,0.7444713614664913
16,kl,76,2.375,11292032.802711045,0.0625,0.7415654467214967
24,riemannian,0,0.0,66355200.0,0.041666666666666664,1.0
24,riemannian,1,0.020833333333333332,66297235.54984852,0.041666666666666664,0.9982442356431679
24,riemannian,2,0.041666666666666664,66239323.528814524,0.041666666666666664,0.9964916460730429
24,riemannian,3,0.0625,66181463.89138662,0.041666666666666664,0.994742225664538
24,riemannian,4,0.08333333333333333,66123656.59209293,0.041666666666666664,0.9929959688024288
24,riemannian,5,0.10416666666666666,66065901.585501045,0.041666666666666664,0.9912528698813357
24,riemannian,6,0.125,66008198.826217994,0.041666666666666664,0.9895129233057062
24,riemannian,7,0.14583333333333331,65950548.26889021,0.041666666666666664,0.9877761234897988
24,riemannian,8,0.16666666666666666,65892949.8682035,0.041666666666666664,0.9860424648576651
24,riemannian,9,0.1875,65835403.57888299,0.041666666666666664,0.9843119418431331
24,riemannian,10,0.20833333333333331,65777909.35569313,0.041666666666666664,0.9825845488897896
24,riemannian,11,0.22916666666666666,65720467.15343763,0.041666666666666664,0.9808602804509641
24,riemannian,12,0.25,65663076.92695942,0.041666666666666664,0.9791391309897112
24,riemannian,13,0.2708333333333333,65605738.631140634,0.041666666666666664,0.9774210949787934
24,riemannian,14,0.29166666666666663,65548452.220902584,0.041666666666666664,0.9757061669006647
24,riemannian,15,0.3125,65491217.6512057,0.041666666666666664,0.9739943412474534
24,riemannian,16,0.3333333333333333,65434034.87704952,0.041666666666666664,0.9722856125209458
24,riemannian,17,0.35416666666666663,65376903.85347263,0.041666666666666664,0.9705799752325683
24,riemannian,18,0.375,65319824.53555264,0.041666666666666664,0.9688774239033712
24,riemannian,19,0.3958333333333333,65262796.87840619,0.041666666666666664,0.9671779530640121
24,riemannian,20,0.41666666666666663,65205820.83718884,0.041666666666666664,0.9654815572547386
24,riemannian,21,0.4375,65148896.367095105,0.041666666666666664,0.9637882310253725
24,riemannian,22,0.4583333333333333,65092023.42335839,0.041666666666666664,0.9620979689352916
24,riemannian,23,0.47916666666666663,65035201.96125094,0.041666666666666664,0.9604107655534148
24,riemannian,24,0.5,64978431.93608385,0.041666666666666664,0.9587266154581842
24,riemannian,25,0.5208333333333333,64921713.303207,0.041666666666666664,0.9570455132375483
24,riemannian,26,0.5416666666666666,64865046.01800902,0.041666666666666664,0.9553674534889468
24,riemannian,27,0.5625,64808430.03591728,0.041666666666666664,0.9536924308192932
24,riemannian,28,0.5833333333333333,64751865.31239783,0.041666666666666664,0.9520204398449574
24,riemannian,29,0.6041666666666666,64695351.802955374,0.041666666666666664,0.9503514751917511
24,riemannian,30,0.625,64638889.46313326,0.041666666666666664,0.94868553149491
24,riemannian,31,0.6458333333333333,64582478.24851341,0.041666666666666664,0.9470226033990774
24,riemannian,32,0.6666666666666666,64526118.11471631,0.041666666666666664,0.9453626855582882
24,riemannian,33,0.6875,64469809.01740096,0.041666666666666664,0.9437057726359526
24,riemannian,34,0.7083333333333333,64413550.91226486,0.041666666666666664,0.9420518593048394
24,riemannian,35,0.7291666666666666,64357343.755043976,0.041666666666666664,0.94040094024706
24,riemannian,36,0.75,64301187.50151268,0.041666666666666664,0.9387530101540514
24,riemannian,37,0.7708333333333333,64245082.10748374,0.041666666666666664,0.9371080637265613
24,riemannian,38,0.7916666666666666,64189027.52880828,0.041666666666666664,0.93546609567463
24,riemannian,39,0.8125,64133023.72137576,0.041666666666666664,0.9338271007175761
24,riemannian,40,0.8333333333333333,64077070.64111392,0.041666666666666664,0.932191073583979
24,riemannian,41,0.8541666666666666,64021168.24398875,0.041666666666666664,0.930558009011663
24,riemannian,42,0.875,63965316.48600448,0.041666666666666664,0.9289279017476814
24,riemannian,43,0.8958333333333333,63909515.32320351,0.041666666666666664,0.9273007465483006
24,riemannian,44,0.9166666666666666,63853764.71166642,0.041666666666666664,0.9256765381789837
24,riemannian,45,0.9375,63798064.6075119,0.041666666666666664,0.9240552714143739
24,riemannian,46,0.9583333333333333,63742414.96689674,0.041666666666666664,0.9224369410382801
24,riemannian,47,0.9791666666666666,63686815.74601579,0.041666666666666664,0.9208215418436595
24,riemannian,48,1.0,63631266.9011019,0.041666666666666664,0.9192090686326013
24,riemannian,49,1.0208333333333333,63575768.388425946,0.041666666666666664,0.9175995162163125
24,riemannian,50,1.0416666666666665,63520320.164296746,0.041666666666666664,0.9159928794151007
24,riemannian,51,1.0625,63464922.18506105,0.041666666666666664,0.9143891530583584
24,riemannian,52,1.0833333333333333,63409574.4071035,0.041666666666666664,0.9127883319845478
24,riemannian,53,1.1041666666666665,63354276.78684659,0.041666666666666664,0.9111904110411834
24,riemannian,54,1.125,63299029.28075066,0.041666666666666664,0.9095953850848183
24,riemannian,55,1.1458333333333333,63243831.845313825,0.041666666666666664,0.9080032489810267
24,riemannian,56,1.1666666666666665,63188684.43707197,0.041666666666666664,0.9064139976043893
24,riemannian,57,1.1875,63133587.01259872,0.041666666666666664,0.9048276258384775
24,riemannian,58,1.2083333333333333,63078539.528505385,0.041666666666666664,0.9032441285758362
24,riemannian,59,1.2291666666666665,63023541.94144093,0.041666666666666664,0.9016635007179702
24,riemannian,60,1.25,62968594.208091974,0.041666666666666664,0.9000857371753277
24,riemannian,61,1.2708333333333333,62913696.28518272,0.041666666666666664,0.8985108328672844
24,riemannian,62,1.2916666666666665,62858848.12947494,0.041666666666666664,0.8969387827221279
24,riemannian,63,1.3125,62804049.69776793,0.041666666666666664,0.895369581677043
24,riemannian,64,1.3333333333333333,62749300.9468985,0.041666666666666664,0.8938032246780953
24,riemannian,65,1.3541666666666665,62694601.83374092,0.041666666666666664,0.8922397066802162
24,riemannian,66,1.375,62639952.31520691,0.041666666666666664,0.8906790226471875
24,riemannian,67,1.3958333333333333,62585352.34824557,0.041666666666666664,0.8891211675516251
24,riemannian,68,1.4166666666666665,62530801.88984338,0.041666666666666664,0.8875661363749646
24,riemannian,69,1.4375,62476300.89702417,0.041666666666666664,0.8860139241074455
24,riemannian,70,1.4583333333333333,62421849.32684906,0.041666666666666664,0.8844645257480956
24,riemannian,71,1.4791666666666665,62367447.13641645,0.041666666666666664,0.8829179363047167
24,riemannian,72,1.5,62313094.282861985,0.041666666666666664,0.8813741507938675
24,riemannian,73,1.5208333333333333,62258790.723358504,0.041666666666666664,0.8798331642408499
24,riemannian,74,1.5416666666666665,62204536.41511604,0.041666666666666664,0.8782949716796931
24,riemannian,75,1.5625,62150331.315381765,0.041666666666666664,0.8767595681531387
24,riemannian,76,1.5833333333333333,62096175.381439954,0.041666666666666664,0.875226948712625
24,riemannian,77,1.6041666666666665,62042068.57061197,0.041666666666666664,0.8736971084182718
24,riemannian,78,1.625,61988010.840256214,0.041666666666666664,0.8721700423388661
24,riemannian,79,1.6458333333333333,61934002.14776812,0.041666666666666664,0.870645745551846
24,riemannian,80,1.6666666666666665,61880042.45058008,0.041666666666666664,0.8691242131432861
24,riemannian,81,1.6875,61826131.70616147,0.041666666666666664,0.8676054402078829
24,riemannian,82,1.7083333333333333,61772269.87201855,0.041666666666666664,0.8660894218489382
24,riemannian,83,1.7291666666666665,61718456.9056945,0.041666666666666664,0.864576153178346
24,riemannian,84,1.75,61664692.76476933,0.041666666666666664,0.8630656293165763
24,riemannian,85,1.7708333333333333,61610977.40685988,0.041666666666666664,0.8615578453926602
24,riemannian,86,1.7916666666666665,61557310.78961978,0.041666666666666664,0.8600527965441753
24,riemannian,87,1.8125,61503692.87073943,0.041666666666666664,0.8585504779172309
24,riemannian,88,1.8333333333333333,61450123.60794594,0.041666666666666664,0.857050884666453
24,riemannian,89,1.8541666666666665,61396602.95900313,0.041666666666666664,0.8555540119549685
24,riemannian,90,1.875,61343130.88171147,0.041666666666666664,0.8540598549543923
24,riemannian,91,1.8958333333333333,61289707.333908066,0.041666666666666664,0.8525684088448108
24,riemannian,92,1.9166666666666665,61236332.27346664,0.041666666666666664,0.8510796688147682
24,riemannian,93,1.9375,61183005.65829746,0.041666666666666664,0.84959363006125
24,riemannian,94,1.9583333333333333,61129727.44634733,0.041666666666666664,0.8481102877896713
24,riemannian,95,1.9791666666666665,61076497.595599584,0.041666666666666664,0.8466296372138592
24,riemannian,96,2.0,61023316.064073995,0.041666666666666664,0.845151673556039
24,riemannian,97,2.020833333333333,60970182.8098268,0.041666666666666664,0.8436763920468208
24,riemannian,98,2.0416666666666665,60917097.79095064,0.041666666666666664,0.842203787925183
24,riemannian,99,2.0625,60864060.96557454,0.041666666666666664,0.8407338564384593
24,riemannian,100,2.083333333333333,60811072.29186385,0.041666666666666664,0.8392665928423225
24,riemannian,101,2.1041666666666665,60758131.728020266,0.041666666666666664,0.8378019924007716
24,riemannian,102,2.125,60705239.23228174,0.041666666666666664,0.8363400503861158
24,riemannian,103,2.145833333333333,60652394.76292248,0.041666666666666664,0.8348807620789612
24,riemannian,104,2.1666666666666665,60599598.27825294,0.041666666666666664,0.833424122768196
24,riemannian,105,2.1875,60546849.736619726,0.041666666666666664,0.8319701277509751
24,riemannian,106,2.208333333333333,60494149.096405625,0.041666666666666664,0.830518772332707
24,riemannian,107,2.2291666666666665,60441496.31602955,0.041666666666666664,0.8290700518270386
24,riemannian,108,2.25,60388891.35394649,0.041666666666666664,0.8276239615558413
24,riemannian,109,2.270833333333333,60336334.16864752,0.041666666666666664,0.8261804968491961
24,riemannian,110,2.2916666666666665,60283824.718659736,0.041666666666666664,0.82473965304538
24,riemannian,111,2.3125,60231362.96254624,0.041666666666666664,0.8233014254908507
24,riemannian,112,2.333333333333333,60178948.85890608,0.041666666666666664,0.8218658095402332
24,riemannian,113,2.3541666666666665,60126582.366374284,0.041666666666666664,0.8204328005563056
24,riemannian,114,2.375,60074263.443621755,0.041666666666666664,0.8190023939099838
24,riemannian,115,2.395833333333333,60021992.04935528,0.041666666666666664,0.8175745849803087
24,riemannian,116,2.4166666666666665,59969768.1423175,0.041666666666666664,0.8161493691544307
24,riemannian,117,2.4375,59917591.681286864,0.041666666666666664,0.8147267418275969
24,riemannian,118,2.458333333333333,59865462.62507759,0.041666666666666664,0.8133066984031353
24,riemannian,119,2.4791666666666665,59813380.932539664,0.041666666666666664,0.8118892342924428
24,riemannian,120,2.5,59761346.56255879,0.041666666666666664,0.8104743449149692
24,riemannian,121,2.520833333333333,59709359.47405636,0.041666666666666664,0.809062025698204
24,riemannian,122,2.5416666666666665,59657419.62598943,0.041666666666666664,0.8076522720776627
24,riemannian,123,2.5625,59605526.97735067,0.041666666666666664,0.8062450794968719
24,riemannian,124,2.583333333333333,59553681.48716835,0.041666666666666664,0.8048404434073559
24,riemannian,125,2.6041666666666665,59501883.11450631,0.041666666666666664,0.8034383592686228
24,riemannian,126,2.625,59450131.81846394,0.041666666666666664,0.8020388225481503
24,riemannian,127,2.645833333333333,59398427.5581761,0.041666666666666664,0.8006418287213721
24,riemannian,128,2.6666666666666665,59346770.29281315,0.041666666666666664,0.7992473732716638
24,riemannian,129,2.6875,59295159.98158089,0.041666666666666664,0.7978554516903288
24,riemannian,130,2.708333333333333,59243596.58372052,0.041666666666666664,0.7964660594765847
24,riemannian,131,2.7291666666666665,59192080.05850862,0.041666666666666664,0.7950791921375496
24,riemannian,132,2.75,59140610.36525714,0.041666666666666664,0.7936948451882285
24,riemannian,133,2.770833333333333,59089187.463313326,0.041666666666666664,0.7923130141514992
24,riemannian,134,2.7916666666666665,59037811.31205973,0.041666666666666664,0.790933694558098
24,riemannian,135,2.8125,58986481.870914154,0.041666666666666664,0.7895568819466076
24,riemannian,136,2.833333333333333,58935199.09932963,0.041666666666666664,0.7881825718634412
24,riemannian,137,2.8541666666666665,58883962.95679438,0.041666666666666664,0.7868107598628313
24,riemannian,138,2.875,58832773.40283181,0.041666666666666664,0.7854414415068139
24,riemannian,139,2.895833333333333,58781630.39700044,0.041666666666666664,0.7840746123652164
24,riemannian,140,2.9166666666666665,58730533.898893915,0.041666666666666664,0.7827102680156427
24,riemannian,141,2.9375,58679483.86814094,0.041666666666666664,0.7813484040434608
24,riemannian,142,2.958333333333333,58628480.26440528,0.041666666666666664,0.7799890160417888
24,riemannian,143,2.9791666666666665,58577523.04738569,0.041666666666666664,0.7786320996114807
24,riemannian,144,3.0,58526612.176815934,0.041666666666666664,0.7772776503611145
24,riemannian,145,3.020833333333333,58475747.61246472,0.041666666666666664,0.7759256639069769
24,riemannian,146,3.0416666666666665,58424929.31413567,0.041666666666666664,0.7745761358730511
24,riemannian,147,3.0625,58374157.24166731,0.041666666666666664,0.7732290618910027
24,riemannian,148,3.083333333333333,58323431.35493302,0.041666666666666664,0.7718844376001668
24,riemannian,149,3.1041666666666665,58272751.61384103,0.041666666666666664,0.7705422586475342
24,riemannian,150,3.125,58222117.978334345,0.041666666666666664,0.7692025206877384
24,riemannian,151,3.145833333333333,58171530.40839076,0.041666666666666664,0.7678652193830418
24,riemannian,152,3.1666666666666665,58120988.86402281,0.041666666666666664,0.7665303504033228
24,riemannian,153,3.1875,58070493.305277735,0.041666666666666664,0.7651979094260624
24,riemannian,154,3.208333333333333,58020043.69223746,0.041666666666666664,0.7638678921363307
24,riemannian,155,3.2291666666666665,57969639.98501856,0.041666666666666664,0.7625402942267737
24,riemannian,156,3.25,57919282.14377224,0.041666666666666664,0.761215111397601
24,riemannian,157,3.270833333333333,57868970.128684275,0.041666666666666664,0.759892339356571
24,riemannian,158,3.2916666666666665,57818703.899975024,0.041666666666666664,0.7585719738189786
24,riemannian,159,3.3125,57768483.41789936,0.041666666666666664,0.7572540105076424
24,riemannian,160,3.333333333333333,57718308.64274667,0.041666666666666664,0.7559384451528908
24,riemannian,161,3.3541666666666665,57668179.5348408,0.041666666666666664,0.754625273492549
24,riemannian,162,3.375,57618096.05454004,0.041666666666666664,0.7533144912719271
24,riemannian,163,3.395833333333333,57568058.1622371,0.041666666666666664,0.7520060942438054
24,riemannian,164,3.4166666666666665,57518065.81835906,0.041666666666666664,0.7507000781684217
24,riemannian,165,3.4375,57468118.98336736,0.041666666666666664,0.7493964388134591
24,riemannian,166,3.458333333333333,57418217.61775776,0.041666666666666664,0.748095171954033
24,riemannian,167,3.4791666666666665,57368361.68206031,0.041666666666666664,0.7467962733726767
24,riemannian,168,3.5,57318551.136839315,0.041666666666666664,0.7454997388593301
24,riemannian,169,3.520833333333333,57268785.94269333,0.041666666666666664,0.7442055642113258
24,riemannian,170,3.5416666666666665,57219066.060255095,0.041666666666666664,0.7429137452333763
24,riemannian,171,3.5625,57169391.450191535,0.041666666666666664,0.7416242777375619
24,riemannian,172,3.583333333333333,57119762.07320371,0.041666666666666664,0.7403371575433164
24,kl,0,0.0,66355200.0,0.041666666666666664,1.0
24,kl,1,0.020833333333333332,66297235.54984852,0.041666666666666664,0.9982442356431679
24,kl,2,0.041666666666666664,66239323.528814524,0.041666666666666664,0.9964916460730429
24,kl,3,0.0625,66181463.89138662,0.041666666666666664,0.994742225664538
24,kl,4,0.08333333333333333,66123656.59209293,0.041666666666666664,0.9929959688024288
24,kl,5,0.10416666666666666,66065901.585501045,0.041666666666666664,0.9912528698813357
24,kl,6,0.125,66008198.826217994,0.041666666666666664,0.9895129233057062
24,kl,7,0.14583333333333331,65950548.26889021,0.041666666666666664,0.9877761234897988
24,kl,8,0.16666666666666666,65892949.8682035,0.041666666666666664,0.9860424648576651
24,kl,9,0.1875,65835403.57888299,0.041666666666666664,0.9843119418431331
24,kl,10,0.20833333333333331,65777909.35569313,0.041666666666666664,0.9825845488897896
24,kl,11,0.22916666666666666,65720467.15343763,0.041666666666666664,0.9808602804509641
24,kl,12,0.25,65663076.92695942,0.041666666666666664,0.9791391309897112
24,kl,13,0.2708333333333333,65605738.631140634,0.041666666666666664,0.9774210949787934
24,kl,14,0.29166666666666663,65548452.220902584,0.041666666666666664,0.9757061669006647
24,kl,15,0.3125,65491217.6512057,0.041666666666666664,0.9739943412474534
24,kl,16,0.3333333333333333,65434034.87704952,0.041666666666666664,0.9722856125209458
24,kl,17,0.35416666666666663,65376903.85347263,0.041666666666666664,0.9705799752325683
24,kl,18,0.375,65319824.53555264,0.041666666666666664,0.9688774239033712
24,kl,19,0.3958333333333333,65262796.87840619,0.041666666666666664,0.9671779530640121
24,kl,20,0.41666666666666663,65205820.83718884,0.041666666666666664,0.9654815572547386
24,kl,21,0.4375,65148896.367095105,0.041666666666666664,0.9637882310253725
24,kl,22,0.4583333333333333,65092023.42335839,0.041666666666666664,0.9620979689352916
24,kl,23,0.47916666666666663,65035201.96125094,0.041666666666666664,0.9604107655534148
24,kl,24,0.5,64978431.93608385,0.041666666666666664,0.9587266154581842
24,kl,25,0.5208333333333333,64921713.303207,0.041666666666666664,0.9570455132375483
24,kl,26,0.5416666666666666,64865046.01800902,0.041666666666666664,0.9553674534889468
24,kl,27,0.5625,64808430.03591728,0.041666666666666664,0.9536924308192932
24,kl,28,0.5833333333333333,64751865.31239783,0.041666666666666664,0.9520204398449574
24,kl,29,0.6041666666666666,64695351.802955374,0.041666666666666664,0.9503514751917511
24,kl,30,0.625,64638889.46313326,0.041666666666666664,0.94868553149491
24,kl,31,0.6458333333333333,64582478.24851341,0.041666666666666664,0.9470226033990774
24,kl,32,0.6666666666666666,64526118.11471631,0.041666666666666664,0.9453626855582882
24,kl,33,0.6875,64469809.01740096,0.041666666666666664,0.9437057726359526
24,kl,34,0.7083333333333333,64413550.91226486,0.041666666666666664,0.9420518593048394
24,kl,35,0.7291666666666666,64357343.755043976,0.041666666666666664,0.94040094024706
24,kl,36,0.75,64301187.50151268,0.041666666666666664,0.9387530101540514
24,kl,37,0.7708333333333333,64245082.10748374,0.041666666666666664,0.9371080637265613
24,kl,38,0.7916666666666666,64189027.52880828,0.041666666666666664,0.93546609567463
24,kl,39,0.8125,64133023.72137576,0.041666666666666664,0.9338271007175761
24,kl,40,0.8333333333333333,64077070.64111392,0.041666666666666664,0.932191073583979
24,kl,41,0.8541666666666666,64021168.24398875,0.041666666666666664,0.930558009011663
24,kl,42,0.875,63965316.48600448,0.041666666666666664,0.9289279017476814
24,kl,43,0.8958333333333333,63909515.32320351,0.041666666666666664,0.9273007465483006
24,kl,44,0.9166666666666666,63853764.71166642,0.041666666666666664,0.9256765381789837
24,kl,45,0.9375,63798064.6075119,0.041666666666666664,0.9240552714143739
24,kl,46,0.9583333333333333,63742414.96689674,0.041666666666666664,0.9224369410382801
24,kl,47,0.9791666666666666,63686815.74601579,0.041666666666666664,0.9208215418436595
24,kl,48,1.0,63631266.9011019,0.041666666666666664,0.9192090686326013
24,kl,49,1.0208333333333333,63575768.388425946,0.041666666666666664,0.9175995162163125
24,kl,50,1.0416666666666665,63520320.164296746,0.041666666666666664,0.9159928794151007
24,kl,51,1.0625,63464922.18506105,0.041666666666666664,0.9143891530583584
24,kl,52,1.0833333333333333,63409574.4071035,0.041666666666666664,0.9127883319845478
24,kl,53,1.1041666666666665,63354276.78684659,0.041666666666666664,0.9111904110411834
24,kl,54,1.125,63299029.28075066,0.041666666666666664,0.9095953850848183
24,kl,55,1.1458333333333333,63243831.845313825,0.041666666666666664,0.9080032489810267
24,kl,56,1.1666666666666665,63188684.43707197,0.041666666666666664,0.9064139976043893
24,kl,57,1.1875,63133587.01259872,0.041666666666666664,0.9048276258384775
24,kl,58,1.2083333333333333,63078539.528505385,0.041666666666666664,0.9032441285758362
24,kl,59,1.2291666666666665,63023541.94144093,0.041666666666666664,0.9016635007179702
24,kl,60,1.25,62968594.208091974,0.041666666666666664,0.9000857371753277
24,kl,61,1.2708333333333333,62913696.28518272,0.041666666666666664,0.8985108328672844
24,kl,62,1.2916666666666665,62858848.12947494,0.041666666666666664,0.8969387827221279
24,kl,63,1.3125,62804049.69776793,0.041666666666666664,0.895369581677043
24,kl,64,1.3333333333333333,62749300.9468985,0.041666666666666664,0.8938032246780953
24,kl,65,1.3541666666666665,62694601.83374092,0.041666666666666664,0.8922397066802162
24,kl,66,1.375,62639952.31520691,0.041666666666666664,0.8906790226471875
24,kl,67,1.3958333333333333,62585352.34824557,0.041666666666666664,0.8891211675516251
24,kl,68,1.4166666666666665,62530801.88984338,0.041666666666666664,0.8875661363749646
24,kl,69,1.4375,62476300.89702417,0.041666666666666664,0.8860139241074455
24,kl,70,1.4583333333333333,62421849.32684906,0.041666666666666664,0.8844645257480956
24,kl,71,1.4791666666666665,62367447.13641645,0.041666666666666664,0.8829179363047167
24,kl,72,1.5,62313094.282861985,0.041666666666666664,0.8813741507938675
24,kl,73,1.5208333333333333,62258790.723358504,0.041666666666666664,0.8798331642408499
24,kl,74,1.5416666666666665,62204536.41511604,0.041666666666666664,0.8782949716796931
24,kl,75,1.5625,62150331.315381765,0.041666666666666664,0.8767595681531387
24,kl,76,1.5833333333333333,62096175.381439954,0.041666666666666664,0.875226948712625
24,kl,77,1.6041666666666665,62042068.57061197,0.041666666666666664,0.8736971084182718
24,kl,78,1.625,61988010.840256214,0.041666666666666664,0.8721700423388661
24,kl,79,1.6458333333333333,61934002.14776812,0.041666666666666664,0.870645745551846
24,kl,80,1.6666666666666665,61880042.45058008,0.041666666666666664,0.8691242131432861
24,kl,81,1.6875,61826131.70616147,0.041666666666666664,0.8676054402078829
24,kl,82,1.7083333333333333,61772269.87201855,0.041666666666666664,0.8660894218489382
24,kl,83,1.7291666666666665,61718456.9056945,0.041666666666666664,0.864576153178346
24,kl,84,1.75,61664692.76476933,0.041666666666666664,0.8630656293165763
24,kl,85,1.7708333333333333,61610977.40685988,0.041666666666666664,0.8615578453926602
24,kl,86,1.7916666666666665,61557310.78961978,0.041666666666666664,0.8600527965441753
24,kl,87,1.8125,61503692.87073943,0.041666666666666664,0.8585504779172309
24,kl,88,1.8333333333333333,61450123.60794594,0.041666666666666664,0.857050884666453
24,kl,89,1.8541666666666665,61396602.95900313,0.041666666666666664,0.8555540119549685
24,kl,90,1.875,61343130.88171147,0.041666666666666664,0.8540598549543923
24,kl,91,1.8958333333333333,61289707.333908066,0.041666666666666664,0.8525684088448108
24,kl,92,1.9166666666666665,61236332.27346664,0.041666666666666664,0.8510796688147682
24,kl,93,1.9375,61183005.65829746,0.041666666666666664,0.84959363006125
24,kl,94,1.9583333333333333,61129727.44634733,0.041666666666666664,0.8481102877896713
24,kl,95,1.9791666666666665,61076497.595599584,0.041666666666666664,0.8466296372138592
24,kl,96,2.0,61023316.064073995,0.041666666666666664,0.845151673556039
24,kl,97,2.020833333333333,60970182.8098268,0.041666666666666664,0.8436763920468208
24,kl,98,2.0416666666666665,60917097.79095064,0.041666666666666664,0.842203787925183
24,kl,99,2.0625,60864060.96557454,0.041666666666666664,0.8407338564384593
24,kl,100,2.083333333333333,60811072.29186385,0.041666666666666664,0.8392665928423225
24,kl,101,2.1041666666666665,60758131.728020266,0.041666666666666664,0.8378019924007716
24,kl,102,2.125,60705239.23228174,0.041666666666666664,0.8363400503861158
24,kl,103,2.145833333333333,60652394.76292248,0.041666666666666664,0.8348807620789612
24,kl,104,2.1666666666666665,60599598.27825294,0.041666666666666664,0.833424122768196
24,kl,105,2.1875,60546849.736619726,0.041666666666666664,0.8319701277509751
24,kl,106,2.208333333333333,60494149.096405625,0.041666666666666664,0.830518772332707
24,kl,107,2.2291666666666665,60441496.31602955,0.041666666666666664,0.8290700518270386
24,kl,108,2.25,60388891.35394649,0.041666666666666664,0.8276239615558413
24,kl,109,2.270833333333333,60336334.16864752,0.041666666666666664,0.8261804968491961
24,kl,110,2.2916666666666665,60283824.718659736,0.041666666666666664,0.82473965304538
24,kl,111,2.3125,60231362.96254624,0.041666666666666664,0.8233014254908507
24,kl,112,2.333333333333333,60178948.85890608,0.041666666666666664,0.8218658095402332
24,kl,113,2.3541666666666665,60126582.366374284,0.041666666666666664,0.8204328005563056
24,kl,114,2.375,60074263.443621755,0.041666666666666664,0.8190023939099838
24,kl,115,2.395833333333333,60021992.04935528,0.041666666666666664,0.8175745849803087
24,kl,116,2.4166666666666665,59969768.1423175,0.041666666666666664,0.8161493691544307
24,kl,117,2.4375,59917591.681286864,0.041666666666666664,0.8147267418275969
24,kl,118,2.458333333333333,59865462.62507759,0.041666666666666664,0.8133066984031353
24,kl,119,2.4791666666666665,59813380.932539664,0.041666666666666664,0.8118892342924428
24,kl,120,2.5,59761346.56255879,0.041666666666666664,0.8104743449149692
24,kl,121,2.520833333333333,59709359.47405636,0.041666666666666664,0.809062025698204
24,kl,122,2.5416666666666665,59657419.62598943,0.041666666666666664,0.8076522720776627
24,kl,123,2.5625,59605526.97735067,0.041666666666666664,0.8062450794968719
24,kl,124,2.583333333333333,59553681.48716835,0.041666666666666664,0.8048404434073559
24,kl,125,2.6041666666666665,59501883.11450631,0.041666666666666664,0.8034383592686228
24,kl,126,2.625,59450131.81846394,0.041666666666666664,0.8020388225481503
24,kl,127,2.645833333333333,59398427.5581761,0.041666666666666664,0.8006418287213721
24,kl,128,2.6666666666666665,59346770.29281315,0.041666666666666664,0.7992473732716638
24,kl,129,2.6875,59295159.98158089,0.041666666666666664,0.7978554516903288
24,kl,130,2.708333333333333,59243596.58372052,0.041666666666666664,0.7964660594765847
24,kl,131,2.7291666666666665,59192080.05850862,0.041666666666666664,0.7950791921375496
24,kl,132,2.75,59140610.36525714,0.041666666666666664,0.7936948451882285
24,kl,133,2.770833333333333,59089187.463313326,0.041666666666666664,0.7923130141514992
24,kl,134,2.7916666666666665,59037811.31205973,0.041666666666666664,0.790933694558098
24,kl,135,2.8125,58986481.870914154,0.041666666666666664,0.7895568819466076
24,kl,136,2.833333333333333,58935199.09932963,0.041666666666666664,0.7881825718634412
24,kl,137,2.8541666666666665,58883962.95679438,0.041666666666666664,0.7868107598628313
24,kl,138,2.875,58832773.40283181,0.041666666666666664,0.7854414415068139
24,kl,139,2.895833333333333,58781630.39700044,0.041666666666666664,0.7840746123652164
24,kl,140,2.9166666666666665,58730533.898893915,0.041666666666666664,0.7827102680156427
24,kl,141,2.9375,58679483.86814094,0.041666666666666664,0.7813484040434608
24,kl,142,2.958333333333333,58628480.26440528,0.041666666666666664,0.7799890160417888
24,kl,143,2.9791666666666665,58577523.04738569,0.041666666666666664,0.7786320996114807
24,kl,144,3.0,58526612.176815934,0.041666666666666664,0.7772776503611145
24,kl,145,3.020833333333333,58475747.61246472,0.041666666666666664,0.7759256639069769
24,kl,146,3.0416666666666665,58424929.31413567,0.041666666666666664,0.7745761358730511
24,kl,147,3.0625,58374157.24166731,0.041666666666666664,0.7732290618910027
24,kl,148,3.083333333333333,58323431.35493302,0.041666666666666664,0.7718844376001668
24,kl,149,3.1041666666666665,58272751.61384103,0.041666666666666664,0.7705422586475342
24,kl,150,3.125,58222117.978334345,0.041666666666666664,0.7692025206877384
24,kl,151,3.145833333333333,58171530.40839076,0.041666666666666664,0.7678652193830418
24,kl,152,3.1666666666666665,58120988.86402281,0.041666666666666664,0.7665303504033228
24,kl,153,3.1875,58070493.305277735,0.041666666666666664,0.7651979094260624
24,kl,154,3.208333333333333,58020043.69223746,0.041666666666666664,0.7638678921363307
24,kl,155,3.2291666666666665,57969639.98501856,0.041666666666666664,0.7625402942267737
24,kl,156,3.25,57919282.14377224,0.041666666666666664,0.761215111397601
24,kl,157,3.270833333333333,57868970.128684275,0.041666666666666664,0.759892339356571
24,kl,158,3.2916666666666665,57818703.899975024,0.041666666666666664,0.7585719738189786
24,kl,159,3.3125,57768483.41789936,0.041666666666666664,0.7572540105076424
24,kl,160,3.333333333333333,57718308.64274667,0.041666666666666664,0.7559384451528908
24,kl,161,3.3541666666666665,57668179.5348408,0.041666666666666664,0.754625273492549
24,kl,162,3.375,57618096.05454004,0.041666666666666664,0.7533144912719271
24,kl,163,3.395833333333333,57568058.1622371,0.041666666666666664,0.7520060942438054
24,kl,164,3.4166666666666665,57518065.81835906,0.041666666666666664,0.7507000781684217
24,kl,165,3.4375,57468118.98336736,0.041666666666666664,0.7493964388134591
24,kl,166,3.458333333333333,57418217.61775776,0.041666666666666664,0.748095171954033
24,kl,167,3.4791666666666665,57368361.68206031,0.041666666666666664,0.7467962733726767
24,kl,168,3.5,57318551.136839315,0.041666666666666664,0.7454997388593301
24,kl,169,3.520833333333333,57268785.94269333,0.041666666666666664,0.7442055642113258
24,kl,170,3.5416666666666665,57219066.060255095,0.041666666666666664,0.7429137452333763
24,kl,171,3.5625,57169391.450191535,0.041666666666666664,0.7416242777375619
24,kl,172,3.583333333333333,57119762.07320371,0.041666666666666664,0.7403371575433164
32,riemannian,0,0.0,209715200.0,0.03125,1.0
32,riemannian,1,0.015625,209612136.1279292,0.03125,0.9990119055785667
32,riemannian,2,0.03125,209509124.73894826,0.03125,0.9980248172384087
32,riemannian,3,0.046875,209406165.80743065,0.03125,0.9970387339761928
32,riemannian,4,0.0625,209303259.30776238,0.03125,0.9960536547895741
32,riemannian,5,0.078125,209200405.21434197,0.03125,0.9950695786771979
32,riemannian,6,0.09375,209097603.50158042,0.03125,0.9940865046386963
32,riemannian,7,0.109375,208994854.14390126,0.03125,0.9931044316746895
32,riemannian,8,0.125,208892157.11574045,0.03125,0.9921233587867823
32,riemannian,9,0.140625,208789512.3915465,0.03125,0.9911432849775662
32,riemannian,10,0.15625,208686919.94578034,0.03125,0.9901642092506153
32,riemannian,11,0.171875,208584379.7529154,0.03125,0.9891861306104875
32,riemannian,12,0.1875,208481891.7874376,0.03125,0.9882090480627225
32,riemannian,13,0.203125,208379456.02384523,0.03125,0.9872329606138418
32,riemannian,14,0.21875,208277072.4366491,0.03125,0.986257867271346
32,riemannian,15,0.234375,208174741.0003725,0.03125,0.9852837670437158
32,riemannian,16,0.25,208072461.6895511,0.03125,0.9843106589404104
32,riemannian,17,0.265625,207970234.47873297,0.03125,0.9833385419718653
32,riemannian,18,0.28125,207868059.3424787,0.03125,0.982367415149493
32,riemannian,19,0.296875,207765936.25536123,0.03125,0.9813972774856814
32,riemannian,20,0.3125,207663865.19196597,0.03125,0.9804281279937928
32,riemannian,21,0.328125,207561846.1268907,0.03125,0.9794599656881626
32,riemannian,22,0.34375,207459879.03474557,0.03125,0.978492789584099
32,riemannian,23,0.359375,207357963.89015326,0.03125,0.9775265986978828
32,riemannian,24,0.375,207256100.6677487,0.03125,0.9765613920467632
32,riemannian,25,0.390625,207154289.34217924,0.03125,0.975597168648961
32,riemannian,26,0.40625,207052529.88810468,0.03125,0.9746339275236648
32,riemannian,27,0.421875,206950822.2801971,0.03125,0.9736716676910312
32,riemannian,28,0.4375,206849166.49314103,0.03125,0.9727103881721838
32,riemannian,29,0.453125,206747562.5016333,0.03125,0.9717500879892117
32,riemannian,30,0.46875,206646010.28038308,0.03125,0.9707907661651691
32,riemannian,31,0.484375,206544509.804112,0.03125,0.9698324217240739
32,riemannian,32,0.5,206443061.04755387,0.03125,0.9688750536909079
32,riemannian,33,0.515625,206341663.98545498,0.03125,0.9679186610916135
32,riemannian,34,0.53125,206240318.59257388,0.03125,0.966963242953096
32,riemannian,35,0.546875,206139024.84368145,0.03125,0.9660087983032193
32,riemannian,36,0.5625,206037782.71356094,0.03125,0.9650553261708078
32,riemannian,37,0.578125,205936592.17700782,0.03125,0.964102825585643
32,riemannian,38,0.59375,205835453.20882994,0.03125,0.9631512955784648
32,riemannian,39,0.609375,205734365.78384745,0.03125,0.9622007351809695
32,riemannian,40,0.625,205633329.87689275,0.03125,0.9612511434258078
32,riemannian,41,0.640625,205532345.46281055,0.03125,0.960302519346586
32,riemannian,42,0.65625,205431412.51645786,0.03125,0.9593548619778638
32,riemannian,43,0.671875,205330531.01270393,0.03125,0.958408170355153
32,riemannian,44,0.6875,205229700.9264303,0.03125,0.9574624435149182
32,riemannian,45,0.703125,205128922.23253083,0.03125,0.9565176804945738
32,riemannian,46,0.71875,205028194.90591154,0.03125,0.9555738803324845
32,riemannian,47,0.734375,204927518.92149076,0.03125,0.954631042067964
32,riemannian,48,0.75,204826894.25419906,0.03125,0.9536891647412745
32,riemannian,49,0.765625,204726320.87897927,0.03125,0.9527482473936243
32,riemannian,50,0.78125,204625798.7707864,0.03125,0.9518082890671677
32,riemannian,51,0.796875,204525327.90458775,0.03125,0.9508692888050057
32,riemannian,52,0.8125,204424908.25536278,0.03125,0.9499312456511823
32,riemannian,53,0.828125,204324539.7981032,0.03125,0.948994158650685
32,riemannian,54,0.84375,204224222.507813,0.03125,0.9480580268494448
32,riemannian,55,0.859375,204123956.35950825,0.03125,0.9471228492943325
32,riemannian,56,0.875,204023741.3282173,0.03125,0.9461886250331615
32,riemannian,57,0.890625,203923577.38898066,0.03125,0.9452553531146828
32,riemannian,58,0.90625,203823464.51685104,0.03125,0.9443230325885876
32,riemannian,59,0.921875,203723402.6868933,0.03125,0.9433916625055042
32,riemannian,60,0.9375,203623391.87418455,0.03125,0.9424612419169983
32,riemannian,61,0.953125,203523432.053814,0.03125,0.9415317698755712
32,riemannian,62,0.96875,203423523.20088306,0.03125,0.9406032454346596
32,riemannian,63,0.984375,203323665.2905053,0.03125,0.9396756676486342
32,riemannian,64,1.0,203223858.29780638,0.03125,0.938749035572799
32,riemannian,65,1.015625,203124102.19792417,0.03125,0.9378233482633895
32,riemannian,66,1.03125,203024396.96600866,0.03125,0.936898604777574
32,riemannian,67,1.046875,202924742.57722202,0.03125,0.9359748041734509
32,riemannian,68,1.0625,202825139.00673845,0.03125,0.9350519455100472
32,riemannian,69,1.078125,202725586.22974434,0.03125,0.9341300278473194
32,riemannian,70,1.09375,202626084.2214382,0.03125,0.9332090502461519
32,riemannian,71,1.109375,202526632.9570306,0.03125,0.9322890117683554
32,riemannian,72,1.125,202427232.41174427,0.03125,0.9313699114766668
32,riemannian,73,1.140625,202327882.560814,0.03125,0.9304517484347479
32,riemannian,74,1.15625,202228583.37948668,0.03125,0.929534521707185
32,riemannian,75,1.171875,202129334.84302133,0.03125,0.9286182303594873
32,riemannian,76,1.1875,202030136.926689,0.03125,0.9277028734580862
32,riemannian,77,1.203125,201930989.6057728,0.03125,0.9267884500703342
32,riemannian,78,1.21875,201831892.85556796,0.03125,0.9258749592645054
32,riemannian,79,1.234375,201732846.65138173,0.03125,0.9249624001097919
32,riemannian,80,1.25,201633850.96853346,0.03125,0.9240507716763062
32,riemannian,81,1.265625,201534905.78235453,0.03125,0.923140073035078
32,riemannian,82,1.28125,201436011.06818834,0.03125,0.9222303032580524
32,riemannian,83,1.296875,201337166.80139038,0.03125,0.9213214614180927
32,riemannian,84,1.3125,201238372.9573281,0.03125,0.9204135465889758
32,riemannian,85,1.328125,201139629.5113811,0.03125,0.9195065578453936
32,riemannian,86,1.34375,201040936.43894085,0.03125,0.9186004942629508
32,riemannian,87,1.359375,200942293.71541095,0.03125,0.9176953549181648
32,riemannian,88,1.375,200843701.31620696,0.03125,0.9167911388884641
32,riemannian,89,1.390625,200745159.21675646,0.03125,0.915887845252188
32,riemannian,90,1.40625,200646667.39249903,0.03125,0.9149854730885859
32,riemannian,91,1.421875,200548225.81888622,0.03125,0.9140840214778156
32,riemannian,92,1.4375,200449834.47138157,0.03125,0.9131834895009424
32,riemannian,93,1.453125,200351493.32546064,0.03125,0.9122838762399395
32,riemannian,94,1.46875,200253202.35661092,0.03125,0.9113851807776859
32,riemannian,95,1.484375,200154961.54033193,0.03125,0.910487402197966
32,riemannian,96,1.5,200056770.85213506,0.03125,0.9095905395854679
32,riemannian,97,1.515625,199958630.26754373,0.03125,0.9086945920257838
32,riemannian,98,1.53125,199860539.76209328,0.03125,0.9077995586054084
32,riemannian,99,1.546875,199762499.311331,0.03125,0.906905438411738
32,riemannian,100,1.5625,199664508.89081615,0.03125,0.9060122305330698
32,riemannian,101,1.578125,199566568.47611988,0.03125,0.9051199340586005
32,riemannian,102,1.59375,199468678.04282528,0.03125,0.9042285480784269
32,riemannian,103,1.609375,199370837.56652737,0.03125,0.9033380716835424
32,riemannian,104,1.625,199273047.02283308,0.03125,0.9024485039658392
32,riemannian,105,1.640625,199175306.3873613,0.03125,0.9015598440181054
32,riemannian,106,1.65625,199077615.63574272,0.03125,0.9006720909340239
32,riemannian,107,1.671875,198979974.74362004,0.03125,0.8997852438081732
32,riemannian,108,1.6875,198882383.68664777,0.03125,0.8988993017360252
32,riemannian,109,1.703125,198784842.44049236,0.03125,0.8980142638139444
32,riemannian,110,1.71875,198687350.9808321,0.03125,0.897130129139188
32,riemannian,111,1.734375,198589909.2833572,0.03125,0.896246896809904
32,riemannian,112,1.75,198492517.3237697,0.03125,0.8953645659251297
32,riemannian,113,1.765625,198395175.07778352,0.03125,0.8944831355847935
32,riemannian,114,1.78125,198297882.52112445,0.03125,0.8936026048897111
32,riemannian,115,1.796875,198200639.62953013,0.03125,0.8927229729415868
32,riemannian,116,1.8125,198103446.37875006,0.03125,0.8918442388430105
32,riemannian,117,1.828125,198006302.74454552,0.03125,0.8909664016974591
32,riemannian,118,1.84375,197909208.70268968,0.03125,0.8900894606092934
32,riemannian,119,1.859375,197812164.22896752,0.03125,0.8892134146837595
32,riemannian,120,1.875,197715169.29917586,0.03125,0.888338263026986
32,riemannian,121,1.890625,197618223.88912332,0.03125,0.8874640047459843
32,riemannian,122,1.90625,197521327.97463036,0.03125,0.8865906389486474
32,riemannian,123,1.921875,197424481.53152922,0.03125,0.8857181647437491
32,riemannian,124,1.9375,197327684.53566393,0.03125,0.8848465812409424
32,riemannian,125,1.953125,197230936.96289033,0.03125,0.8839758875507592
32,riemannian,126,1.96875,197134238.78907606,0.03125,0.8831060827846109
32,riemannian,127,1.984375,197037589.99010053,0.03125,0.8822371660547846
32,riemannian,128,2.0,196940990.54185495,0.03125,0.8813691364744446
32,riemannian,129,2.015625,196844440.42024228,0.03125,0.8805019931576308
32,riemannian,130,2.03125,196747939.60117725,0.03125,0.879635735219257
32,riemannian,131,2.046875,196651488.06058633,0.03125,0.8787703617751115
32,riemannian,132,2.0625,196555085.77440777,0.03125,0.8779058719418549
32,riemannian,133,2.078125,196458732.7185916,0.03125,0.877042264837021
32,riemannian,134,2.09375,196362428.8690995,0.03125,0.8761795395790134
32,riemannian,135,2.109375,196266174.20190498,0.03125,0.8753176952871071
32,riemannian,136,2.125,196169968.69299325,0.03125,0.8744567310814468
32,riemannian,137,2.140625,196073812.31836122,0.03125,0.8735966460830448
32,riemannian,138,2.15625,195977705.05401757,0.03125,0.8727374394137817
32,riemannian,139,2.171875,195881646.87598264,0.03125,0.8718791101964055
32,riemannian,140,2.1875,195785637.7602885,0.03125,0.8710216575545299
32,riemannian,141,2.203125,195689677.68297896,0.03125,0.8701650806126338
32,riemannian,142,2.21875,195593766.6201095,0.03125,0.8693093784960606
32,riemannian,143,2.234375,195497904.54774725,0.03125,0.8684545503310179
32,riemannian,144,2.25,195402091.4419711,0.03125,0.8676005952445747
32,riemannian,145,2.265625,195306327.27887157,0.03125,0.866747512364663
32,riemannian,146,2.28125,195210612.03455085,0.03125,0.865895300820075
32,riemannian,147,2.296875,195114945.68512285,0.03125,0.8650439597404641
32,riemannian,148,2.3125,195019328.20671308,0.03125,0.8641934882563418
32,riemannian,149,2.328125,194923759.57545877,0.03125,0.8633438854990791
32,riemannian,150,2.34375,194828239.76750875,0.03125,0.8624951506009042
32,riemannian,151,2.359375,194732768.75902352,0.03125,0.861647282694902
32,riemannian,152,2.375,194637346.5261752,0.03125,0.8608002809150135
32,riemannian,153,2.390625,194541973.0451476,0.03125,0.8599541443960349
32,riemannian,154,2.40625,194446648.29213607,0.03125,0.8591088722736168
32,riemannian,155,2.421875,194351372.24334767,0.03125,0.8582644636842627
32,riemannian,156,2.4375,194256144.87500104,0.03125,0.8574209177653292
32,riemannian,157,2.453125,194160966.1633264,0.03125,0.856578233655025
32,riemannian,158,2.46875,194065836.08456567,0.03125,0.8557364104924087
32,riemannian,159,2.484375,193970754.61497226,0.03125,0.8548954474173895
32,riemannian,160,2.5,193875721.73081124,0.03125,0.8540553435707263
32,riemannian,161,2.515625,193780737.40835923,0.03125,0.8532160980940257
32,riemannian,162,2.53125,193685801.6239045,0.03125,0.8523777101297426
32,riemannian,163,2.546875,193590914.35374683,0.03125,0.8515401788211784
32,riemannian,164,2.5625,193496075.57419762,0.03125,0.8507035033124797
32,riemannian,165,2.578125,193401285.26157978,0.03125,0.8498676827486392
32,riemannian,166,2.59375,193306543.39222786,0.03125,0.849032716275494
32,riemannian,167,2.609375,193211849.94248787,0.03125,0.8481986030397235
32,riemannian,168,2.625,193117204.88871744,0.03125,0.8473653421888503
32,riemannian,169,2.640625,193022608.20728576,0.03125,0.8465329328712393
32,riemannian,170,2.65625,192928059.8745735,0.03125,0.845701374236096
32,riemannian,171,2.671875,192833559.8669729,0.03125,0.8448706654334656
32,riemannian,172,2.6875,192739108.16088766,0.03125,0.8440408056142328
32,riemannian,173,2.703125,192644704.7327331,0.03125,0.8432117939301214
32,riemannian,174,2.71875,192550349.55893603,0.03125,0.8423836295336922
32,riemannian,175,2.734375,192456042.61593473,0.03125,0.8415563115783432
32,riemannian,176,2.75,192361783.880179,0.03125,0.840729839218308
32,riemannian,177,2.765625,192267573.32813013,0.03125,0.8399042116086558
32,riemannian,178,2.78125,192173410.93626097,0.03125,0.8390794279052902
32,riemannian,179,2.796875,192079296.68105575,0.03125,0.8382554872649483
32,riemannian,180,2.8125,191985230.5390103,0.03125,0.837432388845199
32,riemannian,181,2.828125,191891212.4866318,0.03125,0.8366101318044449
32,riemannian,182,2.84375,191797242.50043905,0.03125,0.8357887153019185
32,riemannian,183,2.859375,191703320.55696216,0.03125,0.8349681384976829
32,riemannian,184,2.875,191609446.6327428,0.03125,0.8341484005526303
32,riemannian,185,2.890625,191515620.70433405,0.03125,0.833329500628482
32,riemannian,186,2.90625,191421842.74830046,0.03125,0.8325114378877871
32,riemannian,187,2.921875,191328112.74121806,0.03125,0.8316942114939222
32,riemannian,188,2.9375,191234430.65967423,0.03125,0.830877820611089
32,riemannian,189,2.953125,191140796.48026785,0.03125,0.8300622644043152
32,riemannian,190,2.96875,191047210.17960918,0.03125,0.8292475420394534
32,riemannian,191,2.984375,190953671.73431996,0.03125,0.8284336526831791
32,riemannian,192,3.0,190860181.12103328,0.03125,0.827620595502992
32,riemannian,193,3.015625,190766738.31639367,0.03125,0.8268083696672133
32,riemannian,194,3.03125,190673343.2970571,0.03125,0.8259969743449855
32,riemannian,195,3.046875,190579996.03969085,0.03125,0.8251864087062712
32,riemannian,196,3.0625,190486696.52097368,0.03125,0.8243766719218543
32,riemannian,197,3.078125,190393444.71759573,0.03125,0.8235677631633361
32,riemannian,198,3.09375,190300240.60625845,0.03125,0.8227596816031368
32,riemannian,199,3.109375,190207084.1636747,0.03125,0.8219524264144937
32,riemannian,200,3.125,190113975.36656877,0.03125,0.8211459967714606
32,riemannian,201,3.140625,190020914.19167623,0.03125,0.8203403918489074
32,riemannian,202,3.15625,189927900.61574405,0.03125,0.8195356108225184
32,riemannian,203,3.171875,189834934.61553058,0.03125,0.8187316528687925
32,riemannian,204,3.1875,189742016.16780546,0.03125,0.8179285171650418
32,riemannian,205,3.203125,189649145.2493497,0.03125,0.8171262028893905
32,riemannian,206,3.21875,189556321.83695567,0.03125,0.816324709220775
32,riemannian,207,3.234375,189463545.907427,0.03125,0.8155240353389428
32,riemannian,208,3.25,189370817.43757877,0.03125,0.8147241804244513
32,riemannian,209,3.265625,189278136.40423724,0.03125,0.8139251436586667
32,riemannian,210,3.28125,189185502.7842401,0.03125,0.8131269242237651
32,riemannian,211,3.296875,189092916.5544363,0.03125,0.8123295213027294
32,riemannian,212,3.3125,189000377.69168606,0.03125,0.8115329340793491
32,riemannian,213,3.328125,188907886.17286098,0.03125,0.810737161738221
32,riemannian,214,3.34375,188815441.9748439,0.03125,0.8099422034647467
32,riemannian,215,3.359375,188723045.07452893,0.03125,0.8091480584451319
32,riemannian,216,3.375,188630695.4488215,0.03125,0.808354725866387
32,riemannian,217,3.390625,188538393.07463834,0.03125,0.8075622049163249
32,riemannian,218,3.40625,188446137.92890736,0.03125,0.8067704947835609
32,riemannian,219,3.421875,188353929.98856783,0.03125,0.8059795946575115
32,riemannian,220,3.4375,188261769.23057023,0.03125,0.8051895037283943
32,riemannian,221,3.453125,188169655.6318763,0.03125,0.8044002211872262
32,riemannian,222,3.46875,188077589.16945904,0.03125,0.8036117462258237
32,riemannian,223,3.484375,187985569.82030272,0.03125,0.8028240780368014
32,riemannian,224,3.5,187893597.5614028,0.03125,0.8020372158135713
32,riemannian,225,3.515625,187801672.36976597,0.03125,0.8012511587503421
32,riemannian,226,3.53125,187709794.22241017,0.03125,0.8004659060421186
32,riemannian,227,3.546875,187617963.0963646,0.03125,0.7996814568847009
32,riemannian,228,3.5625,187526178.96866956,0.03125,0.7988978104746829
32,riemannian,229,3.578125,187434441.81637672,0.03125,0.7981149660094531
32,riemannian,230,3.59375,187342751.61654884,0.03125,0.7973329226871918
32,riemannian,231,3.609375,187251108.3462599,0.03125,0.7965516797068718
32,riemannian,232,3.625,187159511.9825951,0.03125,0.7957712362682573
32,riemannian,233,3.640625,187067962.5026508,0.03125,0.7949915915719028
32,riemannian,234,3.65625,186976459.88353455,0.03125,0.7942127448191523
32,riemannian,235,3.671875,186885004.10236514,0.03125,0.7934346952121394
32,riemannian,236,3.6875,186793595.13627243,0.03125,0.7926574419537852
32,riemannian,237,3.703125,186702232.96239752,0.03125,0.7918809842477984
32,riemannian,238,3.71875,186610917.55789262,0.03125,0.7911053212986744
32,riemannian,239,3.734375,186519648.89992115,0.03125,0.7903304523116946
32,riemannian,240,3.75,186428426.96565762,0.03125,0.7895563764929246
32,riemannian,241,3.765625,186337251.73228776,0.03125,0.7887830930492158
32,riemannian,242,3.78125,186246123.1770084,0.03125,0.788010601188202
32,riemannian,243,3.796875,186155041.27702746,0.03125,0.7872389001182998
32,riemannian,244,3.8125,186064006.00956407,0.03125,0.7864679890487084
32,riemannian,245,3.828125,185973017.35184842,0.03125,0.7856978671894077
32,riemannian,246,3.84375,185882075.28112188,0.03125,0.7849285337511583
32,riemannian,247,3.859375,185791179.77463686,0.03125,0.7841599879455005
32,riemannian,248,3.875,185700330.80965695,0.03125,0.7833922289847535
32,riemannian,249,3.890625,185609528.36345676,0.03125,0.7826252560820142
32,riemannian,250,3.90625,185518772.41332206,0.03125,0.7818590684511576
32,riemannian,251,3.921875,185428062.93654972,0.03125,0.7810936653068351
32,riemannian,252,3.9375,185337399.91044766,0.03125,0.7803290458644742
32,riemannian,253,3.953125,185246783.31233487,0.03125,0.7795652093402765
32,riemannian,254,3.96875,185156213.11954144,0.03125,0.7788021549512193
32,riemannian,255,3.984375,185065689.30940852,0.03125,0.7780398819150527
32,riemannian,256,4.0,184975211.8592883,0.03125,0.7772783894502995
32,riemannian,257,4.015625,184884780.74654412,0.03125,0.7765176767762552
32,riemannian,258,4.03125,184794395.94855025,0.03125,0.775757743112986
32,riemannian,259,4.046875,184704057.4426921,0.03125,0.7749985876813291
32,riemannian,260,4.0625,184613765.2063661,0.03125,0.7742402097028913
32,riemannian,261,4.078125,184523519.21697965,0.03125,0.7734826084000487
32,riemannian,262,4.09375,184433319.4519513,0.03125,0.7727257829959449
32,riemannian,263,4.109375,184343165.8887105,0.03125,0.7719697327144919
32,riemannian,264,4.125,184253058.50469783,0.03125,0.771214456780368
32,riemannian,265,4.140625,184162997.27736482,0.03125,0.7704599544190177
32,riemannian,266,4.15625,184072982.18417403,0.03125,0.7697062248566509
32,riemannian,267,4.171875,183983013.20259902,0.03125,0.7689532673202416
32,riemannian,268,4.1875,183893090.31012437,0.03125,0.7682010810375282
32,riemannian,269,4.203125,183803213.48424563,0.03125,0.7674496652370114
32,riemannian,270,4.21875,183713382.70246932,0.03125,0.7666990191479545
32,riemannian,271,4.234375,183623597.942313,0.03125,0.7659491420003824
32,riemannian,272,4.25,183533859.18130514,0.03125,0.7652000330250809
32,riemannian,273,4.265625,183444166.39698526,0.03125,0.7644516914535953
32,riemannian,274,4.28125,183354519.5669038,0.03125,0.7637041165182309
32,riemannian,275,4.296875,183264918.66862214,0.03125,0.7629573074520508
32,riemannian,276,4.3125,183175363.67971265,0.03125,0.7622112634888764
32,riemannian,277,4.328125,183085854.57775867,0.03125,0.761465983863286
32,riemannian,278,4.34375,182996391.34035444,0.03125,0.760721467810614
32,riemannian,279,4.359375,182906973.94510517,0.03125,0.7599777145669507
32,riemannian,280,4.375,182817602.36962697,0.03125,0.7592347233691411
32,riemannian,281,4.390625,182728276.59154692,0.03125,0.7584924934547838
32,riemannian,282,4.40625,182638996.58850303,0.03125,0.7577510240622318
32,riemannian,283,4.421875,182549762.33814418,0.03125,0.7570103144305895
32,riemannian,284,4.4375,182460573.8181302,0.03125,0.7562703637997139
32,riemannian,285,4.453125,182371431.00613183,0.03125,0.7555311714102131
32,riemannian,286,4.46875,182282333.8798307,0.03125,0.7547927365034449
32,riemannian,287,4.484375,182193282.41691932,0.03125,0.7540550583215178
32,riemannian,288,4.5,182104276.59510112,0.03125,0.7533181361072881
32,riemannian,289,4.515625,182015316.39209044,0.03125,0.7525819691043615
32,riemannian,290,4.53125,181926401.78561243,0.03125,0.7518465565570898
32,riemannian,291,4.546875,181837532.7534032,0.03125,0.7511118977105724
32,riemannian,292,4.5625,181748709.27320963,0.03125,0.7503779918106546
32,riemannian,293,4.578125,181659931.32278958,0.03125,0.7496448381039263
32,riemannian,294,4.59375,181571198.8799117,0.03125,0.7489124358377227
32,riemannian,295,4.609375,181482511.9223555,0.03125,0.7481807842601224
32,riemannian,296,4.625,181393870.42791137,0.03125,0.7474498826199469
32,riemannian,297,4.640625,181305274.3743805,0.03125,0.7467197301667602
32,riemannian,298,4.65625,181216723.73957497,0.03125,0.7459903261508682
32,riemannian,299,4.671875,181128218.50131765,0.03125,0.745261669823317
32,riemannian,300,4.6875,181039758.63744226,0.03125,0.7445337604358929
32,riemannian,301,4.703125,180951344.12579334,0.03125,0.7438065972411223
32,riemannian,302,4.71875,180862974.94422626,0.03125,0.7430801794922697
32,riemannian,303,4.734375,180774651.0706072,0.03125,0.7423545064433376
32,riemannian,304,4.75,180686372.4828131,0.03125,0.7416295773490656
32,riemannian,305,4.765625,180598139.15873176,0.03125,0.7409053914649304
32,riemannian,306,4.78125,180509951.07626176,0.03125,0.7401819480471437
32,riemannian,307,4.796875,180421808.21331245,0.03125,0.7394592463526524
32,kl,0,0.0,209715200.0,0.03125,1.0
32,kl,1,0.015625,209612136.1279292,0.03125,0.9990119055785667
32,kl,2,0.03125,209509124.73894826,0.03125,0.9980248172384087
32,kl,3,0.046875,209406165.80743065,0.03125,0.9970387339761928
32,kl,4,0.0625,209303259.30776238,0.03125,0.9960536547895741
32,kl,5,0.078125,209200405.21434197,0.03125,0.9950695786771979
32,kl,6,0.09375,209097603.50158042,0.03125,0.9940865046386963
32,kl,7,0.109375,208994854.14390126,0.03125,0.9931044316746895
32,kl,8,0.125,208892157.11574045,0.03125,0.9921233587867823
32,kl,9,0.140625,208789512.3915465,0.03125,0.9911432849775662
32,kl,10,0.15625,208686919.94578034,0.03125,0.9901642092506153
32,kl,11,0.171875,208584379.7529154,0.03125,0.9891861306104875
32,kl,12,0.1875,208481891.7874376,0.03125,0.9882090480627225
32,kl,13,0.203125,208379456.02384523,0.03125,0.9872329606138418
32,kl,14,0.21875,208277072.4366491,0.03125,0.986257867271346
32,kl,15,0.234375,208174741.0003725,0.03125,0.9852837670437158
32,kl,16,0.25,208072461.6895511,0.03125,0.9843106589404104
32,kl,17,0.265625,207970234.47873297,0.03125,0.9833385419718653
32,kl,18,0.28125,207868059.3424787,0.03125,0.982367415149493
32,kl,19,0.296875,207765936.25536123,0.03125,0.9813972774856814
32,kl,20,0.3125,207663865.19196597,0.03125,0.9804281279937928
32,kl,21,0.328125,207561846.1268907,0.03125,0.9794599656881626
32,kl,22,0.34375,207459879.03474557,0.03125,0.978492789584099
32,kl,23,0.359375,207357963.89015326,0.03125,0.9775265986978828
32,kl,24,0.375,207256100.6677487,0.03125,0.9765613920467632
32,kl,25,0.390625,207154289.34217924,0.03125,0.975597168648961
32,kl,26,0.40625,207052529.88810468,0.03125,0.9746339275236648
32,kl,27,0.421875,206950822.2801971,0.03125,0.9736716676910312
32,kl,28,0.4375,206849166.49314103,0.03125,0.9727103881721838
32,kl,29,0.453125,206747562.5016333,0.03125,0.9717500879892117
32,kl,30,0.46875,206646010.28038308,0.03125,0.9707907661651691
32,kl,31,0.484375,206544509.804112,0.03125,0.9698324217240739
32,kl,32,0.5,206443061.04755387,0.03125,0.9688750536909079
32,kl,33,0.515625,206341663.98545498,0.03125,0.9679186610916135
32,kl,34,0.53125,206240318.59257388,0.03125,0.966963242953096
32,kl,35,0.546875,206139024.84368145,0.03125,0.9660087983032193
32,kl,36,0.5625,206037782.71356094,0.03125,0.9650553261708078
32,kl,37,0.578125,205936592.17700782,0.03125,0.964102825585643
32,kl,38,0.59375,205835453.20882994,0.03125,0.9631512955784648
32,kl,39,0.609375,205734365.78384745,0.03125,0.9622007351809695
32,kl,40,0.625,205633329.87689275,0.03125,0.9612511434258078
32,kl,41,0.640625,205532345.46281055,0.03125,0.960302519346586
32,kl,42,0.65625,205431412.51645786,0.03125,0.9593548619778638
32,kl,43,0.671875,205330531.01270393,0.03125,0.958408170355153
32,kl,44,0.6875,205229700.9264303,0.03125,0.9574624435149182
32,kl,45,0.703125,205128922.23253083,0.03125,0.9565176804945738
32,kl,46,0.71875,205028194.90591154,0.03125,0.9555738803324845
32,kl,47,0.734375,204927518.92149076,0.03125,0.954631042067964
32,kl,48,0.75,204826894.25419906,0.03125,0.9536891647412745
32,kl,49,0.765625,204726320.87897927,0.03125,0.9527482473936243
32,kl,50,0.78125,204625798.7707864,0.03125,0.9518082890671677
32,kl,51,0.796875,204525327.90458775,0.03125,0.9508692888050057
32,kl,52,0.8125,204424908.25536278,0.03125,0.9499312456511823
32,kl,53,0.828125,204324539.7981032,0.03125,0.948994158650685
32,kl,54,0.84375,204224222.507813,0.03125,0.9480580268494448
32,kl,55,0.859375,204123956.35950825,0.03125,0.9471228492943325
32,kl,56,0.875,204023741.3282173,0.03125,0.9461886250331615
32,kl,57,0.890625,203923577.38898066,0.03125,0.9452553531146828
32,kl,58,0.90625,203823464.51685104,0.03125,0.9443230325885876
32,kl,59,0.921875,203723402.6868933,0.03125,0.9433916625055042
32,kl,60,0.9375,203623391.87418455,0.03125,0.9424612419169983
32,kl,61,0.953125,203523432.053814,0.03125,0.9415317698755712
32,kl,62,0.96875,203423523.20088306,0.03125,0.9406032454346596
32,kl,63,0.984375,203323665.2905053,0.03125,0.9396756676486342
32,kl,64,1.0,203223858.29780638,0.03125,0.938749035572799
32,kl,65,1.015625,203124102.19792417,0.03125,0.9378233482633895
32,kl,66,1.03125,203024396.96600866,0.03125,0.936898604777574
32,kl,67,1.046875,202924742.57722202,0.03125,0.9359748041734509
32,kl,68,1.0625,202825139.00673845,0.03125,0.9350519455100472
32,kl,69,1.078125,202725586.22974434,0.03125,0.9341300278473194
32,kl,70,1.09375,202626084.2214382,0.03125,0.9332090502461519
32,kl,71,1.109375,202526632.9570306,0.03125,0.9322890117683554
32,kl,72,1.125,202427232.41174427,0.03125,0.9313699114766668
32,kl,73,1.140625,202327882.560814,0.03125,0.9304517484347479
32,kl,74,1.15625,202228583.37948668,0.03125,0.929534521707185
32,kl,75,1.171875,202129334.84302133,0.03125,0.9286182303594873
32,kl,76,1.1875,202030136.926689,0.03125,0.9277028734580862
32,kl,77,1.203125,201930989.6057728,0.03125,0.9267884500703342
32,kl,78,1.21875,201831892.85556796,0.03125,0.9258749592645054
32,kl,79,1.234375,201732846.65138173,0.03125,0.9249624001097919
32,kl,80,1.25,201633850.96853346,0.03125,0.9240507716763062
32,kl,81,1.265625,201534905.78235453,0.03125,0.923140073035078
32,kl,82,1.28125,201436011.06818834,0.03125,0.9222303032580524
32,kl,83,1.296875,201337166.80139038,0.03125,0.9213214614180927
32,kl,84,1.3125,201238372.9573281,0.03125,0.9204135465889758
32,kl,85,1.328125,201139629.5113811,0.03125,0.9195065578453936
32,kl,86,1.34375,201040936.43894085,0.03125,0.9186004942629508
32,kl,87,1.359375,200942293.71541095,0.03125,0.9176953549181648
32,kl,88,1.375,200843701.31620696,0.03125,0.9167911388884641
32,kl,89,1.390625,200745159.21675646,0.03125,0.915887845252188
32,kl,90,1.40625,200646667.39249903,0.03125,0.9149854730885859
32,kl,91,1.421875,200548225.81888622,0.03125,0.9140840214778156
32,kl,92,1.4375,200449834.47138157,0.03125,0.9131834895009424
32,kl,93,1.453125,200351493.32546064,0.03125,0.9122838762399395
32,kl,94,1.46875,200253202.35661092,0.03125,0.9113851807776859
32,kl,95,1.484375,200154961.54033193,0.03125,0.910487402197966
32,kl,96,1.5,200056770.85213506,0.03125,0.9095905395854679
32,kl,97,1.515625,199958630.26754373,0.03125,0.9086945920257838
32,kl,98,1.53125,199860539.76209328,0.03125,0.9077995586054084
32,kl,99,1.546875,199762499.311331,0.03125,0.906905438411738
32,kl,100,1.5625,199664508.89081615,0.03125,0.9060122305330698
32,kl,101,1.578125,199566568.47611988,0.03125,0.9051199340586005
32,kl,102,1.59375,199468678.04282528,0.03125,0.9042285480784269
32,kl,103,1.609375,199370837.56652737,0.03125,0.9033380716835424
32,kl,104,1.625,199273047.02283308,0.03125,0.9024485039658392
32,kl,105,1.640625,199175306.3873613,0.03125,0.9015598440181054
32,kl,106,1.65625,199077615.63574272,0.03125,0.9006720909340239
32,kl,107,1.671875,198979974.74362004,0.03125,0.8997852438081732
32,kl,108,1.6875,198882383.68664777,0.03125,0.8988993017360252
32,kl,109,1.703125,198784842.44049236,0.03125,0.8980142638139444
32,kl,110,1.71875,198687350.9808321,0.03125,0.897130129139188
32,kl,111,1.734375,198589909.2833572,0.03125,0.896246896809904
32,kl,112,1.75,198492517.3237697,0.03125,0.8953645659251297
32,kl,113,1.765625,198395175.07778352,0.03125,0.8944831355847935
32,kl,114,1.78125,198297882.52112445,0.03125,0.8936026048897111
32,kl,115,1.796875,198200639.62953013,0.03125,0.8927229729415868
32,kl,116,1.8125,198103446.37875006,0.03125,0.8918442388430105
32,kl,117,1.828125,198006302.74454552,0.03125,0.8909664016974591
32,kl,118,1.84375,197909208.70268968,0.03125,0.8900894606092934
32,kl,119,1.859375,197812164.22896752,0.03125,0.8892134146837595
32,kl,120,1.875,197715169.29917586,0.03125,0.888338263026986
32,kl,121,1.890625,197618223.88912332,0.03125,0.8874640047459843
32,kl,122,1.90625,197521327.97463036,0.03125,0.8865906389486474
32,kl,123,1.921875,197424481.53152922,0.03125,0.8857181647437491
32,kl,124,1.9375,197327684.53566393,0.03125,0.8848465812409424
32,kl,125,1.953125,197230936.96289033,0.03125,0.8839758875507592
32,kl,126,1.96875,197134238.78907606,0.03125,0.8831060827846109
32,kl,127,1.984375,197037589.99010053,0.03125,0.8822371660547846
32,kl,128,2.0,196940990.54185495,0.03125,0.8813691364744446
32,kl,129,2.015625,196844440.42024228,0.03125,0.8805019931576308
32,kl,130,2.03125,196747939.60117725,0.03125,0.879635735219257
32,kl,131,2.046875,196651488.06058633,0.03125,0.8787703617751115
32,kl,132,2.0625,196555085.77440777,0.03125,0.8779058719418549
32,kl,133,2.078125,196458732.7185916,0.03125,0.877042264837021
32,kl,134,2.09375,196362428.8690995,0.03125,0.8761795395790134
32,kl,135,2.109375,196266174.20190498,0.03125,0.8753176952871071
32,kl,136,2.125,196169968.69299325,0.03125,0.8744567310814468
32,kl,137,2.140625,196073812.31836122,0.03125,0.8735966460830448
32,kl,138,2.15625,195977705.05401757,0.03125,0.8727374394137817
32,kl,139,2.171875,195881646.87598264,0.03125,0.8718791101964055
32,kl,140,2.1875,195785637.7602885,0.03125,0.8710216575545299
32,kl,141,2.203125,195689677.68297896,0.03125,0.8701650806126338
32,kl,142,2.21875,195593766.6201095,0.03125,0.8693093784960606
32,kl,143,2.234375,195497904.54774725,0.03125,0.8684545503310179
32,kl,144,2.25,195402091.4419711,0.03125,0.8676005952445747
32,kl,145,2.265625,195306327.27887157,0.03125,0.866747512364663
32,kl,146,2.28125,195210612.03455085,0.03125,0.865895300820075
32,kl,147,2.296875,195114945.68512285,0.03125,0.8650439597404641
32,kl,148,2.3125,195019328.20671308,0.03125,0.8641934882563418
32,kl,149,2.328125,194923759.57545877,0.03125,0.8633438854990791
32,kl,150,2.34375,194828239.76750875,0.03125,0.8624951506009042
32,kl,151,2.359375,194732768.75902352,0.03125,0.861647282694902
32,kl,152,2.375,194637346.5261752,0.03125,0.8608002809150135
32,kl,153,2.390625,194541973.0451476,0.03125,0.8599541443960349
32,kl,154,2.40625,194446648.29213607,0.03125,0.8591088722736168
32,kl,155,2.421875,194351372.24334767,0.03125,0.8582644636842627
32,kl,156,2.4375,194256144.87500104,0.03125,0.8574209177653292
32,kl,157,2.453125,194160966.1633264,0.03125,0.856578233655025
32,kl,158,2.46875,194065836.08456567,0.03125,0.8557364104924087
32,kl,159,2.484375,193970754.61497226,0.03125,0.8548954474173895
32,kl,160,2.5,193875721.73081124,0.03125,0.8540553435707263
32,kl,161,2.515625,193780737.40835923,0.03125,0.8532160980940257
32,kl,162,2.53125,193685801.6239045,0.03125,0.8523777101297426
32,kl,163,2.546875,193590914.35374683,0.03125,0.8515401788211784
32,kl,164,2.5625,193496075.57419762,0.03125,0.8507035033124797
32,kl,165,2.578125,193401285.26157978,0.03125,0.8498676827486392
32,kl,166,2.59375,193306543.39222786,0.03125,0.849032716275494
32,kl,167,2.609375,193211849.94248787,0.03125,0.8481986030397235
32,kl,168,2.625,193117204.88871744,0.03125,0.8473653421888503
32,kl,169,2.640625,193022608.20728576,0.03125,0.8465329328712393
32,kl,170,2.65625,192928059.8745735,0.03125,0.845701374236096
32,kl,171,2.671875,192833559.8669729,0.03125,0.8448706654334656
32,kl,172,2.6875,192739108.16088766,0.03125,0.8440408056142328
32,kl,173,2.703125,192644704.7327331,0.03125,0.8432117939301214
32,kl,174,2.71875,192550349.55893603,0.03125,0.8423836295336922
32,kl,175,2.734375,192456042.61593473,0.03125,0.8415563115783432
32,kl,176,2.75,192361783.880179,0.03125,0.840729839218308
32,kl,177,2.765625,192267573.32813013,0.03125,0.8399042116086558
32,kl,178,2.78125,192173410.93626097,0.03125,0.8390794279052902
32,kl,179,2.796875,192079296.68105575,0.03125,0.8382554872649483
32,kl,180,2.8125,191985230.5390103,0.03125,0.837432388845199
32,kl,181,2.828125,191891212.4866318,0.03125,0.8366101318044449
32,kl,182,2.84375,191797242.50043905,0.03125,0.8357887153019185
32,kl,183,2.859375,191703320.55696216,0.03125,0.8349681384976829
32,kl,184,2.875,191609446.6327428,0.03125,0.8341484005526303
32,kl,185,2.890625,191515620.70433405,0.03125,0.833329500628482
32,kl,186,2.90625,191421842.74830046,0.03125,0.8325114378877871
32,kl,187,2.921875,191328112.74121806,0.03125,0.8316942114939222
32,kl,188,2.9375,191234430.65967423,0.03125,0.830877820611089
32,kl,189,2.953125,191140796.48026785,0.03125,0.8300622644043152
32,kl,190,2.96875,191047210.17960918,0.03125,0.8292475420394534
32,kl,191,2.984375,190953671.73431996,0.03125,0.8284336526831791
32,kl,192,3.0,190860181.12103328,0.03125,0.827620595502992
32,kl,193,3.015625,190766738.31639367,0.03125,0.8268083696672133
32,kl,194,3.03125,190673343.2970571,0.03125,0.8259969743449855
32,kl,195,3.046875,190579996.03969085,0.03125,0.8251864087062712
32,kl,196,3.0625,190486696.52097368,0.03125,0.8243766719218543
32,kl,197,3.078125,190393444.71759573,0.03125,0.8235677631633361
32,kl,198,3.09375,190300240.60625845,0.03125,0.8227596816031368
32,kl,199,3.109375,190207084.1636747,0.03125,0.8219524264144937
32,kl,200,3.125,190113975.36656877,0.03125,0.8211459967714606
32,kl,201,3.140625,190020914.19167623,0.03125,0.8203403918489074
32,kl,202,3.15625,189927900.61574405,0.03125,0.8195356108225184
32,kl,203,3.171875,189834934.61553058,0.03125,0.8187316528687925
32,kl,204,3.1875,189742016.16780546,0.03125,0.8179285171650418
32,kl,205,3.203125,189649145.2493497,0.03125,0.8171262028893905
32,kl,206,3.21875,189556321.83695567,0.03125,0.816324709220775
32,kl,207,3.234375,189463545.907427,0.03125,0.8155240353389428
32,kl,208,3.25,189370817.43757877,0.03125,0.8147241804244513
32,kl,209,3.265625,189278136.40423724,0.03125,0.8139251436586667
32,kl,210,3.28125,189185502.7842401,0.03125,0.8131269242237651
32,kl,211,3.296875,189092916.5544363,0.03125,0.8123295213027294
32,kl,212,3.3125,189000377.69168606,0.03125,0.8115329340793491
32,kl,213,3.328125,188907886.17286098,0.03125,0.810737161738221
32,kl,214,3.34375,188815441.9748439,0.03125,0.8099422034647467
32,kl,215,3.359375,188723045.07452893,0.03125,0.8091480584451319
32,kl,216,3.375,188630695.4488215,0.03125,0.808354725866387
32,kl,217,3.390625,188538393.07463834,0.03125,0.8075622049163249
32,kl,218,3.40625,188446137.92890736,0.03125,0.8067704947835609
32,kl,219,3.421875,188353929.98856783,0.03125,0.8059795946575115
32,kl,220,3.4375,188261769.23057023,0.03125,0.8051895037283943
32,kl,221,3.453125,188169655.6318763,0.03125,0.8044002211872262
32,kl,222,3.46875,188077589.16945904,0.03125,0.8036117462258237
32,kl,223,3.484375,187985569.82030272,0.03125,0.8028240780368014
32,kl,224,3.5,187893597.5614028,0.03125,0.8020372158135713
32,kl,225,3.515625,187801672.36976597,0.03125,0.8012511587503421
32,kl,226,3.53125,187709794.22241017,0.03125,0.8004659060421186
32,kl,227,3.546875,187617963.0963646,0.03125,0.7996814568847009
32,kl,228,3.5625,187526178.96866956,0.03125,0.7988978104746829
32,kl,229,3.578125,187434441.81637672,0.03125,0.7981149660094531
32,kl,230,3.59375,187342751.61654884,0.03125,0.7973329226871918
32,kl,231,3.609375,187251108.3462599,0.03125,0.7965516797068718
32,kl,232,3.625,187159511.9825951,0.03125,0.7957712362682573
32,kl,233,3.640625,187067962.5026508,0.03125,0.7949915915719028
32,kl,234,3.65625,186976459.88353455,0.03125,0.7942127448191523
32,kl,235,3.671875,186885004.10236514,0.03125,0.7934346952121394
32,kl,236,3.6875,186793595.13627243,0.03125,0.7926574419537852
32,kl,237,3.703125,186702232.96239752,0.03125,0.7918809842477984
32,kl,238,3.71875,186610917.55789262,0.03125,0.7911053212986744
32,kl,239,3.734375,186519648.89992115,0.03125,0.7903304523116946
32,kl,240,3.75,186428426.96565762,0.03125,0.7895563764929246
32,kl,241,3.765625,186337251.73228776,0.03125,0.7887830930492158
32,kl,242,3.78125,186246123.1770084,0.03125,0.788010601188202
32,kl,243,3.796875,186155041.27702746,0.03125,0.7872389001182998
32,kl,244,3.8125,186064006.00956407,0.03125,0.7864679890487084
32,kl,245,3.828125,185973017.35184842,0.03125,0.7856978671894077
32,kl,246,3.84375,185882075.28112188,0.03125,0.7849285337511583
32,kl,247,3.859375,185791179.77463686,0.03125,0.7841599879455005
32,kl,248,3.875,185700330.80965695,0.03125,0.7833922289847535
32,kl,249,3.890625,185609528.36345676,0.03125,0.7826252560820142
32,kl,250,3.90625,185518772.41332206,0.03125,0.7818590684511576
32,kl,251,3.921875,185428062.93654972,0.03125,0.7810936653068351
32,kl,252,3.9375,185337399.91044766,0.03125,0.7803290458644742
32,kl,253,3.953125,185246783.31233487,0.03125,0.7795652093402765
32,kl,254,3.96875,185156213.11954144,0.03125,0.7788021549512193
32,kl,255,3.984375,185065689.30940852,0.03125,0.7780398819150527
32,kl,256,4.0,184975211.8592883,0.03125,0.7772783894502995
32,kl,257,4.015625,184884780.74654412,0.03125,0.7765176767762552
32,kl,258,4.03125,184794395.94855025,0.03125,0.775757743112986
32,kl,259,4.046875,184704057.4426921,0.03125,0.7749985876813291
32,kl,260,4.0625,184613765.2063661,0.03125,0.7742402097028913
32,kl,261,4.078125,184523519.21697965,0.03125,0.7734826084000487
32,kl,262,4.09375,184433319.4519513,0.03125,0.7727257829959449
32,kl,263,4.109375,184343165.8887105,0.03125,0.7719697327144919
32,kl,264,4.125,184253058.50469783,0.03125,0.771214456780368
32,kl,265,4.140625,184162997.27736482,0.03125,0.7704599544190177
32,kl,266,4.15625,184072982.18417403,0.03125,0.7697062248566509
32,kl,267,4.171875,183983013.20259902,0.03125,0.7689532673202416
32,kl,268,4.1875,183893090.31012437,0.03125,0.7682010810375282
32,kl,269,4.203125,183803213.48424563,0.03125,0.7674496652370114
32,kl,270,4.21875,183713382.70246932,0.03125,0.7666990191479545
32,kl,271,4.234375,183623597.942313,0.03125,0.7659491420003824
32,kl,272,4.25,183533859.18130514,0.03125,0.7652000330250809
32,kl,273,4.265625,183444166.39698526,0.03125,0.7644516914535953
32,kl,274,4.28125,183354519.5669038,0.03125,0.7637041165182309
32,kl,275,4.296875,183264918.66862214,0.03125,0.7629573074520508
32,kl,276,4.3125,183175363.67971265,0.03125,0.7622112634888764
32,kl,277,4.328125,183085854.57775867,0.03125,0.761465983863286
32,kl,278,4.34375,182996391.34035444,0.03125,0.760721467810614
32,kl,279,4.359375,182906973.94510517,0.03125,0.7599777145669507
32,kl,280,4.375,182817602.36962697,0.03125,0.7592347233691411
32,kl,281,4.390625,182728276.59154692,0.03125,0.7584924934547838
32,kl,282,4.40625,182638996.58850303,0.03125,0.7577510240622318
32,kl,283,4.421875,182549762.33814418,0.03125,0.7570103144305895
32,kl,284,4.4375,182460573.8181302,0.03125,0.7562703637997139
32,kl,285,4.453125,182371431.00613183,0.03125,0.7555311714102131
32,kl,286,4.46875,182282333.8798307,0.03125,0.7547927365034449
32,kl,287,4.484375,182193282.41691932,0.03125,0.7540550583215178
32,kl,288,4.5,182104276.59510112,0.03125,0.7533181361072881
32,kl,289,4.515625,182015316.39209044,0.03125,0.7525819691043615
32,kl,290,4.53125,181926401.78561243,0.03125,0.7518465565570898
32,kl,291,4.546875,181837532.7534032,0.03125,0.7511118977105724
32,kl,292,4.5625,181748709.27320963,0.03125,0.7503779918106546
32,kl,293,4.578125,181659931.32278958,0.03125,0.7496448381039263
32,kl,294,4.59375,181571198.8799117,0.03125,0.7489124358377227
32,kl,295,4.609375,181482511.9223555,0.03125,0.7481807842601224
32,kl,296,4.625,181393870.42791137,0.03125,0.7474498826199469
32,kl,297,4.640625,181305274.3743805,0.03125,0.7467197301667602
32,kl,298,4.65625,181216723.73957497,0.03125,0.7459903261508682
32,kl,299,4.671875,181128218.50131765,0.03125,0.745261669823317
32,kl,300,4.6875,181039758.63744226,0.03125,0.7445337604358929
32,kl,301,4.703125,180951344.12579334,0.03125,0.7438065972411223
32,kl,302,4.71875,180862974.94422626,0.03125,0.7430801794922697
32,kl,303,4.734375,180774651.0706072,0.03125,0.7423545064433376
32,kl,304,4.75,180686372.4828131,0.03125,0.7416295773490656
32,kl,305,4.765625,180598139.15873176,0.03125,0.7409053914649304
32,kl,306,4.78125,180509951.07626176,0.03125,0.7401819480471437
32,kl,307,4.796875,180421808.21331245,0.03125,0.7394592463526524
48,riemannian,0,0.0,1061683200.0,0.020833333333333332,1.0
48,riemannian,3,0.03125,1060987582.0565894,0.020833333333333332,0.9986826189310195
48,riemannian,6,0.0625,1060292436.7373697,0.020833333333333332,0.9973670273964554
48,riemannian,9,0.09375,1059597763.73471,0.020833333333333332,0.9960532230164066
48,riemannian,12,0.125,1058903562.7411791,0.020833333333333332,0.9947412034141007
48,riemannian,15,0.15625,1058209833.4495461,0.020833333333333332,0.9934309662158923
48,riemannian,18,0.1875,1057516575.5527799,0.020833333333333332,0.9921225090512579
48,riemannian,21,0.21875,1056823788.7440495,0.020833333333333332,0.9908158295527927
48,riemannian,24,0.25,1056131472.7167237,0.020833333333333332,0.9895109253562054
48,riemannian,27,0.28125,1055439627.1643705,0.020833333333333332,0.9882077941003151
48,riemannian,30,0.3125,1054748251.7807577,0.020833333333333332,0.9869064334270462
48,riemannian,33,0.34375,1054057346.259852,0.020833333333333332,0.9856068409814255
48,riemannian,36,0.375,1053366910.2958199,0.020833333333333332,0.9843090144115766
48,riemannian,39,0.40625,1052676943.5830264,0.020833333333333332,0.9830129513687182
48,riemannian,42,0.4375,1051987445.8160359,0.020833333333333332,0.9817186495071576
48,riemannian,45,0.46875,1051298416.6896112,0.020833333333333332,0.9804261064842881
48,riemannian,48,0.5,1050609855.8987141,0.020833333333333332,0.9791353199605846
48,riemannian,51,0.53125,1049921763.1385046,0.020833333333333332,0.9778462875995992
48,riemannian,54,0.5625,1049234138.1043417,0.020833333333333332,0.9765590070679585
48,riemannian,57,0.59375,1048546980.4917822,0.020833333333333332,0.9752734760353572
48,riemannian,60,0.625,1047860289.9965811,0.020833333333333332,0.9739896921745564
48,riemannian,63,0.65625,1047174066.3146915,0.020833333333333332,0.9727076531613784
48,riemannian,66,0.6875,1046488309.1422646,0.020833333333333332,0.9714273566747034
48,riemannian,69,0.71875,1045803018.1756492,0.020833333333333332,0.9701488003964643
48,riemannian,72,0.75,1045118193.1113915,0.020833333333333332,0.968871982011644
48,riemannian,75,0.78125,1044433833.6462358,0.020833333333333332,0.967596899208271
48,riemannian,78,0.8125,1043749939.4771233,0.020833333333333332,0.9663235496774146
48,riemannian,81,0.84375,1043066510.3011925,0.020833333333333332,0.9650519311131822
48,riemannian,84,0.875,1042383545.8157794,0.020833333333333332,0.9637820412127149
48,riemannian,87,0.90625,1041701045.7184167,0.020833333333333332,0.9625138776761829
48,riemannian,90,0.9375,1041019009.706834,0.020833333333333332,0.9612474382067823
48,riemannian,93,0.96875,1040337437.4789575,0.020833333333333332,0.9599827205107304
48,riemannian,96,1.0,1039656328.7329104,0.020833333333333332,0.9587197222972628
48,riemannian,99,1.03125,1038975683.1670122,0.020833333333333332,0.9574584412786287
48,riemannian,102,1.0625,1038295500.4797788,0.020833333333333332,0.9561988751700871
48,riemannian,105,1.09375,1037615780.3699222,0.020833333333333332,0.9549410216899026
48,riemannian,108,1.125,1036936522.5363504,0.020833333333333332,0.9536848785593415
48,riemannian,111,1.15625,1036257726.6781679,0.020833333333333332,0.9524304435026694
48,riemannian,114,1.1875,1035579392.4946748,0.020833333333333332,0.9511777142471447
48,riemannian,117,1.21875,1034901519.6853666,0.020833333333333332,0.9499266885230162
48,riemannian,120,1.25,1034224107.9499348,0.020833333333333332,0.9486773640635195
48,riemannian,123,1.28125,1033547156.9882662,0.020833333333333332,0.947429738604872
48,riemannian,126,1.3125,1032870666.500443,0.020833333333333332,0.9461838098862696
48,riemannian,129,1.34375,1032194636.1867425,0.020833333333333332,0.9449395756498833
48,riemannian,132,1.375,1031519065.7476374,0.020833333333333332,0.9436970336408541
48,riemannian,135,1.40625,1030843954.883795,0.020833333333333332,0.9424561816072902
48,riemannian,138,1.4375,1030169303.2960776,0.020833333333333332,0.9412170173002622
48,riemannian,141,1.46875,1029495110.6855422,0.020833333333333332,0.9399795384738002
48,riemannian,144,1.5,1028821376.7534404,0.020833333333333332,0.9387437428848893
48,riemannian,147,1.53125,1028148101.2012181,0.020833333333333332,0.9375096282934656
48,riemannian,150,1.5625,1027475283.7305158,0.020833333333333332,0.9362771924624131
48,riemannian,153,1.59375,1026802924.043168,0.020833333333333332,0.9350464331575588
48,riemannian,156,1.625,1026131021.8412033,0.020833333333333332,0.93381734814767
48,riemannian,159,1.65625,1025459576.8268443,0.020833333333333332,0.9325899352044495
48,riemannian,162,1.6875,1024788588.7025074,0.020833333333333332,0.9313641921025317
48,riemannian,165,1.71875,1024118057.1708027,0.020833333333333332,0.9301401166194803
48,riemannian,168,1.75,1023447981.9345341,0.020833333333333332,0.9289177065357825
48,riemannian,171,1.78125,1022778362.6966983,0.020833333333333332,0.9276969596348459
48,riemannian,174,1.8125,1022109199.1604861,0.020833333333333332,0.9264778737029955
48,riemannian,177,1.84375,1021440491.0292809,0.020833333333333332,0.9252604465294685
48,riemannian,180,1.875,1020772238.0066595,0.020833333333333332,0.9240446759064115
48,riemannian,183,1.90625,1020104439.7963916,0.020833333333333332,0.9228305596288765
48,riemannian,186,1.9375,1019437096.1024396,0.020833333333333332,0.921618095494817
48,riemannian,189,1.96875,1018770206.6289586,0.020833333333333332,0.9204072813050832
48,riemannian,192,2.0,1018103771.0802964,0.020833333333333332,0.9191981148634204
48,riemannian,195,2.03125,1017437789.1609931,0.020833333333333332,0.9179905939764637
48,riemannian,198,2.0625,1016772260.5757813,0.020833333333333332,0.9167847164537342
48,riemannian,201,2.09375,1016107185.0295857,0.020833333333333332,0.9155804801076357
48,riemannian,204,2.125,1015442562.2275229,0.020833333333333332,0.9143778827534504
48,riemannian,207,2.15625,1014778391.8749014,0.020833333333333332,0.9131769222093358
48,riemannian,210,2.1875,1014114673.677222,0.020833333333333332,0.9119775962963211
48,riemannian,213,2.21875,1013451407.3401766,0.020833333333333332,0.9107799028383018
48,riemannian,216,2.25,1012788592.5696492,0.020833333333333332,0.9095838396620385
48,riemannian,219,2.28125,1012126229.0717148,0.020833333333333332,0.9083894045971506
48,riemannian,222,2.3125,1011464316.5526398,0.020833333333333332,0.9071965954761141
48,riemannian,225,2.34375,1010802854.7188822,0.020833333333333332,0.9060054101342581
48,riemannian,228,2.375,1010141843.2770904,0.020833333333333332,0.9048158464097594
48,riemannian,231,2.40625,1009481281.9341043,0.020833333333333332,0.9036279021436406
48,riemannian,234,2.4375,1008821170.3969544,0.020833333333333332,0.9024415751797656
48,riemannian,237,2.46875,1008161508.3728619,0.020833333333333332,0.9012568633648353
48,riemannian,240,2.5,1007502295.5692384,0.020833333333333332,0.900073764548385
48,riemannian,243,2.53125,1006843531.6936864,0.020833333333333332,0.8988922765827798
48,riemannian,246,2.5625,1006185216.4539982,0.020833333333333332,0.8977123973232117
48,riemannian,249,2.59375,1005527349.5581567,0.020833333333333332,0.8965341246276954
48,riemannian,252,2.625,1004869930.7143347,0.020833333333333332,0.8953574563570641
48,riemannian,255,2.65625,1004212959.6308949,0.020833333333333332,0.8941823903749668
48,riemannian,258,2.6875,1003556436.0163898,0.020833333333333332,0.8930089245478643
48,riemannian,261,2.71875,1002900359.5795621,0.020833333333333332,0.8918370567450256
48,riemannian,264,2.75,1002244730.0293432,0.020833333333333332,0.8906667848385232
48,riemannian,267,2.78125,1001589547.0748546,0.020833333333333332,0.8894981067032307
48,riemannian,270,2.8125,1000934810.425407,0.020833333333333332,0.8883310202168194
48,riemannian,273,2.84375,1000280519.7905004,0.020833333333333332,0.887165523259753
48,riemannian,276,2.875,999626674.8798236,0.020833333333333332,0.8860016137152854
48,riemannian,279,2.90625,998973275.4032544,0.020833333333333332,0.8848392894694559
48,riemannian,282,2.9375,998320321.0708597,0.020833333333333332,0.883678548411087
48,riemannian,285,2.96875,997667811.592895,0.020833333333333332,0.8825193884317797
48,riemannian,288,3.0,997015746.6798044,0.020833333333333332,0.8813618074259099
48,riemannian,291,3.03125,996364126.0422205,0.020833333333333332,0.880205803290625
48,riemannian,294,3.0625,995712949.3909639,0.020833333333333332,0.8790513739258405
48,riemannian,297,3.09375,995062216.4370441,0.020833333333333332,0.8778985172342364
48,riemannian,300,3.125,994411926.8916582,0.020833333333333332,0.8767472311212523
48,riemannian,303,3.15625,993762080.4661913,0.020833333333333332,0.8755975134950854
48,riemannian,306,3.1875,993112676.8722166,0.020833333333333332,0.874449362266687
48,riemannian,309,3.21875,992463715.8214948,0.020833333333333332,0.8733027753497568
48,riemannian,312,3.25,991815197.0259745,0.020833333333333332,0.8721577506607416
48,riemannian,315,3.28125,991167120.1977915,0.020833333333333332,0.8710142861188309
48,riemannian,318,3.3125,990519485.049269,0.020833333333333332,0.8698723796459523
48,riemannian,321,3.34375,989872291.2929176,0.020833333333333332,0.86873202916677
48,riemannian,324,3.375,989225538.641435,0.020833333333333332,0.8675932326086792
48,riemannian,327,3.40625,988579226.807706,0.020833333333333332,0.8664559879018037
48,riemannian,330,3.4375,987933355.504802,0.020833333333333332,0.8653202929789922
48,riemannian,333,3.46875,987287924.4459813,0.020833333333333332,0.8641861457758137
48,riemannian,336,3.5,986642933.3446888,0.020833333333333332,0.8630535442305554
48,riemannian,339,3.53125,985998381.9145561,0.020833333333333332,0.8619224862842192
48,riemannian,342,3.5625,985354269.8694011,0.020833333333333332,0.860792969880516
48,riemannian,345,3.59375,984710596.9232278,0.020833333333333332,0.8596649929658644
48,riemannian,348,3.625,984067362.7902265,0.020833333333333332,0.8585385534893863
48,riemannian,351,3.65625,983424567.1847736,0.020833333333333332,0.8574136494029037
48,riemannian,354,3.6875,982782209.8214313,0.020833333333333332,0.8562902786609342
48,riemannian,357,3.71875,982140290.4149477,0.020833333333333332,0.8551684392206892
48,riemannian,360,3.75,981498808.6802566,0.020833333333333332,0.8540481290420683
48,riemannian,363,3.78125,980857764.332477,0.020833333333333332,0.8529293460876572
48,riemannian,366,3.8125,980217157.0869138,0.020833333333333332,0.8518120883227244
48,riemannian,369,3.84375,979576986.659057,0.020833333333333332,0.8506963537152161
48,riemannian,372,3.875,978937252.7645817,0.020833333333333332,0.8495821402357543
48,riemannian,375,3.90625,978297955.1193482,0.020833333333333332,0.848469445857633
48,riemannian,378,3.9375,977659093.4394015,0.020833333333333332,0.8473582685568128
48,riemannian,381,3.96875,977020667.440972,0.020833333333333332,0.8462486063119217
48,riemannian,384,4.0,976382676.840474,0.020833333333333332,0.8451404571042462
48,riemannian,387,4.03125,975745121.3545071,0.020833333333333332,0.8440338189177322
48,riemannian,390,4.0625,975108000.699855,0.020833333333333332,0.8429286897389793
48,riemannian,393,4.09375,974471314.5934858,0.020833333333333332,0.8418250675572381
48,riemannian,396,4.125,973835062.752552,0.020833333333333332,0.8407229503644064
48,riemannian,399,4.15625,973199244.89439,0.020833333333333332,0.8396223361550256
48,riemannian,402,4.1875,972563860.7365202,0.020833333333333332,0.8385232229262777
48,riemannian,405,4.21875,971928909.9966469,0.020833333333333332,0.8374256086779819
48,riemannian,408,4.25,971294392.3926581,0.020833333333333332,0.8363294914125902
48,riemannian,411,4.28125,970660307.6426257,0.020833333333333332,0.8352348691351854
48,riemannian,414,4.3125,970026655.4648046,0.020833333333333332,0.8341417398534765
48,riemannian,417,4.34375,969393435.5776336,0.020833333333333332,0.8330501015777952
48,riemannian,420,4.375,968760647.6997343,0.020833333333333332,0.831959952321094
48,riemannian,423,4.40625,968128291.549912,0.020833333333333332,0.8308712900989405
48,riemannian,426,4.4375,967496366.8471546,0.020833333333333332,0.8297841129295163
48,riemannian,429,4.46875,966864873.310633,0.020833333333333332,0.8286984188336116
48,riemannian,432,4.5,966233810.6597009,0.020833333333333332,0.8276142058346228
48,riemannian,435,4.53125,965603178.6138947,0.020833333333333332,0.826531471958549
48,riemannian,438,4.5625,964972976.8929335,0.020833333333333332,0.825450215233989
48,riemannian,441,4.59375,964343205.2167187,0.020833333333333332,0.8243704336921368
48,riemannian,444,4.625,963713863.3053339,0.020833333333333332,0.8232921253667788
48,riemannian,447,4.65625,963084950.8790449,0.020833333333333332,0.8222152882942904
48,riemannian,450,4.6875,962456467.6582998,0.020833333333333332,0.8211399205136329
48,riemannian,453,4.71875,961828413.3637285,0.020833333333333332,0.8200660200663498
48,riemannian,456,4.75,961200787.7161428,0.020833333333333332,0.8189935849965632
48,riemannian,459,4.78125,960573590.4365362,0.020833333333333332,0.8179226133509712
48,riemannian,462,4.8125,959946821.2460839,0.020833333333333332,0.8168531031788435
48,riemannian,465,4.84375,959320479.8661424,0.020833333333333332,0.8157850525320189
48,riemannian,468,4.875,958694566.0182498,0.020833333333333332,0.8147184594649014
48,riemannian,471,4.90625,958069079.4241251,0.020833333333333332,0.8136533220344571
48,riemannian,474,4.9375,957444019.8056688,0.020833333333333332,0.8125896383002105
48,riemannian,477,4.96875,956819386.8849623,0.020833333333333332,0.8115274063242418
48,riemannian,480,5.0,956195180.3842678,0.020833333333333332,0.810466624171183
48,riemannian,483,5.03125,955571400.0260284,0.020833333333333332,0.809407289908215
48,riemannian,486,5.0625,954948045.5328678,0.020833333333333332,0.8083494016050635
48,riemannian,489,5.09375,954325116.6275903,0.020833333333333332,0.8072929573339969
48,riemannian,492,5.125,953702613.0331804,0.020833333333333332,0.8062379551698211
48,riemannian,495,5.15625,953080534.4728032,0.020833333333333332,0.8051843931898786
48,riemannian,498,5.1875,952458880.669804,0.020833333333333332,0.8041322694740429
48,riemannian,501,5.21875,951837651.3477077,0.020833333333333332,0.8030815821047167
48,riemannian,504,5.25,951216846.23022,0.020833333333333332,0.8020323291668284
48,riemannian,507,5.28125,950596465.0412256,0.020833333333333332,0.8009845087478276
48,riemannian,510,5.3125,949976507.5047894,0.020833333333333332,0.7999381189376833
48,riemannian,513,5.34375,949356973.3451557,0.020833333333333332,0.7988931578288796
48,riemannian,516,5.375,948737862.2867485,0.020833333333333332,0.7978496235164133
48,riemannian,519,5.40625,948119174.0541711,0.020833333333333332,0.7968075140977896
48,riemannian,522,5.4375,947500908.3722059,0.020833333333333332,0.7957668276730195
48,riemannian,525,5.46875,946883064.9658145,0.020833333333333332,0.7947275623446163
48,riemannian,528,5.5,946265643.5601376,0.020833333333333332,0.7936897162175922
48,riemannian,531,5.53125,945648643.8804947,0.020833333333333332,0.7926532873994554
48,riemannian,534,5.5625,945032065.6523843,0.020833333333333332,0.7916182740002065
48,riemannian,537,5.59375,944415908.6014833,0.020833333333333332,0.7905846741323355
48,riemannian,540,5.625,943800172.4536475,0.020833333333333332,0.7895524859108183
48,riemannian,543,5.65625,943184856.9349107,0.020833333333333332,0.7885217074531131
48,riemannian,546,5.6875,942569961.7714852,0.020833333333333332,0.7874923368791582
48,riemannian,549,5.71875,941955486.6897618,0.020833333333333332,0.786464372311368
48,riemannian,552,5.75,941341431.4163091,0.020833333333333332,0.7854378118746304
48,riemannian,555,5.78125,940727795.6778736,0.020833333333333332,0.7844126536963013
48,riemannian,558,5.8125,940114579.2013799,0.020833333333333332,0.7833888959062051
48,riemannian,561,5.84375,939501781.7139301,0.020833333333333332,0.7823665366366284
48,riemannian,564,5.875,938889402.9428043,0.020833333333333332,0.7813455740223182
48,riemannian,567,5.90625,938277442.6154598,0.020833333333333332,0.7803260062004785
48,riemannian,570,5.9375,937665900.4595313,0.020833333333333332,0.7793078313107668
48,riemannian,573,5.96875,937054776.2028309,0.020833333333333332,0.7782910474952908
48,riemannian,576,6.0,936444069.5733478,0.020833333333333332,0.7772756528986055
48,riemannian,579,6.03125,935833780.2992485,0.020833333333333332,0.7762616456677103
48,riemannian,582,6.0625,935223908.1088759,0.020833333333333332,0.775249023952045
48,riemannian,585,6.09375,934614452.7307502,0.020833333333333332,0.774237785903487
48,riemannian,588,6.125,934005413.8935682,0.020833333333333332,0.7732279296763487
48,riemannian,591,6.15625,933396791.3262029,0.020833333333333332,0.7722194534273723
48,riemannian,594,6.1875,932788584.7577045,0.020833333333333332,0.77121235531573
48,riemannian,597,6.21875,932180793.917299,0.020833333333333332,0.7702066335030178
48,riemannian,600,6.25,931573418.534389,0.020833333333333332,0.7692022861532531
48,riemannian,603,6.28125,930966458.3385528,0.020833333333333332,0.7681993114328727
48,riemannian,606,6.3125,930359913.0595452,0.020833333333333332,0.767197707510728
48,riemannian,609,6.34375,929753782.4272964,0.020833333333333332,0.7661974725580829
48,riemannian,612,6.375,929148066.1719129,0.020833333333333332,0.7651986047486107
48,riemannian,615,6.40625,928542764.0236765,0.020833333333333332,0.7642011022583899
48,riemannian,618,6.4375,927937875.7130449,0.020833333333333332,0.7632049632659024
48,riemannian,621,6.46875,927333400.9706507,0.020833333333333332,0.7622101859520288
48,riemannian,624,6.5,926729339.5273024,0.020833333333333332,0.7612167685000473
48,riemannian,627,6.53125,926125691.1139835,0.020833333333333332,0.7602247090956287
48,riemannian,630,6.5625,925522455.4618526,0.020833333333333332,0.759234005926834
48,riemannian,633,6.59375,924919632.3022432,0.020833333333333332,0.7582446571841117
48,riemannian,636,6.625,924317221.3666638,0.020833333333333332,0.7572566610602937
48,riemannian,639,6.65625,923715222.3867975,0.020833333333333332,0.7562700157505926
48,riemannian,642,6.6875,923113635.0945024,0.020833333333333332,0.7552847194525993
48,riemannian,645,6.71875,922512459.2218107,0.020833333333333332,0.7543007703662787
48,riemannian,648,6.75,921911694.5009294,0.020833333333333332,0.7533181666939681
48,riemannian,651,6.78125,921311340.6642394,0.020833333333333332,0.7523369066403718
48,riemannian,654,6.8125,920711397.4442961,0.020833333333333332,0.7513569884125602
48,riemannian,657,6.84375,920111864.573829,0.020833333333333332,0.750378410219966
48,riemannian,660,6.875,919512741.7857414,0.020833333333333332,0.7494011702743801
48,riemannian,663,6.90625,918914028.8131106,0.020833333333333332,0.7484252667899507
48,riemannian,666,6.9375,918315725.3891873,0.020833333333333332,0.7474506979831774
48,riemannian,669,6.96875,917717831.2473963,0.020833333333333332,0.7464774620729109
48,riemannian,672,7.0,917120346.1213356,0.020833333333333332,0.7455055572803475
48,riemannian,675,7.03125,916523269.7447767,0.020833333333333332,0.7445349818290282
48,riemannian,678,7.0625,915926601.8516645,0.020833333333333332,0.7435657339448343
48,riemannian,681,7.09375,915330342.1761171,0.020833333333333332,0.7425978118559844
48,riemannian,684,7.125,914734490.4524251,0.020833333333333332,0.7416312137930314
48,riemannian,687,7.15625,914139046.4150529,0.020833333333333332,0.7406659379888604
48,riemannian,690,7.1875,913544009.798637,0.020833333333333332,0.7397019826786838
48,kl,0,0.0,1061683200.0,0.020833333333333332,1.0
48,kl,3,0.03125,1060987582.0565894,0.020833333333333332,0.9986826189310195
48,kl,6,0.0625,1060292436.7373697,0.020833333333333332,0.9973670273964554
48,kl,9,0.09375,1059597763.73471,0.020833333333333332,0.9960532230164066
48,kl,12,0.125,1058903562.7411791,0.020833333333333332,0.9947412034141007
48,kl,15,0.15625,1058209833.4495461,0.020833333333333332,0.9934309662158923
48,kl,18,0.1875,1057516575.5527799,0.020833333333333332,0.9921225090512579
48,kl,21,0.21875,1056823788.7440495,0.020833333333333332,0.9908158295527927
48,kl,24,0.25,1056131472.7167237,0.020833333333333332,0.9895109253562054
48,kl,27,0.28125,1055439627.1643705,0.020833333333333332,0.9882077941003151
48,kl,30,0.3125,1054748251.7807577,0.020833333333333332,0.9869064334270462
48,kl,33,0.34375,1054057346.259852,0.020833333333333332,0.9856068409814255
48,kl,36,0.375,1053366910.2958199,0.020833333333333332,0.9843090144115766
48,kl,39,0.40625,1052676943.5830264,0.020833333333333332,0.9830129513687182
48,kl,42,0.4375,1051987445.8160359,0.020833333333333332,0.9817186495071576
48,kl,45,0.46875,1051298416.6896112,0.020833333333333332,0.9804261064842881
48,kl,48,0.5,1050609855.8987141,0.020833333333333332,0.9791353199605846
48,kl,51,0.53125,1049921763.1385046,0.020833333333333332,0.9778462875995992
48,kl,54,0.5625,1049234138.1043417,0.020833333333333332,0.9765590070679585
48,kl,57,0.59375,1048546980.4917822,0.020833333333333332,0.9752734760353572
48,kl,60,0.625,1047860289.9965811,0.020833333333333332,0.9739896921745564
48,kl,63,0.65625,1047174066.3146915,0.020833333333333332,0.9727076531613784
48,kl,66,0.6875,1046488309.1422646,0.020833333333333332,0.9714273566747034
48,kl,69,0.71875,1045803018.1756492,0.020833333333333332,0.9701488003964643
48,kl,72,0.75,1045118193.1113915,0.020833333333333332,0.968871982011644
48,kl,75,0.78125,1044433833.6462358,0.020833333333333332,0.967596899208271
48,kl,78,0.8125,1043749939.4771233,0.020833333333333332,0.9663235496774146
48,kl,81,0.84375,1043066510.3011925,0.020833333333333332,0.9650519311131822
48,kl,84,0.875,1042383545.8157794,0.020833333333333332,0.9637820412127149
48,kl,87,0.90625,1041701045.7184167,0.020833333333333332,0.9625138776761829
48,kl,90,0.9375,1041019009.706834,0.020833333333333332,0.9612474382067823
48,kl,93,0.96875,1040337437.4789575,0.020833333333333332,0.9599827205107304
48,kl,96,1.0,1039656328.7329104,0.020833333333333332,0.9587197222972628
48,kl,99,1.03125,1038975683.1670122,0.020833333333333332,0.9574584412786287
48,kl,102,1.0625,1038295500.4797788,0.020833333333333332,0.9561988751700871
48,kl,105,1.09375,1037615780.3699222,0.020833333333333332,0.9549410216899026
48,kl,108,1.125,1036936522.5363504,0.020833333333333332,0.9536848785593415
48,kl,111,1.15625,1036257726.6781679,0.020833333333333332,0.9524304435026694
48,kl,114,1.1875,1035579392.4946748,0.020833333333333332,0.9511777142471447
48,kl,117,1.21875,1034901519.6853666,0.020833333333333332,0.9499266885230162
48,kl,120,1.25,1034224107.9499348,0.020833333333333332,0.9486773640635195
48,kl,123,1.28125,1033547156.9882662,0.020833333333333332,0.947429738604872
48,kl,126,1.3125,1032870666.500443,0.020833333333333332,0.9461838098862696
48,kl,129,1.34375,1032194636.1867425,0.020833333333333332,0.9449395756498833
48,kl,132,1.375,1031519065.7476374,0.020833333333333332,0.9436970336408541
48,kl,135,1.40625,1030843954.883795,0.020833333333333332,0.9424561816072902
48,kl,138,1.4375,1030169303.2960776,0.020833333333333332,0.9412170173002622
48,kl,141,1.46875,1029495110.6855422,0.020833333333333332,0.9399795384738002
48,kl,144,1.5,1028821376.7534404,0.020833333333333332,0.9387437428848893
48,kl,147,1.53125,1028148101.2012181,0.020833333333333332,0.9375096282934656
48,kl,150,1.5625,1027475283.7305158,0.020833333333333332,0.9362771924624131
48,kl,153,1.59375,1026802924.043168,0.020833333333333332,0.9350464331575588
48,kl,156,1.625,1026131021.8412033,0.020833333333333332,0.93381734814767
48,kl,159,1.65625,1025459576.8268443,0.020833333333333332,0.9325899352044495
48,kl,162,1.6875,1024788588.7025074,0.020833333333333332,0.9313641921025317
48,kl,165,1.71875,1024118057.1708027,0.020833333333333332,0.9301401166194803
48,kl,168,1.75,1023447981.9345341,0.020833333333333332,0.9289177065357825
48,kl,171,1.78125,1022778362.6966983,0.020833333333333332,0.9276969596348459
48,kl,174,1.8125,1022109199.1604861,0.020833333333333332,0.9264778737029955
48,kl,177,1.84375,1021440491.0292809,0.020833333333333332,0.9252604465294685
48,kl,180,1.875,1020772238.0066595,0.020833333333333332,0.9240446759064115
48,kl,183,1.90625,1020104439.7963916,0.020833333333333332,0.9228305596288765
48,kl,186,1.9375,1019437096.1024396,0.020833333333333332,0.921618095494817
48,kl,189,1.96875,1018770206.6289586,0.020833333333333332,0.9204072813050832
48,kl,192,2.0,1018103771.0802964,0.020833333333333332,0.9191981148634204
48,kl,195,2.03125,1017437789.1609931,0.020833333333333332,0.9179905939764637
48,kl,198,2.0625,1016772260.5757813,0.020833333333333332,0.9167847164537342
48,kl,201,2.09375,1016107185.0295857,0.020833333333333332,0.9155804801076357
48,kl,204,2.125,1015442562.2275229,0.020833333333333332,0.9143778827534504
48,kl,207,2.15625,1014778391.8749014,0.020833333333333332,0.9131769222093358
48,kl,210,2.1875,1014114673.677222,0.020833333333333332,0.9119775962963211
48,kl,213,2.21875,1013451407.3401766,0.020833333333333332,0.9107799028383018
48,kl,216,2.25,1012788592.5696492,0.020833333333333332,0.9095838396620385
48,kl,219,2.28125,1012126229.0717148,0.020833333333333332,0.9083894045971506
48,kl,222,2.3125,1011464316.5526398,0.020833333333333332,0.9071965954761141
48,kl,225,2.34375,1010802854.7188822,0.020833333333333332,0.9060054101342581
48,kl,228,2.375,1010141843.2770904,0.020833333333333332,0.9048158464097594
48,kl,231,2.40625,1009481281.9341043,0.020833333333333332,0.9036279021436406
48,kl,234,2.4375,1008821170.3969544,0.020833333333333332,0.9024415751797656
48,kl,237,2.46875,1008161508.3728619,0.020833333333333332,0.9012568633648353
48,kl,240,2.5,1007502295.5692384,0.020833333333333332,0.900073764548385
48,kl,243,2.53125,1006843531.6936864,0.020833333333333332,0.8988922765827798
48,kl,246,2.5625,1006185216.4539982,0.020833333333333332,0.8977123973232117
48,kl,249,2.59375,1005527349.5581567,0.020833333333333332,0.8965341246276954
48,kl,252,2.625,1004869930.7143347,0.020833333333333332,0.8953574563570641
48,kl,255,2.65625,1004212959.6308949,0.020833333333333332,0.8941823903749668
48,kl,258,2.6875,1003556436.0163898,0.020833333333333332,0.8930089245478643
48,kl,261,2.71875,1002900359.5795621,0.020833333333333332,0.8918370567450256
48,kl,264,2.75,1002244730.0293432,0.020833333333333332,0.8906667848385232
48,kl,267,2.78125,1001589547.0748546,0.020833333333333332,0.8894981067032307
48,kl,270,2.8125,1000934810.425407,0.020833333333333332,0.8883310202168194
48,kl,273,2.84375,1000280519.7905004,0.020833333333333332,0.887165523259753
48,kl,276,2.875,999626674.8798236,0.020833333333333332,0.8860016137152854
48,kl,279,2.90625,998973275.4032544,0.020833333333333332,0.8848392894694559
48,kl,282,2.9375,998320321.0708597,0.020833333333333332,0.883678548411087
48,kl,285,2.96875,997667811.592895,0.020833333333333332,0.8825193884317797
48,kl,288,3.0,997015746.6798044,0.020833333333333332,0.8813618074259099
48,kl,291,3.03125,996364126.0422205,0.020833333333333332,0.880205803290625
48,kl,294,3.0625,995712949.3909639,0.020833333333333332,0.8790513739258405
48,kl,297,3.09375,995062216.4370441,0.020833333333333332,0.8778985172342364
48,kl,300,3.125,994411926.8916582,0.020833333333333332,0.8767472311212523
48,kl,303,3.15625,993762080.4661913,0.020833333333333332,0.8755975134950854
48,kl,306,3.1875,993112676.8722166,0.020833333333333332,0.874449362266687
48,kl,309,3.21875,992463715.8214948,0.020833333333333332,0.8733027753497568
48,kl,312,3.25,991815197.0259745,0.020833333333333332,0.8721577506607416
48,kl,315,3.28125,991167120.1977915,0.020833333333333332,0.8710142861188309
48,kl,318,3.3125,990519485.049269,0.020833333333333332,0.8698723796459523
48,kl,321,3.34375,989872291.2929176,0.020833333333333332,0.86873202916677
48,kl,324,3.375,989225538.641435,0.020833333333333332,0.8675932326086792
48,kl,327,3.40625,988579226.807706,0.020833333333333332,0.8664559879018037
48,kl,330,3.4375,987933355.504802,0.020833333333333332,0.8653202929789922
48,kl,333,3.46875,987287924.4459813,0.020833333333333332,0.8641861457758137
48,kl,336,3.5,986642933.3446888,0.020833333333333332,0.8630535442305554
48,kl,339,3.53125,985998381.9145561,0.020833333333333332,0.8619224862842192
48,kl,342,3.5625,985354269.8694011,0.020833333333333332,0.860792969880516
48,kl,345,3.59375,984710596.9232278,0.020833333333333332,0.8596649929658644
48,kl,348,3.625,984067362.7902265,0.020833333333333332,0.8585385534893863
48,kl,351,3.65625,983424567.1847736,0.020833333333333332,0.8574136494029037
48,kl,354,3.6875,982782209.8214313,0.020833333333333332,0.8562902786609342
48,kl,357,3.71875,982140290.4149477,0.020833333333333332,0.8551684392206892
48,kl,360,3.75,981498808.6802566,0.020833333333333332,0.8540481290420683
48,kl,363,3.78125,980857764.332477,0.020833333333333332,0.8529293460876572
48,kl,366,3.8125,980217157.0869138,0.020833333333333332,0.8518120883227244
48,kl,369,3.84375,979576986.659057,0.020833333333333332,0.8506963537152161
48,kl,372,3.875,978937252.7645817,0.020833333333333332,0.8495821402357543
48,kl,375,3.90625,978297955.1193482,0.020833333333333332,0.848469445857633
48,kl,378,3.9375,977659093.4394015,0.020833333333333332,0.8473582685568128
48,kl,381,3.96875,977020667.440972,0.020833333333333332,0.8462486063119217
48,kl,384,4.0,976382676.840474,0.020833333333333332,0.8451404571042462
48,kl,387,4.03125,975745121.3545071,0.020833333333333332,0.8440338189177322
48,kl,390,4.0625,975108000.699855,0.020833333333333332,0.8429286897389793
48,kl,393,4.09375,974471314.5934858,0.020833333333333332,0.8418250675572381
48,kl,396,4.125,973835062.752552,0.020833333333333332,0.8407229503644064
48,kl,399,4.15625,973199244.89439,0.020833333333333332,0.8396223361550256
48,kl,402,4.1875,972563860.7365202,0.020833333333333332,0.8385232229262777
48,kl,405,4.21875,971928909.9966469,0.020833333333333332,0.8374256086779819
48,kl,408,4.25,971294392.3926581,0.020833333333333332,0.8363294914125902
48,kl,411,4.28125,970660307.6426257,0.020833333333333332,0.8352348691351854
48,kl,414,4.3125,970026655.4648046,0.020833333333333332,0.8341417398534765
48,kl,417,4.34375,969393435.5776336,0.020833333333333332,0.8330501015777952
48,kl,420,4.375,968760647.6997343,0.020833333333333332,0.831959952321094
48,kl,423,4.40625,968128291.549912,0.020833333333333332,0.8308712900989405
48,kl,426,4.4375,967496366.8471546,0.020833333333333332,0.8297841129295163
48,kl,429,4.46875,966864873.310633,0.020833333333333332,0.8286984188336116
48,kl,432,4.5,966233810.6597009,0.020833333333333332,0.8276142058346228
48,kl,435,4.53125,965603178.6138947,0.020833333333333332,0.826531471958549
48,kl,438,4.5625,964972976.8929335,0.020833333333333332,0.825450215233989
48,kl,441,4.59375,964343205.2167187,0.020833333333333332,0.8243704336921368
48,kl,444,4.625,963713863.3053339,0.020833333333333332,0.8232921253667788
48,kl,447,4.65625,963084950.8790449,0.020833333333333332,0.8222152882942904
48,kl,450,4.6875,962456467.6582998,0.020833333333333332,0.8211399205136329
48,kl,453,4.71875,961828413.3637285,0.020833333333333332,0.8200660200663498
48,kl,456,4.75,961200787.7161428,0.020833333333333332,0.8189935849965632
48,kl,459,4.78125,960573590.4365362,0.020833333333333332,0.8179226133509712
48,kl,462,4.8125,959946821.2460839,0.020833333333333332,0.8168531031788435
48,kl,465,4.84375,959320479.8661424,0.020833333333333332,0.8157850525320189
48,kl,468,4.875,958694566.0182498,0.020833333333333332,0.8147184594649014
48,kl,471,4.90625,958069079.4241251,0.020833333333333332,0.8136533220344571
48,kl,474,4.9375,957444019.8056688,0.020833333333333332,0.8125896383002105
48,kl,477,4.96875,956819386.8849623,0.020833333333333332,0.8115274063242418
48,kl,480,5.0,956195180.3842678,0.020833333333333332,0.810466624171183
48,kl,483,5.03125,955571400.0260284,0.020833333333333332,0.809407289908215
48,kl,486,5.0625,954948045.5328678,0.020833333333333332,0.8083494016050635
48,kl,489,5.09375,954325116.6275903,0.020833333333333332,0.8072929573339969
48,kl,492,5.125,953702613.0331804,0.020833333333333332,0.8062379551698211
48,kl,495,5.15625,953080534.4728032,0.020833333333333332,0.8051843931898786
48,kl,498,5.1875,952458880.669804,0.020833333333333332,0.8041322694740429
48,kl,501,5.21875,951837651.3477077,0.020833333333333332,0.8030815821047167
48,kl,504,5.25,951216846.23022,0.020833333333333332,0.8020323291668284
48,kl,507,5.28125,950596465.0412256,0.020833333333333332,0.8009845087478276
48,kl,510,5.3125,949976507.5047894,0.020833333333333332,0.7999381189376833
48,kl,513,5.34375,949356973.3451557,0.020833333333333332,0.7988931578288796
48,kl,516,5.375,948737862.2867485,0.020833333333333332,0.7978496235164133
48,kl,519,5.40625,948119174.0541711,0.020833333333333332,0.7968075140977896
48,kl,522,5.4375,947500908.3722059,0.020833333333333332,0.7957668276730195
48,kl,525,5.46875,946883064.9658145,0.020833333333333332,0.7947275623446163
48,kl,528,5.5,946265643.5601376,0.020833333333333332,0.7936897162175922
48,kl,531,5.53125,945648643.8804947,0.020833333333333332,0.7926532873994554
48,kl,534,5.5625,945032065.6523843,0.020833333333333332,0.7916182740002065
48,kl,537,5.59375,944415908.6014833,0.020833333333333332,0.7905846741323355
48,kl,540,5.625,943800172.4536475,0.020833333333333332,0.7895524859108183
48,kl,543,5.65625,943184856.9349107,0.020833333333333332,0.7885217074531131
48,kl,546,5.6875,942569961.7714852,0.020833333333333332,0.7874923368791582
48,kl,549,5.71875,941955486.6897618,0.020833333333333332,0.786464372311368
48,kl,552,5.75,941341431.4163091,0.020833333333333332,0.7854378118746304
48,kl,555,5.78125,940727795.6778736,0.020833333333333332,0.7844126536963013
48,kl,558,5.8125,940114579.2013799,0.020833333333333332,0.7833888959062051
48,kl,561,5.84375,939501781.7139301,0.020833333333333332,0.7823665366366284
48,kl,564,5.875,938889402.9428043,0.020833333333333332,0.7813455740223182
48,kl,567,5.90625,938277442.6154598,0.020833333333333332,0.7803260062004785
48,kl,570,5.9375,937665900.4595313,0.020833333333333332,0.7793078313107668
48,kl,573,5.96875,937054776.2028309,0.020833333333333332,0.7782910474952908
48,kl,576,6.0,936444069.5733478,0.020833333333333332,0.7772756528986055
48,kl,579,6.03125,935833780.2992485,0.020833333333333332,0.7762616456677103
48,kl,582,6.0625,935223908.1088759,0.020833333333333332,0.775249023952045
48,kl,585,6.09375,934614452.7307502,0.020833333333333332,0.774237785903487
48,kl,588,6.125,934005413.8935682,0.020833333333333332,0.7732279296763487
48,kl,591,6.15625,933396791.3262029,0.020833333333333332,0.7722194534273723
48,kl,594,6.1875,932788584.7577045,0.020833333333333332,0.77121235531573
48,kl,597,6.21875,932180793.917299,0.020833333333333332,0.7702066335030178
48,kl,600,6.25,931573418.534389,0.020833333333333332,0.7692022861532531
48,kl,603,6.28125,930966458.3385528,0.020833333333333332,0.7681993114328727
48,kl,606,6.3125,930359913.0595452,0.020833333333333332,0.767197707510728
48,kl,609,6.34375,929753782.4272964,0.020833333333333332,0.7661974725580829
48,kl,612,6.375,929148066.1719129,0.020833333333333332,0.7651986047486107
48,kl,615,6.40625,928542764.0236765,0.020833333333333332,0.7642011022583899
48,kl,618,6.4375,927937875.7130449,0.020833333333333332,0.7632049632659024
48,kl,621,6.46875,927333400.9706507,0.020833333333333332,0.7622101859520288
48,kl,624,6.5,926729339.5273024,0.020833333333333332,0.7612167685000473
48,kl,627,6.53125,926125691.1139835,0.020833333333333332,0.7602247090956287
48,kl,630,6.5625,925522455.4618526,0.020833333333333332,0.759234005926834
48,kl,633,6.59375,924919632.3022432,0.020833333333333332,0.7582446571841117
48,kl,636,6.625,924317221.3666638,0.020833333333333332,0.7572566610602937
48,kl,639,6.65625,923715222.3867975,0.020833333333333332,0.7562700157505926
48,kl,642,6.6875,923113635.0945024,0.020833333333333332,0.7552847194525993
48,kl,645,6.71875,922512459.2218107,0.020833333333333332,0.7543007703662787
48,kl,648,6.75,921911694.5009294,0.020833333333333332,0.7533181666939681
48,kl,651,6.78125,921311340.6642394,0.020833333333333332,0.7523369066403718
48,kl,654,6.8125,920711397.4442961,0.020833333333333332,0.7513569884125602
48,kl,657,6.84375,920111864.573829,0.020833333333333332,0.750378410219966
48,kl,660,6.875,919512741.7857414,0.020833333333333332,0.7494011702743801
48,kl,663,6.90625,918914028.8131106,0.020833333333333332,0.7484252667899507
48,kl,666,6.9375,918315725.3891873,0.020833333333333332,0.7474506979831774
48,kl,669,6.96875,917717831.2473963,0.020833333333333332,0.7464774620729109
48,kl,672,7.0,917120346.1213356,0.020833333333333332,0.7455055572803475
48,kl,675,7.03125,916523269.7447767,0.020833333333333332,0.7445349818290282
48,kl,678,7.0625,915926601.8516645,0.020833333333333332,0.7435657339448343
48,kl,681,7.09375,915330342.1761171,0.020833333333333332,0.7425978118559844
48,kl,684,7.125,914734490.4524251,0.020833333333333332,0.7416312137930314
48,kl,687,7.15625,914139046.4150529,0.020833333333333332,0.7406659379888604
48,kl,690,7.1875,913544009.798637,0.020833333333333332,0.7397019826786838
64,riemannian,0,0.0,3355443200.0,0.015625,1.0
64,riemannian,6,0.046875,3352969957.34528,0.015625,0.9985179645948684
64,riemannian,12,0.09375,3350498605.8193502,0.015625,0.9970381947596503
64,riemannian,18,0.140625,3348029144.037529,0.015625,0.9955606871044018
64,riemannian,24,0.1875,3345561570.6161475,0.015625,0.9940854382441957
64,riemannian,30,0.234375,3343095884.1725526,0.015625,0.9926124447991135
64,riemannian,36,0.28125,3340632083.3251014,0.015625,0.9911417033942378
64,riemannian,42,0.328125,3338170166.693163,0.015625,0.9896732106596455
64,riemannian,48,0.375,3335710132.8971186,0.015625,0.9882069632304006
64,riemannian,54,0.421875,3333251980.558359,0.015625,0.9867429577465467
64,riemannian,60,0.46875,3330795708.299283,0.015625,0.9852811908530976
64,riemannian,66,0.515625,3328341314.7433004,0.015625,0.9838216592000346
64,riemannian,72,0.5625,3325888798.5148277,0.015625,0.9823643594422952
64,riemannian,78,0.609375,3323438158.239288,0.015625,0.9809092882397655
64,riemannian,84,0.65625,3320989392.543112,0.015625,0.9794564422572767
64,riemannian,90,0.703125,3318542500.053736,0.015625,0.9780058181645953
64,riemannian,96,0.75,3316097479.399601,0.015625,0.9765574126364148
64,riemannian,102,0.796875,3313654329.210152,0.015625,0.9751112223523507
64,riemannian,108,0.84375,3311213048.115837,0.015625,0.9736672439969323
64,riemannian,114,0.890625,3308773634.748109,0.015625,0.9722254742595952
64,riemannian,120,0.9375,3306336087.7394204,0.015625,0.9707859098346745
64,riemannian,126,0.984375,3303900405.7232265,0.015625,0.9693485474213978
64,riemannian,132,1.03125,3301466587.333983,0.015625,0.9679133837238769
64,riemannian,138,1.078125,3299034631.2071457,0.015625,0.9664804154511026
64,riemannian,144,1.125,3296604535.979168,0.015625,0.9650496393169344
64,riemannian,150,1.171875,3294176300.2875037,0.015625,0.9636210520400973
64,riemannian,156,1.21875,3291749922.7706027,0.015625,0.9621946503441711
64,riemannian,162,1.265625,3289325402.067912,0.015625,0.9607704309575851
64,riemannian,168,1.3125,3286902736.819876,0.015625,0.9593483906136105
64,riemannian,174,1.359375,3284481925.667934,0.015625,0.9579285260503544
64,riemannian,180,1.40625,3282062967.2545185,0.015625,0.9565108340107494
64,riemannian,186,1.453125,3279645860.223058,0.015625,0.9550953112425512
64,riemannian,192,1.5,3277230603.2179747,0.015625,0.9536819544983275
64,riemannian,198,1.546875,3274817194.8846803,0.015625,0.9522707605354523
64,riemannian,204,1.59375,3272405633.8695817,0.015625,0.9508617261161006
64,riemannian,210,1.640625,3269995918.820075,0.015625,0.9494548480072386
64,riemannian,216,1.6875,3267588048.384548,0.015625,0.9480501229806175
64,riemannian,222,1.734375,3265182021.212376,0.015625,0.9466475478127665
64,riemannian,228,1.78125,3262777835.9539256,0.015625,0.9452471192849868
64,riemannian,234,1.828125,3260375491.26055,0.015625,0.9438488341833439
64,riemannian,240,1.875,3257974985.7845902,0.015625,0.9424526892986597
64,riemannian,246,1.921875,3255576318.179374,0.015625,0.9410586814265062
64,riemannian,252,1.96875,3253179487.099217,0.015625,0.9396668073671995
64,riemannian,258,2.015625,3250784491.1994166,0.015625,0.938277063925791
64,riemannian,264,2.0625,3248391329.1362576,0.015625,0.9368894479120612
64,riemannian,270,2.109375,3245999999.5670075,0.015625,0.9355039561405136
64,riemannian,276,2.15625,3243610501.1499176,0.015625,0.9341205854303667
64,riemannian,282,2.203125,3241222832.54422,0.015625,0.9327393326055462
64,riemannian,288,2.25,3238836992.410131,0.015625,0.9313601944946813
64,riemannian,294,2.296875,3236452979.408846,0.015625,0.9299831679310943
64,riemannian,300,2.34375,3234070792.202542,0.015625,0.9286082497527953
64,riemannian,306,2.390625,3231690429.454375,0.015625,0.927235436802476
64,riemannian,312,2.4375,3229311889.828478,0.015625,0.9258647259274996
64,riemannian,318,2.484375,3226935171.9899654,0.015625,0.9244961139798991
64,riemannian,324,2.53125,3224560274.6049266,0.015625,0.923129597816365
64,riemannian,330,2.578125,3222187196.3404284,0.015625,0.9217651742982422
64,riemannian,336,2.625,3219815935.8645144,0.015625,0.9204028402915228
64,riemannian,342,2.671875,3217446491.8462024,0.015625,0.9190425926668371
64,riemannian,348,2.71875,3215078862.9554844,0.015625,0.9176844282994475
64,riemannian,354,2.765625,3212713047.8633275,0.015625,0.9163283440692442
64,riemannian,360,2.8125,3210349045.241672,0.015625,0.9149743368607355
64,riemannian,366,2.859375,3207986853.7634287,0.015625,0.913622403563041
64,riemannian,372,2.90625,3205626472.1024823,0.015625,0.9122725410698875
64,riemannian,378,2.953125,3203267898.933687,0.015625,0.9109247462795991
64,riemannian,384,3.0,3200911132.932867,0.015625,0.9095790160950916
64,riemannian,390,3.046875,3198556172.776818,0.015625,0.9082353474238674
64,riemannian,396,3.09375,3196203017.143303,0.015625,0.9068937371780067
64,riemannian,402,3.140625,3193851664.7110534,0.015625,0.9055541822741606
64,riemannian,408,3.1875,3191502114.159768,0.015625,0.9042166796335457
64,riemannian,414,3.234375,3189154364.170113,0.015625,0.902881226181937
64,riemannian,420,3.28125,3186808413.4237194,0.015625,0.9015478188496604
64,riemannian,426,3.328125,3184464260.603185,0.015625,0.9002164545715875
64,riemannian,432,3.375,3182121904.392071,0.015625,0.8988871302871267
64,riemannian,438,3.421875,3179781343.474902,0.015625,0.8975598429402194
64,riemannian,444,3.46875,3177442576.5371675,0.015625,0.8962345894793297
64,riemannian,450,3.515625,3175105602.2653184,0.015625,0.8949113668574417
64,riemannian,456,3.5625,3172770419.346768,0.015625,0.8935901720320506
64,riemannian,462,3.609375,3170437026.46989,0.015625,0.8922710019651555
64,riemannian,468,3.65625,3168105422.3240185,0.015625,0.8909538536232541
64,riemannian,474,3.703125,3165775605.5994473,0.015625,0.8896387239773353
64,riemannian,480,3.75,3163447574.9874296,0.015625,0.8883256100028742
64,riemannian,486,3.796875,3161121329.1801777,0.015625,0.8870145086798233
64,riemannian,492,3.84375,3158796866.8708596,0.015625,0.8857054169926066
64,riemannian,498,3.890625,3156474186.7536006,0.015625,0.8843983319301135
64,riemannian,504,3.9375,3154153287.5234838,0.015625,0.8830932504856926
64,riemannian,510,3.984375,3151834167.8765454,0.015625,0.8817901696571434
64,riemannian,516,4.03125,3149516826.509778,0.015625,0.8804890864467114
64,riemannian,522,4.078125,3147201262.1211276,0.015625,0.8791899978610813
64,riemannian,528,4.125,3144887473.4094925,0.015625,0.8778929009113687
64,riemannian,534,4.171875,3142575459.0747266,0.015625,0.8765977926131181
64,riemannian,540,4.21875,3140265217.817633,0.015625,0.8753046699862904
64,riemannian,546,4.265625,3137956748.3399673,0.015625,0.8740135300552602
64,riemannian,552,4.3125,3135650049.3444347,0.015625,0.8727243698488087
64,riemannian,558,4.359375,3133345119.534692,0.015625,0.8714371864001172
64,riemannian,564,4.40625,3131041957.615344,0.015625,0.8701519767467603
64,riemannian,570,4.453125,3128740562.291945,0.015625,0.8688687379306994
64,riemannian,576,4.5,3126440932.2709947,0.015625,0.867587466998275
64,riemannian,582,4.546875,3124143066.259942,0.015625,0.8663081610002036
64,riemannian,588,4.59375,3121846962.9671826,0.015625,0.865030816991569
64,riemannian,594,4.640625,3119552621.102057,0.015625,0.8637554320318149
64,riemannian,600,4.6875,3117260039.37485,0.015625,0.8624820031847408
64,riemannian,606,4.734375,3114969216.496791,0.015625,0.861210527518493
64,riemannian,612,4.78125,3112680151.180054,0.015625,0.8599410021055619
64,riemannian,618,4.828125,3110392842.1377554,0.015625,0.8586734240227712
64,riemannian,624,4.875,3108107288.0839543,0.015625,0.8574077903512761
64,riemannian,630,4.921875,3105823487.7336493,0.015625,0.8561440981765511
64,riemannian,636,4.96875,3103541439.8027835,0.015625,0.8548823445883917
64,riemannian,642,5.015625,3101261143.0082374,0.015625,0.8536225266808992
64,riemannian,648,5.0625,3098982596.0678315,0.015625,0.8523646415524807
64,riemannian,654,5.109375,3096705797.700326,0.015625,0.8511086863058401
64,riemannian,660,5.15625,3094430746.625419,0.015625,0.8498546580479733
64,riemannian,666,5.203125,3092157441.563744,0.015625,0.8486025538901584
64,riemannian,672,5.25,3089885881.236875,0.015625,0.8473523709479551
64,riemannian,678,5.296875,3087616064.3673186,0.015625,0.8461041063411924
64,riemannian,684,5.34375,3085347989.6785183,0.015625,0.8448577571939666
64,riemannian,690,5.390625,3083081655.8948526,0.015625,0.8436133206346333
64,riemannian,696,5.4375,3080817061.741633,0.015625,0.8423707937958012
64,riemannian,702,5.484375,3078554205.9451056,0.015625,0.8411301738143261
64,riemannian,708,5.53125,3076293087.2324476,0.015625,0.8398914578313037
64,riemannian,714,5.578125,3074033704.3317695,0.015625,0.838654642992066
64,riemannian,720,5.625,3071776055.9721127,0.015625,0.8374197264461717
64,riemannian,726,5.671875,3069520140.883449,0.015625,0.836186705347402
64,riemannian,732,5.71875,3067265957.7966795,0.015625,0.8349555768537534
64,riemannian,738,5.765625,3065013505.4436355,0.015625,0.8337263381274328
64,riemannian,744,5.8125,3062762782.5570765,0.015625,0.8324989863348503
64,riemannian,750,5.859375,3060513787.8706903,0.015625,0.831273518646613
64,riemannian,756,5.90625,3058266520.1190915,0.015625,0.8300499322375194
64,riemannian,762,5.953125,3056020978.0378203,0.015625,0.8288282242865519
64,riemannian,768,6.0,3053777160.3633447,0.015625,0.8276083919768726
64,riemannian,774,6.046875,3051535065.8330564,0.015625,0.826390432495816
64,riemannian,780,6.09375,3049294693.1852727,0.015625,0.8251743430348828
64,riemannian,786,6.140625,3047056041.1592336,0.015625,0.8239601207897341
64,riemannian,792,6.1875,3044819108.495102,0.015625,0.8227477629601845
64,riemannian,798,6.234375,3042583893.933964,0.015625,0.8215372667501976
64,riemannian,804,6.28125,3040350396.2178273,0.015625,0.8203286293678779
64,riemannian,810,6.328125,3038118614.089622,0.015625,0.8191218480254668
64,riemannian,816,6.375,3035888546.2931967,0.015625,0.8179169199393352
64,riemannian,822,6.421875,3033660191.5733194,0.015625,0.8167138423299763
64,riemannian,828,6.46875,3031433548.6756797,0.015625,0.8155126124220029
64,riemannian,834,6.515625,3029208616.346884,0.015625,0.8143132274441379
64,riemannian,840,6.5625,3026985393.3344545,0.015625,0.8131156846292097
64,riemannian,846,6.609375,3024763878.386834,0.015625,0.8119199812141467
64,riemannian,852,6.65625,3022544070.2533813,0.015625,0.8107261144399709
64,riemannian,858,6.703125,3020325967.6843677,0.015625,0.8095340815517905
64,riemannian,864,6.75,3018109569.430983,0.015625,0.8083438797987963
64,riemannian,870,6.796875,3015894874.2453284,0.015625,0.8071555064342528
64,riemannian,876,6.84375,3013681880.8804226,0.015625,0.8059689587154961
64,riemannian,882,6.890625,3011470588.090194,0.015625,0.8047842339039241
64,riemannian,888,6.9375,3009260994.629485,0.015625,0.8036013292649917
64,riemannian,894,6.984375,3007053099.25405,0.015625,0.8024202420682067
64,riemannian,900,7.03125,3004846900.7205515,0.015625,0.8012409695871203
64,riemannian,906,7.078125,3002642397.786566,0.015625,0.8000635090993248
64,riemannian,912,7.125,3000439589.2105784,0.015625,0.7988878578864455
64,riemannian,918,7.171875,2998238473.751982,0.015625,0.7977140132341347
64,riemannian,924,7.21875,2996039050.1710787,0.015625,0.7965419724320667
64,riemannian,930,7.265625,2993841317.229079,0.015625,0.795371732773932
64,riemannian,936,7.3125,2991645273.6881,0.015625,0.7942032915574304
64,riemannian,942,7.359375,2989450918.3111644,0.015625,0.7930366460842658
64,riemannian,948,7.40625,2987258249.8622017,0.015625,0.7918717936601395
64,riemannian,954,7.453125,2985067267.1060457,0.015625,0.7907087315947455
64,riemannian,960,7.5,2982877968.8084345,0.015625,0.7895474572017636
64,riemannian,966,7.546875,2980690353.736011,0.015625,0.7883879677988544
64,riemannian,972,7.59375,2978504420.656319,0.015625,0.7872302607076525
64,riemannian,978,7.640625,2976320168.337808,0.015625,0.7860743332537615
64,riemannian,984,7.6875,2974137595.5498257,0.015625,0.7849201827667476
64,riemannian,990,7.734375,2971956701.0626235,0.015625,0.7837678065801342
64,riemannian,996,7.78125,2969777483.6473527,0.015625,0.7826172020313957
64,riemannian,1002,7.828125,2967599942.0760627,0.015625,0.7814683664619515
64,riemannian,1008,7.875,2965424075.121704,0.015625,0.7803212972171609
64,riemannian,1014,7.921875,2963249881.5581245,0.015625,0.7791759916463166
64,riemannian,1020,7.96875,2961077360.16007,0.015625,0.778032447102639
64,riemannian,1026,8.015625,2958906509.703184,0.015625,0.7768906609432716
64,riemannian,1032,8.0625,2956737328.9640064,0.015625,0.7757506305292735
64,riemannian,1038,8.109375,2954569816.7199717,0.015625,0.7746123532256138
64,riemannian,1044,8.15625,2952403971.74941,0.015625,0.7734758264011673
64,riemannian,1050,8.203125,2950239792.831548,0.015625,0.7723410474287082
64,riemannian,1056,8.25,2948077278.7465034,0.015625,0.7712080136849027
64,riemannian,1062,8.296875,2945916428.275288,0.015625,0.7700767225503055
64,riemannian,1068,8.34375,2943757240.199808,0.015625,0.7689471714093533
64,riemannian,1074,8.390625,2941599713.3028584,0.015625,0.7678193576503582
64,riemannian,1080,8.4375,2939443846.368128,0.015625,0.7666932786655036
64,riemannian,1086,8.484375,2937289638.180195,0.015625,0.7655689318508373
64,riemannian,1092,8.53125,2935137087.524526,0.015625,0.764446314606265
64,riemannian,1098,8.578125,2932986193.187481,0.015625,0.7633254243355476
64,riemannian,1104,8.625,2930836953.9563046,0.015625,0.7622062584462926
64,riemannian,1110,8.671875,2928689368.6191306,0.015625,0.7610888143499498
64,riemannian,1116,8.71875,2926543435.9649816,0.015625,0.7599730894618051
64,riemannian,1122,8.765625,2924399154.783766,0.015625,0.7588590812009759
64,riemannian,1128,8.8125,2922256523.8662767,0.015625,0.7577467869904038
64,riemannian,1134,8.859375,2920115542.004194,0.015625,0.7566362042568495
64,riemannian,1140,8.90625,2917976207.9900813,0.015625,0.7555273304308887
64,riemannian,1146,8.953125,2915838520.617388,0.015625,0.7544201629469045
64,riemannian,1152,9.0,2913702478.6804457,0.015625,0.7533146992430833
64,riemannian,1158,9.046875,2911568080.9744687,0.015625,0.7522109367614072
64,riemannian,1164,9.09375,2909435326.2955546,0.015625,0.7511088729476512
64,riemannian,1170,9.140625,2907304213.440681,0.015625,0.750008505251375
64,riemannian,1176,9.1875,2905174741.2077065,0.015625,0.7489098311259184
64,riemannian,1182,9.234375,2903046908.3953705,0.015625,0.7478128480283968
64,riemannian,1188,9.28125,2900920713.8032928,0.015625,0.7467175534196941
64,riemannian,1194,9.328125,2898796156.23197,0.015625,0.7456239447644577
64,riemannian,1200,9.375,2896673234.4827785,0.015625,0.7445320195310934
64,riemannian,1206,9.421875,2894551947.3579726,0.015625,0.7434417751917592
64,riemannian,1212,9.46875,2892432293.6606827,0.015625,0.74235320922236
64,riemannian,1218,9.515625,2890314272.1949143,0.015625,0.7412663191025415
64,riemannian,1224,9.5625,2888197881.7655525,0.015625,0.7401811023156873
64,kl,0,0.0,3355443200.0,0.015625,1.0
64,kl,6,0.046875,3352969957.34528,0.015625,0.9985179645948684
64,kl,12,0.09375,3350498605.8193502,0.015625,0.9970381947596503
64,kl,18,0.140625,3348029144.037529,0.015625,0.9955606871044018
64,kl,24,0.1875,3345561570.6161475,0.015625,0.9940854382441957
64,kl,30,0.234375,3343095884.1725526,0.015625,0.9926124447991135
64,kl,36,0.28125,3340632083.3251014,0.015625,0.9911417033942378
64,kl,42,0.328125,3338170166.693163,0.015625,0.9896732106596455
64,kl,48,0.375,3335710132.8971186,0.015625,0.9882069632304006
64,kl,54,0.421875,3333251980.558359,0.015625,0.9867429577465467
64,kl,60,0.46875,3330795708.299283,0.015625,0.9852811908530976
64,kl,66,0.515625,3328341314.7433004,0.015625,0.9838216592000346
64,kl,72,0.5625,3325888798.5148277,0.015625,0.9823643594422952
64,kl,78,0.609375,3323438158.239288,0.015625,0.9809092882397655
64,kl,84,0.65625,3320989392.543112,0.015625,0.9794564422572767
64,kl,90,0.703125,3318542500.053736,0.015625,0.9780058181645953
64,kl,96,0.75,3316097479.399601,0.015625,0.9765574126364148
64,kl,102,0.796875,3313654329.210152,0.015625,0.9751112223523507
64,kl,108,0.84375,3311213048.115837,0.015625,0.9736672439969323
64,kl,114,0.890625,3308773634.748109,0.015625,0.9722254742595952
64,kl,120,0.9375,3306336087.7394204,0.015625,0.9707859098346745
64,kl,126,0.984375,3303900405.7232265,0.015625,0.9693485474213978
64,kl,132,1.03125,3301466587.333983,0.015625,0.9679133837238769
64,kl,138,1.078125,3299034631.2071457,0.015625,0.9664804154511026
64,kl,144,1.125,3296604535.979168,0.015625,0.9650496393169344
64,kl,150,1.171875,3294176300.2875037,0.015625,0.9636210520400973
64,kl,156,1.21875,3291749922.7706027,0.015625,0.9621946503441711
64,kl,162,1.265625,3289325402.067912,0.015625,0.9607704309575851
64,kl,168,1.3125,3286902736.819876,0.015625,0.9593483906136105
64,kl,174,1.359375,3284481925.667934,0.015625,0.9579285260503544
64,kl,180,1.40625,3282062967.2545185,0.015625,0.9565108340107494
64,kl,186,1.453125,3279645860.223058,0.015625,0.9550953112425512
64,kl,192,1.5,3277230603.2179747,0.015625,0.9536819544983275
64,kl,198,1.546875,3274817194.8846803,0.015625,0.9522707605354523
64,kl,204,1.59375,3272405633.8695817,0.015625,0.9508617261161006
64,kl,210,1.640625,3269995918.820075,0.015625,0.9494548480072386
64,kl,216,1.6875,3267588048.384548,0.015625,0.9480501229806175
64,kl,222,1.734375,3265182021.212376,0.015625,0.9466475478127665
64,kl,228,1.78125,3262777835.9539256,0.015625,0.9452471192849868
64,kl,234,1.828125,3260375491.26055,0.015625,0.9438488341833439
64,kl,240,1.875,3257974985.7845902,0.015625,0.9424526892986597
64,kl,246,1.921875,3255576318.179374,0.015625,0.9410586814265062
64,kl,252,1.96875,3253179487.099217,0.015625,0.9396668073671995
64,kl,258,2.015625,3250784491.1994166,0.015625,0.938277063925791
64,kl,264,2.0625,3248391329.1362576,0.015625,0.9368894479120612
64,kl,270,2.109375,3245999999.5670075,0.015625,0.9355039561405136
64,kl,276,2.15625,3243610501.1499176,0.015625,0.9341205854303667
64,kl,282,2.203125,3241222832.54422,0.015625,0.9327393326055462
64,kl,288,2.25,3238836992.410131,0.015625,0.9313601944946813
64,kl,294,2.296875,3236452979.408846,0.015625,0.9299831679310943
64,kl,300,2.34375,3234070792.202542,0.015625,0.9286082497527953
64,kl,306,2.390625,3231690429.454375,0.015625,0.927235436802476
64,kl,312,2.4375,3229311889.828478,0.015625,0.9258647259274996
64,kl,318,2.484375,3226935171.9899654,0.015625,0.9244961139798991
64,kl,324,2.53125,3224560274.6049266,0.015625,0.923129597816365
64,kl,330,2.578125,3222187196.3404284,0.015625,0.9217651742982422
64,kl,336,2.625,3219815935.8645144,0.015625,0.9204028402915228
64,kl,342,2.671875,3217446491.8462024,0.015625,0.9190425926668371
64,kl,348,2.71875,3215078862.9554844,0.015625,0.9176844282994475
64,kl,354,2.765625,3212713047.8633275,0.015625,0.9163283440692442
64,kl,360,2.8125,3210349045.241672,0.015625,0.9149743368607355
64,kl,366,2.859375,3207986853.7634287,0.015625,0.913622403563041
64,kl,372,2.90625,3205626472.1024823,0.015625,0.9122725410698875
64,kl,378,2.953125,3203267898.933687,0.015625,0.9109247462795991
64,kl,384,3.0,3200911132.932867,0.015625,0.9095790160950916
64,kl,390,3.046875,3198556172.776818,0.015625,0.9082353474238674
64,kl,396,3.09375,3196203017.143303,0.015625,0.9068937371780067
64,kl,402,3.140625,3193851664.7110534,0.015625,0.9055541822741606
64,kl,408,3.1875,3191502114.159768,0.015625,0.9042166796335457
64,kl,414,3.234375,3189154364.170113,0.015625,0.902881226181937
64,kl,420,3.28125,3186808413.4237194,0.015625,0.9015478188496604
64,kl,426,3.328125,3184464260.603185,0.015625,0.9002164545715875
64,kl,432,3.375,3182121904.392071,0.015625,0.8988871302871267
64,kl,438,3.421875,3179781343.474902,0.015625,0.8975598429402194
64,kl,444,3.46875,3177442576.5371675,0.015625,0.8962345894793297
64,kl,450,3.515625,3175105602.2653184,0.015625,0.8949113668574417
64,kl,456,3.5625,3172770419.346768,0.015625,0.8935901720320506
64,kl,462,3.609375,3170437026.46989,0.015625,0.8922710019651555
64,kl,468,3.65625,3168105422.3240185,0.015625,0.8909538536232541
64,kl,474,3.703125,3165775605.5994473,0.015625,0.8896387239773353
64,kl,480,3.75,3163447574.9874296,0.015625,0.8883256100028742
64,kl,486,3.796875,3161121329.1801777,0.015625,0.8870145086798233
64,kl,492,3.84375,3158796866.8708596,0.015625,0.8857054169926066
64,kl,498,3.890625,3156474186.7536006,0.015625,0.8843983319301135
64,kl,504,3.9375,3154153287.5234838,0.015625,0.8830932504856926
64,kl,510,3.984375,3151834167.8765454,0.015625,0.8817901696571434
64,kl,516,4.03125,3149516826.509778,0.015625,0.8804890864467114
64,kl,522,4.078125,3147201262.1211276,0.015625,0.8791899978610813
64,kl,528,4.125,3144887473.4094925,0.015625,0.8778929009113687
64,kl,534,4.171875,3142575459.0747266,0.015625,0.8765977926131181
64,kl,540,4.21875,3140265217.817633,0.015625,0.8753046699862904
64,kl,546,4.265625,3137956748.3399673,0.015625,0.8740135300552602
64,kl,552,4.3125,3135650049.3444347,0.015625,0.8727243698488087
64,kl,558,4.359375,3133345119.534692,0.015625,0.8714371864001172
64,kl,564,4.40625,3131041957.615344,0.015625,0.8701519767467603
64,kl,570,4.453125,3128740562.291945,0.015625,0.8688687379306994
64,kl,576,4.5,3126440932.2709947,0.015625,0.867587466998275
64,kl,582,4.546875,3124143066.259942,0.015625,0.8663081610002036
64,kl,588,4.59375,3121846962.9671826,0.015625,0.865030816991569
64,kl,594,4.640625,3119552621.102057,0.015625,0.8637554320318149
64,kl,600,4.6875,3117260039.37485,0.015625,0.8624820031847408
64,kl,606,4.734375,3114969216.496791,0.015625,0.861210527518493
64,kl,612,4.78125,3112680151.180054,0.015625,0.8599410021055619
64,kl,618,4.828125,3110392842.1377554,0.015625,0.8586734240227712
64,kl,624,4.875,3108107288.0839543,0.015625,0.8574077903512761
64,kl,630,4.921875,3105823487.7336493,0.015625,0.8561440981765511
64,kl,636,4.96875,3103541439.8027835,0.015625,0.8548823445883917
64,kl,642,5.015625,3101261143.0082374,0.015625,0.8536225266808992
64,kl,648,5.0625,3098982596.0678315,0.015625,0.8523646415524807
64,kl,654,5.109375,3096705797.700326,0.015625,0.8511086863058401
64,kl,660,5.15625,3094430746.625419,0.015625,0.8498546580479733
64,kl,666,5.203125,3092157441.563744,0.015625,0.8486025538901584
64,kl,672,5.25,3089885881.236875,0.015625,0.8473523709479551
64,kl,678,5.296875,3087616064.3673186,0.015625,0.8461041063411924
64,kl,684,5.34375,3085347989.6785183,0.015625,0.8448577571939666
64,kl,690,5.390625,3083081655.8948526,0.015625,0.8436133206346333
64,kl,696,5.4375,3080817061.741633,0.015625,0.8423707937958012
64,kl,702,5.484375,3078554205.9451056,0.015625,0.8411301738143261
64,kl,708,5.53125,3076293087.2324476,0.015625,0.8398914578313037
64,kl,714,5.578125,3074033704.3317695,0.015625,0.838654642992066
64,kl,720,5.625,3071776055.9721127,0.015625,0.8374197264461717
64,kl,726,5.671875,3069520140.883449,0.015625,0.836186705347402
64,kl,732,5.71875,3067265957.7966795,0.015625,0.8349555768537534
64,kl,738,5.765625,3065013505.4436355,0.015625,0.8337263381274328
64,kl,744,5.8125,3062762782.5570765,0.015625,0.8324989863348503
64,kl,750,5.859375,3060513787.8706903,0.015625,0.831273518646613
64,kl,756,5.90625,3058266520.1190915,0.015625,0.8300499322375194
64,kl,762,5.953125,3056020978.0378203,0.015625,0.8288282242865519
64,kl,768,6.0,3053777160.3633447,0.015625,0.8276083919768726
64,kl,774,6.046875,3051535065.8330564,0.015625,0.826390432495816
64,kl,780,6.09375,3049294693.1852727,0.015625,0.8251743430348828
64,kl,786,6.140625,3047056041.1592336,0.015625,0.8239601207897341
64,kl,792,6.1875,3044819108.495102,0.015625,0.8227477629601845
64,kl,798,6.234375,3042583893.933964,0.015625,0.8215372667501976
64,kl,804,6.28125,3040350396.2178273,0.015625,0.8203286293678779
64,kl,810,6.328125,3038118614.089622,0.015625,0.8191218480254668
64,kl,816,6.375,3035888546.2931967,0.015625,0.8179169199393352
64,kl,822,6.421875,3033660191.5733194,0.015625,0.8167138423299763
64,kl,828,6.46875,3031433548.6756797,0.015625,0.8155126124220029
64,kl,834,6.515625,3029208616.346884,0.015625,0.8143132274441379
64,kl,840,6.5625,3026985393.3344545,0.015625,0.8131156846292097
64,kl,846,6.609375,3024763878.386834,0.015625,0.8119199812141467
64,kl,852,6.65625,3022544070.2533813,0.015625,0.8107261144399709
64,kl,858,6.703125,3020325967.6843677,0.015625,0.8095340815517905
64,kl,864,6.75,3018109569.430983,0.015625,0.8083438797987963
64,kl,870,6.796875,3015894874.2453284,0.015625,0.8071555064342528
64,kl,876,6.84375,3013681880.8804226,0.015625,0.8059689587154961
64,kl,882,6.890625,3011470588.090194,0.015625,0.8047842339039241
64,kl,888,6.9375,3009260994.629485,0.015625,0.8036013292649917
64,kl,894,6.984375,3007053099.25405,0.015625,0.8024202420682067
64,kl,900,7.03125,3004846900.7205515,0.015625,0.8012409695871203
64,kl,906,7.078125,3002642397.786566,0.015625,0.8000635090993248
64,kl,912,7.125,3000439589.2105784,0.015625,0.7988878578864455
64,kl,918,7.171875,2998238473.751982,0.015625,0.7977140132341347
64,kl,924,7.21875,2996039050.1710787,0.015625,0.7965419724320667
64,kl,930,7.265625,2993841317.229079,0.015625,0.795371732773932
64,kl,936,7.3125,2991645273.6881,0.015625,0.7942032915574304
64,kl,942,7.359375,2989450918.3111644,0.015625,0.7930366460842658
64,kl,948,7.40625,2987258249.8622017,0.015625,0.7918717936601395
64,kl,954,7.453125,2985067267.1060457,0.015625,0.7907087315947455
64,kl,960,7.5,2982877968.8084345,0.015625,0.7895474572017636
64,kl,966,7.546875,2980690353.736011,0.015625,0.7883879677988544
64,kl,972,7.59375,2978504420.656319,0.015625,0.7872302607076525
64,kl,978,7.640625,2976320168.337808,0.015625,0.7860743332537615
64,kl,984,7.6875,2974137595.5498257,0.015625,0.7849201827667476
64,kl,990,7.734375,2971956701.0626235,0.015625,0.7837678065801342
64,kl,996,7.78125,2969777483.6473527,0.015625,0.7826172020313957
64,kl,1002,7.828125,2967599942.0760627,0.015625,0.7814683664619515
64,kl,1008,7.875,2965424075.121704,0.015625,0.7803212972171609
64,kl,1014,7.921875,2963249881.5581245,0.015625,0.7791759916463166
64,kl,1020,7.96875,2961077360.16007,0.015625,0.778032447102639
64,kl,1026,8.015625,2958906509.703184,0.015625,0.7768906609432716
64,kl,1032,8.0625,2956737328.9640064,0.015625,0.7757506305292735
64,kl,1038,8.109375,2954569816.7199717,0.015625,0.7746123532256138
64,kl,1044,8.15625,2952403971.74941,0.015625,0.7734758264011673
64,kl,1050,8.203125,2950239792.831548,0.015625,0.7723410474287082
64,kl,1056,8.25,2948077278.7465034,0.015625,0.7712080136849027
64,kl,1062,8.296875,2945916428.275288,0.015625,0.7700767225503055
64,kl,1068,8.34375,2943757240.199808,0.015625,0.7689471714093533
64,kl,1074,8.390625,2941599713.3028584,0.015625,0.7678193576503582
64,kl,1080,8.4375,2939443846.368128,0.015625,0.7666932786655036
64,kl,1086,8.484375,2937289638.180195,0.015625,0.7655689318508373
64,kl,1092,8.53125,2935137087.524526,0.015625,0.764446314606265
64,kl,1098,8.578125,2932986193.187481,0.015625,0.7633254243355476
64,kl,1104,8.625,2930836953.9563046,0.015625,0.7622062584462926
64,kl,1110,8.671875,2928689368.6191306,0.015625,0.7610888143499498
64,kl,1116,8.71875,2926543435.9649816,0.015625,0.7599730894618051
64,kl,1122,8.765625,2924399154.783766,0.015625,0.7588590812009759
64,kl,1128,8.8125,2922256523.8662767,0.015625,0.7577467869904038
64,kl,1134,8.859375,2920115542.004194,0.015625,0.7566362042568495
64,kl,1140,8.90625,2917976207.9900813,0.015625,0.7555273304308887
64,kl,1146,8.953125,2915838520.617388,0.015625,0.7544201629469045
64,kl,1152,9.0,2913702478.6804457,0.015625,0.7533146992430833
64,kl,1158,9.046875,2911568080.9744687,0.015625,0.7522109367614072
64,kl,1164,9.09375,2909435326.2955546,0.015625,0.7511088729476512
64,kl,1170,9.140625,2907304213.440681,0.015625,0.750008505251375
64,kl,1176,9.1875,2905174741.2077065,0.015625,0.7489098311259184
64,kl,1182,9.234375,2903046908.3953705,0.015625,0.7478128480283968
64,kl,1188,9.28125,2900920713.8032928,0.015625,0.7467175534196941
64,kl,1194,9.328125,2898796156.23197,0.015625,0.7456239447644577
64,kl,1200,9.375,2896673234.4827785,0.015625,0.7445320195310934
64,kl,1206,9.421875,2894551947.3579726,0.015625,0.7434417751917592
64,kl,1212,9.46875,2892432293.6606827,0.015625,0.74235320922236
64,kl,1218,9.515625,2890314272.1949143,0.015625,0.7412663191025415
64,kl,1224,9.5625,2888197881.7655525,0.015625,0.7401811023156873
