{
  "n": 3,
  "rho": 2.0,
  "m_features": 12,
  "target_seed": 123,
  "sample_seed": 2026,
  "K": 512,
  "K_ref": 1024,
  "dt": 0.01,
  "T": 2.0,
  "F_star": 2.134235139531617,
  "m_star_norm": 0.00036938050753863703
}